0,0,0,FALSE,,,75,,,,,0,,,,âÕêÏä«óùé{ê›ìôç\ë¢óﬂ
0,-25,84.763,,,,,,,,,,,,,
0,-24.996,84.763,,,,,,,,,,,,,
0,-24.949,84.768,,,,,,,,,,,,,
0,-24.819,84.78,,,,,,,,,,,,,
0,-23.692,84.88,,,,,,,,,,,,,
0,-23.294,84.89,,,,,,,,,,,,,
0,-22.484,84.915,,,,,,,,,,,,,
0,-21.64,84.92,,,,,,,,,,,,,
0,-21.254,84.939,,,,,,,,,,,,,
0,-20.19,85.06,,,,,,,,,,,,,
0,-20.038,85.077,,,,,,,,,,,,,
0,-19.987,85.076,,,,,,,,,,,,,
0,-18.787,85.033,,,,,,,,,,,,,
0,-18.319,85.054,,,,,,,,,,,,,
0,-17.538,85.032,,,,,,,,,,,,,
0,-16.665,85.091,,,,,,,,,,,,,
0,-16.297,85.105,,,,,,,,,,,,,
0,-15.189,85.314,,,,,,,,,,,,,
0,-14.041,85.404,,,,,,,,,,,,,
0,-13.679,85.508,,,,,,,,,,,,,
0,-12.951,85.715,,,,,,,,,,,,,
0,-12.313,85.899,,,,,,,,,,,,,
0,-10.973,86.018,,,,,,,,,,,,,
0,-10.956,86.019,,,,,,,,,,,,,
0,-10.95,86.019,,,,,,,,,,,,,
0,-9.698,86,,,,,,,,,,,,,
0,-9.229,85.978,,,,,,,,,,,,,
0,-8.437,85.904,,,,,,,,,,,,,
0,-7.526,85.566,,,,,,,,,,,,,
0,-7.179,85.492,,,,,,,,,,,,,
0,-6.174,85.19,,,,,,,,,,,,,
0,-5.859,85.119,,,,,,,,,,,,,
0,-5.696,85.074,,,,,,,,,,,,,
0,-4.53,84.787,,,,,,,,,,,,,
0,-3.651,84.626,,,,,,,,,,,,,
0,-3.164,84.566,,,,,,,,,,,,,
0,-2.287,84.56,,,,,,,,,,,,,
0,-1.871,84.582,,,,,,,,,,,,,
0,-1.693,84.586,,,,,,,,,,,,,
0,-0.608,84.53,,,,,,,,,,,,,
0,0.092,84.47,,,,,,,,,,,,,
0,0.635,84.476,,,,,,,,,,,,,
0,1.846,85.255,,,,,,,,,,,,,
0,1.856,85.258,,,,,,,,,,,,,
0,1.862,85.261,,,,,,,,,,,,,
0,3.179,85.455,,,,,,,,,,,,,
0,4.086,85.546,,,,,,,,,,,,,
0,4.51,85.585,,,,,,,,,,,,,
0,5.116,85.732,,,,,,,,,,,,,
0,5.911,85.843,,,,,,,,,,,,,
0,6.501,85.827,,,,,,,,,,,,,
0,7.422,85.796,,,,,,,,,,,,,
0,8.737,85.552,,,,,,,,,,,,,
0,8.929,85.511,,,,,,,,,,,,,
0,9.13,85.48,,,,,,,,,,,,,
0,10.396,85.331,,,,,,,,,,,,,
0,11.599,85.097,,,,,,,,,,,,,
0,11.785,85.074,,,,,,,,,,,,,
0,11.885,85.077,,,,,,,,,,,,,
0,12.671,85.139,,,,,,,,,,,,,
0,13.84,85.096,,,,,,,,,,,,,
0,15.01,85.069,,,,,,,,,,,,,
0,16.96,85.024,,,,,,,,,,,,,
0,17.126,85.019,,,,,,,,,,,,,
0,17.277,85.026,,,,,,,,,,,,,
0,18.498,85.035,,,,,,,,,,,,,
0,18.752,85.016,,,,,,,,,,,,,
0,20.857,84.982,,,,,,,,,,,,,
0,21.887,84.941,,,,,,,,,,,,,
0,22.104,84.932,,,,,,,,,,,,,
0,22.552,84.923,,,,,,,,,,,,,
0,23.212,84.902,,,,,,,,,,,,,
0,23.629,84.896,,,,,,,,,,,,,
0,24.347,84.89,,,,,,,,,,,,,
0,25,84.788,,,,,,,,,,,,,
0.1,1,100,FALSE,,,40,,,,,0,,,,âÕêÏä«óùé{ê›ìôç\ë¢óﬂ
0,-25,85.837,,,,,,,,,,,,,
0,-24.415,86.024,,,,,,,,,,,,,
0,-24,86.045,,,,,,,,,,,,,
0,-23.215,86.045,,,,,,,,,,,,,
0,-22.162,85.96,,,,,,,,,,,,,
0,-21.973,85.948,,,,,,,,,,,,,
0,-21.861,85.937,,,,,,,,,,,,,
0,-20.905,85.928,,,,,,,,,,,,,
0,-20.163,85.955,,,,,,,,,,,,,
0,-19.968,86.012,,,,,,,,,,,,,
0,-17.785,85.97,,,,,,,,,,,,,
0,-10.83,85.855,,,,,,,,,,,,,
0,-9.879,85.94,,,,,,,,,,,,,
0,-7.98,86.04,,,,,,,,,,,,,
0,-7.941,86.058,,,,,,,,,,,,,
0,-6.978,86.457,,,,,,,,,,,,,
0,-5.833,86.856,,,,,,,,,,,,,
0,-4.839,86.895,,,,,,,,,,,,,
0,-4.394,86.818,,,,,,,,,,,,,
0,-3.362,86.697,,,,,,,,,,,,,
0,-2.476,86.633,,,,,,,,,,,,,
0,-2.041,86.604,,,,,,,,,,,,,
0,-1.782,86.321,,,,,,,,,,,,,
0,-1.108,85.311,,,,,,,,,,,,,
0,2.106,85.254,,,,,,,,,,,,,
0,2.593,85.349,,,,,,,,,,,,,
0,2.778,85.625,,,,,,,,,,,,,
0,5.885,85.801,,,,,,,,,,,,,
0,8.041,85.925,,,,,,,,,,,,,
0,8.285,85.896,,,,,,,,,,,,,
0,8.821,85.918,,,,,,,,,,,,,
0,8.94,85.913,,,,,,,,,,,,,
0,10.062,85.882,,,,,,,,,,,,,
0,10.999,85.856,,,,,,,,,,,,,
0,11.27,85.845,,,,,,,,,,,,,
0,11.667,85.833,,,,,,,,,,,,,
0,12.875,85.858,,,,,,,,,,,,,
0,13.503,85.921,,,,,,,,,,,,,
0,15.21,85.938,,,,,,,,,,,,,
0,25,86.08,,,,,,,,,,,,,
0.2,2,200,FALSE,,,58,,,,,0,,,,âÕêÏä«óùé{ê›ìôç\ë¢óﬂ
0,-25,85.985,,,,,,,,,,,,,
0,-24.951,85.987,,,,,,,,,,,,,
0,-23.544,86.079,,,,,,,,,,,,,
0,-22.803,86.03,,,,,,,,,,,,,
0,-22.083,85.997,,,,,,,,,,,,,
0,-20.607,86.109,,,,,,,,,,,,,
0,-20.594,86.11,,,,,,,,,,,,,
0,-20.566,86.109,,,,,,,,,,,,,
0,-19.129,86.09,,,,,,,,,,,,,
0,-18.385,86.116,,,,,,,,,,,,,
0,-17.673,86.154,,,,,,,,,,,,,
0,-16.27,86.18,,,,,,,,,,,,,
0,-16.223,86.179,,,,,,,,,,,,,
0,-16.208,86.178,,,,,,,,,,,,,
0,-15.037,86.112,,,,,,,,,,,,,
0,-14.636,86.12,,,,,,,,,,,,,
0,-13.872,86.125,,,,,,,,,,,,,
0,-13.097,86.13,,,,,,,,,,,,,
0,-12.71,86.125,,,,,,,,,,,,,
0,-11.554,86.12,,,,,,,,,,,,,
0,-11.532,86.12,,,,,,,,,,,,,
0,-11.522,86.12,,,,,,,,,,,,,
0,-10.087,86.102,,,,,,,,,,,,,
0,-9.396,86.132,,,,,,,,,,,,,
0,-8.622,86.143,,,,,,,,,,,,,
0,-7.281,85.903,,,,,,,,,,,,,
0,-7.168,85.901,,,,,,,,,,,,,
0,-6.938,85.971,,,,,,,,,,,,,
0,-5.751,86.53,,,,,,,,,,,,,
0,-5.184,86.957,,,,,,,,,,,,,
0,-4.319,87.681,,,,,,,,,,,,,
0,-3.09,87.644,,,,,,,,,,,,,
0,-2.887,87.669,,,,,,,,,,,,,
0,-2.394,87.625,,,,,,,,,,,,,
0,-1.638,87.557,,,,,,,,,,,,,
0,-1.403,87.232,,,,,,,,,,,,,
0,-0.376,85.737,,,,,,,,,,,,,
0,0.147,85.591,,,,,,,,,,,,,
0,0.775,85.538,,,,,,,,,,,,,
0,1.661,85.588,,,,,,,,,,,,,
0,2.637,86.823,,,,,,,,,,,,,
0,2.976,87.359,,,,,,,,,,,,,
0,3.137,87.536,,,,,,,,,,,,,
0,5.02,87.245,,,,,,,,,,,,,
0,5.607,87.19,,,,,,,,,,,,,
0,8.411,86.987,,,,,,,,,,,,,
0,13.964,86.713,,,,,,,,,,,,,
0,15.143,86.8,,,,,,,,,,,,,
0,15.783,86.787,,,,,,,,,,,,,
0,17.606,86.81,,,,,,,,,,,,,
0,17.994,86.786,,,,,,,,,,,,,
0,20.161,86.641,,,,,,,,,,,,,
0,21.166,86.54,,,,,,,,,,,,,
0,21.421,86.538,,,,,,,,,,,,,
0,22.162,86.534,,,,,,,,,,,,,
0,22.701,86.527,,,,,,,,,,,,,
0,22.921,86.534,,,,,,,,,,,,,
0,25,86.569,,,,,,,,,,,,,
0.3,3,300,FALSE,,,55,,,,,0,,,,âÕêÏä«óùé{ê›ìôç\ë¢óﬂ
0,-25,87.325,,,,,,,,,,,,,
0,-24.861,87.307,,,,,,,,,,,,,
0,-24.005,87.283,,,,,,,,,,,,,
0,-21.855,87.341,,,,,,,,,,,,,
0,-21.194,87.295,,,,,,,,,,,,,
0,-21.016,87.282,,,,,,,,,,,,,
0,-19.813,87.282,,,,,,,,,,,,,
0,-18.622,87.407,,,,,,,,,,,,,
0,-14.421,87.632,,,,,,,,,,,,,
0,-9.216,87.916,,,,,,,,,,,,,
0,-8.461,87.923,,,,,,,,,,,,,
0,-8.301,87.887,,,,,,,,,,,,,
0,-8.157,87.853,,,,,,,,,,,,,
0,-7.156,87.801,,,,,,,,,,,,,
0,-7.015,87.783,,,,,,,,,,,,,
0,-6.967,87.791,,,,,,,,,,,,,
0,-6.905,87.82,,,,,,,,,,,,,
0,-6.453,88.007,,,,,,,,,,,,,
0,-4.883,88.648,,,,,,,,,,,,,
0,-4.495,88.665,,,,,,,,,,,,,
0,-3.697,88.7,,,,,,,,,,,,,
0,-3.245,88.134,,,,,,,,,,,,,
0,-2.393,86.934,,,,,,,,,,,,,
0,-1.335,86.526,,,,,,,,,,,,,
0,-1.12,86.47,,,,,,,,,,,,,
0,-0.775,86.481,,,,,,,,,,,,,
0,0.498,86.524,,,,,,,,,,,,,
0,1.064,86.959,,,,,,,,,,,,,
0,1.741,87.928,,,,,,,,,,,,,
0,2.082,88.523,,,,,,,,,,,,,
0,2.335,88.644,,,,,,,,,,,,,
0,3.152,88.69,,,,,,,,,,,,,
0,3.994,88.729,,,,,,,,,,,,,
0,4.14,88.737,,,,,,,,,,,,,
0,4.683,88.69,,,,,,,,,,,,,
0,5.399,88.357,,,,,,,,,,,,,
0,5.983,88.342,,,,,,,,,,,,,
0,7.668,87.973,,,,,,,,,,,,,
0,9.631,87.326,,,,,,,,,,,,,
0,10.593,87.329,,,,,,,,,,,,,
0,11.281,87.244,,,,,,,,,,,,,
0,11.516,87.26,,,,,,,,,,,,,
0,12.455,87.307,,,,,,,,,,,,,
0,13.562,87.146,,,,,,,,,,,,,
0,13.655,87.142,,,,,,,,,,,,,
0,13.782,87.143,,,,,,,,,,,,,
0,15.069,87.191,,,,,,,,,,,,,
0,16.154,87.2,,,,,,,,,,,,,
0,16.496,87.203,,,,,,,,,,,,,
0,16.912,87.211,,,,,,,,,,,,,
0,17.991,87.224,,,,,,,,,,,,,
0,18.61,87.22,,,,,,,,,,,,,
0,18.915,87.227,,,,,,,,,,,,,
0,23.281,87.152,,,,,,,,,,,,,
0,25,87.095,,,,,,,,,,,,,
0.4,4,400,FALSE,,,89,,,,,0,,,,âÕêÏä«óùé{ê›ìôç\ë¢óﬂ
0,-25,86.763,,,,,,,,,,,,,
0,-24.411,86.791,,,,,,,,,,,,,
0,-23.433,86.715,,,,,,,,,,,,,
0,-23.137,86.695,,,,,,,,,,,,,
0,-22.729,86.715,,,,,,,,,,,,,
0,-21.974,86.779,,,,,,,,,,,,,
0,-21.394,86.775,,,,,,,,,,,,,
0,-20.893,86.785,,,,,,,,,,,,,
0,-20.22,86.786,,,,,,,,,,,,,
0,-19.816,86.779,,,,,,,,,,,,,
0,-19.635,86.787,,,,,,,,,,,,,
0,-18.763,86.747,,,,,,,,,,,,,
0,-18.099,86.762,,,,,,,,,,,,,
0,-17.713,86.767,,,,,,,,,,,,,
0,-16.876,86.756,,,,,,,,,,,,,
0,-16.651,86.75,,,,,,,,,,,,,
0,-16.427,86.754,,,,,,,,,,,,,
0,-15.453,86.762,,,,,,,,,,,,,
0,-14.438,86.761,,,,,,,,,,,,,
0,-14.272,86.757,,,,,,,,,,,,,
0,-14.165,86.759,,,,,,,,,,,,,
0,-13.103,86.761,,,,,,,,,,,,,
0,-12.264,86.777,,,,,,,,,,,,,
0,-11.956,86.793,,,,,,,,,,,,,
0,-11.478,86.755,,,,,,,,,,,,,
0,-10.811,86.739,,,,,,,,,,,,,
0,-10.262,86.817,,,,,,,,,,,,,
0,-9.673,87.079,,,,,,,,,,,,,
0,-8.988,87.636,,,,,,,,,,,,,
0,-8.534,88.063,,,,,,,,,,,,,
0,-8.287,88.244,,,,,,,,,,,,,
0,-7.494,88.766,,,,,,,,,,,,,
0,-6.661,89.37,,,,,,,,,,,,,
0,-6.424,89.493,,,,,,,,,,,,,
0,-5.981,89.547,,,,,,,,,,,,,
0,-5.346,89.622,,,,,,,,,,,,,
0,-4.854,89.622,,,,,,,,,,,,,
0,-4.284,89.499,,,,,,,,,,,,,
0,-3.546,89.203,,,,,,,,,,,,,
0,-3.134,88.961,,,,,,,,,,,,,
0,-2.801,88.612,,,,,,,,,,,,,
0,-1.795,87.331,,,,,,,,,,,,,
0,-0.519,87.294,,,,,,,,,,,,,
0,-0.424,87.286,,,,,,,,,,,,,
0,-0.339,87.32,,,,,,,,,,,,,
0,0.757,88.272,,,,,,,,,,,,,
0,1.947,89.358,,,,,,,,,,,,,
0,1.948,89.36,,,,,,,,,,,,,
0,1.949,89.36,,,,,,,,,,,,,
0,3.209,89.512,,,,,,,,,,,,,
0,4.04,89.467,,,,,,,,,,,,,
0,4.456,89.428,,,,,,,,,,,,,
0,5.096,89.114,,,,,,,,,,,,,
0,5.561,88.923,,,,,,,,,,,,,
0,5.867,88.712,,,,,,,,,,,,,
0,6.553,88.214,,,,,,,,,,,,,
0,7.503,87.287,,,,,,,,,,,,,
0,7.547,87.24,,,,,,,,,,,,,
0,7.617,87.213,,,,,,,,,,,,,
0,8.86,86.594,,,,,,,,,,,,,
0,9.911,86.606,,,,,,,,,,,,,
0,10.206,86.609,,,,,,,,,,,,,
0,10.55,86.615,,,,,,,,,,,,,
0,11.398,86.623,,,,,,,,,,,,,
0,11.656,86.628,,,,,,,,,,,,,
0,12.128,86.604,,,,,,,,,,,,,
0,12.522,86.596,,,,,,,,,,,,,
0,13.116,86.625,,,,,,,,,,,,,
0,13.661,86.63,,,,,,,,,,,,,
0,14.144,86.63,,,,,,,,,,,,,
0,14.563,86.632,,,,,,,,,,,,,
0,14.815,86.616,,,,,,,,,,,,,
0,15.761,86.679,,,,,,,,,,,,,
0,16.039,86.691,,,,,,,,,,,,,
0,16.429,86.674,,,,,,,,,,,,,
0,17.489,86.627,,,,,,,,,,,,,
0,18.253,86.619,,,,,,,,,,,,,
0,18.823,86.618,,,,,,,,,,,,,
0,19.237,86.62,,,,,,,,,,,,,
0,20.093,86.636,,,,,,,,,,,,,
0,21.273,86.659,,,,,,,,,,,,,
0,21.351,86.659,,,,,,,,,,,,,
0,21.413,86.661,,,,,,,,,,,,,
0,22.528,86.654,,,,,,,,,,,,,
0,23.587,86.639,,,,,,,,,,,,,
0,23.727,86.641,,,,,,,,,,,,,
0,23.893,86.641,,,,,,,,,,,,,
0,24.867,86.647,,,,,,,,,,,,,
0,25,86.647,,,,,,,,,,,,,
0.5,5,500,FALSE,,,76,,,,,0,,,,âÕêÏä«óùé{ê›ìôç\ë¢óﬂ
0,-25,88.251,,,,,,,,,,,,,
0,-24.889,88.243,,,,,,,,,,,,,
0,-24.024,88.195,,,,,,,,,,,,,
0,-23.282,88.299,,,,,,,,,,,,,
0,-22.693,88.351,,,,,,,,,,,,,
0,-22,88.416,,,,,,,,,,,,,
0,-20.512,88.515,,,,,,,,,,,,,
0,-19.706,88.605,,,,,,,,,,,,,
0,-14.641,88.629,,,,,,,,,,,,,
0,-14.149,88.629,,,,,,,,,,,,,
0,-13.832,88.673,,,,,,,,,,,,,
0,-13.223,88.561,,,,,,,,,,,,,
0,-11.666,88.508,,,,,,,,,,,,,
0,-10.138,88.532,,,,,,,,,,,,,
0,-10.065,88.528,,,,,,,,,,,,,
0,-9.994,88.543,,,,,,,,,,,,,
0,-9.796,88.626,,,,,,,,,,,,,
0,-8.562,88.842,,,,,,,,,,,,,
0,-8.176,88.818,,,,,,,,,,,,,
0,-7.417,88.549,,,,,,,,,,,,,
0,-7.115,88.4,,,,,,,,,,,,,
0,-6.595,88.762,,,,,,,,,,,,,
0,-5.74,89.353,,,,,,,,,,,,,
0,-5.196,89.679,,,,,,,,,,,,,
0,-4.473,90.147,,,,,,,,,,,,,
0,-3.949,90.182,,,,,,,,,,,,,
0,-3.301,90.223,,,,,,,,,,,,,
0,-2.467,89.971,,,,,,,,,,,,,
0,-2.066,89.915,,,,,,,,,,,,,
0,-1.146,88.684,,,,,,,,,,,,,
0,-0.72,88.148,,,,,,,,,,,,,
0,-0.532,88.129,,,,,,,,,,,,,
0,0.384,88.123,,,,,,,,,,,,,
0,0.937,88.208,,,,,,,,,,,,,
0,1.485,88.767,,,,,,,,,,,,,
0,2.429,89.832,,,,,,,,,,,,,
0,2.625,90.116,,,,,,,,,,,,,
0,2.809,90.173,,,,,,,,,,,,,
0,3.758,90.402,,,,,,,,,,,,,
0,4.64,90.309,,,,,,,,,,,,,
0,4.838,90.295,,,,,,,,,,,,,
0,4.964,90.275,,,,,,,,,,,,,
0,5.897,90.047,,,,,,,,,,,,,
0,6.664,89.183,,,,,,,,,,,,,
0,6.897,88.961,,,,,,,,,,,,,
0,7.259,88.579,,,,,,,,,,,,,
0,8.027,88.004,,,,,,,,,,,,,
0,9.15,87.59,,,,,,,,,,,,,
0,9.257,87.557,,,,,,,,,,,,,
0,9.334,87.559,,,,,,,,,,,,,
0,10.293,87.564,,,,,,,,,,,,,
0,10.865,87.567,,,,,,,,,,,,,
0,11.298,87.548,,,,,,,,,,,,,
0,12.014,87.635,,,,,,,,,,,,,
0,12.428,87.641,,,,,,,,,,,,,
0,13.128,87.608,,,,,,,,,,,,,
0,13.768,87.555,,,,,,,,,,,,,
0,14.146,87.557,,,,,,,,,,,,,
0,15.108,87.535,,,,,,,,,,,,,
0,16.226,87.621,,,,,,,,,,,,,
0,16.527,87.635,,,,,,,,,,,,,
0,16.784,87.638,,,,,,,,,,,,,
0,17.583,87.65,,,,,,,,,,,,,
0,18.326,87.726,,,,,,,,,,,,,
0,18.582,87.742,,,,,,,,,,,,,
0,18.862,87.729,,,,,,,,,,,,,
0,19.516,87.788,,,,,,,,,,,,,
0,19.789,87.775,,,,,,,,,,,,,
0,20.78,87.657,,,,,,,,,,,,,
0,21.178,87.648,,,,,,,,,,,,,
0,21.583,87.654,,,,,,,,,,,,,
0,23.454,87.468,,,,,,,,,,,,,
0,23.67,87.417,,,,,,,,,,,,,
0,23.864,87.419,,,,,,,,,,,,,
0,24.762,87.357,,,,,,,,,,,,,
0,25,87.361,,,,,,,,,,,,,
0.6,6,600,FALSE,,,89,,,,,0,,,,âÕêÏä«óùé{ê›ìôç\ë¢óﬂ
0,-25,88.308,,,,,,,,,,,,,
0,-24.708,88.218,,,,,,,,,,,,,
0,-23.9,88.168,,,,,,,,,,,,,
0,-23.659,88.171,,,,,,,,,,,,,
0,-22.865,87.98,,,,,,,,,,,,,
0,-22.865,87.98,,,,,,,,,,,,,
0,-22.863,87.98,,,,,,,,,,,,,
0,-21.872,88.027,,,,,,,,,,,,,
0,-21.518,88.081,,,,,,,,,,,,,
0,-21.229,88.143,,,,,,,,,,,,,
0,-20.679,88.1,,,,,,,,,,,,,
0,-20.2,88.14,,,,,,,,,,,,,
0,-20.028,88.114,,,,,,,,,,,,,
0,-19.549,88.16,,,,,,,,,,,,,
0,-19.413,88.154,,,,,,,,,,,,,
0,-18.54,88.102,,,,,,,,,,,,,
0,-18.172,88.071,,,,,,,,,,,,,
0,-17.921,88.056,,,,,,,,,,,,,
0,-17.424,88.02,,,,,,,,,,,,,
0,-16.926,88.027,,,,,,,,,,,,,
0,-16.786,88.03,,,,,,,,,,,,,
0,-16.28,88.159,,,,,,,,,,,,,
0,-16.079,88.152,,,,,,,,,,,,,
0,-15.262,88.087,,,,,,,,,,,,,
0,-15.027,88.121,,,,,,,,,,,,,
0,-14.57,88.081,,,,,,,,,,,,,
0,-14.144,88.075,,,,,,,,,,,,,
0,-13.698,88.103,,,,,,,,,,,,,
0,-13.4,88.111,,,,,,,,,,,,,
0,-13.018,88.203,,,,,,,,,,,,,
0,-11.742,88.762,,,,,,,,,,,,,
0,-10.853,89.981,,,,,,,,,,,,,
0,-10.007,90.602,,,,,,,,,,,,,
0,-8.211,91.182,,,,,,,,,,,,,
0,-7.704,91.297,,,,,,,,,,,,,
0,-6.67,91.391,,,,,,,,,,,,,
0,-6.048,91.46,,,,,,,,,,,,,
0,-5.483,91.712,,,,,,,,,,,,,
0,-3.695,91.647,,,,,,,,,,,,,
0,-2.652,91.685,,,,,,,,,,,,,
0,-2.33,91.669,,,,,,,,,,,,,
0,-1.509,91.395,,,,,,,,,,,,,
0,-1.115,90.82,,,,,,,,,,,,,
0,-0.472,89.575,,,,,,,,,,,,,
0,-0.04,89.307,,,,,,,,,,,,,
0,1.029,89.325,,,,,,,,,,,,,
0,1.429,90.048,,,,,,,,,,,,,
0,3.085,91.526,,,,,,,,,,,,,
0,3.475,91.584,,,,,,,,,,,,,
0,4.155,91.638,,,,,,,,,,,,,
0,4.429,91.595,,,,,,,,,,,,,
0,5.93,91.421,,,,,,,,,,,,,
0,5.966,91.419,,,,,,,,,,,,,
0,6.63,91.422,,,,,,,,,,,,,
0,7.923,91.156,,,,,,,,,,,,,
0,8.284,91.121,,,,,,,,,,,,,
0,9.257,90.671,,,,,,,,,,,,,
0,11.007,89.89,,,,,,,,,,,,,
0,11.479,89.679,,,,,,,,,,,,,
0,11.979,89.674,,,,,,,,,,,,,
0,12.168,89.637,,,,,,,,,,,,,
0,12.481,89.592,,,,,,,,,,,,,
0,13.082,89.473,,,,,,,,,,,,,
0,13.455,89.48,,,,,,,,,,,,,
0,13.901,89.587,,,,,,,,,,,,,
0,14.487,89.517,,,,,,,,,,,,,
0,14.706,89.49,,,,,,,,,,,,,
0,15.811,89.48,,,,,,,,,,,,,
0,15.982,89.481,,,,,,,,,,,,,
0,16.016,89.482,,,,,,,,,,,,,
0,16.334,89.49,,,,,,,,,,,,,
0,16.984,89.515,,,,,,,,,,,,,
0,17.069,89.511,,,,,,,,,,,,,
0,18.406,89.513,,,,,,,,,,,,,
0,18.585,89.539,,,,,,,,,,,,,
0,19.333,89.491,,,,,,,,,,,,,
0,19.643,89.432,,,,,,,,,,,,,
0,20.275,89.448,,,,,,,,,,,,,
0,20.56,89.475,,,,,,,,,,,,,
0,20.699,89.476,,,,,,,,,,,,,
0,21.408,89.493,,,,,,,,,,,,,
0,21.553,89.493,,,,,,,,,,,,,
0,22.038,89.49,,,,,,,,,,,,,
0,22.841,89.476,,,,,,,,,,,,,
0,23.261,89.475,,,,,,,,,,,,,
0,23.712,89.472,,,,,,,,,,,,,
0,24.29,89.479,,,,,,,,,,,,,
0,24.482,89.606,,,,,,,,,,,,,
0,25,89.586,,,,,,,,,,,,,
0.7,7,700,FALSE,,,52,,,,,0,,,,âÕêÏä«óùé{ê›ìôç\ë¢óﬂ
0,-25,90.224,,,,,,,,,,,,,
0,-20.86,90.067,,,,,,,,,,,,,
0,-20.217,90.028,,,,,,,,,,,,,
0,-19.262,90.142,,,,,,,,,,,,,
0,-18.368,90.141,,,,,,,,,,,,,
0,-16.203,90.14,,,,,,,,,,,,,
0,-12.616,90.524,,,,,,,,,,,,,
0,-12.139,90.439,,,,,,,,,,,,,
0,-11.972,90.437,,,,,,,,,,,,,
0,-11.765,90.418,,,,,,,,,,,,,
0,-11.488,90.381,,,,,,,,,,,,,
0,-11.108,90.379,,,,,,,,,,,,,
0,-9.404,90.847,,,,,,,,,,,,,
0,-8.492,91.015,,,,,,,,,,,,,
0,-7.837,91.245,,,,,,,,,,,,,
0,-7.058,91.74,,,,,,,,,,,,,
0,-6.668,91.968,,,,,,,,,,,,,
0,-6.052,91.931,,,,,,,,,,,,,
0,-5.489,91.895,,,,,,,,,,,,,
0,-4.462,92.086,,,,,,,,,,,,,
0,-4.18,92.128,,,,,,,,,,,,,
0,-4.042,92.145,,,,,,,,,,,,,
0,-3.007,92.345,,,,,,,,,,,,,
0,-2.351,92.119,,,,,,,,,,,,,
0,-1.16,90.725,,,,,,,,,,,,,
0,-1.027,90.471,,,,,,,,,,,,,
0,0.553,90.24,,,,,,,,,,,,,
0,1.141,90.432,,,,,,,,,,,,,
0,1.41,90.688,,,,,,,,,,,,,
0,2.453,92.08,,,,,,,,,,,,,
0,3.162,92.427,,,,,,,,,,,,,
0,4.594,92.578,,,,,,,,,,,,,
0,4.664,92.564,,,,,,,,,,,,,
0,4.77,92.521,,,,,,,,,,,,,
0,5.81,92.169,,,,,,,,,,,,,
0,6.515,92.128,,,,,,,,,,,,,
0,7.059,92.11,,,,,,,,,,,,,
0,7.338,92.104,,,,,,,,,,,,,
0,8.408,92.014,,,,,,,,,,,,,
0,9.362,91.99,,,,,,,,,,,,,
0,9.743,91.996,,,,,,,,,,,,,
0,10.507,92.12,,,,,,,,,,,,,
0,10.888,92.167,,,,,,,,,,,,,
0,12.122,91.647,,,,,,,,,,,,,
0,12.336,91.519,,,,,,,,,,,,,
0,12.57,91.509,,,,,,,,,,,,,
0,12.704,91.505,,,,,,,,,,,,,
0,20.334,91.027,,,,,,,,,,,,,
0,21.798,91.02,,,,,,,,,,,,,
0,22.221,90.976,,,,,,,,,,,,,
0,22.792,90.961,,,,,,,,,,,,,
0,25,90.939,,,,,,,,,,,,,
0.8,8,800,FALSE,,,101,,,,,0,,,,âÕêÏä«óùé{ê›ìôç\ë¢óﬂ
0,-25,93.071,,,,,,,,,,,,,
0,-24.682,93.145,,,,,,,,,,,,,
0,-23.868,93.165,,,,,,,,,,,,,
0,-23.539,93.182,,,,,,,,,,,,,
0,-22.587,93.207,,,,,,,,,,,,,
0,-22.461,93.199,,,,,,,,,,,,,
0,-22.292,93.219,,,,,,,,,,,,,
0,-21.74,93.267,,,,,,,,,,,,,
0,-21.335,93.225,,,,,,,,,,,,,
0,-20.872,93.203,,,,,,,,,,,,,
0,-20.743,93.195,,,,,,,,,,,,,
0,-19.873,93.245,,,,,,,,,,,,,
0,-19.48,93.276,,,,,,,,,,,,,
0,-18.882,93.303,,,,,,,,,,,,,
0,-18.198,93.247,,,,,,,,,,,,,
0,-17.87,93.242,,,,,,,,,,,,,
0,-16.923,93.229,,,,,,,,,,,,,
0,-16.864,93.232,,,,,,,,,,,,,
0,-16.637,93.237,,,,,,,,,,,,,
0,-16.083,93.264,,,,,,,,,,,,,
0,-15.338,93.24,,,,,,,,,,,,,
0,-15.33,93.24,,,,,,,,,,,,,
0,-15.328,93.24,,,,,,,,,,,,,
0,-14.308,93.274,,,,,,,,,,,,,
0,-14.031,93.28,,,,,,,,,,,,,
0,-13.267,93.257,,,,,,,,,,,,,
0,-12.743,93.39,,,,,,,,,,,,,
0,-12.279,93.424,,,,,,,,,,,,,
0,-11.469,93.436,,,,,,,,,,,,,
0,-11.262,93.435,,,,,,,,,,,,,
0,-10.928,93.465,,,,,,,,,,,,,
0,-10.477,93.419,,,,,,,,,,,,,
0,-10.299,93.416,,,,,,,,,,,,,
0,-10.02,93.442,,,,,,,,,,,,,
0,-9.568,93.505,,,,,,,,,,,,,
0,-9.272,93.463,,,,,,,,,,,,,
0,-8.242,93.397,,,,,,,,,,,,,
0,-7.984,93.4,,,,,,,,,,,,,
0,-7.698,93.405,,,,,,,,,,,,,
0,-7.251,93.394,,,,,,,,,,,,,
0,-6.993,93.422,,,,,,,,,,,,,
0,-6.415,93.465,,,,,,,,,,,,,
0,-5.987,93.462,,,,,,,,,,,,,
0,-4.708,93.462,,,,,,,,,,,,,
0,-4.469,93.47,,,,,,,,,,,,,
0,-3.985,93.465,,,,,,,,,,,,,
0,-3.353,93.471,,,,,,,,,,,,,
0,-2.337,93.556,,,,,,,,,,,,,
0,-1.972,93.593,,,,,,,,,,,,,
0,-1.732,93.424,,,,,,,,,,,,,
0,-1.141,92.472,,,,,,,,,,,,,
0,-0.85,91.813,,,,,,,,,,,,,
0,-0.296,91.06,,,,,,,,,,,,,
0,0.159,91.056,,,,,,,,,,,,,
0,1.466,91.685,,,,,,,,,,,,,
0,1.722,91.919,,,,,,,,,,,,,
0,2.071,92.647,,,,,,,,,,,,,
0,2.397,93.099,,,,,,,,,,,,,
0,2.888,93.353,,,,,,,,,,,,,
0,5.028,93.447,,,,,,,,,,,,,
0,5.353,93.45,,,,,,,,,,,,,
0,5.744,93.491,,,,,,,,,,,,,
0,6.425,93.44,,,,,,,,,,,,,
0,6.88,93.406,,,,,,,,,,,,,
0,7.312,93.44,,,,,,,,,,,,,
0,7.7,93.44,,,,,,,,,,,,,
0,8.143,93.345,,,,,,,,,,,,,
0,8.47,93.337,,,,,,,,,,,,,
0,8.924,93.312,,,,,,,,,,,,,
0,9.784,93.246,,,,,,,,,,,,,
0,10.405,93.199,,,,,,,,,,,,,
0,10.729,93.176,,,,,,,,,,,,,
0,11.179,93.19,,,,,,,,,,,,,
0,11.54,93.175,,,,,,,,,,,,,
0,11.988,93.123,,,,,,,,,,,,,
0,12.784,93.074,,,,,,,,,,,,,
0,13.411,93.045,,,,,,,,,,,,,
0,14.06,92.994,,,,,,,,,,,,,
0,14.218,92.978,,,,,,,,,,,,,
0,15.028,92.956,,,,,,,,,,,,,
0,15.596,92.836,,,,,,,,,,,,,
0,15.945,92.778,,,,,,,,,,,,,
0,16.466,92.653,,,,,,,,,,,,,
0,16.729,92.632,,,,,,,,,,,,,
0,17.262,92.475,,,,,,,,,,,,,
0,17.373,92.444,,,,,,,,,,,,,
0,17.551,92.385,,,,,,,,,,,,,
0,18.752,92,,,,,,,,,,,,,
0,19.474,92.095,,,,,,,,,,,,,
0,19.904,92.297,,,,,,,,,,,,,
0,20.317,92.301,,,,,,,,,,,,,
0,20.897,92.271,,,,,,,,,,,,,
0,21.51,92.282,,,,,,,,,,,,,
0,22.037,92.306,,,,,,,,,,,,,
0,22.536,92.314,,,,,,,,,,,,,
0,22.941,92.27,,,,,,,,,,,,,
0,23.352,92.258,,,,,,,,,,,,,
0,23.831,92.198,,,,,,,,,,,,,
0,24.226,92.189,,,,,,,,,,,,,
0,24.846,92.137,,,,,,,,,,,,,
0,25,92.095,,,,,,,,,,,,,
0.9,9,900,FALSE,,,73,,,,,0,,,,âÕêÏä«óùé{ê›ìôç\ë¢óﬂ
0,-25,94.583,,,,,,,,,,,,,
0,-24.539,94.425,,,,,,,,,,,,,
0,-24.043,94.444,,,,,,,,,,,,,
0,-20.117,94.44,,,,,,,,,,,,,
0,-19.576,94.456,,,,,,,,,,,,,
0,-19.046,94.473,,,,,,,,,,,,,
0,-18.959,94.481,,,,,,,,,,,,,
0,-18.256,94.644,,,,,,,,,,,,,
0,-17.934,94.527,,,,,,,,,,,,,
0,-17.513,94.512,,,,,,,,,,,,,
0,-17.076,94.504,,,,,,,,,,,,,
0,-16.292,94.569,,,,,,,,,,,,,
0,-16.048,94.473,,,,,,,,,,,,,
0,-15.75,94.475,,,,,,,,,,,,,
0,-15.144,94.516,,,,,,,,,,,,,
0,-14.795,94.526,,,,,,,,,,,,,
0,-14.469,94.506,,,,,,,,,,,,,
0,-14.292,94.496,,,,,,,,,,,,,
0,-13.9,94.51,,,,,,,,,,,,,
0,-13.419,94.526,,,,,,,,,,,,,
0,-13.172,94.547,,,,,,,,,,,,,
0,-12.963,94.559,,,,,,,,,,,,,
0,-12.673,94.562,,,,,,,,,,,,,
0,-12.488,94.537,,,,,,,,,,,,,
0,-12.099,94.529,,,,,,,,,,,,,
0,-11.688,94.544,,,,,,,,,,,,,
0,-11.419,94.588,,,,,,,,,,,,,
0,-11.162,94.633,,,,,,,,,,,,,
0,-10.895,94.846,,,,,,,,,,,,,
0,-10.733,94.91,,,,,,,,,,,,,
0,-10.578,94.975,,,,,,,,,,,,,
0,-10.562,94.977,,,,,,,,,,,,,
0,-10.069,95.059,,,,,,,,,,,,,
0,-1.758,95.203,,,,,,,,,,,,,
0,-1.658,95.229,,,,,,,,,,,,,
0,-1.149,94.496,,,,,,,,,,,,,
0,-0.082,92.628,,,,,,,,,,,,,
0,0.21,92.651,,,,,,,,,,,,,
0,0.808,92.624,,,,,,,,,,,,,
0,1.565,92.671,,,,,,,,,,,,,
0,1.731,92.659,,,,,,,,,,,,,
0,2.065,92.782,,,,,,,,,,,,,
0,3.631,93.907,,,,,,,,,,,,,
0,4.295,94.296,,,,,,,,,,,,,
0,7.342,96.329,,,,,,,,,,,,,
0,7.997,96.421,,,,,,,,,,,,,
0,9.036,96.108,,,,,,,,,,,,,
0,9.319,96.069,,,,,,,,,,,,,
0,10.183,96.156,,,,,,,,,,,,,
0,11.775,95.812,,,,,,,,,,,,,
0,12.869,95.498,,,,,,,,,,,,,
0,13.742,95.259,,,,,,,,,,,,,
0,13.958,95.193,,,,,,,,,,,,,
0,14.864,94.558,,,,,,,,,,,,,
0,16.164,93.67,,,,,,,,,,,,,
0,16.169,93.667,,,,,,,,,,,,,
0,16.179,93.662,,,,,,,,,,,,,
0,16.197,93.654,,,,,,,,,,,,,
0,17.219,93.504,,,,,,,,,,,,,
0,17.62,93.449,,,,,,,,,,,,,
0,18.092,93.58,,,,,,,,,,,,,
0,18.104,93.578,,,,,,,,,,,,,
0,18.606,93.683,,,,,,,,,,,,,
0,19.488,93.846,,,,,,,,,,,,,
0,19.511,93.866,,,,,,,,,,,,,
0,19.711,93.757,,,,,,,,,,,,,
0,20.059,93.567,,,,,,,,,,,,,
0,20.112,93.569,,,,,,,,,,,,,
0,20.362,93.548,,,,,,,,,,,,,
0,20.39,93.548,,,,,,,,,,,,,
0,20.737,93.571,,,,,,,,,,,,,
0,24.685,93.725,,,,,,,,,,,,,
0,25,93.76,,,,,,,,,,,,,
1,10,1030,FALSE,,,64,,,,,0,,,,âÕêÏä«óùé{ê›ìôç\ë¢óﬂ
0,-25,96.159,,,,,,,,,,,,,
0,-24.568,96.516,,,,,,,,,,,,,
0,-23.895,96.779,,,,,,,,,,,,,
0,-23.576,96.948,,,,,,,,,,,,,
0,-22.219,97.27,,,,,,,,,,,,,
0,-21.679,97.404,,,,,,,,,,,,,
0,-20.733,97.559,,,,,,,,,,,,,
0,-19.824,97.49,,,,,,,,,,,,,
0,-18.973,97.613,,,,,,,,,,,,,
0,-18.859,97.601,,,,,,,,,,,,,
0,-18.713,97.598,,,,,,,,,,,,,
0,-18.527,97.616,,,,,,,,,,,,,
0,-18.254,97.614,,,,,,,,,,,,,
0,-15.892,97.536,,,,,,,,,,,,,
0,-12.176,97.332,,,,,,,,,,,,,
0,-11.657,97.545,,,,,,,,,,,,,
0,-9.811,97.556,,,,,,,,,,,,,
0,-8.911,97.416,,,,,,,,,,,,,
0,-8.008,97.252,,,,,,,,,,,,,
0,-5.962,97.028,,,,,,,,,,,,,
0,-5.534,97.071,,,,,,,,,,,,,
0,-5.014,96.954,,,,,,,,,,,,,
0,-4.481,96.971,,,,,,,,,,,,,
0,-1.961,95.997,,,,,,,,,,,,,
0,-0.673,95.238,,,,,,,,,,,,,
0,-0.043,95.199,,,,,,,,,,,,,
0,1.196,96.377,,,,,,,,,,,,,
0,1.843,97.013,,,,,,,,,,,,,
0,2.506,97.743,,,,,,,,,,,,,
0,3.399,97.657,,,,,,,,,,,,,
0,4.021,97.683,,,,,,,,,,,,,
0,4.151,97.679,,,,,,,,,,,,,
0,4.607,97.73,,,,,,,,,,,,,
0,6.353,97.798,,,,,,,,,,,,,
0,7.04,97.787,,,,,,,,,,,,,
0,7.67,97.819,,,,,,,,,,,,,
0,8.512,97.787,,,,,,,,,,,,,
0,9.638,97.788,,,,,,,,,,,,,
0,9.961,97.779,,,,,,,,,,,,,
0,10.205,97.775,,,,,,,,,,,,,
0,10.952,97.706,,,,,,,,,,,,,
0,11.434,97.721,,,,,,,,,,,,,
0,12.667,97.705,,,,,,,,,,,,,
0,13.342,97.663,,,,,,,,,,,,,
0,13.944,97.648,,,,,,,,,,,,,
0,14.493,97.647,,,,,,,,,,,,,
0,15.149,97.677,,,,,,,,,,,,,
0,16.14,97.666,,,,,,,,,,,,,
0,16.881,97.638,,,,,,,,,,,,,
0,17.562,97.596,,,,,,,,,,,,,
0,18.073,97.602,,,,,,,,,,,,,
0,18.706,97.632,,,,,,,,,,,,,
0,19.564,97.551,,,,,,,,,,,,,
0,20.331,97.46,,,,,,,,,,,,,
0,21.173,97.409,,,,,,,,,,,,,
0,21.387,97.388,,,,,,,,,,,,,
0,21.768,97.4,,,,,,,,,,,,,
0,22.154,97.401,,,,,,,,,,,,,
0,22.366,97.399,,,,,,,,,,,,,
0,23.256,97.348,,,,,,,,,,,,,
0,24.099,97.328,,,,,,,,,,,,,
0,24.448,97.312,,,,,,,,,,,,,
0,24.825,97.326,,,,,,,,,,,,,
0,25,97.325,,,,,,,,,,,,,
1.1,11,1100,FALSE,,,66,,,,,0,,,,âÕêÏä«óùé{ê›ìôç\ë¢óﬂ
0,-25,97.838,,,,,,,,,,,,,
0,-24.675,97.857,,,,,,,,,,,,,
0,-20.869,97.83,,,,,,,,,,,,,
0,-15.895,97.808,,,,,,,,,,,,,
0,-14.907,97.736,,,,,,,,,,,,,
0,-11.913,97.831,,,,,,,,,,,,,
0,-10.273,97.923,,,,,,,,,,,,,
0,-8.674,97.825,,,,,,,,,,,,,
0,-8.063,97.694,,,,,,,,,,,,,
0,-8.055,97.693,,,,,,,,,,,,,
0,-8.018,97.692,,,,,,,,,,,,,
0,-7.103,97.767,,,,,,,,,,,,,
0,-6.703,97.796,,,,,,,,,,,,,
0,-6.175,97.825,,,,,,,,,,,,,
0,-5.271,97.959,,,,,,,,,,,,,
0,-4.196,98.178,,,,,,,,,,,,,
0,-2.955,98.08,,,,,,,,,,,,,
0,-2.75,98.095,,,,,,,,,,,,,
0,-2.123,97.435,,,,,,,,,,,,,
0,-1.781,97.066,,,,,,,,,,,,,
0,-1.546,96.666,,,,,,,,,,,,,
0,-0.921,96.43,,,,,,,,,,,,,
0,-0.612,96.296,,,,,,,,,,,,,
0,-0.273,96.161,,,,,,,,,,,,,
0,0.474,96.185,,,,,,,,,,,,,
0,2.266,96.31,,,,,,,,,,,,,
0,2.779,97.08,,,,,,,,,,,,,
0,3.16,97.666,,,,,,,,,,,,,
0,4.017,98.145,,,,,,,,,,,,,
0,4.025,98.15,,,,,,,,,,,,,
0,4.031,98.153,,,,,,,,,,,,,
0,5.157,98.562,,,,,,,,,,,,,
0,6.234,98.214,,,,,,,,,,,,,
0,6.417,98.162,,,,,,,,,,,,,
0,6.645,98.023,,,,,,,,,,,,,
0,7.734,97.373,,,,,,,,,,,,,
0,8.206,97.413,,,,,,,,,,,,,
0,8.882,97.507,,,,,,,,,,,,,
0,9.342,97.551,,,,,,,,,,,,,
0,9.971,97.646,,,,,,,,,,,,,
0,10.947,97.615,,,,,,,,,,,,,
0,11.044,97.655,,,,,,,,,,,,,
0,11.145,97.698,,,,,,,,,,,,,
0,11.74,97.977,,,,,,,,,,,,,
0,12.352,97.973,,,,,,,,,,,,,
0,12.625,97.932,,,,,,,,,,,,,
0,12.898,97.958,,,,,,,,,,,,,
0,13.931,98.033,,,,,,,,,,,,,
0,14.963,98.052,,,,,,,,,,,,,
0,15.184,98.033,,,,,,,,,,,,,
0,16.085,97.951,,,,,,,,,,,,,
0,16.321,97.931,,,,,,,,,,,,,
0,16.38,97.926,,,,,,,,,,,,,
0,17.45,97.901,,,,,,,,,,,,,
0,18.181,97.86,,,,,,,,,,,,,
0,18.61,97.853,,,,,,,,,,,,,
0,19.241,97.805,,,,,,,,,,,,,
0,19.728,97.751,,,,,,,,,,,,,
0,20.75,97.749,,,,,,,,,,,,,
0,20.83,97.751,,,,,,,,,,,,,
0,20.834,97.753,,,,,,,,,,,,,
0,22.2,97.602,,,,,,,,,,,,,
0,23.422,97.628,,,,,,,,,,,,,
0,23.703,97.595,,,,,,,,,,,,,
0,24.924,97.63,,,,,,,,,,,,,
0,25,97.628,,,,,,,,,,,,,
1.2,12,1200,FALSE,,,80,,,,,0,,,,âÕêÏä«óùé{ê›ìôç\ë¢óﬂ
0,-25,100.172,,,,,,,,,,,,,
0,-24.835,100.163,,,,,,,,,,,,,
0,-23.721,100.185,,,,,,,,,,,,,
0,-23.613,100.189,,,,,,,,,,,,,
0,-23.459,100.191,,,,,,,,,,,,,
0,-22.324,100.171,,,,,,,,,,,,,
0,-21.55,100.176,,,,,,,,,,,,,
0,-20.99,100.162,,,,,,,,,,,,,
0,-20.549,100.144,,,,,,,,,,,,,
0,-19.623,100.153,,,,,,,,,,,,,
0,-18.405,100.065,,,,,,,,,,,,,
0,-18.278,100.066,,,,,,,,,,,,,
0,-18.076,100.063,,,,,,,,,,,,,
0,-16.876,100.087,,,,,,,,,,,,,
0,-16.143,100.058,,,,,,,,,,,,,
0,-15.689,100.046,,,,,,,,,,,,,
0,-15.466,100.053,,,,,,,,,,,,,
0,-14.667,100.18,,,,,,,,,,,,,
0,-13.01,100.149,,,,,,,,,,,,,
0,-12.605,100.152,,,,,,,,,,,,,
0,-12.503,100.187,,,,,,,,,,,,,
0,-11.486,100.193,,,,,,,,,,,,,
0,-11.085,100.08,,,,,,,,,,,,,
0,-10.02,100.007,,,,,,,,,,,,,
0,-9.778,100.01,,,,,,,,,,,,,
0,-9.095,100.03,,,,,,,,,,,,,
0,-8.28,99.967,,,,,,,,,,,,,
0,-8.062,99.951,,,,,,,,,,,,,
0,-7.592,99.964,,,,,,,,,,,,,
0,-6.837,99.994,,,,,,,,,,,,,
0,-5.425,99.654,,,,,,,,,,,,,
0,-5.411,99.65,,,,,,,,,,,,,
0,-5.403,99.648,,,,,,,,,,,,,
0,-4.29,99.263,,,,,,,,,,,,,
0,-3.609,99.043,,,,,,,,,,,,,
0,-3.15,98.868,,,,,,,,,,,,,
0,-2.445,98.277,,,,,,,,,,,,,
0,-2.061,97.944,,,,,,,,,,,,,
0,-1.671,97.643,,,,,,,,,,,,,
0,-1.096,97.283,,,,,,,,,,,,,
0,0.455,97.256,,,,,,,,,,,,,
0,1.253,97.28,,,,,,,,,,,,,
0,2.071,98.512,,,,,,,,,,,,,
0,2.453,99.104,,,,,,,,,,,,,
0,3.3,99.418,,,,,,,,,,,,,
0,3.652,99.547,,,,,,,,,,,,,
0,3.949,99.563,,,,,,,,,,,,,
0,4.707,99.474,,,,,,,,,,,,,
0,5.363,98.938,,,,,,,,,,,,,
0,5.808,98.588,,,,,,,,,,,,,
0,6.1,98.603,,,,,,,,,,,,,
0,6.977,98.668,,,,,,,,,,,,,
0,7.941,98.708,,,,,,,,,,,,,
0,8.147,98.704,,,,,,,,,,,,,
0,8.516,98.691,,,,,,,,,,,,,
0,9.466,98.654,,,,,,,,,,,,,
0,10.686,98.755,,,,,,,,,,,,,
0,10.855,98.766,,,,,,,,,,,,,
0,10.95,98.772,,,,,,,,,,,,,
0,12.046,98.753,,,,,,,,,,,,,
0,12.854,98.786,,,,,,,,,,,,,
0,13.265,98.78,,,,,,,,,,,,,
0,13.962,98.785,,,,,,,,,,,,,
0,14.529,98.695,,,,,,,,,,,,,
0,15.835,98.352,,,,,,,,,,,,,
0,15.906,98.335,,,,,,,,,,,,,
0,15.936,98.332,,,,,,,,,,,,,
0,17.266,98.426,,,,,,,,,,,,,
0,18.083,98.4,,,,,,,,,,,,,
0,18.619,98.407,,,,,,,,,,,,,
0,19.431,98.151,,,,,,,,,,,,,
0,19.938,97.952,,,,,,,,,,,,,
0,20.583,97.953,,,,,,,,,,,,,
0,21.086,97.954,,,,,,,,,,,,,
0,21.499,97.888,,,,,,,,,,,,,
0,22.412,97.795,,,,,,,,,,,,,
0,22.991,97.886,,,,,,,,,,,,,
0,23.745,97.934,,,,,,,,,,,,,
0,24.955,97.975,,,,,,,,,,,,,
0,25,97.969,,,,,,,,,,,,,
1.3,13,1300,FALSE,,,66,,,,,0,,,,âÕêÏä«óùé{ê›ìôç\ë¢óﬂ
0,-25,101.864,,,,,,,,,,,,,
0,-24.965,101.869,,,,,,,,,,,,,
0,-23.79,101.906,,,,,,,,,,,,,
0,-22.938,101.913,,,,,,,,,,,,,
0,-21.822,101.519,,,,,,,,,,,,,
0,-19.289,101.412,,,,,,,,,,,,,
0,-14.607,101.466,,,,,,,,,,,,,
0,-14.172,101.472,,,,,,,,,,,,,
0,-14.034,101.469,,,,,,,,,,,,,
0,-13.888,101.456,,,,,,,,,,,,,
0,-13.751,101.419,,,,,,,,,,,,,
0,-12.982,101.295,,,,,,,,,,,,,
0,-12.326,101.268,,,,,,,,,,,,,
0,-11.741,101.256,,,,,,,,,,,,,
0,-10.897,101.334,,,,,,,,,,,,,
0,-10.495,101.366,,,,,,,,,,,,,
0,-9.49,101.315,,,,,,,,,,,,,
0,-9.257,101.316,,,,,,,,,,,,,
0,-8.078,101.371,,,,,,,,,,,,,
0,-8.026,101.369,,,,,,,,,,,,,
0,-7.656,101.355,,,,,,,,,,,,,
0,-6.715,101.319,,,,,,,,,,,,,
0,-6.607,101.319,,,,,,,,,,,,,
0,-5.389,101.359,,,,,,,,,,,,,
0,-5.126,101.348,,,,,,,,,,,,,
0,-4.036,101.267,,,,,,,,,,,,,
0,-3.609,101.254,,,,,,,,,,,,,
0,-2.704,101.183,,,,,,,,,,,,,
0,-2.117,100.963,,,,,,,,,,,,,
0,-1.348,100.503,,,,,,,,,,,,,
0,-0.438,98.922,,,,,,,,,,,,,
0,0.124,98.05,,,,,,,,,,,,,
0,0.846,98.372,,,,,,,,,,,,,
0,2.467,98.915,,,,,,,,,,,,,
0,2.922,99.196,,,,,,,,,,,,,
0,4.273,99.66,,,,,,,,,,,,,
0,7.146,100.896,,,,,,,,,,,,,
0,7.699,100.864,,,,,,,,,,,,,
0,8.063,100.826,,,,,,,,,,,,,
0,8.557,100.762,,,,,,,,,,,,,
0,9.425,100.633,,,,,,,,,,,,,
0,10.182,100.413,,,,,,,,,,,,,
0,10.812,100.265,,,,,,,,,,,,,
0,11.779,100.246,,,,,,,,,,,,,
0,12.143,100.228,,,,,,,,,,,,,
0,13.347,100.274,,,,,,,,,,,,,
0,13.491,100.277,,,,,,,,,,,,,
0,14.311,100.238,,,,,,,,,,,,,
0,14.815,100.214,,,,,,,,,,,,,
0,14.873,100.208,,,,,,,,,,,,,
0,16.073,100.272,,,,,,,,,,,,,
0,16.268,100.282,,,,,,,,,,,,,
0,17.361,100.286,,,,,,,,,,,,,
0,17.7,100.284,,,,,,,,,,,,,
0,18.617,100.293,,,,,,,,,,,,,
0,19.086,100.294,,,,,,,,,,,,,
0,19.906,100.227,,,,,,,,,,,,,
0,20.511,100.243,,,,,,,,,,,,,
0,21.16,100.294,,,,,,,,,,,,,
0,21.917,100.304,,,,,,,,,,,,,
0,22.448,100.233,,,,,,,,,,,,,
0,23.326,100.196,,,,,,,,,,,,,
0,23.721,100.249,,,,,,,,,,,,,
0,24.737,100.26,,,,,,,,,,,,,
0,24.99,100.25,,,,,,,,,,,,,
0,25,100.25,,,,,,,,,,,,,
1.4,14,1400,FALSE,,,80,,,,,0,,,,âÕêÏä«óùé{ê›ìôç\ë¢óﬂ
0,-25,102.929,,,,,,,,,,,,,
0,-24.897,102.929,,,,,,,,,,,,,
0,-24.264,102.891,,,,,,,,,,,,,
0,-23.785,102.926,,,,,,,,,,,,,
0,-23.101,102.886,,,,,,,,,,,,,
0,-22.527,102.839,,,,,,,,,,,,,
0,-21.49,102.877,,,,,,,,,,,,,
0,-21.262,102.89,,,,,,,,,,,,,
0,-20.447,102.909,,,,,,,,,,,,,
0,-19.967,102.911,,,,,,,,,,,,,
0,-19.781,102.9,,,,,,,,,,,,,
0,-18.685,102.818,,,,,,,,,,,,,
0,-18.022,102.855,,,,,,,,,,,,,
0,-17.379,102.81,,,,,,,,,,,,,
0,-16.213,102.854,,,,,,,,,,,,,
0,-16.091,102.871,,,,,,,,,,,,,
0,-15.767,102.853,,,,,,,,,,,,,
0,-14.686,102.806,,,,,,,,,,,,,
0,-13.474,102.822,,,,,,,,,,,,,
0,-13.285,102.814,,,,,,,,,,,,,
0,-12.927,102.787,,,,,,,,,,,,,
0,-11.063,102.595,,,,,,,,,,,,,
0,-10.037,102.481,,,,,,,,,,,,,
0,-9.965,102.477,,,,,,,,,,,,,
0,-9.666,102.478,,,,,,,,,,,,,
0,-8.699,102.402,,,,,,,,,,,,,
0,-8.348,102.531,,,,,,,,,,,,,
0,-6.88,102.656,,,,,,,,,,,,,
0,-4.91,102.542,,,,,,,,,,,,,
0,-3.659,102.472,,,,,,,,,,,,,
0,-3.359,102.193,,,,,,,,,,,,,
0,-2.375,100.614,,,,,,,,,,,,,
0,-1.831,99.987,,,,,,,,,,,,,
0,-1.034,99.98,,,,,,,,,,,,,
0,-0.28,99.781,,,,,,,,,,,,,
0,0.028,99.752,,,,,,,,,,,,,
0,1.041,99.877,,,,,,,,,,,,,
0,1.173,99.941,,,,,,,,,,,,,
0,1.643,100.568,,,,,,,,,,,,,
0,2.207,101.176,,,,,,,,,,,,,
0,2.405,101.563,,,,,,,,,,,,,
0,3.191,102.465,,,,,,,,,,,,,
0,3.788,102.686,,,,,,,,,,,,,
0,4.257,102.69,,,,,,,,,,,,,
0,5.241,102.663,,,,,,,,,,,,,
0,5.354,102.666,,,,,,,,,,,,,
0,5.704,102.666,,,,,,,,,,,,,
0,6.468,102.689,,,,,,,,,,,,,
0,6.642,102.738,,,,,,,,,,,,,
0,6.917,102.928,,,,,,,,,,,,,
0,7.985,103.447,,,,,,,,,,,,,
0,8.709,103.782,,,,,,,,,,,,,
0,9.331,104.104,,,,,,,,,,,,,
0,10.478,104.398,,,,,,,,,,,,,
0,10.681,104.437,,,,,,,,,,,,,
0,11.366,104.485,,,,,,,,,,,,,
0,11.896,104.517,,,,,,,,,,,,,
0,12.068,104.52,,,,,,,,,,,,,
0,12.991,104.47,,,,,,,,,,,,,
0,13.501,104.46,,,,,,,,,,,,,
0,14.043,104.561,,,,,,,,,,,,,
0,14.895,104.804,,,,,,,,,,,,,
0,15.092,104.802,,,,,,,,,,,,,
0,15.688,104.811,,,,,,,,,,,,,
0,16.298,104.764,,,,,,,,,,,,,
0,16.472,104.756,,,,,,,,,,,,,
0,17.628,104.638,,,,,,,,,,,,,
0,18.192,104.562,,,,,,,,,,,,,
0,18.991,104.44,,,,,,,,,,,,,
0,19.926,104.046,,,,,,,,,,,,,
0,20.358,103.911,,,,,,,,,,,,,
0,21.645,103.681,,,,,,,,,,,,,
0,21.7,103.676,,,,,,,,,,,,,
0,21.897,103.667,,,,,,,,,,,,,
0,22.784,103.612,,,,,,,,,,,,,
0,23.089,103.578,,,,,,,,,,,,,
0,23.814,103.529,,,,,,,,,,,,,
0,24.47,103.542,,,,,,,,,,,,,
0,24.846,103.541,,,,,,,,,,,,,
0,25,103.536,,,,,,,,,,,,,
1.5,15,1500,FALSE,,,65,,,,,0,,,,âÕêÏä«óùé{ê›ìôç\ë¢óﬂ
0,-25,105.02,,,,,,,,,,,,,
0,-24.385,104.821,,,,,,,,,,,,,
0,-20.813,104.858,,,,,,,,,,,,,
0,-17.349,104.942,,,,,,,,,,,,,
0,-14.316,104.988,,,,,,,,,,,,,
0,-14.193,104.993,,,,,,,,,,,,,
0,-13.902,105.039,,,,,,,,,,,,,
0,-13.179,105.064,,,,,,,,,,,,,
0,-12.566,104.966,,,,,,,,,,,,,
0,-11.75,105.021,,,,,,,,,,,,,
0,-11.245,105.145,,,,,,,,,,,,,
0,-10.361,105.15,,,,,,,,,,,,,
0,-9.92,105.137,,,,,,,,,,,,,
0,-8.93,105.1,,,,,,,,,,,,,
0,-8.587,105.076,,,,,,,,,,,,,
0,-7.504,104.915,,,,,,,,,,,,,
0,-7.272,104.902,,,,,,,,,,,,,
0,-6.1,104.969,,,,,,,,,,,,,
0,-5.949,105.034,,,,,,,,,,,,,
0,-4.671,104.997,,,,,,,,,,,,,
0,-4.611,104.997,,,,,,,,,,,,,
0,-3.831,104.887,,,,,,,,,,,,,
0,-3.292,104.83,,,,,,,,,,,,,
0,-3.258,104.807,,,,,,,,,,,,,
0,-2.446,104.452,,,,,,,,,,,,,
0,0.286,103.583,,,,,,,,,,,,,
0,0.728,103.507,,,,,,,,,,,,,
0,1.071,103.514,,,,,,,,,,,,,
0,2.141,103.483,,,,,,,,,,,,,
0,2.503,103.437,,,,,,,,,,,,,
0,3.455,103.785,,,,,,,,,,,,,
0,3.851,104.085,,,,,,,,,,,,,
0,4.78,104.635,,,,,,,,,,,,,
0,5.217,104.74,,,,,,,,,,,,,
0,6.11,104.698,,,,,,,,,,,,,
0,6.637,104.604,,,,,,,,,,,,,
0,7.456,104.443,,,,,,,,,,,,,
0,8.053,104.442,,,,,,,,,,,,,
0,8.799,104.42,,,,,,,,,,,,,
0,9.457,104.43,,,,,,,,,,,,,
0,10.126,104.44,,,,,,,,,,,,,
0,10.867,104.396,,,,,,,,,,,,,
0,11.481,104.386,,,,,,,,,,,,,
0,12.269,104.384,,,,,,,,,,,,,
0,12.807,104.387,,,,,,,,,,,,,
0,13.673,104.372,,,,,,,,,,,,,
0,14.139,104.364,,,,,,,,,,,,,
0,15.071,104.396,,,,,,,,,,,,,
0,15.483,104.39,,,,,,,,,,,,,
0,16.472,104.39,,,,,,,,,,,,,
0,16.807,104.405,,,,,,,,,,,,,
0,17.875,104.418,,,,,,,,,,,,,
0,18.151,104.416,,,,,,,,,,,,,
0,19.263,104.44,,,,,,,,,,,,,
0,19.475,104.44,,,,,,,,,,,,,
0,20.664,104.413,,,,,,,,,,,,,
0,20.806,104.409,,,,,,,,,,,,,
0,22.061,104.428,,,,,,,,,,,,,
0,22.148,104.431,,,,,,,,,,,,,
0,23.455,104.391,,,,,,,,,,,,,
0,23.473,104.391,,,,,,,,,,,,,
0,23.838,104.395,,,,,,,,,,,,,
0,24.781,104.411,,,,,,,,,,,,,
0,24.848,104.411,,,,,,,,,,,,,
0,25,104.415,,,,,,,,,,,,,
1.6,16,1600,FALSE,,,59,,,,,0,,,,âÕêÏä«óùé{ê›ìôç\ë¢óﬂ
0,-25,109.615,,,,,,,,,,,,,
0,-24.239,109.64,,,,,,,,,,,,,
0,-24.045,109.551,,,,,,,,,,,,,
0,-21.978,109.598,,,,,,,,,,,,,
0,-21.503,109.477,,,,,,,,,,,,,
0,-20.906,109.331,,,,,,,,,,,,,
0,-19.765,109.105,,,,,,,,,,,,,
0,-19.544,109.141,,,,,,,,,,,,,
0,-17.995,109.209,,,,,,,,,,,,,
0,-17.461,108.932,,,,,,,,,,,,,
0,-14.949,108.325,,,,,,,,,,,,,
0,-14.62,108.25,,,,,,,,,,,,,
0,-14.464,108.261,,,,,,,,,,,,,
0,-13.69,108.304,,,,,,,,,,,,,
0,-12.718,108.359,,,,,,,,,,,,,
0,-12.692,108.36,,,,,,,,,,,,,
0,-11.559,108.3,,,,,,,,,,,,,
0,-11.556,108.3,,,,,,,,,,,,,
0,-11.551,108.3,,,,,,,,,,,,,
0,-10.56,108.298,,,,,,,,,,,,,
0,-9.857,108.297,,,,,,,,,,,,,
0,-9.46,108.328,,,,,,,,,,,,,
0,-8.727,108.1,,,,,,,,,,,,,
0,-7.703,106.758,,,,,,,,,,,,,
0,-7.093,106.108,,,,,,,,,,,,,
0,-6.167,105.894,,,,,,,,,,,,,
0,-5.898,105.896,,,,,,,,,,,,,
0,-5.115,106.11,,,,,,,,,,,,,
0,-4.121,105.692,,,,,,,,,,,,,
0,-4.07,105.663,,,,,,,,,,,,,
0,-3.016,105.247,,,,,,,,,,,,,
0,-2.267,105.149,,,,,,,,,,,,,
0,-1.269,104.991,,,,,,,,,,,,,
0,-0.934,104.908,,,,,,,,,,,,,
0,-0.302,104.828,,,,,,,,,,,,,
0,-0.18,104.808,,,,,,,,,,,,,
0,1.314,104.727,,,,,,,,,,,,,
0,1.495,104.706,,,,,,,,,,,,,
0,1.946,104.756,,,,,,,,,,,,,
0,2.837,104.808,,,,,,,,,,,,,
0,3.451,104.993,,,,,,,,,,,,,
0,4.158,105.582,,,,,,,,,,,,,
0,4.448,105.877,,,,,,,,,,,,,
0,4.713,105.925,,,,,,,,,,,,,
0,5.169,105.976,,,,,,,,,,,,,
0,9.641,107.566,,,,,,,,,,,,,
0,11.189,108.12,,,,,,,,,,,,,
0,13.055,108.587,,,,,,,,,,,,,
0,13.637,108.552,,,,,,,,,,,,,
0,14.359,108.528,,,,,,,,,,,,,
0,14.872,108.54,,,,,,,,,,,,,
0,15.389,108.561,,,,,,,,,,,,,
0,16,108.521,,,,,,,,,,,,,
0,21.272,108.616,,,,,,,,,,,,,
0,21.806,108.566,,,,,,,,,,,,,
0,22.511,108.462,,,,,,,,,,,,,
0,22.834,108.42,,,,,,,,,,,,,
0,23.955,108.211,,,,,,,,,,,,,
0,25,108.018,,,,,,,,,,,,,
1.7,17,1700,FALSE,,,88,,,,,0,,,,âÕêÏä«óùé{ê›ìôç\ë¢óﬂ
0,-25,109.116,,,,,,,,,,,,,
0,-24.98,109.117,,,,,,,,,,,,,
0,-24.427,109.139,,,,,,,,,,,,,
0,-23.979,109.117,,,,,,,,,,,,,
0,-23.056,109.072,,,,,,,,,,,,,
0,-22.97,109.071,,,,,,,,,,,,,
0,-22.716,109.065,,,,,,,,,,,,,
0,-22.011,109.05,,,,,,,,,,,,,
0,-21.523,109.045,,,,,,,,,,,,,
0,-21.07,109.031,,,,,,,,,,,,,
0,-20.43,109.04,,,,,,,,,,,,,
0,-20.054,109.035,,,,,,,,,,,,,
0,-19.904,109.045,,,,,,,,,,,,,
0,-18.935,109.086,,,,,,,,,,,,,
0,-18.311,109.074,,,,,,,,,,,,,
0,-17.787,109.08,,,,,,,,,,,,,
0,-16.68,109.073,,,,,,,,,,,,,
0,-16.62,109.07,,,,,,,,,,,,,
0,-16.478,109.071,,,,,,,,,,,,,
0,-15.698,109.086,,,,,,,,,,,,,
0,-15.246,109.09,,,,,,,,,,,,,
0,-14.809,109.082,,,,,,,,,,,,,
0,-14.083,109.083,,,,,,,,,,,,,
0,-13.856,109.077,,,,,,,,,,,,,
0,-13.761,109.078,,,,,,,,,,,,,
0,-12.541,109.056,,,,,,,,,,,,,
0,-11.896,109.055,,,,,,,,,,,,,
0,-11.247,109.054,,,,,,,,,,,,,
0,-10.065,109.015,,,,,,,,,,,,,
0,-9.946,109.011,,,,,,,,,,,,,
0,-9.66,109.023,,,,,,,,,,,,,
0,-8.976,109.045,,,,,,,,,,,,,
0,-8.578,109.034,,,,,,,,,,,,,
0,-8.083,109.004,,,,,,,,,,,,,
0,-7.259,108.971,,,,,,,,,,,,,
0,-7.215,108.97,,,,,,,,,,,,,
0,-7.199,108.971,,,,,,,,,,,,,
0,-6.046,108.974,,,,,,,,,,,,,
0,-5.583,108.972,,,,,,,,,,,,,
0,-5.015,108.984,,,,,,,,,,,,,
0,-2.432,108.071,,,,,,,,,,,,,
0,-1.075,107.589,,,,,,,,,,,,,
0,0.522,107.09,,,,,,,,,,,,,
0,1.724,107.958,,,,,,,,,,,,,
0,2.06,108.173,,,,,,,,,,,,,
0,3.57,108.974,,,,,,,,,,,,,
0,3.631,109.002,,,,,,,,,,,,,
0,3.658,109.025,,,,,,,,,,,,,
0,4.41,109.012,,,,,,,,,,,,,
0,4.975,108.915,,,,,,,,,,,,,
0,5.217,108.911,,,,,,,,,,,,,
0,5.584,108.909,,,,,,,,,,,,,
0,6.228,108.818,,,,,,,,,,,,,
0,6.488,108.853,,,,,,,,,,,,,
0,7.409,108.79,,,,,,,,,,,,,
0,8.131,108.893,,,,,,,,,,,,,
0,8.58,108.91,,,,,,,,,,,,,
0,9.666,108.852,,,,,,,,,,,,,
0,9.759,108.828,,,,,,,,,,,,,
0,9.856,108.849,,,,,,,,,,,,,
0,10.808,108.894,,,,,,,,,,,,,
0,11.728,108.944,,,,,,,,,,,,,
0,11.855,108.936,,,,,,,,,,,,,
0,11.896,108.929,,,,,,,,,,,,,
0,12.824,108.746,,,,,,,,,,,,,
0,13.144,108.909,,,,,,,,,,,,,
0,13.774,108.935,,,,,,,,,,,,,
0,14.415,108.962,,,,,,,,,,,,,
0,15.57,108.993,,,,,,,,,,,,,
0,15.646,108.993,,,,,,,,,,,,,
0,15.824,108.989,,,,,,,,,,,,,
0,16.82,108.96,,,,,,,,,,,,,
0,17.842,109.119,,,,,,,,,,,,,
0,17.947,109.134,,,,,,,,,,,,,
0,17.98,109.134,,,,,,,,,,,,,
0,18.966,109.035,,,,,,,,,,,,,
0,19.341,109.064,,,,,,,,,,,,,
0,19.974,109.108,,,,,,,,,,,,,
0,20.674,109.136,,,,,,,,,,,,,
0,20.995,109.121,,,,,,,,,,,,,
0,21.969,109.13,,,,,,,,,,,,,
0,22.006,109.131,,,,,,,,,,,,,
0,22.052,109.131,,,,,,,,,,,,,
0,23.082,109.151,,,,,,,,,,,,,
0,23.938,109.21,,,,,,,,,,,,,
0,24.099,109.216,,,,,,,,,,,,,
0,24.152,109.217,,,,,,,,,,,,,
0,25,109.187,,,,,,,,,,,,,
1.8,18,1800,FALSE,,,52,,,,,0,,,,âÕêÏä«óùé{ê›ìôç\ë¢óﬂ
0,-25,112.573,,,,,,,,,,,,,
0,-18.818,112.793,,,,,,,,,,,,,
0,-18.767,112.772,,,,,,,,,,,,,
0,-18.579,112.728,,,,,,,,,,,,,
0,-17.534,112.415,,,,,,,,,,,,,
0,-17.124,112.397,,,,,,,,,,,,,
0,-16.286,112.351,,,,,,,,,,,,,
0,-15.411,112.394,,,,,,,,,,,,,
0,-14.987,112.435,,,,,,,,,,,,,
0,-14.122,112.177,,,,,,,,,,,,,
0,-13.257,111.978,,,,,,,,,,,,,
0,-12.624,111.715,,,,,,,,,,,,,
0,-12.297,111.746,,,,,,,,,,,,,
0,-11.474,111.78,,,,,,,,,,,,,
0,-10.89,111.779,,,,,,,,,,,,,
0,-9.965,111.725,,,,,,,,,,,,,
0,-9.369,111.701,,,,,,,,,,,,,
0,-8.212,111.639,,,,,,,,,,,,,
0,-8.083,111.638,,,,,,,,,,,,,
0,-7.785,111.618,,,,,,,,,,,,,
0,-7.15,111.571,,,,,,,,,,,,,
0,-6.707,111.575,,,,,,,,,,,,,
0,-6.298,111.584,,,,,,,,,,,,,
0,-5.717,111.378,,,,,,,,,,,,,
0,-5.356,111.299,,,,,,,,,,,,,
0,-5.138,110.893,,,,,,,,,,,,,
0,-3.921,108.66,,,,,,,,,,,,,
0,-3.164,108.6,,,,,,,,,,,,,
0,-2.782,108.587,,,,,,,,,,,,,
0,-1.848,108.562,,,,,,,,,,,,,
0,-1.67,108.572,,,,,,,,,,,,,
0,-1.511,108.565,,,,,,,,,,,,,
0,-0.749,108.643,,,,,,,,,,,,,
0,0.122,108.508,,,,,,,,,,,,,
0,0.226,108.498,,,,,,,,,,,,,
0,0.273,108.498,,,,,,,,,,,,,
0,2.035,108.491,,,,,,,,,,,,,
0,2.606,108.477,,,,,,,,,,,,,
0,3.596,109.209,,,,,,,,,,,,,
0,3.734,109.263,,,,,,,,,,,,,
0,4.068,109.314,,,,,,,,,,,,,
0,5.746,109.735,,,,,,,,,,,,,
0,5.974,109.811,,,,,,,,,,,,,
0,6.855,109.912,,,,,,,,,,,,,
0,7.477,110.014,,,,,,,,,,,,,
0,7.7,110.048,,,,,,,,,,,,,
0,15.285,111.178,,,,,,,,,,,,,
0,17.388,111.005,,,,,,,,,,,,,
0,17.659,110.995,,,,,,,,,,,,,
0,21.173,111.288,,,,,,,,,,,,,
0,23.084,111.31,,,,,,,,,,,,,
0,25,111.132,,,,,,,,,,,,,
1.9,19,1900,FALSE,,,78,,,,,0,,,,âÕêÏä«óùé{ê›ìôç\ë¢óﬂ
0,-25,114.182,,,,,,,,,,,,,
0,-24.24,114.346,,,,,,,,,,,,,
0,-23.659,114.266,,,,,,,,,,,,,
0,-22.544,114.12,,,,,,,,,,,,,
0,-22.18,114.068,,,,,,,,,,,,,
0,-22.086,114.063,,,,,,,,,,,,,
0,-21.806,114.005,,,,,,,,,,,,,
0,-21.168,113.924,,,,,,,,,,,,,
0,-20.58,113.871,,,,,,,,,,,,,
0,-20.196,113.823,,,,,,,,,,,,,
0,-19.741,113.86,,,,,,,,,,,,,
0,-18.915,113.892,,,,,,,,,,,,,
0,-18.226,113.773,,,,,,,,,,,,,
0,-17.779,113.733,,,,,,,,,,,,,
0,-16.939,113.059,,,,,,,,,,,,,
0,-16.642,112.851,,,,,,,,,,,,,
0,-16.278,112.809,,,,,,,,,,,,,
0,-15.249,112.73,,,,,,,,,,,,,
0,-14.437,112.844,,,,,,,,,,,,,
0,-14.184,112.884,,,,,,,,,,,,,
0,-13.842,112.9,,,,,,,,,,,,,
0,-13.486,112.858,,,,,,,,,,,,,
0,-13.228,112.839,,,,,,,,,,,,,
0,-12.53,112.807,,,,,,,,,,,,,
0,-11.967,112.863,,,,,,,,,,,,,
0,-11.442,112.928,,,,,,,,,,,,,
0,-10.778,113.041,,,,,,,,,,,,,
0,-10.465,113.131,,,,,,,,,,,,,
0,-9.77,112.943,,,,,,,,,,,,,
0,-9.625,112.904,,,,,,,,,,,,,
0,-9.557,112.912,,,,,,,,,,,,,
0,-8.338,112.881,,,,,,,,,,,,,
0,-7.095,112.913,,,,,,,,,,,,,
0,-7.024,112.938,,,,,,,,,,,,,
0,-6.85,112.914,,,,,,,,,,,,,
0,-6.129,112.859,,,,,,,,,,,,,
0,-5.83,112.863,,,,,,,,,,,,,
0,-4.938,112.799,,,,,,,,,,,,,
0,-3.825,112.258,,,,,,,,,,,,,
0,-3.248,112.021,,,,,,,,,,,,,
0,-2.835,111.809,,,,,,,,,,,,,
0,-2.633,111.395,,,,,,,,,,,,,
0,-1.929,110.519,,,,,,,,,,,,,
0,-1.025,110.434,,,,,,,,,,,,,
0,-0.532,110.372,,,,,,,,,,,,,
0,-0.399,110.389,,,,,,,,,,,,,
0,0.265,110.376,,,,,,,,,,,,,
0,0.779,110.389,,,,,,,,,,,,,
0,0.99,110.393,,,,,,,,,,,,,
0,2.292,110.382,,,,,,,,,,,,,
0,2.779,110.571,,,,,,,,,,,,,
0,3.235,110.795,,,,,,,,,,,,,
0,4.138,111.387,,,,,,,,,,,,,
0,4.406,111.559,,,,,,,,,,,,,
0,5.085,112.173,,,,,,,,,,,,,
0,5.274,112.355,,,,,,,,,,,,,
0,5.422,112.462,,,,,,,,,,,,,
0,5.707,112.613,,,,,,,,,,,,,
0,7.187,113.771,,,,,,,,,,,,,
0,8.422,114.735,,,,,,,,,,,,,
0,8.686,114.74,,,,,,,,,,,,,
0,9.59,114.776,,,,,,,,,,,,,
0,10.563,114.418,,,,,,,,,,,,,
0,10.799,114.335,,,,,,,,,,,,,
0,11.02,114.374,,,,,,,,,,,,,
0,11.543,114.451,,,,,,,,,,,,,
0,12.073,114.576,,,,,,,,,,,,,
0,12.219,114.608,,,,,,,,,,,,,
0,12.263,114.614,,,,,,,,,,,,,
0,12.34,114.659,,,,,,,,,,,,,
0,13.188,115.091,,,,,,,,,,,,,
0,13.96,115.35,,,,,,,,,,,,,
0,21.466,116.987,,,,,,,,,,,,,
0,22.309,117.117,,,,,,,,,,,,,
0,23.637,117.133,,,,,,,,,,,,,
0,24.501,117.24,,,,,,,,,,,,,
0,24.96,117.194,,,,,,,,,,,,,
0,25,117.193,,,,,,,,,,,,,
2,20,2000,FALSE,,,80,,,,,0,,,,âÕêÏä«óùé{ê›ìôç\ë¢óﬂ
0,-25,119.141,,,,,,,,,,,,,
0,-24.934,119.142,,,,,,,,,,,,,
0,-23.901,119.13,,,,,,,,,,,,,
0,-23.882,119.13,,,,,,,,,,,,,
0,-23.87,119.13,,,,,,,,,,,,,
0,-22.615,119.027,,,,,,,,,,,,,
0,-21.885,119.014,,,,,,,,,,,,,
0,-21.347,118.947,,,,,,,,,,,,,
0,-20.439,119.031,,,,,,,,,,,,,
0,-20.09,119.048,,,,,,,,,,,,,
0,-19.388,119.036,,,,,,,,,,,,,
0,-18.898,119.023,,,,,,,,,,,,,
0,-18.656,119.022,,,,,,,,,,,,,
0,-17.777,119.035,,,,,,,,,,,,,
0,-17.36,119.06,,,,,,,,,,,,,
0,-16.653,119.068,,,,,,,,,,,,,
0,-15.711,119.018,,,,,,,,,,,,,
0,-15.541,119.023,,,,,,,,,,,,,
0,-15.173,119.017,,,,,,,,,,,,,
0,-14.591,119,,,,,,,,,,,,,
0,-14.074,118.992,,,,,,,,,,,,,
0,-13.734,118.974,,,,,,,,,,,,,
0,-13.355,119.02,,,,,,,,,,,,,
0,-12.605,119.087,,,,,,,,,,,,,
0,-12.15,119.09,,,,,,,,,,,,,
0,-11.274,119.118,,,,,,,,,,,,,
0,-9.97,119.1,,,,,,,,,,,,,
0,-9.912,119.098,,,,,,,,,,,,,
0,-9.819,119.096,,,,,,,,,,,,,
0,-9.047,119.162,,,,,,,,,,,,,
0,-8.273,118.84,,,,,,,,,,,,,
0,-8.053,118.707,,,,,,,,,,,,,
0,-6.839,117.998,,,,,,,,,,,,,
0,-6.008,117.462,,,,,,,,,,,,,
0,-5.467,117.174,,,,,,,,,,,,,
0,-4.666,115.759,,,,,,,,,,,,,
0,-4.022,114.258,,,,,,,,,,,,,
0,-3.141,114.27,,,,,,,,,,,,,
0,-3.036,114.268,,,,,,,,,,,,,
0,-2.956,114.192,,,,,,,,,,,,,
0,-1.77,112.85,,,,,,,,,,,,,
0,-1.12,112.534,,,,,,,,,,,,,
0,-0.512,111.913,,,,,,,,,,,,,
0,0.537,111.774,,,,,,,,,,,,,
0,0.615,111.767,,,,,,,,,,,,,
0,0.713,111.76,,,,,,,,,,,,,
0,0.801,111.77,,,,,,,,,,,,,
0,4.059,112.084,,,,,,,,,,,,,
0,4.564,113.04,,,,,,,,,,,,,
0,5.698,113.625,,,,,,,,,,,,,
0,5.751,113.698,,,,,,,,,,,,,
0,5.881,113.693,,,,,,,,,,,,,
0,6.676,113.55,,,,,,,,,,,,,
0,7.442,113.426,,,,,,,,,,,,,
0,7.616,113.436,,,,,,,,,,,,,
0,7.751,113.435,,,,,,,,,,,,,
0,9.041,113.654,,,,,,,,,,,,,
0,9.533,113.996,,,,,,,,,,,,,
0,10.269,114.898,,,,,,,,,,,,,
0,10.886,115.278,,,,,,,,,,,,,
0,11.509,115.557,,,,,,,,,,,,,
0,12.473,116.234,,,,,,,,,,,,,
0,12.609,116.362,,,,,,,,,,,,,
0,12.666,116.381,,,,,,,,,,,,,
0,13.617,116.524,,,,,,,,,,,,,
0,14.161,116.541,,,,,,,,,,,,,
0,15.566,116.687,,,,,,,,,,,,,
0,15.749,116.703,,,,,,,,,,,,,
0,16.949,116.573,,,,,,,,,,,,,
0,17.197,116.586,,,,,,,,,,,,,
0,19.81,116.69,,,,,,,,,,,,,
0,20.318,116.72,,,,,,,,,,,,,
0,21.264,116.831,,,,,,,,,,,,,
0,21.747,116.768,,,,,,,,,,,,,
0,22.624,116.717,,,,,,,,,,,,,
0,23.034,116.72,,,,,,,,,,,,,
0,24.162,116.628,,,,,,,,,,,,,
0,24.427,116.605,,,,,,,,,,,,,
0,24.73,116.598,,,,,,,,,,,,,
0,25,116.596,,,,,,,,,,,,,
2.1,21,2100,FALSE,,,77,,,,,0,,,,âÕêÏä«óùé{ê›ìôç\ë¢óﬂ
0,-25,122.536,,,,,,,,,,,,,
0,-24.486,122.793,,,,,,,,,,,,,
0,-23.465,123.178,,,,,,,,,,,,,
0,-23.389,123.21,,,,,,,,,,,,,
0,-23.312,123.203,,,,,,,,,,,,,
0,-22.741,123.106,,,,,,,,,,,,,
0,-22.204,123.088,,,,,,,,,,,,,
0,-22.031,123.083,,,,,,,,,,,,,
0,-21.933,123.083,,,,,,,,,,,,,
0,-21.011,123.084,,,,,,,,,,,,,
0,-20.35,123.078,,,,,,,,,,,,,
0,-20.005,123.093,,,,,,,,,,,,,
0,-19.366,123.075,,,,,,,,,,,,,
0,-19.075,123.076,,,,,,,,,,,,,
0,-18.524,122.929,,,,,,,,,,,,,
0,-18.292,122.869,,,,,,,,,,,,,
0,-18.169,122.881,,,,,,,,,,,,,
0,-17.318,122.978,,,,,,,,,,,,,
0,-16.793,122.96,,,,,,,,,,,,,
0,-16.278,122.982,,,,,,,,,,,,,
0,-15.448,122.914,,,,,,,,,,,,,
0,-15.168,122.917,,,,,,,,,,,,,
0,-14.186,122.948,,,,,,,,,,,,,
0,-13.913,122.942,,,,,,,,,,,,,
0,-13.693,122.913,,,,,,,,,,,,,
0,-12.738,122.851,,,,,,,,,,,,,
0,-11.682,122.979,,,,,,,,,,,,,
0,-11.603,122.977,,,,,,,,,,,,,
0,-11.499,122.979,,,,,,,,,,,,,
0,-10.869,122.987,,,,,,,,,,,,,
0,-10.396,123,,,,,,,,,,,,,
0,-10.048,122.986,,,,,,,,,,,,,
0,-9.817,122.998,,,,,,,,,,,,,
0,-8.988,123.033,,,,,,,,,,,,,
0,-7.989,123.008,,,,,,,,,,,,,
0,-7.876,123.008,,,,,,,,,,,,,
0,-7.83,123.008,,,,,,,,,,,,,
0,-7.18,123.036,,,,,,,,,,,,,
0,-6.529,123.075,,,,,,,,,,,,,
0,-6.323,122.554,,,,,,,,,,,,,
0,-6.114,121.976,,,,,,,,,,,,,
0,-5.213,116.791,,,,,,,,,,,,,
0,-4.87,116.7,,,,,,,,,,,,,
0,-4.14,116.582,,,,,,,,,,,,,
0,-3.893,116.459,,,,,,,,,,,,,
0,-3.062,115.472,,,,,,,,,,,,,
0,-2.757,115.136,,,,,,,,,,,,,
0,-2.291,115.009,,,,,,,,,,,,,
0,-1.396,114.985,,,,,,,,,,,,,
0,-0.591,114.913,,,,,,,,,,,,,
0,-0.301,114.89,,,,,,,,,,,,,
0,0.245,114.785,,,,,,,,,,,,,
0,0.851,115.294,,,,,,,,,,,,,
0,0.968,115.374,,,,,,,,,,,,,
0,1.024,115.438,,,,,,,,,,,,,
0,1.855,116.382,,,,,,,,,,,,,
0,3.074,116.277,,,,,,,,,,,,,
0,4.771,116.239,,,,,,,,,,,,,
0,5.029,116.198,,,,,,,,,,,,,
0,7.448,115.949,,,,,,,,,,,,,
0,8.175,115.943,,,,,,,,,,,,,
0,8.285,115.927,,,,,,,,,,,,,
0,9.591,116.045,,,,,,,,,,,,,
0,10.801,116.245,,,,,,,,,,,,,
0,12.759,116.445,,,,,,,,,,,,,
0,13.348,116.515,,,,,,,,,,,,,
0,13.401,116.548,,,,,,,,,,,,,
0,13.813,116.834,,,,,,,,,,,,,
0,14.025,116.9,,,,,,,,,,,,,
0,14.98,116.898,,,,,,,,,,,,,
0,16.371,117.052,,,,,,,,,,,,,
0,17.757,117.143,,,,,,,,,,,,,
0,21.48,117.364,,,,,,,,,,,,,
0,22.689,117.262,,,,,,,,,,,,,
0,24.517,117.145,,,,,,,,,,,,,
0,24.966,117.148,,,,,,,,,,,,,
0,25,117.168,,,,,,,,,,,,,
2.2,22,2200,FALSE,,,96,,,,,0,,,,âÕêÏä«óùé{ê›ìôç\ë¢óﬂ
0,-25,124.72,,,,,,,,,,,,,
0,-24.751,124.631,,,,,,,,,,,,,
0,-23.808,124.406,,,,,,,,,,,,,
0,-23.596,124.344,,,,,,,,,,,,,
0,-23.037,124.087,,,,,,,,,,,,,
0,-22.145,123.606,,,,,,,,,,,,,
0,-21.654,123.418,,,,,,,,,,,,,
0,-21.345,123.275,,,,,,,,,,,,,
0,-20.921,123.053,,,,,,,,,,,,,
0,-19.993,122.705,,,,,,,,,,,,,
0,-19.741,122.607,,,,,,,,,,,,,
0,-19.614,122.552,,,,,,,,,,,,,
0,-18.993,122.207,,,,,,,,,,,,,
0,-17.941,121.849,,,,,,,,,,,,,
0,-17.801,121.8,,,,,,,,,,,,,
0,-17.662,121.766,,,,,,,,,,,,,
0,-17.022,121.544,,,,,,,,,,,,,
0,-16.109,121.202,,,,,,,,,,,,,
0,-15.867,121.188,,,,,,,,,,,,,
0,-15.723,121.181,,,,,,,,,,,,,
0,-15.091,121.169,,,,,,,,,,,,,
0,-14.426,121.103,,,,,,,,,,,,,
0,-13.91,121.069,,,,,,,,,,,,,
0,-13.641,121.024,,,,,,,,,,,,,
0,-13.155,120.928,,,,,,,,,,,,,
0,-12.267,120.887,,,,,,,,,,,,,
0,-11.955,120.926,,,,,,,,,,,,,
0,-11.288,120.809,,,,,,,,,,,,,
0,-11.179,120.785,,,,,,,,,,,,,
0,-10.854,120.713,,,,,,,,,,,,,
0,-10.041,120.592,,,,,,,,,,,,,
0,-9.701,120.608,,,,,,,,,,,,,
0,-9.264,120.63,,,,,,,,,,,,,
0,-8.712,120.222,,,,,,,,,,,,,
0,-8.132,119.809,,,,,,,,,,,,,
0,-7.413,119.737,,,,,,,,,,,,,
0,-7.362,119.734,,,,,,,,,,,,,
0,-7.238,119.736,,,,,,,,,,,,,
0,-6.182,119.71,,,,,,,,,,,,,
0,-5.686,119.68,,,,,,,,,,,,,
0,-5.453,119.657,,,,,,,,,,,,,
0,-4.415,119.814,,,,,,,,,,,,,
0,-4.249,119.829,,,,,,,,,,,,,
0,-4.115,119.781,,,,,,,,,,,,,
0,-3.509,119.53,,,,,,,,,,,,,
0,-2.766,119.007,,,,,,,,,,,,,
0,-2.374,118.627,,,,,,,,,,,,,
0,-1.992,118.403,,,,,,,,,,,,,
0,-1.686,118.097,,,,,,,,,,,,,
0,-1.253,118.017,,,,,,,,,,,,,
0,-0.525,117.815,,,,,,,,,,,,,
0,0.059,117.65,,,,,,,,,,,,,
0,0.224,117.595,,,,,,,,,,,,,
0,0.665,117.624,,,,,,,,,,,,,
0,1.21,117.642,,,,,,,,,,,,,
0,1.395,117.666,,,,,,,,,,,,,
0,1.85,117.711,,,,,,,,,,,,,
0,4.061,118.523,,,,,,,,,,,,,
0,4.142,118.618,,,,,,,,,,,,,
0,5.276,119.76,,,,,,,,,,,,,
0,5.772,120.158,,,,,,,,,,,,,
0,6.037,120.357,,,,,,,,,,,,,
0,6.693,120.736,,,,,,,,,,,,,
0,7.231,121.037,,,,,,,,,,,,,
0,8.19,121.852,,,,,,,,,,,,,
0,9.98,123.395,,,,,,,,,,,,,
0,10.547,123.401,,,,,,,,,,,,,
0,11.091,123.431,,,,,,,,,,,,,
0,11.758,123.426,,,,,,,,,,,,,
0,11.823,123.428,,,,,,,,,,,,,
0,11.884,123.384,,,,,,,,,,,,,
0,12.918,123.15,,,,,,,,,,,,,
0,13.046,123.126,,,,,,,,,,,,,
0,13.626,123.124,,,,,,,,,,,,,
0,14.764,122.617,,,,,,,,,,,,,
0,14.775,122.611,,,,,,,,,,,,,
0,14.777,122.61,,,,,,,,,,,,,
0,15.481,122.559,,,,,,,,,,,,,
0,15.955,122.639,,,,,,,,,,,,,
0,16.603,122.713,,,,,,,,,,,,,
0,16.996,122.667,,,,,,,,,,,,,
0,17.318,122.638,,,,,,,,,,,,,
0,18.108,122.618,,,,,,,,,,,,,
0,18.452,122.629,,,,,,,,,,,,,
0,18.615,122.613,,,,,,,,,,,,,
0,19.133,122.551,,,,,,,,,,,,,
0,20.064,122.548,,,,,,,,,,,,,
0,20.278,122.557,,,,,,,,,,,,,
0,20.975,122.534,,,,,,,,,,,,,
0,21.015,122.533,,,,,,,,,,,,,
0,21.124,122.538,,,,,,,,,,,,,
0,22.165,122.615,,,,,,,,,,,,,
0,22.318,122.594,,,,,,,,,,,,,
0,23.401,122.627,,,,,,,,,,,,,
0,24.31,122.628,,,,,,,,,,,,,
0,25,122.62,,,,,,,,,,,,,
2.4,24,2400,FALSE,,,99,,,,,0,,,,âÕêÏä«óùé{ê›ìôç\ë¢óﬂ
0,-25,131.27,,,,,,,,,,,,,
0,-24.248,131.286,,,,,,,,,,,,,
0,-24.029,131.275,,,,,,,,,,,,,
0,-23.943,131.269,,,,,,,,,,,,,
0,-22.893,131.225,,,,,,,,,,,,,
0,-22.823,131.232,,,,,,,,,,,,,
0,-21.856,131.28,,,,,,,,,,,,,
0,-21.472,131.317,,,,,,,,,,,,,
0,-20.72,131.259,,,,,,,,,,,,,
0,-19.699,131.27,,,,,,,,,,,,,
0,-19.699,131.27,,,,,,,,,,,,,
0,-19.699,131.27,,,,,,,,,,,,,
0,-19.697,131.27,,,,,,,,,,,,,
0,-18.811,131.151,,,,,,,,,,,,,
0,-18.602,131.131,,,,,,,,,,,,,
0,-18.217,131.126,,,,,,,,,,,,,
0,-17.535,131.084,,,,,,,,,,,,,
0,-16.836,131.075,,,,,,,,,,,,,
0,-16.407,131.117,,,,,,,,,,,,,
0,-15.806,131.194,,,,,,,,,,,,,
0,-15.331,131.26,,,,,,,,,,,,,
0,-14.743,131.268,,,,,,,,,,,,,
0,-14.363,131.236,,,,,,,,,,,,,
0,-14.091,131.083,,,,,,,,,,,,,
0,-12.866,130.433,,,,,,,,,,,,,
0,-12.229,130.091,,,,,,,,,,,,,
0,-11.992,129.958,,,,,,,,,,,,,
0,-11.072,129.737,,,,,,,,,,,,,
0,-10.604,129.669,,,,,,,,,,,,,
0,-9.968,129.474,,,,,,,,,,,,,
0,-9.572,129.442,,,,,,,,,,,,,
0,-8.958,129.355,,,,,,,,,,,,,
0,-8.607,129.193,,,,,,,,,,,,,
0,-7.848,128.74,,,,,,,,,,,,,
0,-6.917,127.681,,,,,,,,,,,,,
0,-6.908,127.674,,,,,,,,,,,,,
0,-6.903,127.67,,,,,,,,,,,,,
0,-6.886,127.66,,,,,,,,,,,,,
0,-6.026,127.173,,,,,,,,,,,,,
0,-5.801,126.733,,,,,,,,,,,,,
0,-5.18,125.649,,,,,,,,,,,,,
0,-4.845,125.314,,,,,,,,,,,,,
0,-3.831,124.666,,,,,,,,,,,,,
0,-3.714,124.668,,,,,,,,,,,,,
0,-3.509,124.666,,,,,,,,,,,,,
0,-2.7,124.687,,,,,,,,,,,,,
0,-1.893,124.741,,,,,,,,,,,,,
0,-1.59,124.784,,,,,,,,,,,,,
0,-1.266,124.843,,,,,,,,,,,,,
0,-0.496,124.996,,,,,,,,,,,,,
0,-0.253,125.015,,,,,,,,,,,,,
0,0.636,124.848,,,,,,,,,,,,,
0,0.796,124.868,,,,,,,,,,,,,
0,1.711,125.551,,,,,,,,,,,,,
0,2.136,125.916,,,,,,,,,,,,,
0,2.998,127.683,,,,,,,,,,,,,
0,3.138,127.967,,,,,,,,,,,,,
0,4.174,130.055,,,,,,,,,,,,,
0,4.932,130.66,,,,,,,,,,,,,
0,5.369,130.709,,,,,,,,,,,,,
0,5.953,130.718,,,,,,,,,,,,,
0,6.417,130.734,,,,,,,,,,,,,
0,6.555,130.719,,,,,,,,,,,,,
0,7.576,130.696,,,,,,,,,,,,,
0,7.737,130.718,,,,,,,,,,,,,
0,8.62,130.96,,,,,,,,,,,,,
0,8.883,131.015,,,,,,,,,,,,,
0,9.804,131.407,,,,,,,,,,,,,
0,10.073,131.559,,,,,,,,,,,,,
0,10.801,131.495,,,,,,,,,,,,,
0,10.895,131.503,,,,,,,,,,,,,
0,11.983,131.56,,,,,,,,,,,,,
0,11.992,131.56,,,,,,,,,,,,,
0,12.043,131.562,,,,,,,,,,,,,
0,12.876,131.598,,,,,,,,,,,,,
0,13.014,131.601,,,,,,,,,,,,,
0,13.641,131.627,,,,,,,,,,,,,
0,14.191,131.645,,,,,,,,,,,,,
0,14.304,131.652,,,,,,,,,,,,,
0,14.842,131.64,,,,,,,,,,,,,
0,15.129,131.64,,,,,,,,,,,,,
0,15.827,131.684,,,,,,,,,,,,,
0,16.166,131.779,,,,,,,,,,,,,
0,17.507,131.912,,,,,,,,,,,,,
0,18.56,132.025,,,,,,,,,,,,,
0,18.924,132.051,,,,,,,,,,,,,
0,19.571,131.912,,,,,,,,,,,,,
0,19.95,131.924,,,,,,,,,,,,,
0,20.735,131.85,,,,,,,,,,,,,
0,20.899,131.819,,,,,,,,,,,,,
0,21.597,131.934,,,,,,,,,,,,,
0,21.718,131.954,,,,,,,,,,,,,
0,21.746,131.947,,,,,,,,,,,,,
0,22.613,132.074,,,,,,,,,,,,,
0,22.91,132.127,,,,,,,,,,,,,
0,23.675,132.238,,,,,,,,,,,,,
0,23.953,132.232,,,,,,,,,,,,,
0,24.163,132.245,,,,,,,,,,,,,
0,25,132.199,,,,,,,,,,,,,
2.5,25,2500,FALSE,,,62,,,,,0,,,,âÕêÏä«óùé{ê›ìôç\ë¢óﬂ
0,-25,139.09,,,,,,,,,,,,,
0,-24.863,139.092,,,,,,,,,,,,,
0,-24.374,139.099,,,,,,,,,,,,,
0,-23.913,139.082,,,,,,,,,,,,,
0,-22.259,138.957,,,,,,,,,,,,,
0,-21.637,138.959,,,,,,,,,,,,,
0,-21.388,138.926,,,,,,,,,,,,,
0,-19.448,137.332,,,,,,,,,,,,,
0,-17.463,135.839,,,,,,,,,,,,,
0,-17.247,135.703,,,,,,,,,,,,,
0,-16.463,135.563,,,,,,,,,,,,,
0,-15.891,135.557,,,,,,,,,,,,,
0,-15.59,135.539,,,,,,,,,,,,,
0,-14.566,135.494,,,,,,,,,,,,,
0,-13.84,135.507,,,,,,,,,,,,,
0,-13.225,135.506,,,,,,,,,,,,,
0,-12.091,135.445,,,,,,,,,,,,,
0,-11.856,135.43,,,,,,,,,,,,,
0,-11.73,135.43,,,,,,,,,,,,,
0,-10.717,135.436,,,,,,,,,,,,,
0,-10.029,135.458,,,,,,,,,,,,,
0,-9.355,135.463,,,,,,,,,,,,,
0,-8.076,135.28,,,,,,,,,,,,,
0,-7.759,135.258,,,,,,,,,,,,,
0,-6.855,134.645,,,,,,,,,,,,,
0,-6.518,134.407,,,,,,,,,,,,,
0,-6.432,134.314,,,,,,,,,,,,,
0,-5.491,133.139,,,,,,,,,,,,,
0,-4.561,131.715,,,,,,,,,,,,,
0,-4.477,131.57,,,,,,,,,,,,,
0,-4.321,131.375,,,,,,,,,,,,,
0,-2.397,128.955,,,,,,,,,,,,,
0,-1.451,128.586,,,,,,,,,,,,,
0,-1.326,128.555,,,,,,,,,,,,,
0,-1.211,128.547,,,,,,,,,,,,,
0,0.045,128.657,,,,,,,,,,,,,
0,0.537,128.694,,,,,,,,,,,,,
0,1.26,128.666,,,,,,,,,,,,,
0,2.049,128.734,,,,,,,,,,,,,
0,4.154,130.055,,,,,,,,,,,,,
0,4.364,130.164,,,,,,,,,,,,,
0,4.375,130.166,,,,,,,,,,,,,
0,4.389,130.17,,,,,,,,,,,,,
0,4.537,130.261,,,,,,,,,,,,,
0,6.794,132.02,,,,,,,,,,,,,
0,7.343,132.242,,,,,,,,,,,,,
0,12.161,134.874,,,,,,,,,,,,,
0,12.717,134.933,,,,,,,,,,,,,
0,14.207,134.924,,,,,,,,,,,,,
0,16.225,135.015,,,,,,,,,,,,,
0,17.005,134.948,,,,,,,,,,,,,
0,17.499,134.903,,,,,,,,,,,,,
0,18.461,134.876,,,,,,,,,,,,,
0,18.843,134.888,,,,,,,,,,,,,
0,19.13,134.873,,,,,,,,,,,,,
0,22.87,134.508,,,,,,,,,,,,,
0,23.101,134.432,,,,,,,,,,,,,
0,23.707,134.385,,,,,,,,,,,,,
0,23.791,134.38,,,,,,,,,,,,,
0,23.84,134.378,,,,,,,,,,,,,
0,24.952,134.36,,,,,,,,,,,,,
0,25,134.36,,,,,,,,,,,,,
2.6,26,2600,FALSE,,,51,,,,,0,,,,âÕêÏä«óùé{ê›ìôç\ë¢óﬂ
0,-25,141.36,,,,,,,,,,,,,
0,-24.812,141.254,,,,,,,,,,,,,
0,-24.076,140.845,,,,,,,,,,,,,
0,-24.047,140.842,,,,,,,,,,,,,
0,-23.944,140.803,,,,,,,,,,,,,
0,-23.238,140.51,,,,,,,,,,,,,
0,-21.978,140.054,,,,,,,,,,,,,
0,-21.721,139.925,,,,,,,,,,,,,
0,-20.958,140.159,,,,,,,,,,,,,
0,-20.94,140.147,,,,,,,,,,,,,
0,-20.144,139.541,,,,,,,,,,,,,
0,-19.801,139.439,,,,,,,,,,,,,
0,-17.716,139.212,,,,,,,,,,,,,
0,-16.505,139.366,,,,,,,,,,,,,
0,-15.464,139.532,,,,,,,,,,,,,
0,-14.887,139.705,,,,,,,,,,,,,
0,-10.641,139.237,,,,,,,,,,,,,
0,-9.182,138.774,,,,,,,,,,,,,
0,-8.691,138.619,,,,,,,,,,,,,
0,-8.301,138.498,,,,,,,,,,,,,
0,-7.931,138.426,,,,,,,,,,,,,
0,-5.238,136.472,,,,,,,,,,,,,
0,-3.956,135.597,,,,,,,,,,,,,
0,-2.619,135.458,,,,,,,,,,,,,
0,-2.544,135.467,,,,,,,,,,,,,
0,-1.187,135.43,,,,,,,,,,,,,
0,-0.274,135.454,,,,,,,,,,,,,
0,-0.101,135.47,,,,,,,,,,,,,
0,0.552,135.51,,,,,,,,,,,,,
0,1.016,135.45,,,,,,,,,,,,,
0,1.869,135.432,,,,,,,,,,,,,
0,2.184,135.428,,,,,,,,,,,,,
0,2.627,135.478,,,,,,,,,,,,,
0,3.273,135.653,,,,,,,,,,,,,
0,3.996,135.68,,,,,,,,,,,,,
0,4.253,135.715,,,,,,,,,,,,,
0,4.793,135.743,,,,,,,,,,,,,
0,4.931,135.786,,,,,,,,,,,,,
0,4.977,135.815,,,,,,,,,,,,,
0,5.195,135.921,,,,,,,,,,,,,
0,9.628,139.752,,,,,,,,,,,,,
0,10.447,139.798,,,,,,,,,,,,,
0,14.248,141.242,,,,,,,,,,,,,
0,16.172,141.682,,,,,,,,,,,,,
0,16.549,141.848,,,,,,,,,,,,,
0,16.631,141.852,,,,,,,,,,,,,
0,16.69,141.849,,,,,,,,,,,,,
0,18.489,141.867,,,,,,,,,,,,,
0,20.123,141.876,,,,,,,,,,,,,
0,21.954,141.857,,,,,,,,,,,,,
0,25,141.939,,,,,,,,,,,,,
2.7,27,2700,FALSE,,,46,,,,,0,,,,âÕêÏä«óùé{ê›ìôç\ë¢óﬂ
0,-25,153.046,,,,,,,,,,,,,
0,-20.051,152.608,,,,,,,,,,,,,
0,-14.654,151.502,,,,,,,,,,,,,
0,-14.648,151.5,,,,,,,,,,,,,
0,-14.641,151.497,,,,,,,,,,,,,
0,-14.036,151.113,,,,,,,,,,,,,
0,-12.562,150.328,,,,,,,,,,,,,
0,-11.528,149.868,,,,,,,,,,,,,
0,-9.791,148.838,,,,,,,,,,,,,
0,-9.702,148.783,,,,,,,,,,,,,
0,-7.967,147.159,,,,,,,,,,,,,
0,-7.885,147.077,,,,,,,,,,,,,
0,-6.943,146.477,,,,,,,,,,,,,
0,-6.424,146.145,,,,,,,,,,,,,
0,-6.324,146.164,,,,,,,,,,,,,
0,-5.834,146.19,,,,,,,,,,,,,
0,-5.174,146.174,,,,,,,,,,,,,
0,-4.357,146.093,,,,,,,,,,,,,
0,-3.907,146.104,,,,,,,,,,,,,
0,-3.72,146.123,,,,,,,,,,,,,
0,-3.048,145.8,,,,,,,,,,,,,
0,-2.32,145.338,,,,,,,,,,,,,
0,-1.868,145.134,,,,,,,,,,,,,
0,-1.095,144.891,,,,,,,,,,,,,
0,0.309,144.216,,,,,,,,,,,,,
0,1.516,144.222,,,,,,,,,,,,,
0,1.769,144.22,,,,,,,,,,,,,
0,2.028,144.2,,,,,,,,,,,,,
0,2.402,144.17,,,,,,,,,,,,,
0,3.009,144.183,,,,,,,,,,,,,
0,3.834,144.232,,,,,,,,,,,,,
0,4.228,144.304,,,,,,,,,,,,,
0,5.833,145.337,,,,,,,,,,,,,
0,6.606,145.724,,,,,,,,,,,,,
0,7.813,145.917,,,,,,,,,,,,,
0,8.575,145.915,,,,,,,,,,,,,
0,8.675,145.904,,,,,,,,,,,,,
0,9.73,146.441,,,,,,,,,,,,,
0,9.938,146.568,,,,,,,,,,,,,
0,13.105,149.389,,,,,,,,,,,,,
0,14.813,150.876,,,,,,,,,,,,,
0,16.002,151.339,,,,,,,,,,,,,
0,20.474,150.861,,,,,,,,,,,,,
0,22.235,150.868,,,,,,,,,,,,,
0,24.542,150.835,,,,,,,,,,,,,
0,25,150.863,,,,,,,,,,,,,
2.8,28,2800,FALSE,,,35,,,,,0,,,,âÕêÏä«óùé{ê›ìôç\ë¢óﬂ
0,-25,160.804,,,,,,,,,,,,,
0,-24.907,160.78,,,,,,,,,,,,,
0,-24.007,160.646,,,,,,,,,,,,,
0,-23.599,160.566,,,,,,,,,,,,,
0,-23.16,160.581,,,,,,,,,,,,,
0,-21.424,160.694,,,,,,,,,,,,,
0,-6.691,151.2,,,,,,,,,,,,,
0,-6.547,151.105,,,,,,,,,,,,,
0,-6.43,150.949,,,,,,,,,,,,,
0,-6.279,150.932,,,,,,,,,,,,,
0,-3.002,149.529,,,,,,,,,,,,,
0,-1.883,149.37,,,,,,,,,,,,,
0,-1.712,149.366,,,,,,,,,,,,,
0,-1.521,149.342,,,,,,,,,,,,,
0,0.049,149.348,,,,,,,,,,,,,
0,1.012,149.365,,,,,,,,,,,,,
0,1.561,149.888,,,,,,,,,,,,,
0,3.586,150.568,,,,,,,,,,,,,
0,4.571,150.543,,,,,,,,,,,,,
0,6.633,151.483,,,,,,,,,,,,,
0,11.093,152.183,,,,,,,,,,,,,
0,12.521,152.383,,,,,,,,,,,,,
0,13.584,152.448,,,,,,,,,,,,,
0,13.791,152.482,,,,,,,,,,,,,
0,14.837,152.492,,,,,,,,,,,,,
0,15.093,152.517,,,,,,,,,,,,,
0,15.317,152.539,,,,,,,,,,,,,
0,15.512,152.548,,,,,,,,,,,,,
0,16.046,152.615,,,,,,,,,,,,,
0,16.598,152.576,,,,,,,,,,,,,
0,17.777,152.796,,,,,,,,,,,,,
0,17.792,152.796,,,,,,,,,,,,,
0,18.305,152.686,,,,,,,,,,,,,
0,20.476,153.698,,,,,,,,,,,,,
0,25,155.838,,,,,,,,,,,,,
2.9,29,2900,FALSE,,,33,,,,,0,,,,âÕêÏä«óùé{ê›ìôç\ë¢óﬂ
0,-25,164.938,,,,,,,,,,,,,
0,-24.187,164.346,,,,,,,,,,,,,
0,-23.719,164.002,,,,,,,,,,,,,
0,-23.197,163.691,,,,,,,,,,,,,
0,-17.923,161.977,,,,,,,,,,,,,
0,-5.949,158.528,,,,,,,,,,,,,
0,-5.173,158.493,,,,,,,,,,,,,
0,-4.783,158.31,,,,,,,,,,,,,
0,-3.992,158.542,,,,,,,,,,,,,
0,-3.323,158.509,,,,,,,,,,,,,
0,-2.773,158.197,,,,,,,,,,,,,
0,-2.494,158.175,,,,,,,,,,,,,
0,-1.607,158.112,,,,,,,,,,,,,
0,-0.713,157.856,,,,,,,,,,,,,
0,-0.549,157.74,,,,,,,,,,,,,
0,-0.108,157.655,,,,,,,,,,,,,
0,1.152,157.56,,,,,,,,,,,,,
0,2.342,157.501,,,,,,,,,,,,,
0,3.538,157.593,,,,,,,,,,,,,
0,3.747,157.589,,,,,,,,,,,,,
0,4.46,157.68,,,,,,,,,,,,,
0,5.034,157.939,,,,,,,,,,,,,
0,5.326,158.113,,,,,,,,,,,,,
0,6.163,158.176,,,,,,,,,,,,,
0,7.033,158.449,,,,,,,,,,,,,
0,8.522,158.81,,,,,,,,,,,,,
0,11.239,159.81,,,,,,,,,,,,,
0,12.769,160.647,,,,,,,,,,,,,
0,14.17,161.996,,,,,,,,,,,,,
0,14.807,162.371,,,,,,,,,,,,,
0,18.546,165.141,,,,,,,,,,,,,
0,22.542,169.703,,,,,,,,,,,,,
0,25,171.586,,,,,,,,,,,,,
3,30,3000,FALSE,,,35,,,,,0,,,,âÕêÏä«óùé{ê›ìôç\ë¢óﬂ
0,-25,172.979,,,,,,,,,,,,,
0,-24.712,172.958,,,,,,,,,,,,,
0,-24.093,173.076,,,,,,,,,,,,,
0,-21.334,173.394,,,,,,,,,,,,,
0,-20.459,173.336,,,,,,,,,,,,,
0,-19.749,173.369,,,,,,,,,,,,,
0,-18.848,173.379,,,,,,,,,,,,,
0,-13.028,171.279,,,,,,,,,,,,,
0,-6.264,169.678,,,,,,,,,,,,,
0,-5.17,169.625,,,,,,,,,,,,,
0,-5.16,169.621,,,,,,,,,,,,,
0,-5.142,169.621,,,,,,,,,,,,,
0,-4.301,169.547,,,,,,,,,,,,,
0,-3.663,169.278,,,,,,,,,,,,,
0,-2.496,168.09,,,,,,,,,,,,,
0,-1.191,167.001,,,,,,,,,,,,,
0,-0.767,166.439,,,,,,,,,,,,,
0,0.946,166.173,,,,,,,,,,,,,
0,1.024,166.147,,,,,,,,,,,,,
0,1.128,166.158,,,,,,,,,,,,,
0,2.125,166.186,,,,,,,,,,,,,
0,2.653,166.191,,,,,,,,,,,,,
0,3.983,165.999,,,,,,,,,,,,,
0,5.052,165.876,,,,,,,,,,,,,
0,5.906,165.973,,,,,,,,,,,,,
0,6.616,166.223,,,,,,,,,,,,,
0,7.53,166.952,,,,,,,,,,,,,
0,8.572,167.317,,,,,,,,,,,,,
0,8.623,167.34,,,,,,,,,,,,,
0,9.803,167.643,,,,,,,,,,,,,
0,13.721,169.51,,,,,,,,,,,,,
0,16.621,170.955,,,,,,,,,,,,,
0,16.926,170.981,,,,,,,,,,,,,
0,20.637,171.804,,,,,,,,,,,,,
0,25,173.961,,,,,,,,,,,,,
3.1,31,3100,FALSE,,,45,,,,,0,,,,âÕêÏä«óùé{ê›ìôç\ë¢óﬂ
0,-25,184.262,,,,,,,,,,,,,
0,-24.935,184.227,,,,,,,,,,,,,
0,-17.127,180.255,,,,,,,,,,,,,
0,-16.734,180.116,,,,,,,,,,,,,
0,-15.721,180.011,,,,,,,,,,,,,
0,-15.673,180.019,,,,,,,,,,,,,
0,-14.8,179.644,,,,,,,,,,,,,
0,-14.26,179.431,,,,,,,,,,,,,
0,-8.064,177.08,,,,,,,,,,,,,
0,-3.835,175.462,,,,,,,,,,,,,
0,-3.751,175.433,,,,,,,,,,,,,
0,-3.298,175.339,,,,,,,,,,,,,
0,-2.441,175.25,,,,,,,,,,,,,
0,-1.944,175.157,,,,,,,,,,,,,
0,-0.908,175.102,,,,,,,,,,,,,
0,0.461,175.117,,,,,,,,,,,,,
0,0.601,175.124,,,,,,,,,,,,,
0,0.853,175.165,,,,,,,,,,,,,
0,2.497,175.446,,,,,,,,,,,,,
0,3.004,175.678,,,,,,,,,,,,,
0,3.746,175.874,,,,,,,,,,,,,
0,5.465,176.519,,,,,,,,,,,,,
0,5.957,176.693,,,,,,,,,,,,,
0,6.246,176.713,,,,,,,,,,,,,
0,8.144,176.614,,,,,,,,,,,,,
0,13.077,176.558,,,,,,,,,,,,,
0,14.032,176.465,,,,,,,,,,,,,
0,16.082,176.258,,,,,,,,,,,,,
0,16.851,176.257,,,,,,,,,,,,,
0,19.906,176.853,,,,,,,,,,,,,
0,20.606,177.091,,,,,,,,,,,,,
0,21.82,177.198,,,,,,,,,,,,,
0,21.905,177.216,,,,,,,,,,,,,
0,21.969,177.233,,,,,,,,,,,,,
0,23.218,177.919,,,,,,,,,,,,,
0,24.298,178.202,,,,,,,,,,,,,
0,24.574,178.212,,,,,,,,,,,,,
0,26.726,178.427,,,,,,,,,,,,,
0,26.931,178.42,,,,,,,,,,,,,
0,27.339,178.514,,,,,,,,,,,,,
0,28.74,178.994,,,,,,,,,,,,,
0,31.918,179.683,,,,,,,,,,,,,
0,34.69,179.82,,,,,,,,,,,,,
0,37.543,181.072,,,,,,,,,,,,,
0,40.192,181.993,,,,,,,,,,,,,
3.2,32,3200,FALSE,,,22,,,,,0,,,,âÕêÏä«óùé{ê›ìôç\ë¢óﬂ
0,-25,192.245,,,,,,,,,,,,,
0,-24.595,191.946,,,,,,,,,,,,,
0,-22.927,190.965,,,,,,,,,,,,,
0,-20.195,188.545,,,,,,,,,,,,,
0,-19.149,188.027,,,,,,,,,,,,,
0,-14.126,185.051,,,,,,,,,,,,,
0,-10.992,184.773,,,,,,,,,,,,,
0,-8.872,184.626,,,,,,,,,,,,,
0,-7.889,184.644,,,,,,,,,,,,,
0,-7.576,184.677,,,,,,,,,,,,,
0,-6.303,184.749,,,,,,,,,,,,,
0,-2.153,185.566,,,,,,,,,,,,,
0,-0.135,185.863,,,,,,,,,,,,,
0,3.935,185.039,,,,,,,,,,,,,
0,8.082,188.613,,,,,,,,,,,,,
0,18.775,190.481,,,,,,,,,,,,,
0,19.98,190.809,,,,,,,,,,,,,
0,20.53,190.984,,,,,,,,,,,,,
0,20.565,190.986,,,,,,,,,,,,,
0,21.028,190.993,,,,,,,,,,,,,
0,22.348,191.091,,,,,,,,,,,,,
0,25,191.31,,,,,,,,,,,,,
3.3,33,3300,FALSE,,,51,,,,,0,,,,âÕêÏä«óùé{ê›ìôç\ë¢óﬂ
0,-34.999,209.943,,,,,,,,,,,,,
0,-30.039,206.724,,,,,,,,,,,,,
0,-14.724,195.967,,,,,,,,,,,,,
0,-11.691,194.353,,,,,,,,,,,,,
0,-11.341,194.282,,,,,,,,,,,,,
0,-9.544,194.866,,,,,,,,,,,,,
0,-9.326,194.909,,,,,,,,,,,,,
0,-9.168,194.933,,,,,,,,,,,,,
0,-8.451,194.992,,,,,,,,,,,,,
0,-8.018,195.1,,,,,,,,,,,,,
0,-7.095,195.117,,,,,,,,,,,,,
0,-6.493,195.082,,,,,,,,,,,,,
0,-5.415,195.022,,,,,,,,,,,,,
0,-4.77,195.001,,,,,,,,,,,,,
0,-4.047,195.12,,,,,,,,,,,,,
0,-3.33,195.199,,,,,,,,,,,,,
0,-2.924,195.252,,,,,,,,,,,,,
0,-2.277,194.845,,,,,,,,,,,,,
0,-1.878,194.627,,,,,,,,,,,,,
0,-1.633,194.55,,,,,,,,,,,,,
0,-0.896,194.369,,,,,,,,,,,,,
0,-0.243,194.259,,,,,,,,,,,,,
0,0.225,194.21,,,,,,,,,,,,,
0,0.787,194.256,,,,,,,,,,,,,
0,2.812,194.173,,,,,,,,,,,,,
0,4.217,194.546,,,,,,,,,,,,,
0,5.389,196.054,,,,,,,,,,,,,
0,6.176,196.591,,,,,,,,,,,,,
0,7.627,197.53,,,,,,,,,,,,,
0,8.332,197.916,,,,,,,,,,,,,
0,9.249,198.709,,,,,,,,,,,,,
0,12.791,202.194,,,,,,,,,,,,,
0,13.032,202.373,,,,,,,,,,,,,
0,13.486,202.663,,,,,,,,,,,,,
0,14.559,203.283,,,,,,,,,,,,,
0,15.32,203.603,,,,,,,,,,,,,
0,16.132,203.901,,,,,,,,,,,,,
0,17.088,204.529,,,,,,,,,,,,,
0,17.898,204.922,,,,,,,,,,,,,
0,18.409,205.092,,,,,,,,,,,,,
0,19.4,205.081,,,,,,,,,,,,,
0,19.405,205.08,,,,,,,,,,,,,
0,19.407,205.081,,,,,,,,,,,,,
0,20.593,205.455,,,,,,,,,,,,,
0,21.136,205.876,,,,,,,,,,,,,
0,21.762,206.197,,,,,,,,,,,,,
0,22.814,206.656,,,,,,,,,,,,,
0,23.538,207.221,,,,,,,,,,,,,
0,24.41,207.712,,,,,,,,,,,,,
0,24.961,208.107,,,,,,,,,,,,,
0,25,208.134,,,,,,,,,,,,,
3.4,34,3400,FALSE,,,61,,,,,0,,,,âÕêÏä«óùé{ê›ìôç\ë¢óﬂ
0,-25,221.135,,,,,,,,,,,,,
0,-23.603,220.569,,,,,,,,,,,,,
0,-20.97,218.366,,,,,,,,,,,,,
0,-18.635,216.91,,,,,,,,,,,,,
0,-17.368,216.329,,,,,,,,,,,,,
0,-13.206,213.848,,,,,,,,,,,,,
0,-12.822,213.742,,,,,,,,,,,,,
0,-12.488,213.735,,,,,,,,,,,,,
0,-12.172,213.879,,,,,,,,,,,,,
0,-11.989,213.79,,,,,,,,,,,,,
0,-11.311,213.664,,,,,,,,,,,,,
0,-10.374,213.618,,,,,,,,,,,,,
0,-8.858,212.853,,,,,,,,,,,,,
0,-8.218,212.731,,,,,,,,,,,,,
0,-6.612,210.478,,,,,,,,,,,,,
0,-4.565,209.007,,,,,,,,,,,,,
0,-4.417,208.998,,,,,,,,,,,,,
0,-4.09,208.968,,,,,,,,,,,,,
0,-2.94,208.877,,,,,,,,,,,,,
0,-2.059,208.89,,,,,,,,,,,,,
0,-1.392,208.875,,,,,,,,,,,,,
0,0.059,208.765,,,,,,,,,,,,,
0,0.216,208.762,,,,,,,,,,,,,
0,0.43,208.765,,,,,,,,,,,,,
0,1.496,208.783,,,,,,,,,,,,,
0,2.27,208.76,,,,,,,,,,,,,
0,2.769,208.726,,,,,,,,,,,,,
0,3.432,208.724,,,,,,,,,,,,,
0,4.013,208.718,,,,,,,,,,,,,
0,4.449,208.65,,,,,,,,,,,,,
0,5.132,208.584,,,,,,,,,,,,,
0,5.768,208.606,,,,,,,,,,,,,
0,6.193,208.66,,,,,,,,,,,,,
0,6.652,208.663,,,,,,,,,,,,,
0,7.265,208.656,,,,,,,,,,,,,
0,7.45,208.652,,,,,,,,,,,,,
0,7.545,208.663,,,,,,,,,,,,,
0,9.281,209.643,,,,,,,,,,,,,
0,11.318,210.957,,,,,,,,,,,,,
0,12.321,211.502,,,,,,,,,,,,,
0,12.493,211.513,,,,,,,,,,,,,
0,12.815,211.649,,,,,,,,,,,,,
0,13.859,212.162,,,,,,,,,,,,,
0,13.916,212.176,,,,,,,,,,,,,
0,13.989,212.209,,,,,,,,,,,,,
0,15.092,212.454,,,,,,,,,,,,,
0,16.151,212.734,,,,,,,,,,,,,
0,16.394,212.768,,,,,,,,,,,,,
0,17.71,213.049,,,,,,,,,,,,,
0,18.918,213.408,,,,,,,,,,,,,
0,19.135,213.495,,,,,,,,,,,,,
0,19.33,213.599,,,,,,,,,,,,,
0,20.274,214.274,,,,,,,,,,,,,
0,21.369,215.087,,,,,,,,,,,,,
0,21.419,215.118,,,,,,,,,,,,,
0,21.458,215.136,,,,,,,,,,,,,
0,22.652,215.425,,,,,,,,,,,,,
0,23.691,216.127,,,,,,,,,,,,,
0,23.886,216.332,,,,,,,,,,,,,
0,24.542,217.586,,,,,,,,,,,,,
0,25,218.119,,,,,,,,,,,,,
3.5,35,3500,FALSE,,,39,,,,,0,,,,âÕêÏä«óùé{ê›ìôç\ë¢óﬂ
0,-25,234.99,,,,,,,,,,,,,
0,-20.726,230.974,,,,,,,,,,,,,
0,-20.005,230.471,,,,,,,,,,,,,
0,-18.599,229.131,,,,,,,,,,,,,
0,-15.258,225.519,,,,,,,,,,,,,
0,-14.61,224.727,,,,,,,,,,,,,
0,-13.134,223.897,,,,,,,,,,,,,
0,-11.526,223.164,,,,,,,,,,,,,
0,-10.062,222.601,,,,,,,,,,,,,
0,-9.466,222.601,,,,,,,,,,,,,
0,-6.798,221.973,,,,,,,,,,,,,
0,-5.21,221.651,,,,,,,,,,,,,
0,-4.933,221.721,,,,,,,,,,,,,
0,-4.576,221.866,,,,,,,,,,,,,
0,-3.78,222.246,,,,,,,,,,,,,
0,-2.77,222.503,,,,,,,,,,,,,
0,-2.614,222.52,,,,,,,,,,,,,
0,-0.962,222.834,,,,,,,,,,,,,
0,-0.015,223.012,,,,,,,,,,,,,
0,0.02,223.014,,,,,,,,,,,,,
0,0.074,223.004,,,,,,,,,,,,,
0,1.137,222.858,,,,,,,,,,,,,
0,2.097,222.93,,,,,,,,,,,,,
0,2.281,222.919,,,,,,,,,,,,,
0,2.489,222.92,,,,,,,,,,,,,
0,3.572,222.778,,,,,,,,,,,,,
0,5.445,222.604,,,,,,,,,,,,,
0,5.947,222.592,,,,,,,,,,,,,
0,6.173,222.598,,,,,,,,,,,,,
0,6.747,222.599,,,,,,,,,,,,,
0,7.784,222.717,,,,,,,,,,,,,
0,8.198,222.881,,,,,,,,,,,,,
0,9.388,222.861,,,,,,,,,,,,,
0,10.847,222.972,,,,,,,,,,,,,
0,11.936,223.055,,,,,,,,,,,,,
0,25.764,231.132,,,,,,,,,,,,,
0,26.971,231.922,,,,,,,,,,,,,
0,27.837,232.308,,,,,,,,,,,,,
0,30.333,233.779,,,,,,,,,,,,,
3.6,36,3600,FALSE,,,31,,,,,0,,,,âÕêÏä«óùé{ê›ìôç\ë¢óﬂ
0,-40.158,262.491,,,,,,,,,,,,,
0,-38.313,260.292,,,,,,,,,,,,,
0,-37.673,259.815,,,,,,,,,,,,,
0,-37.254,259.516,,,,,,,,,,,,,
0,-32.301,254.72,,,,,,,,,,,,,
0,-15.631,239.533,,,,,,,,,,,,,
0,-11.768,238.82,,,,,,,,,,,,,
0,-10.191,238.185,,,,,,,,,,,,,
0,-9.537,237.731,,,,,,,,,,,,,
0,-8.33,237.737,,,,,,,,,,,,,
0,-8.236,237.703,,,,,,,,,,,,,
0,-6.478,236.639,,,,,,,,,,,,,
0,-3.614,235.609,,,,,,,,,,,,,
0,-3.189,235.403,,,,,,,,,,,,,
0,-3.143,235.396,,,,,,,,,,,,,
0,-3.07,235.391,,,,,,,,,,,,,
0,-1.047,234.355,,,,,,,,,,,,,
0,-0.951,234.32,,,,,,,,,,,,,
0,-0.804,234.247,,,,,,,,,,,,,
0,3.287,235.397,,,,,,,,,,,,,
0,3.342,235.39,,,,,,,,,,,,,
0,3.393,235.419,,,,,,,,,,,,,
0,4.745,236.003,,,,,,,,,,,,,
0,12.347,239.464,,,,,,,,,,,,,
0,16.56,245.644,,,,,,,,,,,,,
0,17.462,246.02,,,,,,,,,,,,,
0,18.295,247.399,,,,,,,,,,,,,
0,20.951,252.217,,,,,,,,,,,,,
0,21.386,252.976,,,,,,,,,,,,,
0,22.008,253.493,,,,,,,,,,,,,
0,25,255.779,,,,,,,,,,,,,
3.7,37,3700,FALSE,,,34,,,,,0,,,,âÕêÏä«óùé{ê›ìôç\ë¢óﬂ
0,-25,260.485,,,,,,,,,,,,,
0,-24.275,260.028,,,,,,,,,,,,,
0,-23.864,259.753,,,,,,,,,,,,,
0,-23.305,259.467,,,,,,,,,,,,,
0,-22.328,258.91,,,,,,,,,,,,,
0,-22.326,258.909,,,,,,,,,,,,,
0,-22.325,258.908,,,,,,,,,,,,,
0,-22.322,258.908,,,,,,,,,,,,,
0,-18.736,256.831,,,,,,,,,,,,,
0,-18.646,256.745,,,,,,,,,,,,,
0,-18.565,256.715,,,,,,,,,,,,,
0,-14.883,255.268,,,,,,,,,,,,,
0,-14.783,255.238,,,,,,,,,,,,,
0,-14.487,255.107,,,,,,,,,,,,,
0,-11.987,253.852,,,,,,,,,,,,,
0,-11.708,253.772,,,,,,,,,,,,,
0,-7.14,252.158,,,,,,,,,,,,,
0,-5.244,251.689,,,,,,,,,,,,,
0,-4.685,251.379,,,,,,,,,,,,,
0,-4.251,251.183,,,,,,,,,,,,,
0,-2.617,250.96,,,,,,,,,,,,,
0,-1.207,250.611,,,,,,,,,,,,,
0,-0.617,250.296,,,,,,,,,,,,,
0,0.095,250.431,,,,,,,,,,,,,
0,0.571,250.605,,,,,,,,,,,,,
0,1.257,250.445,,,,,,,,,,,,,
0,1.51,250.403,,,,,,,,,,,,,
0,1.597,250.364,,,,,,,,,,,,,
0,5.612,251.904,,,,,,,,,,,,,
0,6.158,252.163,,,,,,,,,,,,,
0,7.785,253.082,,,,,,,,,,,,,
0,18.247,263.749,,,,,,,,,,,,,
0,22.582,267.602,,,,,,,,,,,,,
0,25,270.423,,,,,,,,,,,,,
3.8,38,3800,FALSE,,,47,,,,,0,,,,âÕêÏä«óùé{ê›ìôç\ë¢óﬂ
0,-25,274.054,,,,,,,,,,,,,
0,-23.41,273.108,,,,,,,,,,,,,
0,-21.856,271.92,,,,,,,,,,,,,
0,-18.29,267.795,,,,,,,,,,,,,
0,-16.567,265.959,,,,,,,,,,,,,
0,-15.778,265.49,,,,,,,,,,,,,
0,-15.121,265.212,,,,,,,,,,,,,
0,-14.334,264.979,,,,,,,,,,,,,
0,-13.999,265.243,,,,,,,,,,,,,
0,-13.555,264.99,,,,,,,,,,,,,
0,-12.484,264.7,,,,,,,,,,,,,
0,-12.416,264.65,,,,,,,,,,,,,
0,-10.62,264.112,,,,,,,,,,,,,
0,-9.612,263.934,,,,,,,,,,,,,
0,-9.238,263.766,,,,,,,,,,,,,
0,-8.278,263.483,,,,,,,,,,,,,
0,-7.654,263.289,,,,,,,,,,,,,
0,-7.053,262.901,,,,,,,,,,,,,
0,-6.74,262.811,,,,,,,,,,,,,
0,-5.74,262.861,,,,,,,,,,,,,
0,-5.175,262.373,,,,,,,,,,,,,
0,-2.507,261.64,,,,,,,,,,,,,
0,-0.191,261.357,,,,,,,,,,,,,
0,0.582,261.263,,,,,,,,,,,,,
0,0.639,261.202,,,,,,,,,,,,,
0,1.536,261.053,,,,,,,,,,,,,
0,1.695,261.049,,,,,,,,,,,,,
0,1.998,261.018,,,,,,,,,,,,,
0,2.832,261.536,,,,,,,,,,,,,
0,3.454,261.846,,,,,,,,,,,,,
0,3.616,261.882,,,,,,,,,,,,,
0,3.904,262.015,,,,,,,,,,,,,
0,4.666,262.199,,,,,,,,,,,,,
0,5.15,262.109,,,,,,,,,,,,,
0,5.579,262.038,,,,,,,,,,,,,
0,6.098,262.418,,,,,,,,,,,,,
0,10.16,263.559,,,,,,,,,,,,,
0,14.546,266.182,,,,,,,,,,,,,
0,15.167,266.559,,,,,,,,,,,,,
0,15.44,266.764,,,,,,,,,,,,,
0,16.146,267.253,,,,,,,,,,,,,
0,16.647,267.803,,,,,,,,,,,,,
0,18.413,268.485,,,,,,,,,,,,,
0,19.073,269.144,,,,,,,,,,,,,
0,22.102,270.985,,,,,,,,,,,,,
0,23.485,271.772,,,,,,,,,,,,,
0,25,273.094,,,,,,,,,,,,,
3.9,39,3900,FALSE,,,54,,,,,0,,,,âÕêÏä«óùé{ê›ìôç\ë¢óﬂ
0,-25,313.726,,,,,,,,,,,,,
0,-21.058,310.126,,,,,,,,,,,,,
0,-20.688,309.507,,,,,,,,,,,,,
0,-17.834,304.65,,,,,,,,,,,,,
0,-14.946,297.249,,,,,,,,,,,,,
0,-11.801,290.233,,,,,,,,,,,,,
0,-11.783,290.231,,,,,,,,,,,,,
0,-11.731,290.211,,,,,,,,,,,,,
0,-6.702,288.65,,,,,,,,,,,,,
0,-6.191,288.58,,,,,,,,,,,,,
0,-4.607,288.72,,,,,,,,,,,,,
0,-4.496,288.629,,,,,,,,,,,,,
0,-3.866,288.662,,,,,,,,,,,,,
0,-3.36,288.565,,,,,,,,,,,,,
0,-2.89,288.335,,,,,,,,,,,,,
0,-2.124,287.811,,,,,,,,,,,,,
0,-1.243,288.154,,,,,,,,,,,,,
0,-0.703,288.442,,,,,,,,,,,,,
0,0.073,288.523,,,,,,,,,,,,,
0,0.651,288.473,,,,,,,,,,,,,
0,1.375,288.682,,,,,,,,,,,,,
0,2.608,289.279,,,,,,,,,,,,,
0,3.285,289.284,,,,,,,,,,,,,
0,4.38,289.432,,,,,,,,,,,,,
0,5.784,289.632,,,,,,,,,,,,,
0,6.832,289.792,,,,,,,,,,,,,
0,7.106,289.79,,,,,,,,,,,,,
0,7.302,289.854,,,,,,,,,,,,,
0,9.115,290.695,,,,,,,,,,,,,
0,9.394,290.688,,,,,,,,,,,,,
0,10.168,290.676,,,,,,,,,,,,,
0,10.499,290.635,,,,,,,,,,,,,
0,10.89,290.708,,,,,,,,,,,,,
0,11.418,290.82,,,,,,,,,,,,,
0,12.033,290.872,,,,,,,,,,,,,
0,12.185,290.873,,,,,,,,,,,,,
0,12.318,290.87,,,,,,,,,,,,,
0,13.275,290.863,,,,,,,,,,,,,
0,14.084,290.927,,,,,,,,,,,,,
0,14.443,290.983,,,,,,,,,,,,,
0,14.879,291.259,,,,,,,,,,,,,
0,15.42,291.479,,,,,,,,,,,,,
0,16.18,291.876,,,,,,,,,,,,,
0,16.281,291.915,,,,,,,,,,,,,
0,17.327,292.602,,,,,,,,,,,,,
0,18.66,292.975,,,,,,,,,,,,,
0,18.813,293.044,,,,,,,,,,,,,
0,19.004,293.094,,,,,,,,,,,,,
0,20.153,293.253,,,,,,,,,,,,,
0,20.396,293.324,,,,,,,,,,,,,
0,21.29,293.801,,,,,,,,,,,,,
0,21.961,294.252,,,,,,,,,,,,,
0,22.658,294.7,,,,,,,,,,,,,
0,25,296.651,,,,,,,,,,,,,
4,40,4000,FALSE,,,32,,,,,0,,,,âÕêÏä«óùé{ê›ìôç\ë¢óﬂ
0,-35.182,332.365,,,,,,,,,,,,,
0,-34.014,331.164,,,,,,,,,,,,,
0,-28.315,325.057,,,,,,,,,,,,,
0,-23.757,318.217,,,,,,,,,,,,,
0,-23.498,318.107,,,,,,,,,,,,,
0,-19.018,316.446,,,,,,,,,,,,,
0,-12.042,314.552,,,,,,,,,,,,,
0,-8.899,313.704,,,,,,,,,,,,,
0,-8.63,313.731,,,,,,,,,,,,,
0,-8.26,313.719,,,,,,,,,,,,,
0,-7.829,313.643,,,,,,,,,,,,,
0,-7.688,313.552,,,,,,,,,,,,,
0,-7.486,313.495,,,,,,,,,,,,,
0,-3.314,309.988,,,,,,,,,,,,,
0,-2.732,310.075,,,,,,,,,,,,,
0,-1.755,309.683,,,,,,,,,,,,,
0,2.404,314.53,,,,,,,,,,,,,
0,2.641,314.646,,,,,,,,,,,,,
0,3.197,315.197,,,,,,,,,,,,,
0,5.285,315.988,,,,,,,,,,,,,
0,6.927,318.382,,,,,,,,,,,,,
0,8.199,319.882,,,,,,,,,,,,,
0,12.251,325.507,,,,,,,,,,,,,
0,12.712,325.676,,,,,,,,,,,,,
0,13.719,325.672,,,,,,,,,,,,,
0,16.717,327.195,,,,,,,,,,,,,
0,17.503,327.826,,,,,,,,,,,,,
0,23.37,334.315,,,,,,,,,,,,,
0,23.493,334.381,,,,,,,,,,,,,
0,24.372,335.068,,,,,,,,,,,,,
0,24.955,335.22,,,,,,,,,,,,,
0,25,335.261,,,,,,,,,,,,,
4.1,41,4100,FALSE,,,35,,,,,0,,,,âÕêÏä«óùé{ê›ìôç\ë¢óﬂ
0,-34.919,333.599,,,,,,,,,,,,,
0,-33.846,333.078,,,,,,,,,,,,,
0,-29.223,331.003,,,,,,,,,,,,,
0,-28.267,330.881,,,,,,,,,,,,,
0,-26.74,330.834,,,,,,,,,,,,,
0,-24.38,330.829,,,,,,,,,,,,,
0,-23.573,330.614,,,,,,,,,,,,,
0,-14.503,328.751,,,,,,,,,,,,,
0,-13.933,328.623,,,,,,,,,,,,,
0,-13.838,328.614,,,,,,,,,,,,,
0,-13.17,328.516,,,,,,,,,,,,,
0,-10.088,328.103,,,,,,,,,,,,,
0,-2.349,326.965,,,,,,,,,,,,,
0,-1.998,326.903,,,,,,,,,,,,,
0,-1.456,327.346,,,,,,,,,,,,,
0,-1.033,327.569,,,,,,,,,,,,,
0,-0.637,327.872,,,,,,,,,,,,,
0,0.048,328.374,,,,,,,,,,,,,
0,0.763,328.709,,,,,,,,,,,,,
0,1.254,328.873,,,,,,,,,,,,,
0,2.277,328.954,,,,,,,,,,,,,
0,2.582,328.977,,,,,,,,,,,,,
0,2.804,328.986,,,,,,,,,,,,,
0,3.552,329.005,,,,,,,,,,,,,
0,4.52,328.98,,,,,,,,,,,,,
0,4.533,328.98,,,,,,,,,,,,,
0,7.391,331.179,,,,,,,,,,,,,
0,8.976,332.68,,,,,,,,,,,,,
0,9.816,333.478,,,,,,,,,,,,,
0,11.577,334.556,,,,,,,,,,,,,
0,11.594,334.564,,,,,,,,,,,,,
0,11.639,334.61,,,,,,,,,,,,,
0,15.511,340.009,,,,,,,,,,,,,
0,16.34,341.009,,,,,,,,,,,,,
0,25,353.508,,,,,,,,,,,,,
4.2,42,4200,FALSE,,,20,,,,,0,,,,âÕêÏä«óùé{ê›ìôç\ë¢óﬂ
0,-25,354.332,,,,,,,,,,,,,
0,-15.392,345.061,,,,,,,,,,,,,
0,-13.607,343.352,,,,,,,,,,,,,
0,-12.295,342.027,,,,,,,,,,,,,
0,-11.731,341.551,,,,,,,,,,,,,
0,-7.234,337.5,,,,,,,,,,,,,
0,0.399,330.769,,,,,,,,,,,,,
0,2.023,330.887,,,,,,,,,,,,,
0,2.194,330.879,,,,,,,,,,,,,
0,3.473,331.12,,,,,,,,,,,,,
0,3.658,331.201,,,,,,,,,,,,,
0,8.355,332.588,,,,,,,,,,,,,
0,12.672,334.011,,,,,,,,,,,,,
0,12.997,333.944,,,,,,,,,,,,,
0,13.237,333.886,,,,,,,,,,,,,
0,13.311,333.903,,,,,,,,,,,,,
0,13.855,333.976,,,,,,,,,,,,,
0,15.881,334.753,,,,,,,,,,,,,
0,23.647,337.899,,,,,,,,,,,,,
0,25,338.166,,,,,,,,,,,,,
4.3,43,4300,FALSE,,,36,,,,,0,,,,âÕêÏä«óùé{ê›ìôç\ë¢óﬂ
0,-25,339.759,,,,,,,,,,,,,
0,-24.398,339.782,,,,,,,,,,,,,
0,-24.355,339.783,,,,,,,,,,,,,
0,-24.328,339.78,,,,,,,,,,,,,
0,-24.32,339.779,,,,,,,,,,,,,
0,-21.143,339.392,,,,,,,,,,,,,
0,-20.334,339.244,,,,,,,,,,,,,
0,-14.601,338.352,,,,,,,,,,,,,
0,-14.073,338.354,,,,,,,,,,,,,
0,-12.836,338.376,,,,,,,,,,,,,
0,-12.179,338.344,,,,,,,,,,,,,
0,-11.842,338.286,,,,,,,,,,,,,
0,-11.276,338.277,,,,,,,,,,,,,
0,-10.928,338.28,,,,,,,,,,,,,
0,-10.862,338.285,,,,,,,,,,,,,
0,-9.802,338.511,,,,,,,,,,,,,
0,-8.978,338.55,,,,,,,,,,,,,
0,-7.478,338.777,,,,,,,,,,,,,
0,-6.361,338.766,,,,,,,,,,,,,
0,-4.921,338.502,,,,,,,,,,,,,
0,-1.501,336.815,,,,,,,,,,,,,
0,-0.674,336.72,,,,,,,,,,,,,
0,0.107,336.537,,,,,,,,,,,,,
0,0.899,336.384,,,,,,,,,,,,,
0,1.908,336.521,,,,,,,,,,,,,
0,2.352,336.564,,,,,,,,,,,,,
0,2.501,336.589,,,,,,,,,,,,,
0,3.013,336.755,,,,,,,,,,,,,
0,3.731,336.918,,,,,,,,,,,,,
0,6.081,337.936,,,,,,,,,,,,,
0,7.066,338.236,,,,,,,,,,,,,
0,8.379,339.046,,,,,,,,,,,,,
0,11.85,340.662,,,,,,,,,,,,,
0,11.947,340.715,,,,,,,,,,,,,
0,24.428,344.581,,,,,,,,,,,,,
0,25,344.964,,,,,,,,,,,,,
4.4,44,4400,FALSE,,,44,,,,,0,,,,âÕêÏä«óùé{ê›ìôç\ë¢óﬂ
0,-25,347.995,,,,,,,,,,,,,
0,-24.167,347.787,,,,,,,,,,,,,
0,-23.782,347.624,,,,,,,,,,,,,
0,-22.985,347.51,,,,,,,,,,,,,
0,-22.793,347.524,,,,,,,,,,,,,
0,-22.215,347.455,,,,,,,,,,,,,
0,-21.736,347.373,,,,,,,,,,,,,
0,-20.028,347.097,,,,,,,,,,,,,
0,-13.854,345.866,,,,,,,,,,,,,
0,-13.205,345.699,,,,,,,,,,,,,
0,-13.051,345.696,,,,,,,,,,,,,
0,-12.264,345.504,,,,,,,,,,,,,
0,-10.691,345.146,,,,,,,,,,,,,
0,-10.475,345.093,,,,,,,,,,,,,
0,-10.073,344.92,,,,,,,,,,,,,
0,-9.383,344.638,,,,,,,,,,,,,
0,-8.635,344.511,,,,,,,,,,,,,
0,-8.416,344.499,,,,,,,,,,,,,
0,-8.233,344.521,,,,,,,,,,,,,
0,-7.417,344.655,,,,,,,,,,,,,
0,-7.053,344.664,,,,,,,,,,,,,
0,-6.368,344.699,,,,,,,,,,,,,
0,-5.574,344.741,,,,,,,,,,,,,
0,-5.334,344.72,,,,,,,,,,,,,
0,-4.767,344.689,,,,,,,,,,,,,
0,-4.363,344.647,,,,,,,,,,,,,
0,-3.902,344.571,,,,,,,,,,,,,
0,-3.426,344.493,,,,,,,,,,,,,
0,-3.003,344.449,,,,,,,,,,,,,
0,-2.418,344.402,,,,,,,,,,,,,
0,-2.132,344.279,,,,,,,,,,,,,
0,-1.228,343.816,,,,,,,,,,,,,
0,-0.642,343.229,,,,,,,,,,,,,
0,1.07,342.187,,,,,,,,,,,,,
0,1.219,342.122,,,,,,,,,,,,,
0,1.315,342.035,,,,,,,,,,,,,
0,2.855,343.205,,,,,,,,,,,,,
0,6.236,346,,,,,,,,,,,,,
0,15.22,353.664,,,,,,,,,,,,,
0,16.194,354.414,,,,,,,,,,,,,
0,16.396,354.594,,,,,,,,,,,,,
0,16.627,354.761,,,,,,,,,,,,,
0,23.226,358.176,,,,,,,,,,,,,
0,25,359.239,,,,,,,,,,,,,
4.5,45,4500,FALSE,,,31,,,,,0,,,,âÕêÏä«óùé{ê›ìôç\ë¢óﬂ
0,-25,358.123,,,,,,,,,,,,,
0,-13.341,353.062,,,,,,,,,,,,,
0,-11.774,352.588,,,,,,,,,,,,,
0,-9.885,351.418,,,,,,,,,,,,,
0,-9.598,351.251,,,,,,,,,,,,,
0,-8.377,350.181,,,,,,,,,,,,,
0,-6.61,348.46,,,,,,,,,,,,,
0,-6.036,348.502,,,,,,,,,,,,,
0,-5.928,348.51,,,,,,,,,,,,,
0,-5.89,348.504,,,,,,,,,,,,,
0,-5.571,348.489,,,,,,,,,,,,,
0,-4.523,348.427,,,,,,,,,,,,,
0,-4.162,348.367,,,,,,,,,,,,,
0,-3.571,348.235,,,,,,,,,,,,,
0,-3,348.118,,,,,,,,,,,,,
0,-2.441,347.915,,,,,,,,,,,,,
0,-0.66,346.615,,,,,,,,,,,,,
0,1.762,347.646,,,,,,,,,,,,,
0,5.672,349.618,,,,,,,,,,,,,
0,6.864,349.923,,,,,,,,,,,,,
0,7.628,349.897,,,,,,,,,,,,,
0,9.816,349.944,,,,,,,,,,,,,
0,11.468,350.053,,,,,,,,,,,,,
0,12.043,350.207,,,,,,,,,,,,,
0,14.532,350.941,,,,,,,,,,,,,
0,17.19,352.422,,,,,,,,,,,,,
0,19.722,354.051,,,,,,,,,,,,,
0,21.404,355.478,,,,,,,,,,,,,
0,23.188,356.662,,,,,,,,,,,,,
0,24.119,357.385,,,,,,,,,,,,,
0,25,358.076,,,,,,,,,,,,,
4.6,46,4600,FALSE,,,34,,,,,0,,,,âÕêÏä«óùé{ê›ìôç\ë¢óﬂ
0,-25,363.663,,,,,,,,,,,,,
0,-16.792,356.133,,,,,,,,,,,,,
0,-16.403,355.875,,,,,,,,,,,,,
0,-16.2,355.93,,,,,,,,,,,,,
0,-15.44,355.998,,,,,,,,,,,,,
0,-9.568,354.461,,,,,,,,,,,,,
0,-7.553,354.025,,,,,,,,,,,,,
0,-7.207,353.993,,,,,,,,,,,,,
0,-6.564,353.977,,,,,,,,,,,,,
0,-6.136,353.719,,,,,,,,,,,,,
0,-5.006,352.76,,,,,,,,,,,,,
0,-4.986,352.744,,,,,,,,,,,,,
0,-4.982,352.741,,,,,,,,,,,,,
0,-4.977,352.739,,,,,,,,,,,,,
0,-3.846,352.309,,,,,,,,,,,,,
0,-3.117,352.107,,,,,,,,,,,,,
0,-2.811,352.094,,,,,,,,,,,,,
0,-2.115,352.079,,,,,,,,,,,,,
0,-1.479,352.07,,,,,,,,,,,,,
0,-1.055,352.13,,,,,,,,,,,,,
0,-0.209,352.258,,,,,,,,,,,,,
0,1.041,352.425,,,,,,,,,,,,,
0,1.073,352.428,,,,,,,,,,,,,
0,1.094,352.434,,,,,,,,,,,,,
0,1.473,352.583,,,,,,,,,,,,,
0,3.471,353.814,,,,,,,,,,,,,
0,4.293,354.325,,,,,,,,,,,,,
0,5.059,354.29,,,,,,,,,,,,,
0,5.749,354.277,,,,,,,,,,,,,
0,6.4,355.096,,,,,,,,,,,,,
0,7.091,355.934,,,,,,,,,,,,,
0,8.083,356.373,,,,,,,,,,,,,
0,24.269,369.054,,,,,,,,,,,,,
0,25,369.519,,,,,,,,,,,,,
4.7,47,4680,FALSE,,,48,,,,,0,,,,âÕêÏä«óùé{ê›ìôç\ë¢óﬂ
0,-25,369.86,,,,,,,,,,,,,
0,-24.236,369.088,,,,,,,,,,,,,
0,-23.438,368.293,,,,,,,,,,,,,
0,-22.091,367.022,,,,,,,,,,,,,
0,-21.74,366.653,,,,,,,,,,,,,
0,-21.296,366.26,,,,,,,,,,,,,
0,-20.541,365.504,,,,,,,,,,,,,
0,-19.823,364.912,,,,,,,,,,,,,
0,-19.338,364.571,,,,,,,,,,,,,
0,-18.354,363.989,,,,,,,,,,,,,
0,-18.11,363.86,,,,,,,,,,,,,
0,-16.742,362.809,,,,,,,,,,,,,
0,-10.779,360.821,,,,,,,,,,,,,
0,-2.564,357.871,,,,,,,,,,,,,
0,-2.179,357.497,,,,,,,,,,,,,
0,-1.963,357.34,,,,,,,,,,,,,
0,-1.294,356.126,,,,,,,,,,,,,
0,-1.239,356.14,,,,,,,,,,,,,
0,-0.437,356.257,,,,,,,,,,,,,
0,0.096,356.347,,,,,,,,,,,,,
0,0.157,356.352,,,,,,,,,,,,,
0,1.419,356.757,,,,,,,,,,,,,
0,1.605,356.908,,,,,,,,,,,,,
0,2.809,358.406,,,,,,,,,,,,,
0,3,358.473,,,,,,,,,,,,,
0,4.15,359.045,,,,,,,,,,,,,
0,4.452,359.3,,,,,,,,,,,,,
0,5.473,359.425,,,,,,,,,,,,,
0,5.911,359.463,,,,,,,,,,,,,
0,6.762,359.483,,,,,,,,,,,,,
0,7.37,359.458,,,,,,,,,,,,,
0,8.033,359.454,,,,,,,,,,,,,
0,8.811,359.407,,,,,,,,,,,,,
0,9.298,359.317,,,,,,,,,,,,,
0,10.286,359.149,,,,,,,,,,,,,
0,10.572,359.236,,,,,,,,,,,,,
0,11.726,359.879,,,,,,,,,,,,,
0,11.911,359.918,,,,,,,,,,,,,
0,13.174,359.97,,,,,,,,,,,,,
0,13.582,359.919,,,,,,,,,,,,,
0,13.957,359.946,,,,,,,,,,,,,
0,15.252,359.883,,,,,,,,,,,,,
0,16.277,359.825,,,,,,,,,,,,,
0,17.441,359.891,,,,,,,,,,,,,
0,18.328,359.849,,,,,,,,,,,,,
0,19.029,359.917,,,,,,,,,,,,,
0,20.572,359.927,,,,,,,,,,,,,
0,25,362.692,,,,,,,,,,,,,
4.8,48,4800,FALSE,,,44,,,,,0,,,,âÕêÏä«óùé{ê›ìôç\ë¢óﬂ
0,-25,376.731,,,,,,,,,,,,,
0,-24.18,376.234,,,,,,,,,,,,,
0,-23.798,376.046,,,,,,,,,,,,,
0,-23.383,375.848,,,,,,,,,,,,,
0,-19.709,372.567,,,,,,,,,,,,,
0,-18.73,371.779,,,,,,,,,,,,,
0,-18.611,371.684,,,,,,,,,,,,,
0,-18.399,371.405,,,,,,,,,,,,,
0,-18.001,371.061,,,,,,,,,,,,,
0,-16.821,370.404,,,,,,,,,,,,,
0,-16.659,370.312,,,,,,,,,,,,,
0,-15.666,369.782,,,,,,,,,,,,,
0,-15.325,369.596,,,,,,,,,,,,,
0,-15.266,369.565,,,,,,,,,,,,,
0,-14.025,369.455,,,,,,,,,,,,,
0,-13.799,369.426,,,,,,,,,,,,,
0,-13.686,369.442,,,,,,,,,,,,,
0,-13.527,369.304,,,,,,,,,,,,,
0,-12.248,368.812,,,,,,,,,,,,,
0,-9.99,367.85,,,,,,,,,,,,,
0,-9.782,367.771,,,,,,,,,,,,,
0,-9.233,367.58,,,,,,,,,,,,,
0,-8.966,367.578,,,,,,,,,,,,,
0,-7.953,367.604,,,,,,,,,,,,,
0,-7.689,367.6,,,,,,,,,,,,,
0,-6.505,367.582,,,,,,,,,,,,,
0,-6.407,367.579,,,,,,,,,,,,,
0,-5.717,367.526,,,,,,,,,,,,,
0,-5.131,367.481,,,,,,,,,,,,,
0,-5.061,367.468,,,,,,,,,,,,,
0,-3.842,367.344,,,,,,,,,,,,,
0,-3.347,367.105,,,,,,,,,,,,,
0,-1.315,366.072,,,,,,,,,,,,,
0,-0.748,366.036,,,,,,,,,,,,,
0,-0.051,366.148,,,,,,,,,,,,,
0,0.768,366.205,,,,,,,,,,,,,
0,0.993,366.23,,,,,,,,,,,,,
0,2.069,366.412,,,,,,,,,,,,,
0,2.883,367.408,,,,,,,,,,,,,
0,10.273,376.333,,,,,,,,,,,,,
0,13.328,379.849,,,,,,,,,,,,,
0,19.227,385.43,,,,,,,,,,,,,
0,23.48,388.654,,,,,,,,,,,,,
0,25,390.145,,,,,,,,,,,,,
4.9,49,4900,FALSE,,,73,,,,,0,,,,âÕêÏä«óùé{ê›ìôç\ë¢óﬂ
0,-25,382.232,,,,,,,,,,,,,
0,-21.006,378.897,,,,,,,,,,,,,
0,-20.602,378.772,,,,,,,,,,,,,
0,-19.958,378.426,,,,,,,,,,,,,
0,-19.735,378.29,,,,,,,,,,,,,
0,-16.799,377.586,,,,,,,,,,,,,
0,-13.488,376.563,,,,,,,,,,,,,
0,-13.469,376.569,,,,,,,,,,,,,
0,-13.437,376.567,,,,,,,,,,,,,
0,-12.327,376.582,,,,,,,,,,,,,
0,-11.905,376.465,,,,,,,,,,,,,
0,-11.469,376.209,,,,,,,,,,,,,
0,-10.965,376.013,,,,,,,,,,,,,
0,-10.222,375.479,,,,,,,,,,,,,
0,-9.897,375.38,,,,,,,,,,,,,
0,-9.125,374.951,,,,,,,,,,,,,
0,-8.739,374.836,,,,,,,,,,,,,
0,-8.111,374.576,,,,,,,,,,,,,
0,-5.98,373.755,,,,,,,,,,,,,
0,-5.547,373.556,,,,,,,,,,,,,
0,-4.994,373.348,,,,,,,,,,,,,
0,-4.323,373.256,,,,,,,,,,,,,
0,-4.182,373.245,,,,,,,,,,,,,
0,-3.418,373.238,,,,,,,,,,,,,
0,-2.86,373.338,,,,,,,,,,,,,
0,-2.595,373.356,,,,,,,,,,,,,
0,-2.14,373.372,,,,,,,,,,,,,
0,-1.884,373.358,,,,,,,,,,,,,
0,-1.737,373.344,,,,,,,,,,,,,
0,-0.775,373.254,,,,,,,,,,,,,
0,-0.266,373.245,,,,,,,,,,,,,
0,0.214,373.243,,,,,,,,,,,,,
0,0.899,373.256,,,,,,,,,,,,,
0,1.101,373.262,,,,,,,,,,,,,
0,1.647,373.285,,,,,,,,,,,,,
0,2.215,373.311,,,,,,,,,,,,,
0,2.424,373.313,,,,,,,,,,,,,
0,3.528,373.38,,,,,,,,,,,,,
0,3.984,373.479,,,,,,,,,,,,,
0,4.456,373.576,,,,,,,,,,,,,
0,5.12,373.548,,,,,,,,,,,,,
0,5.426,373.506,,,,,,,,,,,,,
0,6.253,373.381,,,,,,,,,,,,,
0,8.622,372.944,,,,,,,,,,,,,
0,8.789,372.816,,,,,,,,,,,,,
0,8.924,372.76,,,,,,,,,,,,,
0,9.627,372.258,,,,,,,,,,,,,
0,10.454,372.012,,,,,,,,,,,,,
0,10.483,372.001,,,,,,,,,,,,,
0,10.538,372,,,,,,,,,,,,,
0,11.553,372.065,,,,,,,,,,,,,
0,12.438,372.086,,,,,,,,,,,,,
0,12.82,372.059,,,,,,,,,,,,,
0,13.177,372.114,,,,,,,,,,,,,
0,13.767,372.167,,,,,,,,,,,,,
0,14.417,372.242,,,,,,,,,,,,,
0,14.978,372.31,,,,,,,,,,,,,
0,16.067,372.85,,,,,,,,,,,,,
0,16.465,373.215,,,,,,,,,,,,,
0,17.388,374.354,,,,,,,,,,,,,
0,17.761,374.722,,,,,,,,,,,,,
0,18.355,375.122,,,,,,,,,,,,,
0,18.846,375.592,,,,,,,,,,,,,
0,19.162,375.8,,,,,,,,,,,,,
0,19.624,376.287,,,,,,,,,,,,,
0,20.614,377.691,,,,,,,,,,,,,
0,21.472,378.791,,,,,,,,,,,,,
0,22.168,379.625,,,,,,,,,,,,,
0,22.832,380.254,,,,,,,,,,,,,
0,23.671,381.204,,,,,,,,,,,,,
0,23.947,381.666,,,,,,,,,,,,,
0,24.728,382.58,,,,,,,,,,,,,
0,25,382.926,,,,,,,,,,,,,
5,50,5000,FALSE,,,43,,,,,0,,,,âÕêÏä«óùé{ê›ìôç\ë¢óﬂ
0,-25,391.607,,,,,,,,,,,,,
0,-19.54,388.656,,,,,,,,,,,,,
0,-16.41,386.927,,,,,,,,,,,,,
0,-16.098,386.414,,,,,,,,,,,,,
0,-15.499,385.668,,,,,,,,,,,,,
0,-14.21,384.624,,,,,,,,,,,,,
0,-13.608,384.311,,,,,,,,,,,,,
0,-12.842,384.53,,,,,,,,,,,,,
0,-10.38,382.65,,,,,,,,,,,,,
0,-5.924,379.154,,,,,,,,,,,,,
0,-5.778,379.062,,,,,,,,,,,,,
0,-5.18,378.935,,,,,,,,,,,,,
0,-4.542,378.798,,,,,,,,,,,,,
0,-3.796,378.751,,,,,,,,,,,,,
0,-3.25,378.739,,,,,,,,,,,,,
0,-2.216,378.832,,,,,,,,,,,,,
0,-1.363,378.808,,,,,,,,,,,,,
0,-1.033,378.822,,,,,,,,,,,,,
0,-0.565,378.862,,,,,,,,,,,,,
0,0.251,378.957,,,,,,,,,,,,,
0,1.655,378.816,,,,,,,,,,,,,
0,2.39,378.885,,,,,,,,,,,,,
0,5.37,379.103,,,,,,,,,,,,,
0,7.387,379.162,,,,,,,,,,,,,
0,8.234,378.954,,,,,,,,,,,,,
0,8.73,378.907,,,,,,,,,,,,,
0,9.564,378.938,,,,,,,,,,,,,
0,11.937,379.914,,,,,,,,,,,,,
0,12.343,380.025,,,,,,,,,,,,,
0,12.666,380.14,,,,,,,,,,,,,
0,13.77,380.492,,,,,,,,,,,,,
0,13.867,380.488,,,,,,,,,,,,,
0,19.231,380.321,,,,,,,,,,,,,
0,20.478,380.361,,,,,,,,,,,,,
0,20.782,380.346,,,,,,,,,,,,,
0,21.018,380.364,,,,,,,,,,,,,
0,21.639,380.464,,,,,,,,,,,,,
0,22.591,380.617,,,,,,,,,,,,,
0,23.015,380.653,,,,,,,,,,,,,
0,24.147,380.758,,,,,,,,,,,,,
0,24.183,380.76,,,,,,,,,,,,,
0,24.227,380.774,,,,,,,,,,,,,
0,25,381,,,,,,,,,,,,,
5.1,51,5100,FALSE,,,53,,,,,0,,,,âÕêÏä«óùé{ê›ìôç\ë¢óﬂ
0,-25,393.733,,,,,,,,,,,,,
0,-21.241,389.221,,,,,,,,,,,,,
0,-15.899,386.971,,,,,,,,,,,,,
0,-15.786,386.958,,,,,,,,,,,,,
0,-15.727,386.964,,,,,,,,,,,,,
0,-14.467,386.232,,,,,,,,,,,,,
0,-12.147,386.199,,,,,,,,,,,,,
0,-11.925,386.192,,,,,,,,,,,,,
0,-11.781,386.19,,,,,,,,,,,,,
0,-11.701,386.171,,,,,,,,,,,,,
0,-11.131,386.062,,,,,,,,,,,,,
0,-8.101,385.469,,,,,,,,,,,,,
0,-7.785,385.334,,,,,,,,,,,,,
0,-7.397,384.957,,,,,,,,,,,,,
0,-6.712,383.981,,,,,,,,,,,,,
0,-6.687,383.976,,,,,,,,,,,,,
0,-5.683,383.954,,,,,,,,,,,,,
0,-5.2,383.876,,,,,,,,,,,,,
0,-4.617,383.457,,,,,,,,,,,,,
0,-4.439,383.26,,,,,,,,,,,,,
0,-3.51,383.113,,,,,,,,,,,,,
0,-2.999,383.099,,,,,,,,,,,,,
0,-2.563,383.186,,,,,,,,,,,,,
0,-1.935,383.13,,,,,,,,,,,,,
0,-1.539,383.119,,,,,,,,,,,,,
0,-0.745,383.259,,,,,,,,,,,,,
0,-0.475,383.407,,,,,,,,,,,,,
0,1.319,384.521,,,,,,,,,,,,,
0,1.803,384.643,,,,,,,,,,,,,
0,2.054,384.724,,,,,,,,,,,,,
0,3.089,386.378,,,,,,,,,,,,,
0,3.691,387.582,,,,,,,,,,,,,
0,3.987,387.852,,,,,,,,,,,,,
0,6.086,389.799,,,,,,,,,,,,,
0,6.182,389.813,,,,,,,,,,,,,
0,6.452,389.812,,,,,,,,,,,,,
0,6.934,389.811,,,,,,,,,,,,,
0,7.148,389.803,,,,,,,,,,,,,
0,7.578,389.837,,,,,,,,,,,,,
0,8.132,389.844,,,,,,,,,,,,,
0,8.4,389.893,,,,,,,,,,,,,
0,8.809,389.977,,,,,,,,,,,,,
0,9.031,390.09,,,,,,,,,,,,,
0,10.004,391.437,,,,,,,,,,,,,
0,15.847,398.603,,,,,,,,,,,,,
0,16.43,398.931,,,,,,,,,,,,,
0,18.542,401.037,,,,,,,,,,,,,
0,19.051,401.769,,,,,,,,,,,,,
0,21.108,404.062,,,,,,,,,,,,,
0,22.004,404.763,,,,,,,,,,,,,
0,23.228,405.969,,,,,,,,,,,,,
0,24.652,407.725,,,,,,,,,,,,,
0,25,408.007,,,,,,,,,,,,,
5.2,52,5200,FALSE,,,36,,,,,0,,,,âÕêÏä«óùé{ê›ìôç\ë¢óﬂ
0,-25,416.302,,,,,,,,,,,,,
0,-21.932,414.058,,,,,,,,,,,,,
0,-17.245,410.045,,,,,,,,,,,,,
0,-10.742,403.741,,,,,,,,,,,,,
0,-9.41,402.325,,,,,,,,,,,,,
0,-6.428,400.018,,,,,,,,,,,,,
0,-6.257,398.492,,,,,,,,,,,,,
0,-0.97,392.763,,,,,,,,,,,,,
0,-0.884,392.743,,,,,,,,,,,,,
0,-0.734,392.725,,,,,,,,,,,,,
0,-0.2,392.56,,,,,,,,,,,,,
0,0.931,392.236,,,,,,,,,,,,,
0,1.244,392.193,,,,,,,,,,,,,
0,1.472,392.223,,,,,,,,,,,,,
0,2.373,392.204,,,,,,,,,,,,,
0,3.269,392.214,,,,,,,,,,,,,
0,3.973,392.249,,,,,,,,,,,,,
0,5.2,392.395,,,,,,,,,,,,,
0,5.553,392.714,,,,,,,,,,,,,
0,5.718,392.982,,,,,,,,,,,,,
0,6.169,393.42,,,,,,,,,,,,,
0,9.733,398.037,,,,,,,,,,,,,
0,12.516,400.664,,,,,,,,,,,,,
0,13.306,400.601,,,,,,,,,,,,,
0,13.401,400.58,,,,,,,,,,,,,
0,13.612,400.6,,,,,,,,,,,,,
0,13.846,400.62,,,,,,,,,,,,,
0,14.876,400.658,,,,,,,,,,,,,
0,15.328,400.64,,,,,,,,,,,,,
0,15.814,400.593,,,,,,,,,,,,,
0,19.103,405.43,,,,,,,,,,,,,
0,21.978,409.737,,,,,,,,,,,,,
0,22.009,409.781,,,,,,,,,,,,,
0,22.076,409.849,,,,,,,,,,,,,
0,23.507,412.039,,,,,,,,,,,,,
0,25,414.177,,,,,,,,,,,,,
5.3,53,5300,FALSE,,,102,,,,,0,,,,âÕêÏä«óùé{ê›ìôç\ë¢óﬂ
0,-50.054,415.348,,,,,,,,,,,,,
0,-49.915,415.253,,,,,,,,,,,,,
0,-49.736,415.141,,,,,,,,,,,,,
0,-46.411,412.564,,,,,,,,,,,,,
0,-45.282,411.607,,,,,,,,,,,,,
0,-44.795,411.316,,,,,,,,,,,,,
0,-44.568,411.118,,,,,,,,,,,,,
0,-44.487,411.082,,,,,,,,,,,,,
0,-42.547,409.649,,,,,,,,,,,,,
0,-41.928,409.101,,,,,,,,,,,,,
0,-41.283,408.522,,,,,,,,,,,,,
0,-39.099,406.698,,,,,,,,,,,,,
0,-36.819,404.572,,,,,,,,,,,,,
0,-34.813,402.837,,,,,,,,,,,,,
0,-34.383,402.765,,,,,,,,,,,,,
0,-31.753,402.643,,,,,,,,,,,,,
0,-31.294,402.482,,,,,,,,,,,,,
0,-31.283,402.481,,,,,,,,,,,,,
0,-31.274,402.484,,,,,,,,,,,,,
0,-31.257,402.483,,,,,,,,,,,,,
0,-30.269,402.642,,,,,,,,,,,,,
0,-29.696,402.815,,,,,,,,,,,,,
0,-27.92,403.047,,,,,,,,,,,,,
0,-27.331,402.929,,,,,,,,,,,,,
0,-26.629,402.648,,,,,,,,,,,,,
0,-26.49,402.575,,,,,,,,,,,,,
0,-26.415,402.58,,,,,,,,,,,,,
0,-25.326,402.543,,,,,,,,,,,,,
0,-24.675,402.526,,,,,,,,,,,,,
0,-24.182,402.524,,,,,,,,,,,,,
0,-23.241,402.139,,,,,,,,,,,,,
0,-23.109,402.087,,,,,,,,,,,,,
0,-22.063,402.031,,,,,,,,,,,,,
0,-22.043,402.03,,,,,,,,,,,,,
0,-22.041,402.03,,,,,,,,,,,,,
0,-21.111,402.091,,,,,,,,,,,,,
0,-20.758,402.129,,,,,,,,,,,,,
0,-20.149,402.361,,,,,,,,,,,,,
0,-19.394,402.633,,,,,,,,,,,,,
0,-19.166,402.725,,,,,,,,,,,,,
0,-18.606,402.795,,,,,,,,,,,,,
0,-18.278,402.854,,,,,,,,,,,,,
0,-17.744,402.784,,,,,,,,,,,,,
0,-17.496,402.751,,,,,,,,,,,,,
0,-17.346,402.73,,,,,,,,,,,,,
0,-16.491,402.589,,,,,,,,,,,,,
0,-16.109,402.574,,,,,,,,,,,,,
0,-15.453,402.464,,,,,,,,,,,,,
0,-14.62,402.291,,,,,,,,,,,,,
0,-14.421,402.24,,,,,,,,,,,,,
0,-13.958,402.277,,,,,,,,,,,,,
0,-13.57,402.311,,,,,,,,,,,,,
0,-13.158,402.253,,,,,,,,,,,,,
0,-12.915,402.249,,,,,,,,,,,,,
0,-12.693,402.289,,,,,,,,,,,,,
0,-12.069,402.413,,,,,,,,,,,,,
0,-11.841,402.472,,,,,,,,,,,,,
0,-11.088,402.847,,,,,,,,,,,,,
0,-10.481,403.083,,,,,,,,,,,,,
0,-10.143,402.994,,,,,,,,,,,,,
0,-9.282,402.756,,,,,,,,,,,,,
0,-9.264,402.752,,,,,,,,,,,,,
0,-9.216,402.744,,,,,,,,,,,,,
0,-8.091,402.648,,,,,,,,,,,,,
0,-7.958,402.639,,,,,,,,,,,,,
0,-6.98,402.544,,,,,,,,,,,,,
0,-6.492,402.567,,,,,,,,,,,,,
0,-5.852,402.556,,,,,,,,,,,,,
0,-4.814,402.5,,,,,,,,,,,,,
0,-4.741,402.503,,,,,,,,,,,,,
0,-4.598,402.503,,,,,,,,,,,,,
0,-3.662,402.468,,,,,,,,,,,,,
0,-3.334,402.546,,,,,,,,,,,,,
0,-2.621,402.823,,,,,,,,,,,,,
0,-2.364,402.768,,,,,,,,,,,,,
0,-1.827,402.613,,,,,,,,,,,,,
0,-0.809,402.446,,,,,,,,,,,,,
0,-0.335,402.286,,,,,,,,,,,,,
0,0.891,402.23,,,,,,,,,,,,,
0,2.2,402.334,,,,,,,,,,,,,
0,2.509,402.362,,,,,,,,,,,,,
0,4.629,404.295,,,,,,,,,,,,,
0,7.866,406.992,,,,,,,,,,,,,
0,8.116,406.964,,,,,,,,,,,,,
0,8.413,406.936,,,,,,,,,,,,,
0,9.301,406.805,,,,,,,,,,,,,
0,9.486,406.775,,,,,,,,,,,,,
0,9.878,406.774,,,,,,,,,,,,,
0,10.69,406.782,,,,,,,,,,,,,
0,11.238,406.766,,,,,,,,,,,,,
0,11.766,406.787,,,,,,,,,,,,,
0,11.992,407.106,,,,,,,,,,,,,
0,12.561,407.575,,,,,,,,,,,,,
0,15.447,410.527,,,,,,,,,,,,,
0,16.396,411.141,,,,,,,,,,,,,
0,17.205,411.337,,,,,,,,,,,,,
0,18.057,411.609,,,,,,,,,,,,,
0,19.332,412.173,,,,,,,,,,,,,
0,20.638,412.448,,,,,,,,,,,,,
0,21.178,412.451,,,,,,,,,,,,,
0,24.763,413.495,,,,,,,,,,,,,
0,25,413.582,,,,,,,,,,,,,
2.3,23,2330,FALSE,,,67,,,,,0,,,,âÕêÏä«óùé{ê›ìôç\ë¢óﬂ
0,-25,126.905,,,,,,,,,,,,,
0,-24.863,126.904,,,,,,,,,,,,,
0,-24.182,126.893,,,,,,,,,,,,,
0,-23.542,126.879,,,,,,,,,,,,,
0,-22.873,126.907,,,,,,,,,,,,,
0,-22.198,126.928,,,,,,,,,,,,,
0,-21.274,126.851,,,,,,,,,,,,,
0,-21.139,126.855,,,,,,,,,,,,,
0,-20.685,126.886,,,,,,,,,,,,,
0,-16.724,126.859,,,,,,,,,,,,,
0,-16.572,126.862,,,,,,,,,,,,,
0,-16.551,126.857,,,,,,,,,,,,,
0,-16.203,126.56,,,,,,,,,,,,,
0,-15.388,125.872,,,,,,,,,,,,,
0,-15.28,125.842,,,,,,,,,,,,,
0,-13.322,125.454,,,,,,,,,,,,,
0,-12.767,125.987,,,,,,,,,,,,,
0,-11.657,125.863,,,,,,,,,,,,,
0,-6.798,124.804,,,,,,,,,,,,,
0,-4.799,124.19,,,,,,,,,,,,,
0,-3.074,123.476,,,,,,,,,,,,,
0,-2.493,122.909,,,,,,,,,,,,,
0,-2.19,122.684,,,,,,,,,,,,,
0,-1.318,122.419,,,,,,,,,,,,,
0,0.222,122.18,,,,,,,,,,,,,
0,1.044,122.199,,,,,,,,,,,,,
0,1.279,122.218,,,,,,,,,,,,,
0,2.301,123.602,,,,,,,,,,,,,
0,2.717,123.987,,,,,,,,,,,,,
0,3.573,124.154,,,,,,,,,,,,,
0,4.68,124.25,,,,,,,,,,,,,
0,4.716,124.25,,,,,,,,,,,,,
0,4.773,124.251,,,,,,,,,,,,,
0,5.954,124.241,,,,,,,,,,,,,
0,6.232,124.266,,,,,,,,,,,,,
0,6.489,124.331,,,,,,,,,,,,,
0,7.159,124.463,,,,,,,,,,,,,
0,7.935,124.587,,,,,,,,,,,,,
0,8.376,124.527,,,,,,,,,,,,,
0,9.104,124.359,,,,,,,,,,,,,
0,9.518,124.401,,,,,,,,,,,,,
0,10.474,124.382,,,,,,,,,,,,,
0,10.735,124.383,,,,,,,,,,,,,
0,11.167,124.823,,,,,,,,,,,,,
0,11.952,125.284,,,,,,,,,,,,,
0,12.823,126.217,,,,,,,,,,,,,
0,13.285,126.627,,,,,,,,,,,,,
0,14.316,127.604,,,,,,,,,,,,,
0,14.908,127.856,,,,,,,,,,,,,
0,16.241,128.149,,,,,,,,,,,,,
0,16.887,128.045,,,,,,,,,,,,,
0,17.872,128.071,,,,,,,,,,,,,
0,18.061,128.104,,,,,,,,,,,,,
0,18.467,128.101,,,,,,,,,,,,,
0,19.2,128.1,,,,,,,,,,,,,
0,19.464,128.135,,,,,,,,,,,,,
0,20.437,128.237,,,,,,,,,,,,,
0,20.512,128.233,,,,,,,,,,,,,
0,21.605,128.211,,,,,,,,,,,,,
0,21.692,128.219,,,,,,,,,,,,,
0,21.942,128.223,,,,,,,,,,,,,
0,22.576,128.234,,,,,,,,,,,,,
0,22.797,128.218,,,,,,,,,,,,,
0,23.376,128.203,,,,,,,,,,,,,
0,23.863,128.167,,,,,,,,,,,,,
0,24.308,128.148,,,,,,,,,,,,,
0,25,128.128,,,,,,,,,,,,,
