0,0,0,FALSE,,,59,,,,,0,,,,固定値
0,-24.84,84.735,,,,,,,,,,,,,
0,-24.03,84.764,,,,,,,,,,,,,
0,-22.51,84.882,,,,,,,,,,,,,
0,-22.41,84.88,,,,,,,,,,,,,
0,-22.18,84.883,,,,,,,,,,,,,
0,-20.98,84.845,,,,,,,,,,,,,
0,-20.1,84.888,,,,,,,,,,,,,
0,-19.58,84.871,,,,,,,,,,,,,
0,-18.81,84.809,,,,,,,,,,,,,
0,-18.23,84.746,,,,,,,,,,,,,
0,-18.04,84.746,,,,,,,,,,,,,
0,-16.93,84.701,,,,,,,,,,,,,
0,-16.32,84.728,,,,,,,,,,,,,
0,-15.64,84.718,,,,,,,,,,,,,
0,-14.61,84.743,,,,,,,,,,,,,
0,-14.34,84.764,,,,,,,,,,,,,
0,-13.6,85.058,,,,,,,,,,,,,
0,-12.95,85.346,,,,,,,,,,,,,
0,-12.37,85.465,,,,,,,,,,,,,
0,-11.48,85.795,,,,,,,,,,,,,
0,-10.41,85.735,,,,,,,,,,,,,
0,-10.04,85.742,,,,,,,,,,,,,
0,-9.88,85.756,,,,,,,,,,,,,
0,-8.6,85.853,,,,,,,,,,,,,
0,-7.87,85.775,,,,,,,,,,,,,
0,-7.17,85.836,,,,,,,,,,,,,
0,-5.88,85.565,,,,,,,,,,,,,
0,-5.73,85.503,,,,,,,,,,,,,
0,-5.1,85.37,,,,,,,,,,,,,
0,-4.7,85.37,,,,,,,,,,,,,
0,-3.2,82.37,,,,,,,,,,,,,
0,-3.1,82.67,,,,,,,,,,,,,
0,2.2,82.67,,,,,,,,,,,,,
0,2.3,82.37,,,,,,,,,,,,,
0,3.8,85.37,,,,,,,,,,,,,
0,4.2,85.37,,,,,,,,,,,,,
0,5.12,85.639,,,,,,,,,,,,,
0,6.21,85.998,,,,,,,,,,,,,
0,6.83,86.11,,,,,,,,,,,,,
0,7.71,85.996,,,,,,,,,,,,,
0,8.59,85.953,,,,,,,,,,,,,
0,8.92,85.934,,,,,,,,,,,,,
0,9.89,86.012,,,,,,,,,,,,,
0,11.51,86.157,,,,,,,,,,,,,
0,15.51,86.447,,,,,,,,,,,,,
0,15.63,86.403,,,,,,,,,,,,,
0,15.7,86.391,,,,,,,,,,,,,
0,16.76,86.197,,,,,,,,,,,,,
0,17.56,86.216,,,,,,,,,,,,,
0,18.12,86.366,,,,,,,,,,,,,
0,19.4,86.071,,,,,,,,,,,,,
0,19.46,86.044,,,,,,,,,,,,,
0,19.63,86.045,,,,,,,,,,,,,
0,20.98,86.111,,,,,,,,,,,,,
0,22.09,86.136,,,,,,,,,,,,,
0,22.55,86.155,,,,,,,,,,,,,
0,23.14,86.126,,,,,,,,,,,,,
0,23.93,86.073,,,,,,,,,,,,,
0,24.23,86.091,,,,,,,,,,,,,
0.1,1,100,FALSE,,,62,,,,,0,,,,固定値
0,-24.58,86.203,,,,,,,,,,,,,
0,-23.77,86.206,,,,,,,,,,,,,
0,-23.25,86.286,,,,,,,,,,,,,
0,-22.18,86.4,,,,,,,,,,,,,
0,-21.83,86.395,,,,,,,,,,,,,
0,-20.94,86.489,,,,,,,,,,,,,
0,-19.94,86.478,,,,,,,,,,,,,
0,-18.25,86.429,,,,,,,,,,,,,
0,-17.2,86.49,,,,,,,,,,,,,
0,-16.41,86.565,,,,,,,,,,,,,
0,-15.65,86.515,,,,,,,,,,,,,
0,-13.98,86.578,,,,,,,,,,,,,
0,-13.81,86.587,,,,,,,,,,,,,
0,-13.69,86.603,,,,,,,,,,,,,
0,-13.52,86.594,,,,,,,,,,,,,
0,-12.25,86.919,,,,,,,,,,,,,
0,-11.82,86.986,,,,,,,,,,,,,
0,-9.59,86.6,,,,,,,,,,,,,
0,-8.16,86.32,,,,,,,,,,,,,
0,-7.12,86.25,,,,,,,,,,,,,
0,-6.74,86.252,,,,,,,,,,,,,
0,-6.13,85.701,,,,,,,,,,,,,
0,-5.61,85.388,,,,,,,,,,,,,
0,-5.4,85.37,,,,,,,,,,,,,
0,-5,85.37,,,,,,,,,,,,,
0,-3.7,82.77,,,,,,,,,,,,,
0,-3.6,83.07,,,,,,,,,,,,,
0,1.7,83.07,,,,,,,,,,,,,
0,1.8,82.77,,,,,,,,,,,,,
0,3.1,85.37,,,,,,,,,,,,,
0,3.5,85.37,,,,,,,,,,,,,
0,4.28,86.038,,,,,,,,,,,,,
0,5.22,86.347,,,,,,,,,,,,,
0,5.9,86.479,,,,,,,,,,,,,
0,6.3,86.487,,,,,,,,,,,,,
0,7.19,86.518,,,,,,,,,,,,,
0,7.6,86.549,,,,,,,,,,,,,
0,8.21,86.587,,,,,,,,,,,,,
0,9.1,86.61,,,,,,,,,,,,,
0,10.35,86.313,,,,,,,,,,,,,
0,10.64,86.233,,,,,,,,,,,,,
0,10.8,86.241,,,,,,,,,,,,,
0,11.83,86.353,,,,,,,,,,,,,
0,12.74,86.375,,,,,,,,,,,,,
0,13.03,86.381,,,,,,,,,,,,,
0,13.52,86.394,,,,,,,,,,,,,
0,14.47,86.421,,,,,,,,,,,,,
0,15.69,86.395,,,,,,,,,,,,,
0,16.08,86.386,,,,,,,,,,,,,
0,16.4,86.256,,,,,,,,,,,,,
0,17.58,85.806,,,,,,,,,,,,,
0,18.98,85.616,,,,,,,,,,,,,
0,19.11,85.603,,,,,,,,,,,,,
0,19.36,85.597,,,,,,,,,,,,,
0,20.61,85.588,,,,,,,,,,,,,
0,21.22,85.58,,,,,,,,,,,,,
0,21.88,85.586,,,,,,,,,,,,,
0,22.26,85.587,,,,,,,,,,,,,
0,23.06,85.626,,,,,,,,,,,,,
0,24.1,85.642,,,,,,,,,,,,,
0,24.22,85.65,,,,,,,,,,,,,
0,24.43,85.655,,,,,,,,,,,,,
0.2,2,200,FALSE,,,45,,,,,0,,,,固定値
0,-19.02,86.732,,,,,,,,,,,,,
0,-14.62,86.666,,,,,,,,,,,,,
0,-12.73,86.596,,,,,,,,,,,,,
0,-11.82,86.617,,,,,,,,,,,,,
0,-11.71,86.628,,,,,,,,,,,,,
0,-11.38,86.659,,,,,,,,,,,,,
0,-11.08,86.716,,,,,,,,,,,,,
0,-10.19,86.817,,,,,,,,,,,,,
0,-9.24,86.788,,,,,,,,,,,,,
0,-9.13,86.788,,,,,,,,,,,,,
0,-8.95,86.708,,,,,,,,,,,,,
0,-6.4,85.67,,,,,,,,,,,,,
0,-5.85,85.67,,,,,,,,,,,,,
0,-4.6,83.17,,,,,,,,,,,,,
0,-4.5,83.47,,,,,,,,,,,,,
0,1,83.47,,,,,,,,,,,,,
0,1.1,83.17,,,,,,,,,,,,,
0,2.35,85.67,,,,,,,,,,,,,
0,2.75,85.67,,,,,,,,,,,,,
0,3.47,86.123,,,,,,,,,,,,,
0,3.83,86.215,,,,,,,,,,,,,
0,4.88,86.325,,,,,,,,,,,,,
0,5.59,86.355,,,,,,,,,,,,,
0,6.26,86.39,,,,,,,,,,,,,
0,7.39,86.448,,,,,,,,,,,,,
0,7.66,86.48,,,,,,,,,,,,,
0,8.64,86.855,,,,,,,,,,,,,
0,9,86.992,,,,,,,,,,,,,
0,9.18,87.03,,,,,,,,,,,,,
0,9.82,86.868,,,,,,,,,,,,,
0,12.4,86.75,,,,,,,,,,,,,
0,12.4,86.75,,,,,,,,,,,,,
0,12.41,86.75,,,,,,,,,,,,,
0,12.43,86.75,,,,,,,,,,,,,
0,14.08,86.75,,,,,,,,,,,,,
0,15.29,86.835,,,,,,,,,,,,,
0,15.75,86.855,,,,,,,,,,,,,
0,17.09,86.883,,,,,,,,,,,,,
0,17.73,86.944,,,,,,,,,,,,,
0,18.13,86.886,,,,,,,,,,,,,
0,19.25,86.848,,,,,,,,,,,,,
0,20.24,86.802,,,,,,,,,,,,,
0,20.59,86.779,,,,,,,,,,,,,
0,20.72,86.799,,,,,,,,,,,,,
0,21.11,86.784,,,,,,,,,,,,,
0.3,3,300,FALSE,,,54,,,,,0,,,,固定値
0,-22.48,87.365,,,,,,,,,,,,,
0,-17.08,87.358,,,,,,,,,,,,,
0,-16.58,87.333,,,,,,,,,,,,,
0,-16.07,87.179,,,,,,,,,,,,,
0,-14.97,87.201,,,,,,,,,,,,,
0,-14.04,87.041,,,,,,,,,,,,,
0,-14.02,87.04,,,,,,,,,,,,,
0,-12.67,87.009,,,,,,,,,,,,,
0,-12.37,87.015,,,,,,,,,,,,,
0,-11.31,87.077,,,,,,,,,,,,,
0,-10.74,87.105,,,,,,,,,,,,,
0,-9.94,87.056,,,,,,,,,,,,,
0,-9.1,87.067,,,,,,,,,,,,,
0,-8.55,87.091,,,,,,,,,,,,,
0,-7.96,86.786,,,,,,,,,,,,,
0,-7.26,86.724,,,,,,,,,,,,,
0,-6.2,86.26,,,,,,,,,,,,,
0,-5.8,86.26,,,,,,,,,,,,,
0,-4.55,83.76,,,,,,,,,,,,,
0,-4.45,84.06,,,,,,,,,,,,,
0,-0.15,84.06,,,,,,,,,,,,,
0,-0.05,83.76,,,,,,,,,,,,,
0,1.2,86.26,,,,,,,,,,,,,
0,1.6,86.26,,,,,,,,,,,,,
0,2.09,86.343,,,,,,,,,,,,,
0,2.52,86.465,,,,,,,,,,,,,
0,3.39,86.734,,,,,,,,,,,,,
0,4.01,86.882,,,,,,,,,,,,,
0,5.18,86.953,,,,,,,,,,,,,
0,5.47,86.992,,,,,,,,,,,,,
0,6.84,87.028,,,,,,,,,,,,,
0,6.91,87.03,,,,,,,,,,,,,
0,6.94,87.03,,,,,,,,,,,,,
0,7.97,87.015,,,,,,,,,,,,,
0,9.13,87.04,,,,,,,,,,,,,
0,9.82,86.995,,,,,,,,,,,,,
0,10.1,87.012,,,,,,,,,,,,,
0,10.56,87.029,,,,,,,,,,,,,
0,11.36,87.061,,,,,,,,,,,,,
0,13.77,87.185,,,,,,,,,,,,,
0,14.13,87.177,,,,,,,,,,,,,
0,14.65,87.195,,,,,,,,,,,,,
0,15.52,87.068,,,,,,,,,,,,,
0,16.32,87.097,,,,,,,,,,,,,
0,16.92,87.122,,,,,,,,,,,,,
0,17.12,87.155,,,,,,,,,,,,,
0,17.37,87.098,,,,,,,,,,,,,
0,18.6,87.112,,,,,,,,,,,,,
0,19.15,87.128,,,,,,,,,,,,,
0,19.79,87.081,,,,,,,,,,,,,
0,22.65,87.102,,,,,,,,,,,,,
0,22.98,87.103,,,,,,,,,,,,,
0,24.38,87.067,,,,,,,,,,,,,
0,24.53,87.047,,,,,,,,,,,,,
0.4,4,400,FALSE,,,52,,,,,0,,,,固定値
0,-24.52,87.138,,,,,,,,,,,,,
0,-23.94,87.554,,,,,,,,,,,,,
0,-22.85,87.868,,,,,,,,,,,,,
0,-22.14,87.943,,,,,,,,,,,,,
0,-21.89,87.945,,,,,,,,,,,,,
0,-21.81,87.952,,,,,,,,,,,,,
0,-20.58,87.788,,,,,,,,,,,,,
0,-20.08,87.785,,,,,,,,,,,,,
0,-19.25,88.008,,,,,,,,,,,,,
0,-18.32,88.244,,,,,,,,,,,,,
0,-17.92,88.171,,,,,,,,,,,,,
0,-16.68,88.075,,,,,,,,,,,,,
0,-16.64,88.067,,,,,,,,,,,,,
0,-16.62,88.07,,,,,,,,,,,,,
0,-15.35,88.105,,,,,,,,,,,,,
0,-14.39,88.035,,,,,,,,,,,,,
0,-14.07,87.997,,,,,,,,,,,,,
0,-13.65,87.934,,,,,,,,,,,,,
0,-12.79,87.81,,,,,,,,,,,,,
0,-12.51,87.823,,,,,,,,,,,,,
0,-11.49,87.868,,,,,,,,,,,,,
0,-10.81,87.861,,,,,,,,,,,,,
0,-10.17,87.913,,,,,,,,,,,,,
0,-9.08,87.871,,,,,,,,,,,,,
0,-8.85,87.858,,,,,,,,,,,,,
0,-8.14,87.794,,,,,,,,,,,,,
0,-7.48,87.739,,,,,,,,,,,,,
0,-6.76,87.272,,,,,,,,,,,,,
0,-6.2,86.93,,,,,,,,,,,,,
0,-5.4,86.93,,,,,,,,,,,,,
0,-4.15,84.43,,,,,,,,,,,,,
0,-4.05,84.73,,,,,,,,,,,,,
0,0.25,84.73,,,,,,,,,,,,,
0,0.35,84.43,,,,,,,,,,,,,
0,1.6,86.93,,,,,,,,,,,,,
0,2.3,86.93,,,,,,,,,,,,,
0,3.5,87.778,,,,,,,,,,,,,
0,4.05,87.781,,,,,,,,,,,,,
0,4.31,87.783,,,,,,,,,,,,,
0,5.61,87.8,,,,,,,,,,,,,
0,6.5,87.8,,,,,,,,,,,,,
0,7.19,87.791,,,,,,,,,,,,,
0,8.64,87.684,,,,,,,,,,,,,
0,8.71,87.679,,,,,,,,,,,,,
0,8.81,87.682,,,,,,,,,,,,,
0,10.24,87.691,,,,,,,,,,,,,
0,12.08,87.813,,,,,,,,,,,,,
0,14.65,87.786,,,,,,,,,,,,,
0,17.49,88.053,,,,,,,,,,,,,
0,20.31,88.123,,,,,,,,,,,,,
0,20.33,88.101,,,,,,,,,,,,,
0,20.45,88.117,,,,,,,,,,,,,
0.5,5,500,FALSE,,,61,,,,,0,,,,固定値
0,-23.83,88.864,,,,,,,,,,,,,
0,-23.62,88.789,,,,,,,,,,,,,
0,-22.74,88.782,,,,,,,,,,,,,
0,-20.98,88.74,,,,,,,,,,,,,
0,-20.84,88.757,,,,,,,,,,,,,
0,-20.59,88.76,,,,,,,,,,,,,
0,-19.59,88.777,,,,,,,,,,,,,
0,-18.86,88.854,,,,,,,,,,,,,
0,-17.15,88.896,,,,,,,,,,,,,
0,-17.09,88.9,,,,,,,,,,,,,
0,-17.04,88.898,,,,,,,,,,,,,
0,-15.97,88.886,,,,,,,,,,,,,
0,-15.35,88.816,,,,,,,,,,,,,
0,-14.87,88.839,,,,,,,,,,,,,
0,-14.02,88.903,,,,,,,,,,,,,
0,-13.66,88.939,,,,,,,,,,,,,
0,-13.52,88.928,,,,,,,,,,,,,
0,-12.25,88.807,,,,,,,,,,,,,
0,-11.5,88.827,,,,,,,,,,,,,
0,-10.82,88.87,,,,,,,,,,,,,
0,-9.46,88.929,,,,,,,,,,,,,
0,-9.4,88.929,,,,,,,,,,,,,
0,-9.24,88.928,,,,,,,,,,,,,
0,-8.21,88.924,,,,,,,,,,,,,
0,-7.56,88.871,,,,,,,,,,,,,
0,-7.06,88.769,,,,,,,,,,,,,
0,-6.25,88.587,,,,,,,,,,,,,
0,-5.92,88.504,,,,,,,,,,,,,
0,-5.81,88.465,,,,,,,,,,,,,
0,-5.5,88.33,,,,,,,,,,,,,
0,-5.1,88.33,,,,,,,,,,,,,
0,-4.1,86.33,,,,,,,,,,,,,
0,-2.65,86.38,,,,,,,,,,,,,
0,-2.44,86.349,,,,,,,,,,,,,
0,-1.87,86.29,,,,,,,,,,,,,
0,-1.12,86.246,,,,,,,,,,,,,
0,-0.55,86.169,,,,,,,,,,,,,
0,0.25,86.184,,,,,,,,,,,,,
0,0.4,86.33,,,,,,,,,,,,,
0,1.4,88.33,,,,,,,,,,,,,
0,2.2,88.33,,,,,,,,,,,,,
0,3.22,88.739,,,,,,,,,,,,,
0,3.71,88.821,,,,,,,,,,,,,
0,4.56,88.923,,,,,,,,,,,,,
0,5.52,88.974,,,,,,,,,,,,,
0,5.65,88.992,,,,,,,,,,,,,
0,5.85,88.984,,,,,,,,,,,,,
0,6.09,89.012,,,,,,,,,,,,,
0,6.89,88.934,,,,,,,,,,,,,
0,7.91,89.009,,,,,,,,,,,,,
0,8.58,88.942,,,,,,,,,,,,,
0,8.9,88.872,,,,,,,,,,,,,
0,9.33,88.966,,,,,,,,,,,,,
0,10.2,89.061,,,,,,,,,,,,,
0,10.48,89.112,,,,,,,,,,,,,
0,10.57,89.113,,,,,,,,,,,,,
0,11,89.178,,,,,,,,,,,,,
0,17.22,89.345,,,,,,,,,,,,,
0,19.13,89.411,,,,,,,,,,,,,
0,21.08,89.422,,,,,,,,,,,,,
0,22.61,89.21,,,,,,,,,,,,,
0.6,6,600,FALSE,,,64,,,,,0,,,,固定値
0,-24.84,90.797,,,,,,,,,,,,,
0,-24.34,90.663,,,,,,,,,,,,,
0,-23.07,90.543,,,,,,,,,,,,,
0,-23.06,90.54,,,,,,,,,,,,,
0,-23.02,90.539,,,,,,,,,,,,,
0,-21.98,90.481,,,,,,,,,,,,,
0,-21.39,90.487,,,,,,,,,,,,,
0,-20.89,90.527,,,,,,,,,,,,,
0,-20,90.566,,,,,,,,,,,,,
0,-19.73,90.592,,,,,,,,,,,,,
0,-19.61,90.595,,,,,,,,,,,,,
0,-18.26,90.692,,,,,,,,,,,,,
0,-17.51,90.669,,,,,,,,,,,,,
0,-16.79,90.64,,,,,,,,,,,,,
0,-15.42,90.613,,,,,,,,,,,,,
0,-15.34,90.61,,,,,,,,,,,,,
0,-15.14,90.615,,,,,,,,,,,,,
0,-14.08,90.663,,,,,,,,,,,,,
0,-13.44,90.629,,,,,,,,,,,,,
0,-12.87,90.604,,,,,,,,,,,,,
0,-11.93,90.626,,,,,,,,,,,,,
0,-11.65,90.639,,,,,,,,,,,,,
0,-11.55,90.611,,,,,,,,,,,,,
0,-10.42,90.294,,,,,,,,,,,,,
0,-9.88,90.241,,,,,,,,,,,,,
0,-9.16,90.188,,,,,,,,,,,,,
0,-8.18,90.177,,,,,,,,,,,,,
0,-7.9,90.182,,,,,,,,,,,,,
0,-7.13,90.09,,,,,,,,,,,,,
0,-6.6,90.049,,,,,,,,,,,,,
0,-6.14,89.711,,,,,,,,,,,,,
0,-5.4,89.33,,,,,,,,,,,,,
0,-4.7,89.33,,,,,,,,,,,,,
0,-3.7,87.33,,,,,,,,,,,,,
0,-3.6,87.53,,,,,,,,,,,,,
0,0.7,87.53,,,,,,,,,,,,,
0,0.8,87.33,,,,,,,,,,,,,
0,1.8,89.33,,,,,,,,,,,,,
0,2.6,89.33,,,,,,,,,,,,,
0,3.33,89.646,,,,,,,,,,,,,
0,3.61,89.853,,,,,,,,,,,,,
0,4.02,90.011,,,,,,,,,,,,,
0,5,90.656,,,,,,,,,,,,,
0,5.34,90.653,,,,,,,,,,,,,
0,6.32,90.709,,,,,,,,,,,,,
0,7.18,90.782,,,,,,,,,,,,,
0,7.66,90.764,,,,,,,,,,,,,
0,8.86,90.728,,,,,,,,,,,,,
0,9.01,90.718,,,,,,,,,,,,,
0,9.13,90.728,,,,,,,,,,,,,
0,10.5,90.809,,,,,,,,,,,,,
0,11.76,90.69,,,,,,,,,,,,,
0,11.99,90.677,,,,,,,,,,,,,
0,12.29,90.686,,,,,,,,,,,,,
0,13.4,90.743,,,,,,,,,,,,,
0,13.85,90.712,,,,,,,,,,,,,
0,14.83,90.876,,,,,,,,,,,,,
0,15.84,90.98,,,,,,,,,,,,,
0,15.99,90.944,,,,,,,,,,,,,
0,16.74,91.056,,,,,,,,,,,,,
0,17.09,91.013,,,,,,,,,,,,,
0,20.82,90.812,,,,,,,,,,,,,
0,23.25,90.842,,,,,,,,,,,,,
0,23.61,90.804,,,,,,,,,,,,,
0.7,7,700,FALSE,,,56,,,,,0,,,,固定値
0,-23.72,93.959,,,,,,,,,,,,,
0,-22.83,93.971,,,,,,,,,,,,,
0,-21.75,94.052,,,,,,,,,,,,,
0,-21.15,94.059,,,,,,,,,,,,,
0,-19.48,94.022,,,,,,,,,,,,,
0,-16.48,93.943,,,,,,,,,,,,,
0,-12.8,93.92,,,,,,,,,,,,,
0,-12.33,93.904,,,,,,,,,,,,,
0,-11.32,93.989,,,,,,,,,,,,,
0,-11.31,93.98,,,,,,,,,,,,,
0,-11.11,93.968,,,,,,,,,,,,,
0,-8.77,93.66,,,,,,,,,,,,,
0,-8.28,93.633,,,,,,,,,,,,,
0,-8.02,93.646,,,,,,,,,,,,,
0,-7.4,93.682,,,,,,,,,,,,,
0,-6.72,93.744,,,,,,,,,,,,,
0,-6.62,93.747,,,,,,,,,,,,,
0,-6.31,93.707,,,,,,,,,,,,,
0,-5.91,93.663,,,,,,,,,,,,,
0,-5.76,93.64,,,,,,,,,,,,,
0,-5.01,93.663,,,,,,,,,,,,,
0,-4.17,92.909,,,,,,,,,,,,,
0,-3.19,92.038,,,,,,,,,,,,,
0,-2.29,91.769,,,,,,,,,,,,,
0,-2.17,91.723,,,,,,,,,,,,,
0,-1.36,90.913,,,,,,,,,,,,,
0,-0.6,90.089,,,,,,,,,,,,,
0,0.33,90.042,,,,,,,,,,,,,
0,0.62,90.044,,,,,,,,,,,,,
0,1.46,90.814,,,,,,,,,,,,,
0,2.28,91.54,,,,,,,,,,,,,
0,2.78,91.984,,,,,,,,,,,,,
0,3.69,92.988,,,,,,,,,,,,,
0,4.34,93.007,,,,,,,,,,,,,
0,4.9,93.033,,,,,,,,,,,,,
0,5.35,93.036,,,,,,,,,,,,,
0,5.81,93.062,,,,,,,,,,,,,
0,6.52,92.972,,,,,,,,,,,,,
0,7,92.952,,,,,,,,,,,,,
0,7.39,92.944,,,,,,,,,,,,,
0,8.24,93.074,,,,,,,,,,,,,
0,8.62,92.952,,,,,,,,,,,,,
0,9.06,92.916,,,,,,,,,,,,,
0,9.91,92.803,,,,,,,,,,,,,
0,10.08,92.821,,,,,,,,,,,,,
0,10.35,92.848,,,,,,,,,,,,,
0,10.75,92.765,,,,,,,,,,,,,
0,11.16,92.905,,,,,,,,,,,,,
0,13.11,93.321,,,,,,,,,,,,,
0,14.08,93.482,,,,,,,,,,,,,
0,15.46,93.483,,,,,,,,,,,,,
0,16.67,93.298,,,,,,,,,,,,,
0,18.8,93.434,,,,,,,,,,,,,
0,20.54,93.412,,,,,,,,,,,,,
0,22.3,93.329,,,,,,,,,,,,,
0,23.54,93.016,,,,,,,,,,,,,
0.8,8,780,FALSE,,,79,,,,,0,,,,河川管理施設等構造令
0,-19.95,95.217,,,,,,,,,,,,,
0,-16.92,95.007,,,,,,,,,,,,,
0,-16.13,94.917,,,,,,,,,,,,,
0,-15.15,94.727,,,,,,,,,,,,,
0,-14.82,94.729,,,,,,,,,,,,,
0,-14.04,94.811,,,,,,,,,,,,,
0,-13.92,94.807,,,,,,,,,,,,,
0,-12.93,94.785,,,,,,,,,,,,,
0,-11.97,94.79,,,,,,,,,,,,,
0,-11.83,94.791,,,,,,,,,,,,,
0,-11.04,94.772,,,,,,,,,,,,,
0,-10.79,94.79,,,,,,,,,,,,,
0,-10.14,94.843,,,,,,,,,,,,,
0,-9.68,94.89,,,,,,,,,,,,,
0,-9.41,94.895,,,,,,,,,,,,,
0,-8.65,94.927,,,,,,,,,,,,,
0,-8.21,94.927,,,,,,,,,,,,,
0,-7.59,94.915,,,,,,,,,,,,,
0,-7.36,94.914,,,,,,,,,,,,,
0,-5.09,95.096,,,,,,,,,,,,,
0,-4.79,95.101,,,,,,,,,,,,,
0,-4.66,95.11,,,,,,,,,,,,,
0,-4.55,95.196,,,,,,,,,,,,,
0,-3.62,95.87,,,,,,,,,,,,,
0,-3.51,95.954,,,,,,,,,,,,,
0,-2.85,96.483,,,,,,,,,,,,,
0,-2.53,96.626,,,,,,,,,,,,,
0,-1.95,96.897,,,,,,,,,,,,,
0,-1.53,96.923,,,,,,,,,,,,,
0,-1.15,96.85,,,,,,,,,,,,,
0,-0.7,95.4,,,,,,,,,,,,,
0,0.8,95.4,,,,,,,,,,,,,
0,1.25,96.85,,,,,,,,,,,,,
0,1.28,96.85,,,,,,,,,,,,,
0,1.32,96.889,,,,,,,,,,,,,
0,1.35,96.909,,,,,,,,,,,,,
0,2.24,96.781,,,,,,,,,,,,,
0,2.97,96.46,,,,,,,,,,,,,
0,3.16,96.337,,,,,,,,,,,,,
0,3.31,96.258,,,,,,,,,,,,,
0,4.54,95.539,,,,,,,,,,,,,
0,5.02,95.43,,,,,,,,,,,,,
0,5.49,95.244,,,,,,,,,,,,,
0,5.7,95.291,,,,,,,,,,,,,
0,8.45,94.581,,,,,,,,,,,,,
0,9.5,94.288,,,,,,,,,,,,,
0,10.02,94.398,,,,,,,,,,,,,
0,10.1,94.376,,,,,,,,,,,,,
0,10.69,94.21,,,,,,,,,,,,,
0,10.83,94.217,,,,,,,,,,,,,
0,11.38,94.233,,,,,,,,,,,,,
0,11.66,94.242,,,,,,,,,,,,,
0,13.15,94.225,,,,,,,,,,,,,
0,13.36,94.235,,,,,,,,,,,,,
0,13.47,94.191,,,,,,,,,,,,,
0,14.14,94.102,,,,,,,,,,,,,
0,14.49,94.081,,,,,,,,,,,,,
0,14.96,94.054,,,,,,,,,,,,,
0,15.66,94.007,,,,,,,,,,,,,
0,15.86,94.004,,,,,,,,,,,,,
0,17.11,93.988,,,,,,,,,,,,,
0,17.66,93.973,,,,,,,,,,,,,
0,18.66,93.917,,,,,,,,,,,,,
0,19.21,93.884,,,,,,,,,,,,,
0,19.63,93.874,,,,,,,,,,,,,
0,20.43,93.895,,,,,,,,,,,,,
0,20.54,93.905,,,,,,,,,,,,,
0,20.7,93.886,,,,,,,,,,,,,
0,21.15,93.839,,,,,,,,,,,,,
0,21.22,93.852,,,,,,,,,,,,,
0,21.86,93.902,,,,,,,,,,,,,
0,21.91,93.899,,,,,,,,,,,,,
0,22.55,93.879,,,,,,,,,,,,,
0,22.65,93.877,,,,,,,,,,,,,
0,23.02,93.811,,,,,,,,,,,,,
0,23.7,93.731,,,,,,,,,,,,,
0,23.88,93.728,,,,,,,,,,,,,
0,24.42,93.69,,,,,,,,,,,,,
0,24.65,93.736,,,,,,,,,,,,,
0.9,9,930,FALSE,,,58,,,,,0,,,,河川管理施設等構造令
0,-21.81,96.61,,,,,,,,,,,,,
0,-21.77,96.615,,,,,,,,,,,,,
0,-21,96.672,,,,,,,,,,,,,
0,-20.13,96.697,,,,,,,,,,,,,
0,-18.85,96.856,,,,,,,,,,,,,
0,-18.44,96.875,,,,,,,,,,,,,
0,-15.54,96.809,,,,,,,,,,,,,
0,-14.57,96.8,,,,,,,,,,,,,
0,-13.41,96.759,,,,,,,,,,,,,
0,-11.89,96.69,,,,,,,,,,,,,
0,-11.21,96.649,,,,,,,,,,,,,
0,-10.21,96.629,,,,,,,,,,,,,
0,-9.4,97.113,,,,,,,,,,,,,
0,-8.14,97.613,,,,,,,,,,,,,
0,-6.77,98.524,,,,,,,,,,,,,
0,-5.99,99.109,,,,,,,,,,,,,
0,-5.36,99.564,,,,,,,,,,,,,
0,-4.97,99.702,,,,,,,,,,,,,
0,-4.18,100.098,,,,,,,,,,,,,
0,-3.13,100.561,,,,,,,,,,,,,
0,-2.77,100.572,,,,,,,,,,,,,
0,-2.2,100.1,,,,,,,,,,,,,
0,-1.9,100.1,,,,,,,,,,,,,
0,-1.5,99.1,,,,,,,,,,,,,
0,0.5,99.1,,,,,,,,,,,,,
0,0.8,100.1,,,,,,,,,,,,,
0,1.1,100.1,,,,,,,,,,,,,
0,1.47,100.237,,,,,,,,,,,,,
0,2.27,100.118,,,,,,,,,,,,,
0,2.88,100.088,,,,,,,,,,,,,
0,4.05,99.932,,,,,,,,,,,,,
0,4.29,99.836,,,,,,,,,,,,,
0,5.32,98.855,,,,,,,,,,,,,
0,5.77,98.473,,,,,,,,,,,,,
0,5.9,98.381,,,,,,,,,,,,,
0,7.34,97.699,,,,,,,,,,,,,
0,7.97,97.722,,,,,,,,,,,,,
0,8.92,97.765,,,,,,,,,,,,,
0,10.03,97.796,,,,,,,,,,,,,
0,10.48,97.791,,,,,,,,,,,,,
0,11.84,97.775,,,,,,,,,,,,,
0,12.03,97.772,,,,,,,,,,,,,
0,12.09,97.766,,,,,,,,,,,,,
0,13.57,97.635,,,,,,,,,,,,,
0,14.05,97.605,,,,,,,,,,,,,
0,15.08,97.539,,,,,,,,,,,,,
0,15.98,97.524,,,,,,,,,,,,,
0,16.61,97.475,,,,,,,,,,,,,
0,17.91,97.38,,,,,,,,,,,,,
0,18.26,97.32,,,,,,,,,,,,,
0,18.92,97.333,,,,,,,,,,,,,
0,19.55,97.3,,,,,,,,,,,,,
0,19.72,97.293,,,,,,,,,,,,,
0,20.87,97.187,,,,,,,,,,,,,
0,21.4,97.187,,,,,,,,,,,,,
0,22.19,97.158,,,,,,,,,,,,,
0,23.09,97.064,,,,,,,,,,,,,
0,24.64,97.105,,,,,,,,,,,,,
1,10,1030,FALSE,,,62,,,,,0,,,,河川管理施設等構造令
0,-24.49,98.845,,,,,,,,,,,,,
0,-23.42,99.029,,,,,,,,,,,,,
0,-22.86,99.062,,,,,,,,,,,,,
0,-21.97,99.05,,,,,,,,,,,,,
0,-21.1,99.068,,,,,,,,,,,,,
0,-20.84,99.054,,,,,,,,,,,,,
0,-20.4,99.098,,,,,,,,,,,,,
0,-19.6,99.127,,,,,,,,,,,,,
0,-19.03,99.08,,,,,,,,,,,,,
0,-18.27,99.025,,,,,,,,,,,,,
0,-17.19,99.015,,,,,,,,,,,,,
0,-16.84,99.045,,,,,,,,,,,,,
0,-16.39,99.058,,,,,,,,,,,,,
0,-15.12,99.094,,,,,,,,,,,,,
0,-14.1,99.146,,,,,,,,,,,,,
0,-13.65,99.164,,,,,,,,,,,,,
0,-13.38,99.165,,,,,,,,,,,,,
0,-12.5,99.18,,,,,,,,,,,,,
0,-11.61,99.226,,,,,,,,,,,,,
0,-11.36,99.301,,,,,,,,,,,,,
0,-10.94,99.386,,,,,,,,,,,,,
0,-10.22,99.658,,,,,,,,,,,,,
0,-9.75,99.812,,,,,,,,,,,,,
0,-9.09,100.203,,,,,,,,,,,,,
0,-8.09,100.632,,,,,,,,,,,,,
0,-7.94,100.723,,,,,,,,,,,,,
0,-7.82,100.783,,,,,,,,,,,,,
0,-6.03,101.893,,,,,,,,,,,,,
0,-5.1,102.496,,,,,,,,,,,,,
0,-4.93,102.561,,,,,,,,,,,,,
0,-3.72,102.914,,,,,,,,,,,,,
0,-2.71,103.075,,,,,,,,,,,,,
0,-2.32,103.115,,,,,,,,,,,,,
0,-1.85,102.809,,,,,,,,,,,,,
0,-1.4,102.5,,,,,,,,,,,,,
0,-1.2,102.5,,,,,,,,,,,,,
0,-0.8,101.3,,,,,,,,,,,,,
0,0.5,101.3,,,,,,,,,,,,,
0,0.9,102.5,,,,,,,,,,,,,
0,1.1,102.5,,,,,,,,,,,,,
0,2.51,102.778,,,,,,,,,,,,,
0,2.91,102.59,,,,,,,,,,,,,
0,4.14,102.142,,,,,,,,,,,,,
0,5.06,101.898,,,,,,,,,,,,,
0,5.84,101.177,,,,,,,,,,,,,
0,8.55,100.522,,,,,,,,,,,,,
0,10.91,100.709,,,,,,,,,,,,,
0,11.53,100.625,,,,,,,,,,,,,
0,14.48,100.529,,,,,,,,,,,,,
0,17.75,100.256,,,,,,,,,,,,,
0,19.02,100.23,,,,,,,,,,,,,
0,19.36,100.307,,,,,,,,,,,,,
0,19.67,100.28,,,,,,,,,,,,,
0,19.95,100.288,,,,,,,,,,,,,
0,20.44,100.305,,,,,,,,,,,,,
0,21.15,100.344,,,,,,,,,,,,,
0,21.59,100.379,,,,,,,,,,,,,
0,22.38,100.418,,,,,,,,,,,,,
0,23.56,100.418,,,,,,,,,,,,,
0,23.62,100.419,,,,,,,,,,,,,
0,23.72,100.417,,,,,,,,,,,,,
0,24.82,100.404,,,,,,,,,,,,,
1.1,11,1090,FALSE,,,44,,,,,0,,,,河川管理施設等構造令
0,-24.58,100.852,,,,,,,,,,,,,
0,-24.45,100.856,,,,,,,,,,,,,
0,-23.83,100.796,,,,,,,,,,,,,
0,-22.67,100.951,,,,,,,,,,,,,
0,-18.52,101.48,,,,,,,,,,,,,
0,-16.88,101.336,,,,,,,,,,,,,
0,-13.78,101.412,,,,,,,,,,,,,
0,-12.99,101.42,,,,,,,,,,,,,
0,-12.94,101.454,,,,,,,,,,,,,
0,-12.82,101.5,,,,,,,,,,,,,
0,-12.29,101.685,,,,,,,,,,,,,
0,-11.54,101.957,,,,,,,,,,,,,
0,-11.11,102.348,,,,,,,,,,,,,
0,-10.18,103.347,,,,,,,,,,,,,
0,-9.02,103.674,,,,,,,,,,,,,
0,-8.84,103.707,,,,,,,,,,,,,
0,-8.48,103.754,,,,,,,,,,,,,
0,-7.12,103.861,,,,,,,,,,,,,
0,-6.25,103.836,,,,,,,,,,,,,
0,-5.24,103.844,,,,,,,,,,,,,
0,-5.09,103.784,,,,,,,,,,,,,
0,-4.34,103.704,,,,,,,,,,,,,
0,-2.7,103.45,,,,,,,,,,,,,
0,-2.5,103.45,,,,,,,,,,,,,
0,-2.1,102.2,,,,,,,,,,,,,
0,-0.4,102.2,,,,,,,,,,,,,
0,0,103.45,,,,,,,,,,,,,
0,0.5,103.45,,,,,,,,,,,,,
0,4.2,104.453,,,,,,,,,,,,,
0,4.42,104.434,,,,,,,,,,,,,
0,4.8,104.267,,,,,,,,,,,,,
0,7.85,102.659,,,,,,,,,,,,,
0,7.98,102.597,,,,,,,,,,,,,
0,8.09,102.549,,,,,,,,,,,,,
0,9.31,102.47,,,,,,,,,,,,,
0,9.92,102.445,,,,,,,,,,,,,
0,10.8,102.627,,,,,,,,,,,,,
0,12.69,102.91,,,,,,,,,,,,,
0,14.67,103.13,,,,,,,,,,,,,
0,14.89,103.168,,,,,,,,,,,,,
0,16.87,103.155,,,,,,,,,,,,,
0,19.92,102.893,,,,,,,,,,,,,
0,23.72,102.603,,,,,,,,,,,,,
0,24.98,102.513,,,,,,,,,,,,,
1.2,12,1200,FALSE,,,43,,,,,0,,,,固定値
0,-23.55,108.181,,,,,,,,,,,,,
0,-22.71,108.214,,,,,,,,,,,,,
0,-21.8,108.183,,,,,,,,,,,,,
0,-21.34,108.176,,,,,,,,,,,,,
0,-20.11,108.22,,,,,,,,,,,,,
0,-19.03,108.263,,,,,,,,,,,,,
0,-17.85,108.244,,,,,,,,,,,,,
0,-16.83,108.325,,,,,,,,,,,,,
0,-15.39,108.455,,,,,,,,,,,,,
0,-13.77,108.365,,,,,,,,,,,,,
0,-12.58,108.309,,,,,,,,,,,,,
0,-12.3,108.324,,,,,,,,,,,,,
0,-10.68,108.348,,,,,,,,,,,,,
0,-7.97,108.767,,,,,,,,,,,,,
0,-7.82,108.799,,,,,,,,,,,,,
0,-7.58,108.829,,,,,,,,,,,,,
0,-7.07,108.72,,,,,,,,,,,,,
0,-3.26,107.83,,,,,,,,,,,,,
0,-2.56,107.663,,,,,,,,,,,,,
0,-2.46,107.655,,,,,,,,,,,,,
0,-2.34,107.57,,,,,,,,,,,,,
0,-2.1,107.554,,,,,,,,,,,,,
0,-1.4,107.35,,,,,,,,,,,,,
0,-1,107.35,,,,,,,,,,,,,
0,-0.6,106.1,,,,,,,,,,,,,
0,1.1,106.1,,,,,,,,,,,,,
0,1.5,107.35,,,,,,,,,,,,,
0,1.7,107.35,,,,,,,,,,,,,
0,7.52,108.051,,,,,,,,,,,,,
0,8.09,108.028,,,,,,,,,,,,,
0,11.38,107.742,,,,,,,,,,,,,
0,13.43,107.672,,,,,,,,,,,,,
0,14.09,107.489,,,,,,,,,,,,,
0,15.54,107.345,,,,,,,,,,,,,
0,16.21,107.388,,,,,,,,,,,,,
0,16.88,107.387,,,,,,,,,,,,,
0,18.39,107.251,,,,,,,,,,,,,
0,18.69,107.207,,,,,,,,,,,,,
0,19.31,107.125,,,,,,,,,,,,,
0,20.18,107.002,,,,,,,,,,,,,
0,20.42,107.014,,,,,,,,,,,,,
0,21.89,107.049,,,,,,,,,,,,,
0,23.52,107.173,,,,,,,,,,,,,
1.3,13,1300,FALSE,,,59,,,,,0,,,,固定値
0,-24.2,111.34,,,,,,,,,,,,,
0,-24.14,111.34,,,,,,,,,,,,,
0,-24.1,111.344,,,,,,,,,,,,,
0,-23.19,111.495,,,,,,,,,,,,,
0,-23.06,111.505,,,,,,,,,,,,,
0,-21.89,111.496,,,,,,,,,,,,,
0,-21.47,111.489,,,,,,,,,,,,,
0,-20.92,111.506,,,,,,,,,,,,,
0,-20.12,111.548,,,,,,,,,,,,,
0,-19.58,111.57,,,,,,,,,,,,,
0,-19.15,111.585,,,,,,,,,,,,,
0,-18.63,111.59,,,,,,,,,,,,,
0,-17.87,111.607,,,,,,,,,,,,,
0,-17.31,111.624,,,,,,,,,,,,,
0,-16.98,111.686,,,,,,,,,,,,,
0,-16.37,111.774,,,,,,,,,,,,,
0,-15.4,111.821,,,,,,,,,,,,,
0,-15.05,111.831,,,,,,,,,,,,,
0,-14.78,111.843,,,,,,,,,,,,,
0,-14.09,111.817,,,,,,,,,,,,,
0,-13.29,111.794,,,,,,,,,,,,,
0,-12.76,111.793,,,,,,,,,,,,,
0,-12.02,111.889,,,,,,,,,,,,,
0,-11.81,111.878,,,,,,,,,,,,,
0,-11.18,111.895,,,,,,,,,,,,,
0,-10.51,111.892,,,,,,,,,,,,,
0,-9.72,111.908,,,,,,,,,,,,,
0,-9.56,111.927,,,,,,,,,,,,,
0,-9.35,111.934,,,,,,,,,,,,,
0,-8.26,111.927,,,,,,,,,,,,,
0,-7.39,111.936,,,,,,,,,,,,,
0,-7.3,111.939,,,,,,,,,,,,,
0,-6.23,111.959,,,,,,,,,,,,,
0,-5.2,112.018,,,,,,,,,,,,,
0,-4.99,112.026,,,,,,,,,,,,,
0,-4.55,112.02,,,,,,,,,,,,,
0,-3.69,111.993,,,,,,,,,,,,,
0,-3.55,112.023,,,,,,,,,,,,,
0,-2.77,112.176,,,,,,,,,,,,,
0,-0.9,111.526,,,,,,,,,,,,,
0,-0.8,111.5,,,,,,,,,,,,,
0,-0.4,110.25,,,,,,,,,,,,,
0,1.3,110.25,,,,,,,,,,,,,
0,1.7,111.5,,,,,,,,,,,,,
0,1.77,111.536,,,,,,,,,,,,,
0,3.17,112.354,,,,,,,,,,,,,
0,3.7,112.293,,,,,,,,,,,,,
0,4.15,112.286,,,,,,,,,,,,,
0,5.02,112.391,,,,,,,,,,,,,
0,10.97,112.594,,,,,,,,,,,,,
0,13.19,112.559,,,,,,,,,,,,,
0,17.32,112.371,,,,,,,,,,,,,
0,17.87,112.437,,,,,,,,,,,,,
0,18.97,112.392,,,,,,,,,,,,,
0,19.03,112.396,,,,,,,,,,,,,
0,19.16,112.401,,,,,,,,,,,,,
0,19.29,112.407,,,,,,,,,,,,,
0,21.77,112.555,,,,,,,,,,,,,
0,22.98,112.778,,,,,,,,,,,,,
1.4,14,1400,FALSE,,,37,,,,,0,,,,固定値
0,-24.09,114.132,,,,,,,,,,,,,
0,-23.93,114.139,,,,,,,,,,,,,
0,-23.64,114.119,,,,,,,,,,,,,
0,-23.1,114.122,,,,,,,,,,,,,
0,-22.83,114.078,,,,,,,,,,,,,
0,-21.59,114.01,,,,,,,,,,,,,
0,-21.44,114.109,,,,,,,,,,,,,
0,-20.81,114.382,,,,,,,,,,,,,
0,-19.94,114.781,,,,,,,,,,,,,
0,-19.38,115.018,,,,,,,,,,,,,
0,-18.69,115.112,,,,,,,,,,,,,
0,-18.63,115.157,,,,,,,,,,,,,
0,-18.05,115.205,,,,,,,,,,,,,
0,-11.6,116.023,,,,,,,,,,,,,
0,-8.18,115.936,,,,,,,,,,,,,
0,-5,115.7,,,,,,,,,,,,,
0,-4.7,115.7,,,,,,,,,,,,,
0,-4.3,114.45,,,,,,,,,,,,,
0,-2.4,114.45,,,,,,,,,,,,,
0,-2,115.7,,,,,,,,,,,,,
0,-1.58,115.713,,,,,,,,,,,,,
0,-0.85,115.617,,,,,,,,,,,,,
0,-0.8,115.612,,,,,,,,,,,,,
0,-0.41,115.84,,,,,,,,,,,,,
0,1.72,117.104,,,,,,,,,,,,,
0,3.3,117.638,,,,,,,,,,,,,
0,4.04,117.604,,,,,,,,,,,,,
0,4.61,117.585,,,,,,,,,,,,,
0,6.17,117.508,,,,,,,,,,,,,
0,9.58,117.438,,,,,,,,,,,,,
0,17.9,117.706,,,,,,,,,,,,,
0,18.21,117.742,,,,,,,,,,,,,
0,19.17,117.766,,,,,,,,,,,,,
0,20.56,117.892,,,,,,,,,,,,,
0,21.32,117.931,,,,,,,,,,,,,
0,21.84,117.865,,,,,,,,,,,,,
0,24,117.908,,,,,,,,,,,,,
1.5,15,1530,FALSE,,,28,,,,,0,,,,固定値
0,-23.21,126.237,,,,,,,,,,,,,
0,-22.05,125.987,,,,,,,,,,,,,
0,-20.63,125.853,,,,,,,,,,,,,
0,-19.48,125.946,,,,,,,,,,,,,
0,-17.92,126,,,,,,,,,,,,,
0,-17,126.042,,,,,,,,,,,,,
0,-14.61,128.055,,,,,,,,,,,,,
0,-8.3,125.19,,,,,,,,,,,,,
0,-8.04,125.027,,,,,,,,,,,,,
0,-7.92,125.056,,,,,,,,,,,,,
0,-7.08,125.062,,,,,,,,,,,,,
0,-6.49,125.037,,,,,,,,,,,,,
0,-5.66,125.233,,,,,,,,,,,,,
0,-4.86,125.311,,,,,,,,,,,,,
0,-3.66,125.544,,,,,,,,,,,,,
0,-2.7,125.436,,,,,,,,,,,,,
0,-2.1,125.133,,,,,,,,,,,,,
0,-1.43,124.913,,,,,,,,,,,,,
0,-0.91,124.144,,,,,,,,,,,,,
0,-0.6,123.861,,,,,,,,,,,,,
0,-0.1,123.6,,,,,,,,,,,,,
0,0.55,121.6,,,,,,,,,,,,,
0,2,121.6,,,,,,,,,,,,,
0,2.1,122.5,,,,,,,,,,,,,
0,3.2,124.1,,,,,,,,,,,,,
0,11.83,124.39,,,,,,,,,,,,,
0,16.41,124.767,,,,,,,,,,,,,
0,18.88,124.527,,,,,,,,,,,,,
1.6,16,1600,FALSE,,,72,,,,,0,,,,固定値
0,-24.96,127.36,,,,,,,,,,,,,
0,-24.71,127.36,,,,,,,,,,,,,
0,-24.3,127.377,,,,,,,,,,,,,
0,-23.38,127.366,,,,,,,,,,,,,
0,-22.79,127.373,,,,,,,,,,,,,
0,-22.36,127.401,,,,,,,,,,,,,
0,-22.19,127.413,,,,,,,,,,,,,
0,-21.59,127.41,,,,,,,,,,,,,
0,-20.7,127.415,,,,,,,,,,,,,
0,-20.24,127.42,,,,,,,,,,,,,
0,-20.04,127.415,,,,,,,,,,,,,
0,-18.88,127.905,,,,,,,,,,,,,
0,-18.66,128.004,,,,,,,,,,,,,
0,-18.63,127.994,,,,,,,,,,,,,
0,-18.02,127.964,,,,,,,,,,,,,
0,-17.33,127.876,,,,,,,,,,,,,
0,-15.25,127.835,,,,,,,,,,,,,
0,-14.21,127.83,,,,,,,,,,,,,
0,-8.45,127.697,,,,,,,,,,,,,
0,-4.47,127.695,,,,,,,,,,,,,
0,-4.43,127.68,,,,,,,,,,,,,
0,-4.28,127.638,,,,,,,,,,,,,
0,-3.82,127.471,,,,,,,,,,,,,
0,-3.2,127.45,,,,,,,,,,,,,
0,-2.6,126.2,,,,,,,,,,,,,
0,-0.6,126.2,,,,,,,,,,,,,
0,-0.3,127.4,,,,,,,,,,,,,
0,2.3,127.4,,,,,,,,,,,,,
0,3.46,128.462,,,,,,,,,,,,,
0,4.08,128.68,,,,,,,,,,,,,
0,4.08,128.68,,,,,,,,,,,,,
0,4.08,128.683,,,,,,,,,,,,,
0,5.44,129.905,,,,,,,,,,,,,
0,7.12,130.149,,,,,,,,,,,,,
0,7.38,130.174,,,,,,,,,,,,,
0,7.88,130.216,,,,,,,,,,,,,
0,8.03,130.231,,,,,,,,,,,,,
0,8.03,130.231,,,,,,,,,,,,,
0,8.07,130.227,,,,,,,,,,,,,
0,8.07,130.227,,,,,,,,,,,,,
0,9.36,130.131,,,,,,,,,,,,,
0,9.36,130.131,,,,,,,,,,,,,
0,9.78,130.187,,,,,,,,,,,,,
0,9.98,130.211,,,,,,,,,,,,,
0,10.2,130.201,,,,,,,,,,,,,
0,11.41,130.099,,,,,,,,,,,,,
0,11.76,130.122,,,,,,,,,,,,,
0,12.03,130.163,,,,,,,,,,,,,
0,12.42,130.157,,,,,,,,,,,,,
0,13.41,130.13,,,,,,,,,,,,,
0,13.8,130.145,,,,,,,,,,,,,
0,14.03,130.154,,,,,,,,,,,,,
0,14.51,130.15,,,,,,,,,,,,,
0,15.44,130.134,,,,,,,,,,,,,
0,15.95,130.125,,,,,,,,,,,,,
0,16.11,130.134,,,,,,,,,,,,,
0,16.59,130.147,,,,,,,,,,,,,
0,17.53,130.196,,,,,,,,,,,,,
0,18,130.219,,,,,,,,,,,,,
0,18.18,130.228,,,,,,,,,,,,,
0,19.4,130.221,,,,,,,,,,,,,
0,19.57,130.221,,,,,,,,,,,,,
0,19.6,130.225,,,,,,,,,,,,,
0,20.27,130.195,,,,,,,,,,,,,
0,20.33,130.197,,,,,,,,,,,,,
0,21.74,130.23,,,,,,,,,,,,,
0,22.02,130.194,,,,,,,,,,,,,
0,22.38,130.197,,,,,,,,,,,,,
0,23.38,130.242,,,,,,,,,,,,,
0,23.68,130.274,,,,,,,,,,,,,
0,24,130.291,,,,,,,,,,,,,
0,24.58,130.325,,,,,,,,,,,,,
1.7,17,1700,FALSE,,,57,,,,,0,,,,固定値
0,-24.9,136.523,,,,,,,,,,,,,
0,-23.54,136.603,,,,,,,,,,,,,
0,-22.21,136.517,,,,,,,,,,,,,
0,-21.44,136.843,,,,,,,,,,,,,
0,-20.61,137.346,,,,,,,,,,,,,
0,-19.18,137.741,,,,,,,,,,,,,
0,-18.31,138.005,,,,,,,,,,,,,
0,-17.81,138.038,,,,,,,,,,,,,
0,-16.96,138.009,,,,,,,,,,,,,
0,-16.81,137.98,,,,,,,,,,,,,
0,-16.79,137.982,,,,,,,,,,,,,
0,-15.54,137.778,,,,,,,,,,,,,
0,-15.46,137.764,,,,,,,,,,,,,
0,-14.29,137.632,,,,,,,,,,,,,
0,-14.15,137.624,,,,,,,,,,,,,
0,-13.05,137.493,,,,,,,,,,,,,
0,-12.84,137.523,,,,,,,,,,,,,
0,-10.98,138.112,,,,,,,,,,,,,
0,-10.81,138.125,,,,,,,,,,,,,
0,-10.7,138.136,,,,,,,,,,,,,
0,-10.2,138.071,,,,,,,,,,,,,
0,-9.49,137.896,,,,,,,,,,,,,
0,-9.45,137.885,,,,,,,,,,,,,
0,-9.4,137.895,,,,,,,,,,,,,
0,-8.23,137.838,,,,,,,,,,,,,
0,-6.72,138.095,,,,,,,,,,,,,
0,-6.59,138.09,,,,,,,,,,,,,
0,-5.39,137.734,,,,,,,,,,,,,
0,-5.28,137.734,,,,,,,,,,,,,
0,-5.16,137.728,,,,,,,,,,,,,
0,-2.2,137.7,,,,,,,,,,,,,
0,-2,136.5,,,,,,,,,,,,,
0,-1.2,136.5,,,,,,,,,,,,,
0,-1,135.4,,,,,,,,,,,,,
0,1.1,135.4,,,,,,,,,,,,,
0,1.3,136.5,,,,,,,,,,,,,
0,1.87,136.646,,,,,,,,,,,,,
0,2.75,136.723,,,,,,,,,,,,,
0,2.82,136.755,,,,,,,,,,,,,
0,2.96,136.794,,,,,,,,,,,,,
0,3.55,136.811,,,,,,,,,,,,,
0,5.78,136.653,,,,,,,,,,,,,
0,6.19,136.663,,,,,,,,,,,,,
0,6.83,136.657,,,,,,,,,,,,,
0,9.08,136.616,,,,,,,,,,,,,
0,9.46,136.584,,,,,,,,,,,,,
0,12.35,136.624,,,,,,,,,,,,,
0,16.53,136.94,,,,,,,,,,,,,
0,18.89,136.656,,,,,,,,,,,,,
0,19.15,136.433,,,,,,,,,,,,,
0,21.01,136.382,,,,,,,,,,,,,
0,21.63,136.476,,,,,,,,,,,,,
0,22.17,136.172,,,,,,,,,,,,,
0,23.25,136.214,,,,,,,,,,,,,
0,23.65,136.276,,,,,,,,,,,,,
0,24.68,136.523,,,,,,,,,,,,,
0,24.78,136.521,,,,,,,,,,,,,
1.8,18,1800,FALSE,,,49,,,,,0,,,,固定値
0,-21.24,140.304,,,,,,,,,,,,,
0,-20.67,140.306,,,,,,,,,,,,,
0,-19.09,140.236,,,,,,,,,,,,,
0,-18.76,140.231,,,,,,,,,,,,,
0,-14.66,140.364,,,,,,,,,,,,,
0,-12.4,140.459,,,,,,,,,,,,,
0,-10.01,141.936,,,,,,,,,,,,,
0,-9.69,142.09,,,,,,,,,,,,,
0,-9.63,142.145,,,,,,,,,,,,,
0,-8.77,142.471,,,,,,,,,,,,,
0,-8.06,142.635,,,,,,,,,,,,,
0,-7.35,142.858,,,,,,,,,,,,,
0,-6.38,142.892,,,,,,,,,,,,,
0,-5.03,142.973,,,,,,,,,,,,,
0,-4.4,143.102,,,,,,,,,,,,,
0,-4.05,143.084,,,,,,,,,,,,,
0,-3.59,143.116,,,,,,,,,,,,,
0,-3.12,143.177,,,,,,,,,,,,,
0,-2.6,143.1,,,,,,,,,,,,,
0,-2.15,141.6,,,,,,,,,,,,,
0,0.15,141.9,,,,,,,,,,,,,
0,0.25,141.6,,,,,,,,,,,,,
0,1.25,143.4,,,,,,,,,,,,,
0,1.65,143.4,,,,,,,,,,,,,
0,3.02,143.4,,,,,,,,,,,,,
0,7.67,143.925,,,,,,,,,,,,,
0,9.88,143.953,,,,,,,,,,,,,
0,10.66,144.075,,,,,,,,,,,,,
0,12.02,144.156,,,,,,,,,,,,,
0,12.2,144.16,,,,,,,,,,,,,
0,12.55,144.196,,,,,,,,,,,,,
0,13.04,144.27,,,,,,,,,,,,,
0,13.54,144.187,,,,,,,,,,,,,
0,13.92,144.169,,,,,,,,,,,,,
0,14.17,144.145,,,,,,,,,,,,,
0,15.96,144.117,,,,,,,,,,,,,
0,16.17,144.099,,,,,,,,,,,,,
0,16.64,144.065,,,,,,,,,,,,,
0,16.8,144.076,,,,,,,,,,,,,
0,18.06,144.287,,,,,,,,,,,,,
0,19.24,144.171,,,,,,,,,,,,,
0,19.52,144.155,,,,,,,,,,,,,
0,19.9,144.226,,,,,,,,,,,,,
0,21.24,144.257,,,,,,,,,,,,,
0,21.71,144.339,,,,,,,,,,,,,
0,22.54,144.195,,,,,,,,,,,,,
0,22.81,144.15,,,,,,,,,,,,,
0,23.57,144.149,,,,,,,,,,,,,
0,24.39,144.194,,,,,,,,,,,,,
1.9,19,1900,FALSE,,,57,,,,,0,,,,固定値
0,-24.29,153.368,,,,,,,,,,,,,
0,-22.19,153.588,,,,,,,,,,,,,
0,-22.17,153.585,,,,,,,,,,,,,
0,-22.15,153.585,,,,,,,,,,,,,
0,-21.05,153.436,,,,,,,,,,,,,
0,-19.84,153.505,,,,,,,,,,,,,
0,-19.44,153.204,,,,,,,,,,,,,
0,-19.12,153.067,,,,,,,,,,,,,
0,-16.72,151.573,,,,,,,,,,,,,
0,-15.84,151.424,,,,,,,,,,,,,
0,-15.18,151.205,,,,,,,,,,,,,
0,-14.36,150.955,,,,,,,,,,,,,
0,-14.35,150.951,,,,,,,,,,,,,
0,-14.34,150.95,,,,,,,,,,,,,
0,-11.71,150.976,,,,,,,,,,,,,
0,-11.2,150.938,,,,,,,,,,,,,
0,-10.47,150.862,,,,,,,,,,,,,
0,-8.46,151.214,,,,,,,,,,,,,
0,-8.28,151.266,,,,,,,,,,,,,
0,-8.07,151.311,,,,,,,,,,,,,
0,-7.89,151.27,,,,,,,,,,,,,
0,-7.31,151.135,,,,,,,,,,,,,
0,-6.48,151.189,,,,,,,,,,,,,
0,-5.77,151.311,,,,,,,,,,,,,
0,-5.45,151.355,,,,,,,,,,,,,
0,-4.25,151.171,,,,,,,,,,,,,
0,-2.81,150.177,,,,,,,,,,,,,
0,-1.51,149.641,,,,,,,,,,,,,
0,-1.26,149.276,,,,,,,,,,,,,
0,-0.4,147.55,,,,,,,,,,,,,
0,-0.25,147.55,,,,,,,,,,,,,
0,-0.05,147.1,,,,,,,,,,,,,
0,0.95,147.1,,,,,,,,,,,,,
0,1.15,147.55,,,,,,,,,,,,,
0,1.9,149.2,,,,,,,,,,,,,
0,6.46,150.279,,,,,,,,,,,,,
0,7.56,150.665,,,,,,,,,,,,,
0,8.49,151.219,,,,,,,,,,,,,
0,8.67,151.305,,,,,,,,,,,,,
0,9.41,151.331,,,,,,,,,,,,,
0,9.94,151.552,,,,,,,,,,,,,
0,11.08,151.786,,,,,,,,,,,,,
0,11.77,152.059,,,,,,,,,,,,,
0,12.57,152.212,,,,,,,,,,,,,
0,13.88,152.587,,,,,,,,,,,,,
0,14.46,152.714,,,,,,,,,,,,,
0,17.14,153.053,,,,,,,,,,,,,
0,18.25,153.188,,,,,,,,,,,,,
0,19.02,153.229,,,,,,,,,,,,,
0,19.24,153.229,,,,,,,,,,,,,
0,20.39,153.361,,,,,,,,,,,,,
0,21.16,153.151,,,,,,,,,,,,,
0,21.66,153.16,,,,,,,,,,,,,
0,23.08,153.233,,,,,,,,,,,,,
0,23.83,153.162,,,,,,,,,,,,,
0,24.35,153.093,,,,,,,,,,,,,
0,24.53,153.12,,,,,,,,,,,,,
2,20,2000,FALSE,,,37,,,,,0,,,,固定値
0,-22.92,162.241,,,,,,,,,,,,,
0,-22.32,161.858,,,,,,,,,,,,,
0,-17.44,160.245,,,,,,,,,,,,,
0,-16.88,159.841,,,,,,,,,,,,,
0,-16.33,159.843,,,,,,,,,,,,,
0,-15.38,159.838,,,,,,,,,,,,,
0,-14.92,159.855,,,,,,,,,,,,,
0,-13.57,159.937,,,,,,,,,,,,,
0,-13.43,159.937,,,,,,,,,,,,,
0,-13.23,159.92,,,,,,,,,,,,,
0,-12.42,159.874,,,,,,,,,,,,,
0,-11.83,159.949,,,,,,,,,,,,,
0,-11.45,160.023,,,,,,,,,,,,,
0,-10.68,159.932,,,,,,,,,,,,,
0,-9.96,159.814,,,,,,,,,,,,,
0,-9.26,159.603,,,,,,,,,,,,,
0,-8.78,159.482,,,,,,,,,,,,,
0,-8.13,159.138,,,,,,,,,,,,,
0,-7.76,158.931,,,,,,,,,,,,,
0,-7.51,158.85,,,,,,,,,,,,,
0,-5.92,158.529,,,,,,,,,,,,,
0,-5.51,158.478,,,,,,,,,,,,,
0,-4.99,158.296,,,,,,,,,,,,,
0,-4.51,158.033,,,,,,,,,,,,,
0,-3.73,157.152,,,,,,,,,,,,,
0,-2.58,155.706,,,,,,,,,,,,,
0,-2.06,155.796,,,,,,,,,,,,,
0,-0.9,155.6,,,,,,,,,,,,,
0,0.3,155.6,,,,,,,,,,,,,
0,0.47,155.648,,,,,,,,,,,,,
0,2.92,157.075,,,,,,,,,,,,,
0,8.31,161.008,,,,,,,,,,,,,
0,10.86,162.956,,,,,,,,,,,,,
0,11.29,163.24,,,,,,,,,,,,,
0,11.54,163.468,,,,,,,,,,,,,
0,17.43,166.841,,,,,,,,,,,,,
0,18.88,167.23,,,,,,,,,,,,,
2.1,21,2100,FALSE,,,43,,,,,0,,,,固定値
0,-24.72,170.424,,,,,,,,,,,,,
0,-24.34,170.401,,,,,,,,,,,,,
0,-24.15,170.384,,,,,,,,,,,,,
0,-23,170.303,,,,,,,,,,,,,
0,-22.11,170.222,,,,,,,,,,,,,
0,-21.65,170.175,,,,,,,,,,,,,
0,-20.75,170.13,,,,,,,,,,,,,
0,-20.23,170.112,,,,,,,,,,,,,
0,-20.05,170.09,,,,,,,,,,,,,
0,-18.69,169.981,,,,,,,,,,,,,
0,-18.53,169.941,,,,,,,,,,,,,
0,-18.05,169.936,,,,,,,,,,,,,
0,-14.71,169.459,,,,,,,,,,,,,
0,-5.64,166.637,,,,,,,,,,,,,
0,-5.6,166.618,,,,,,,,,,,,,
0,-5.3,166.598,,,,,,,,,,,,,
0,-4.15,166.521,,,,,,,,,,,,,
0,-3.56,166.538,,,,,,,,,,,,,
0,-2.69,166.548,,,,,,,,,,,,,
0,-1.42,165.684,,,,,,,,,,,,,
0,-1,165.2,,,,,,,,,,,,,
0,1,165.2,,,,,,,,,,,,,
0,3.72,167.806,,,,,,,,,,,,,
0,4.28,167.955,,,,,,,,,,,,,
0,5.38,168.659,,,,,,,,,,,,,
0,5.92,168.985,,,,,,,,,,,,,
0,6.15,169.055,,,,,,,,,,,,,
0,7.48,169.582,,,,,,,,,,,,,
0,8.41,169.827,,,,,,,,,,,,,
0,9.02,169.879,,,,,,,,,,,,,
0,10.35,170.262,,,,,,,,,,,,,
0,10.56,170.319,,,,,,,,,,,,,
0,10.59,170.333,,,,,,,,,,,,,
0,10.59,170.334,,,,,,,,,,,,,
0,19.39,176.012,,,,,,,,,,,,,
0,19.61,176.061,,,,,,,,,,,,,
0,19.79,176.059,,,,,,,,,,,,,
0,19.89,176.056,,,,,,,,,,,,,
0,20.65,176.193,,,,,,,,,,,,,
0,21.1,176.258,,,,,,,,,,,,,
0,22.56,176.524,,,,,,,,,,,,,
0,23.65,176.508,,,,,,,,,,,,,
0,24.84,176.407,,,,,,,,,,,,,
2.2,22,2200,FALSE,,,54,,,,,0,,,,固定値
0,-24.88,179.246,,,,,,,,,,,,,
0,-24.73,179.167,,,,,,,,,,,,,
0,-24.58,179.015,,,,,,,,,,,,,
0,-23.22,177.544,,,,,,,,,,,,,
0,-22.21,176.463,,,,,,,,,,,,,
0,-20.13,174.334,,,,,,,,,,,,,
0,-19.78,174.323,,,,,,,,,,,,,
0,-19.12,174.32,,,,,,,,,,,,,
0,-16.75,174.332,,,,,,,,,,,,,
0,-15.27,174.364,,,,,,,,,,,,,
0,-14.73,174.373,,,,,,,,,,,,,
0,-13.91,174.3,,,,,,,,,,,,,
0,-13.61,174.281,,,,,,,,,,,,,
0,-13.47,174.27,,,,,,,,,,,,,
0,-11.81,174.248,,,,,,,,,,,,,
0,-11.44,174.24,,,,,,,,,,,,,
0,-10.9,174.175,,,,,,,,,,,,,
0,-9.98,173.948,,,,,,,,,,,,,
0,-9.36,173.816,,,,,,,,,,,,,
0,-8.53,173.788,,,,,,,,,,,,,
0,-8.32,173.766,,,,,,,,,,,,,
0,-8.18,173.768,,,,,,,,,,,,,
0,-7.22,173.764,,,,,,,,,,,,,
0,-6.4,173.776,,,,,,,,,,,,,
0,-6.15,173.776,,,,,,,,,,,,,
0,-5.76,173.723,,,,,,,,,,,,,
0,-4.96,173.617,,,,,,,,,,,,,
0,-3.96,173.097,,,,,,,,,,,,,
0,-3.74,172.989,,,,,,,,,,,,,
0,-2,171.9,,,,,,,,,,,,,
0,0,171.9,,,,,,,,,,,,,
0,1.76,172.725,,,,,,,,,,,,,
0,3.2,174.152,,,,,,,,,,,,,
0,3.68,174.289,,,,,,,,,,,,,
0,5.83,174.361,,,,,,,,,,,,,
0,6.45,174.627,,,,,,,,,,,,,
0,8.06,176.246,,,,,,,,,,,,,
0,9.46,176.793,,,,,,,,,,,,,
0,9.97,177.031,,,,,,,,,,,,,
0,10.61,177.301,,,,,,,,,,,,,
0,11.92,178.085,,,,,,,,,,,,,
0,12.78,178.597,,,,,,,,,,,,,
0,12.97,178.697,,,,,,,,,,,,,
0,13.54,178.96,,,,,,,,,,,,,
0,16.15,180.364,,,,,,,,,,,,,
0,16.86,180.566,,,,,,,,,,,,,
0,17.23,180.947,,,,,,,,,,,,,
0,20.31,183.704,,,,,,,,,,,,,
0,20.62,183.777,,,,,,,,,,,,,
0,21.63,183.56,,,,,,,,,,,,,
0,22.09,183.456,,,,,,,,,,,,,
0,22.91,185.388,,,,,,,,,,,,,
0,23.44,186.153,,,,,,,,,,,,,
0,23.78,186.443,,,,,,,,,,,,,
2.3,23,2300,FALSE,,,28,,,,,0,,,,固定値
0,-20.07,194.352,,,,,,,,,,,,,
0,-16.56,191.365,,,,,,,,,,,,,
0,-15.52,190.563,,,,,,,,,,,,,
0,-13.42,189.047,,,,,,,,,,,,,
0,-11.62,187.946,,,,,,,,,,,,,
0,-11.38,188.011,,,,,,,,,,,,,
0,-10.52,187.394,,,,,,,,,,,,,
0,-5.22,183.704,,,,,,,,,,,,,
0,-3.69,182.07,,,,,,,,,,,,,
0,-2.54,180.461,,,,,,,,,,,,,
0,-1,180.15,,,,,,,,,,,,,
0,2,180.15,,,,,,,,,,,,,
0,3.03,180.178,,,,,,,,,,,,,
0,3.65,180.233,,,,,,,,,,,,,
0,4.41,180.358,,,,,,,,,,,,,
0,4.92,180.447,,,,,,,,,,,,,
0,5.27,180.528,,,,,,,,,,,,,
0,5.89,180.705,,,,,,,,,,,,,
0,6.33,181.148,,,,,,,,,,,,,
0,6.88,182.037,,,,,,,,,,,,,
0,7.74,182.872,,,,,,,,,,,,,
0,8.97,184.308,,,,,,,,,,,,,
0,9.76,184.727,,,,,,,,,,,,,
0,11.1,184.903,,,,,,,,,,,,,
0,11.78,185.292,,,,,,,,,,,,,
0,13.95,187.065,,,,,,,,,,,,,
0,15.83,188.734,,,,,,,,,,,,,
0,19.29,191.783,,,,,,,,,,,,,
