0,0,0,FALSE,,,158,,,,,0,,,,âÕêÏä«óùé{ê›ìôç\ë¢óﬂ
0,-73.571,82.364,,,,,,,,,,,,,
0,-71.936,81.534,,,,,,,,,,,,,
0,-62.451,80.537,,,,,,,,,,,,,
0,-61.378,80.909,,,,,,,,,,,,,
0,-59.477,81.12,,,,,,,,,,,,,
0,-57.171,81.353,,,,,,,,,,,,,
0,-55.719,80.144,,,,,,,,,,,,,
0,-55.324,79.855,,,,,,,,,,,,,
0,-54.775,79.577,,,,,,,,,,,,,
0,-53.128,78.466,,,,,,,,,,,,,
0,-52.714,78.089,,,,,,,,,,,,,
0,-51.238,76.873,,,,,,,,,,,,,
0,-50.956,76.305,,,,,,,,,,,,,
0,-49.196,75.199,,,,,,,,,,,,,
0,-48.535,74.67,,,,,,,,,,,,,
0,-47.391,73.498,,,,,,,,,,,,,
0,-47.37,73.482,,,,,,,,,,,,,
0,-47.323,73.452,,,,,,,,,,,,,
0,-46.371,72.595,,,,,,,,,,,,,
0,-46.313,72.545,,,,,,,,,,,,,
0,-45.603,71.868,,,,,,,,,,,,,
0,-44.367,70.673,,,,,,,,,,,,,
0,-43.519,69.878,,,,,,,,,,,,,
0,-42.94,68.969,,,,,,,,,,,,,
0,-42.392,68.17,,,,,,,,,,,,,
0,-40.748,66.529,,,,,,,,,,,,,
0,-40.697,66.493,,,,,,,,,,,,,
0,-40.653,66.445,,,,,,,,,,,,,
0,-39.809,65.725,,,,,,,,,,,,,
0,-39.139,65.24,,,,,,,,,,,,,
0,-38.085,64.051,,,,,,,,,,,,,
0,-37.545,63.865,,,,,,,,,,,,,
0,-36.972,62.876,,,,,,,,,,,,,
0,-34.24,57.679,,,,,,,,,,,,,
0,-34.158,57.551,,,,,,,,,,,,,
0,-34.028,57.555,,,,,,,,,,,,,
0,-33.918,57.538,,,,,,,,,,,,,
0,-32.815,57.571,,,,,,,,,,,,,
0,-32.109,57.489,,,,,,,,,,,,,
0,-31.381,57.402,,,,,,,,,,,,,
0,-30.853,57.525,,,,,,,,,,,,,
0,-30.372,57.525,,,,,,,,,,,,,
0,-29.877,57.529,,,,,,,,,,,,,
0,-29.535,57.507,,,,,,,,,,,,,
0,-29.38,57.49,,,,,,,,,,,,,
0,-28.438,57.748,,,,,,,,,,,,,
0,-28.391,57.755,,,,,,,,,,,,,
0,-28.374,57.756,,,,,,,,,,,,,
0,-27.382,57.424,,,,,,,,,,,,,
0,-27.195,57.386,,,,,,,,,,,,,
0,-26.507,57.416,,,,,,,,,,,,,
0,-24.143,57.213,,,,,,,,,,,,,
0,-23.777,57.073,,,,,,,,,,,,,
0,-23.221,56.861,,,,,,,,,,,,,
0,-22.264,56.933,,,,,,,,,,,,,
0,-22.033,56.961,,,,,,,,,,,,,
0,-21.239,56.928,,,,,,,,,,,,,
0,-20.93,56.921,,,,,,,,,,,,,
0,-20.568,56.913,,,,,,,,,,,,,
0,-19.868,56.905,,,,,,,,,,,,,
0,-19.287,56.658,,,,,,,,,,,,,
0,-18.808,56.397,,,,,,,,,,,,,
0,-18.033,55.202,,,,,,,,,,,,,
0,-16.394,54.535,,,,,,,,,,,,,
0,-15.737,54.306,,,,,,,,,,,,,
0,-15.342,53.997,,,,,,,,,,,,,
0,-15.169,53.878,,,,,,,,,,,,,
0,-14.249,53.227,,,,,,,,,,,,,
0,-14.243,53.227,,,,,,,,,,,,,
0,-14.218,53.209,,,,,,,,,,,,,
0,-13.193,52.546,,,,,,,,,,,,,
0,-12.327,52.293,,,,,,,,,,,,,
0,-11.3,52.097,,,,,,,,,,,,,
0,-10.877,51.727,,,,,,,,,,,,,
0,-10.389,51.668,,,,,,,,,,,,,
0,-9.926,51.411,,,,,,,,,,,,,
0,-9.103,51.179,,,,,,,,,,,,,
0,-7.822,50.644,,,,,,,,,,,,,
0,-7.429,50.547,,,,,,,,,,,,,
0,-7.127,50.419,,,,,,,,,,,,,
0,-6.353,50.208,,,,,,,,,,,,,
0,-5.483,50.358,,,,,,,,,,,,,
0,-5.175,50.43,,,,,,,,,,,,,
0,-3.647,50.177,,,,,,,,,,,,,
0,-1.901,49.874,,,,,,,,,,,,,
0,-1.028,49.862,,,,,,,,,,,,,
0,-0.784,49.847,,,,,,,,,,,,,
0,0.076,49.77,,,,,,,,,,,,,
0,0.357,49.757,,,,,,,,,,,,,
0,0.505,49.755,,,,,,,,,,,,,
0,2.722,49.822,,,,,,,,,,,,,
0,3.532,49.87,,,,,,,,,,,,,
0,5.635,49.949,,,,,,,,,,,,,
0,6.197,49.916,,,,,,,,,,,,,
0,6.829,49.952,,,,,,,,,,,,,
0,8.736,51.633,,,,,,,,,,,,,
0,11.913,54.552,,,,,,,,,,,,,
0,12.42,54.967,,,,,,,,,,,,,
0,13.802,55.944,,,,,,,,,,,,,
0,13.961,56.024,,,,,,,,,,,,,
0,14.12,56.075,,,,,,,,,,,,,
0,14.929,55.981,,,,,,,,,,,,,
0,19.177,55.88,,,,,,,,,,,,,
0,20.396,55.66,,,,,,,,,,,,,
0,20.961,55.784,,,,,,,,,,,,,
0,22.02,58.021,,,,,,,,,,,,,
0,22.723,58.171,,,,,,,,,,,,,
0,26.99,57.888,,,,,,,,,,,,,
0,29.309,58.399,,,,,,,,,,,,,
0,29.504,58.435,,,,,,,,,,,,,
0,30.008,58.53,,,,,,,,,,,,,
0,32.107,59.116,,,,,,,,,,,,,
0,32.468,59.244,,,,,,,,,,,,,
0,34.24,59.962,,,,,,,,,,,,,
0,35.663,60.902,,,,,,,,,,,,,
0,36.316,60.66,,,,,,,,,,,,,
0,38.397,60.884,,,,,,,,,,,,,
0,38.905,61.201,,,,,,,,,,,,,
0,40.081,61.161,,,,,,,,,,,,,
0,40.286,61.101,,,,,,,,,,,,,
0,41.434,61.231,,,,,,,,,,,,,
0,42.167,61.38,,,,,,,,,,,,,
0,42.77,61.336,,,,,,,,,,,,,
0,44.013,61.241,,,,,,,,,,,,,
0,44.113,61.241,,,,,,,,,,,,,
0,44.367,61.246,,,,,,,,,,,,,
0,45.23,61.299,,,,,,,,,,,,,
0,45.809,61.27,,,,,,,,,,,,,
0,46.294,61.213,,,,,,,,,,,,,
0,46.981,61.17,,,,,,,,,,,,,
0,47.372,61.133,,,,,,,,,,,,,
0,47.505,61.134,,,,,,,,,,,,,
0,48.573,60.995,,,,,,,,,,,,,
0,49.085,60.931,,,,,,,,,,,,,
0,49.769,61.006,,,,,,,,,,,,,
0,50.685,60.938,,,,,,,,,,,,,
0,50.942,60.863,,,,,,,,,,,,,
0,51.778,61.054,,,,,,,,,,,,,
0,52.218,61.106,,,,,,,,,,,,,
0,52.725,61.09,,,,,,,,,,,,,
0,53.544,61.049,,,,,,,,,,,,,
0,54.26,61.072,,,,,,,,,,,,,
0,54.896,61.1,,,,,,,,,,,,,
0,55.132,61.062,,,,,,,,,,,,,
0,55.576,60.904,,,,,,,,,,,,,
0,56.89,59.805,,,,,,,,,,,,,
0,57.859,59.242,,,,,,,,,,,,,
0,59.486,58.647,,,,,,,,,,,,,
0,60.621,58.025,,,,,,,,,,,,,
0,61.126,57.572,,,,,,,,,,,,,
0,61.847,57.205,,,,,,,,,,,,,
0,62.785,56.788,,,,,,,,,,,,,
0,63.084,56.626,,,,,,,,,,,,,
0,63.795,56.462,,,,,,,,,,,,,
0,68.816,55.03,,,,,,,,,,,,,
0,73.057,54.552,,,,,,,,,,,,,
0,74.476,54.452,,,,,,,,,,,,,
0,75,54.319,,,,,,,,,,,,,
0.1,1,100,FALSE,,,72,,,,,0,,,,âÕêÏä«óùé{ê›ìôç\ë¢óﬂ
0,-65.059,101.458,,,,,,,,,,,,,
0,-64.989,101.381,,,,,,,,,,,,,
0,-63.784,100.39,,,,,,,,,,,,,
0,-63.679,100.345,,,,,,,,,,,,,
0,-62.6,99.61,,,,,,,,,,,,,
0,-62.536,99.543,,,,,,,,,,,,,
0,-61.285,98.348,,,,,,,,,,,,,
0,-61.263,98.325,,,,,,,,,,,,,
0,-59.976,97.113,,,,,,,,,,,,,
0,-59.966,97.103,,,,,,,,,,,,,
0,-59.953,97.093,,,,,,,,,,,,,
0,-58.983,96.349,,,,,,,,,,,,,
0,-57.174,94.293,,,,,,,,,,,,,
0,-54.306,91.895,,,,,,,,,,,,,
0,-48.809,87.329,,,,,,,,,,,,,
0,-48.756,87.327,,,,,,,,,,,,,
0,-47.669,86.719,,,,,,,,,,,,,
0,-47.384,86.434,,,,,,,,,,,,,
0,-47.353,86.419,,,,,,,,,,,,,
0,-39.486,80.96,,,,,,,,,,,,,
0,-39.038,80.713,,,,,,,,,,,,,
0,-37.285,79.904,,,,,,,,,,,,,
0,-36.77,79.777,,,,,,,,,,,,,
0,-36.601,79.804,,,,,,,,,,,,,
0,-34.327,78.245,,,,,,,,,,,,,
0,-32.388,77.09,,,,,,,,,,,,,
0,-32.146,77.006,,,,,,,,,,,,,
0,-31.761,76.837,,,,,,,,,,,,,
0,-30.75,75.958,,,,,,,,,,,,,
0,-28.375,72.509,,,,,,,,,,,,,
0,-25.384,70.278,,,,,,,,,,,,,
0,-19.316,63.67,,,,,,,,,,,,,
0,-18.98,63.694,,,,,,,,,,,,,
0,-18.387,63.646,,,,,,,,,,,,,
0,-16.936,63.648,,,,,,,,,,,,,
0,-16.487,63.642,,,,,,,,,,,,,
0,-15.19,62.753,,,,,,,,,,,,,
0,-10.749,59.232,,,,,,,,,,,,,
0,-6.457,56.356,,,,,,,,,,,,,
0,-5.483,55.686,,,,,,,,,,,,,
0,-4.859,55.584,,,,,,,,,,,,,
0,-3.854,55.099,,,,,,,,,,,,,
0,-3.445,55.153,,,,,,,,,,,,,
0,-2.887,55.522,,,,,,,,,,,,,
0,-1.034,55.315,,,,,,,,,,,,,
0,-0.226,55.208,,,,,,,,,,,,,
0,0.152,55.013,,,,,,,,,,,,,
0,0.432,54.797,,,,,,,,,,,,,
0,0.94,54.569,,,,,,,,,,,,,
0,1.479,54.252,,,,,,,,,,,,,
0,2.384,54.248,,,,,,,,,,,,,
0,4.07,54.92,,,,,,,,,,,,,
0,4.582,55.549,,,,,,,,,,,,,
0,4.996,55.96,,,,,,,,,,,,,
0,5.267,56.271,,,,,,,,,,,,,
0,6.38,57.775,,,,,,,,,,,,,
0,23.605,79.712,,,,,,,,,,,,,
0,24.377,80.376,,,,,,,,,,,,,
0,27.44,82.328,,,,,,,,,,,,,
0,33.446,87.256,,,,,,,,,,,,,
0,40.135,89.865,,,,,,,,,,,,,
0,44.311,91.551,,,,,,,,,,,,,
0,47.49,92.038,,,,,,,,,,,,,
0,48.34,92.265,,,,,,,,,,,,,
0,49.245,92.308,,,,,,,,,,,,,
0,49.666,92.312,,,,,,,,,,,,,
0,50.076,92.351,,,,,,,,,,,,,
0,53.982,92.489,,,,,,,,,,,,,
0,54.531,92.727,,,,,,,,,,,,,
0,54.765,92.959,,,,,,,,,,,,,
0,69.866,89.6,,,,,,,,,,,,,
0,75,92.466,,,,,,,,,,,,,
0.2,2,200,FALSE,,,84,,,,,0,,,,âÕêÏä«óùé{ê›ìôç\ë¢óﬂ
0,-54.515,102.625,,,,,,,,,,,,,
0,-54.288,101.789,,,,,,,,,,,,,
0,-50.618,97.33,,,,,,,,,,,,,
0,-49.791,96.514,,,,,,,,,,,,,
0,-48.917,95.779,,,,,,,,,,,,,
0,-48.192,95.287,,,,,,,,,,,,,
0,-45.381,93.297,,,,,,,,,,,,,
0,-42.16,91.075,,,,,,,,,,,,,
0,-41.872,90.887,,,,,,,,,,,,,
0,-41.012,90.189,,,,,,,,,,,,,
0,-40.195,89.555,,,,,,,,,,,,,
0,-36.671,87.714,,,,,,,,,,,,,
0,-35.239,86.614,,,,,,,,,,,,,
0,-32.395,85.198,,,,,,,,,,,,,
0,-30.377,82.819,,,,,,,,,,,,,
0,-29.917,82.413,,,,,,,,,,,,,
0,-22.82,76.082,,,,,,,,,,,,,
0,-21.473,74.681,,,,,,,,,,,,,
0,-19.988,73.155,,,,,,,,,,,,,
0,-15.376,65.827,,,,,,,,,,,,,
0,-15.206,65.281,,,,,,,,,,,,,
0,-13.706,63.869,,,,,,,,,,,,,
0,-13.42,63.868,,,,,,,,,,,,,
0,-13.268,63.85,,,,,,,,,,,,,
0,-12.501,63.513,,,,,,,,,,,,,
0,-12.098,63.32,,,,,,,,,,,,,
0,-11.527,63.192,,,,,,,,,,,,,
0,-10.971,63.034,,,,,,,,,,,,,
0,-10.792,62.976,,,,,,,,,,,,,
0,-10.485,62.905,,,,,,,,,,,,,
0,-9.915,62.744,,,,,,,,,,,,,
0,-9.821,62.727,,,,,,,,,,,,,
0,-9.128,62.574,,,,,,,,,,,,,
0,-8.632,62.462,,,,,,,,,,,,,
0,-8.357,62.442,,,,,,,,,,,,,
0,-7.858,62.416,,,,,,,,,,,,,
0,-7.366,62.398,,,,,,,,,,,,,
0,-7.202,62.384,,,,,,,,,,,,,
0,-7.032,62.38,,,,,,,,,,,,,
0,-6.21,62.33,,,,,,,,,,,,,
0,-5.887,62.281,,,,,,,,,,,,,
0,-5.103,62.172,,,,,,,,,,,,,
0,-4.672,62.108,,,,,,,,,,,,,
0,-4.391,62.03,,,,,,,,,,,,,
0,0.26,62.093,,,,,,,,,,,,,
0,1.444,62.118,,,,,,,,,,,,,
0,2.795,62.203,,,,,,,,,,,,,
0,3.127,62.363,,,,,,,,,,,,,
0,3.805,62.242,,,,,,,,,,,,,
0,4.814,62.153,,,,,,,,,,,,,
0,5.233,62.262,,,,,,,,,,,,,
0,6.037,62.501,,,,,,,,,,,,,
0,6.508,62.634,,,,,,,,,,,,,
0,7.504,62.784,,,,,,,,,,,,,
0,7.658,62.818,,,,,,,,,,,,,
0,7.846,62.852,,,,,,,,,,,,,
0,8.431,63.053,,,,,,,,,,,,,
0,8.9,63.251,,,,,,,,,,,,,
0,9.378,63.396,,,,,,,,,,,,,
0,9.581,63.422,,,,,,,,,,,,,
0,10.524,63.497,,,,,,,,,,,,,
0,11.253,63.609,,,,,,,,,,,,,
0,11.709,63.651,,,,,,,,,,,,,
0,11.837,63.701,,,,,,,,,,,,,
0,14.466,65.426,,,,,,,,,,,,,
0,18.252,67.17,,,,,,,,,,,,,
0,21.8,70.676,,,,,,,,,,,,,
0,25.853,72.938,,,,,,,,,,,,,
0,27.215,74.519,,,,,,,,,,,,,
0,27.512,74.678,,,,,,,,,,,,,
0,28.787,75.566,,,,,,,,,,,,,
0,31.344,77.377,,,,,,,,,,,,,
0,34.093,79.696,,,,,,,,,,,,,
0,34.296,79.879,,,,,,,,,,,,,
0,37.745,84.039,,,,,,,,,,,,,
0,44.387,89.906,,,,,,,,,,,,,
0,48.734,93.909,,,,,,,,,,,,,
0,51.112,96.325,,,,,,,,,,,,,
0,54.284,99.225,,,,,,,,,,,,,
0,62.016,104.831,,,,,,,,,,,,,
0,63.242,105.527,,,,,,,,,,,,,
0,63.421,105.649,,,,,,,,,,,,,
0,63.508,105.718,,,,,,,,,,,,,
0,65.229,105.747,,,,,,,,,,,,,
0.3,3,300,FALSE,,,108,,,,,0,,,,âÕêÏä«óùé{ê›ìôç\ë¢óﬂ
0,-50.82,99.452,,,,,,,,,,,,,
0,-50.82,99.452,,,,,,,,,,,,,
0,-50.5,100.716,,,,,,,,,,,,,
0,-50.5,100.716,,,,,,,,,,,,,
0,-47.652,99.571,,,,,,,,,,,,,
0,-47.576,99.533,,,,,,,,,,,,,
0,-46.304,98.981,,,,,,,,,,,,,
0,-44.838,98.051,,,,,,,,,,,,,
0,-43.889,97.568,,,,,,,,,,,,,
0,-43.431,97.126,,,,,,,,,,,,,
0,-42.977,96.836,,,,,,,,,,,,,
0,-42.379,96.471,,,,,,,,,,,,,
0,-38.358,94.249,,,,,,,,,,,,,
0,-37.96,93.982,,,,,,,,,,,,,
0,-35.573,92.108,,,,,,,,,,,,,
0,-34.88,91.823,,,,,,,,,,,,,
0,-33.901,91.201,,,,,,,,,,,,,
0,-32.436,90.063,,,,,,,,,,,,,
0,-31.484,89.147,,,,,,,,,,,,,
0,-27.736,85.923,,,,,,,,,,,,,
0,-27.733,85.921,,,,,,,,,,,,,
0,-27.657,85.858,,,,,,,,,,,,,
0,-26.531,84.931,,,,,,,,,,,,,
0,-26.473,84.892,,,,,,,,,,,,,
0,-26.038,84.396,,,,,,,,,,,,,
0,-21.192,79.388,,,,,,,,,,,,,
0,-20.714,78.974,,,,,,,,,,,,,
0,-19.659,78.289,,,,,,,,,,,,,
0,-19.153,77.698,,,,,,,,,,,,,
0,-18.631,77.32,,,,,,,,,,,,,
0,-16.371,75.635,,,,,,,,,,,,,
0,-14.383,74.593,,,,,,,,,,,,,
0,-12.615,73.765,,,,,,,,,,,,,
0,-12.119,73.78,,,,,,,,,,,,,
0,-11.982,73.778,,,,,,,,,,,,,
0,-11.152,73.583,,,,,,,,,,,,,
0,-10.972,73.559,,,,,,,,,,,,,
0,-10.764,73.397,,,,,,,,,,,,,
0,-8.894,72.602,,,,,,,,,,,,,
0,-4.66,70.754,,,,,,,,,,,,,
0,-0.104,68.768,,,,,,,,,,,,,
0,0.241,68.761,,,,,,,,,,,,,
0,0.407,68.761,,,,,,,,,,,,,
0,2.412,68.766,,,,,,,,,,,,,
0,3.79,68.774,,,,,,,,,,,,,
0,4.005,68.77,,,,,,,,,,,,,
0,4.924,68.788,,,,,,,,,,,,,
0,5,68.793,,,,,,,,,,,,,
0,5.526,68.79,,,,,,,,,,,,,
0,6.015,68.789,,,,,,,,,,,,,
0,6.557,68.819,,,,,,,,,,,,,
0,7.246,68.844,,,,,,,,,,,,,
0,8.038,68.793,,,,,,,,,,,,,
0,8.381,68.759,,,,,,,,,,,,,
0,8.419,68.76,,,,,,,,,,,,,
0,8.623,68.755,,,,,,,,,,,,,
0,9.332,68.747,,,,,,,,,,,,,
0,9.48,68.757,,,,,,,,,,,,,
0,10.115,68.757,,,,,,,,,,,,,
0,10.582,68.736,,,,,,,,,,,,,
0,11.229,68.713,,,,,,,,,,,,,
0,11.692,68.713,,,,,,,,,,,,,
0,12.313,68.696,,,,,,,,,,,,,
0,12.791,68.717,,,,,,,,,,,,,
0,13.425,68.666,,,,,,,,,,,,,
0,13.892,68.571,,,,,,,,,,,,,
0,14.534,68.629,,,,,,,,,,,,,
0,15.004,68.633,,,,,,,,,,,,,
0,15.585,68.711,,,,,,,,,,,,,
0,18.621,69.699,,,,,,,,,,,,,
0,18.799,69.728,,,,,,,,,,,,,
0,19.153,69.758,,,,,,,,,,,,,
0,21.596,70.191,,,,,,,,,,,,,
0,22.925,70.49,,,,,,,,,,,,,
0,23.916,70.292,,,,,,,,,,,,,
0,24.131,70.3,,,,,,,,,,,,,
0,24.287,70.301,,,,,,,,,,,,,
0,24.466,70.328,,,,,,,,,,,,,
0,26.211,70.394,,,,,,,,,,,,,
0,26.717,70.609,,,,,,,,,,,,,
0,31.749,72.033,,,,,,,,,,,,,
0,34.471,72.338,,,,,,,,,,,,,
0,35.118,72.556,,,,,,,,,,,,,
0,36.155,72.743,,,,,,,,,,,,,
0,38.551,73.777,,,,,,,,,,,,,
0,38.879,73.93,,,,,,,,,,,,,
0,39.292,74.135,,,,,,,,,,,,,
0,40.681,74.828,,,,,,,,,,,,,
0,41.304,75.133,,,,,,,,,,,,,
0,41.476,75.178,,,,,,,,,,,,,
0,45.663,77.076,,,,,,,,,,,,,
0,51.557,80.892,,,,,,,,,,,,,
0,53.154,81.897,,,,,,,,,,,,,
0,53.363,82.015,,,,,,,,,,,,,
0,53.624,82.168,,,,,,,,,,,,,
0,59.146,85.13,,,,,,,,,,,,,
0,59.818,85.477,,,,,,,,,,,,,
0,59.858,85.504,,,,,,,,,,,,,
0,60.506,85.858,,,,,,,,,,,,,
0,60.845,86.031,,,,,,,,,,,,,
0,64.565,87.893,,,,,,,,,,,,,
0,66.565,89.225,,,,,,,,,,,,,
0,66.852,89.281,,,,,,,,,,,,,
0,67.394,90.274,,,,,,,,,,,,,
0,69.346,91.606,,,,,,,,,,,,,
0,69.346,91.606,,,,,,,,,,,,,
0,72.241,94.599,,,,,,,,,,,,,
0,72.241,94.599,,,,,,,,,,,,,
0.4,4,400,FALSE,,,79,,,,,0,,,,âÕêÏä«óùé{ê›ìôç\ë¢óﬂ
0,-75,113.363,,,,,,,,,,,,,
0,-62.464,111.2,,,,,,,,,,,,,
0,-60.086,109.861,,,,,,,,,,,,,
0,-58.851,109.407,,,,,,,,,,,,,
0,-56.634,108.428,,,,,,,,,,,,,
0,-56.313,108.01,,,,,,,,,,,,,
0,-55.017,107.337,,,,,,,,,,,,,
0,-37.186,94.891,,,,,,,,,,,,,
0,-33.239,91.416,,,,,,,,,,,,,
0,-26.109,86.157,,,,,,,,,,,,,
0,-18.648,81.027,,,,,,,,,,,,,
0,-14.591,77.555,,,,,,,,,,,,,
0,-13.435,76.871,,,,,,,,,,,,,
0,-11.601,75.715,,,,,,,,,,,,,
0,-11.002,75.463,,,,,,,,,,,,,
0,-10.331,75.299,,,,,,,,,,,,,
0,-8.733,73.212,,,,,,,,,,,,,
0,-7.4,72.482,,,,,,,,,,,,,
0,-5.399,71.441,,,,,,,,,,,,,
0,-3.445,71.21,,,,,,,,,,,,,
0,-3.179,71.167,,,,,,,,,,,,,
0,-2.875,71.091,,,,,,,,,,,,,
0,-2.244,71.024,,,,,,,,,,,,,
0,-1.699,70.805,,,,,,,,,,,,,
0,-1.216,70.779,,,,,,,,,,,,,
0,0.281,70.738,,,,,,,,,,,,,
0,0.602,70.737,,,,,,,,,,,,,
0,0.866,70.692,,,,,,,,,,,,,
0,1.771,70.669,,,,,,,,,,,,,
0,1.933,70.665,,,,,,,,,,,,,
0,2.948,70.677,,,,,,,,,,,,,
0,3.002,70.684,,,,,,,,,,,,,
0,3.043,70.669,,,,,,,,,,,,,
0,6.789,71.423,,,,,,,,,,,,,
0,6.842,71.435,,,,,,,,,,,,,
0,7.031,71.487,,,,,,,,,,,,,
0,7.684,71.61,,,,,,,,,,,,,
0,8.064,71.676,,,,,,,,,,,,,
0,8.105,71.668,,,,,,,,,,,,,
0,9.225,71.834,,,,,,,,,,,,,
0,9.426,72.041,,,,,,,,,,,,,
0,11.258,72.673,,,,,,,,,,,,,
0,11.633,72.863,,,,,,,,,,,,,
0,12.085,73.021,,,,,,,,,,,,,
0,12.83,73.282,,,,,,,,,,,,,
0,13.393,73.261,,,,,,,,,,,,,
0,14.09,73.185,,,,,,,,,,,,,
0,15.824,73.476,,,,,,,,,,,,,
0,16.572,73.641,,,,,,,,,,,,,
0,17.468,73.669,,,,,,,,,,,,,
0,18.636,74.02,,,,,,,,,,,,,
0,18.685,74.021,,,,,,,,,,,,,
0,19.1,73.918,,,,,,,,,,,,,
0,19.831,73.746,,,,,,,,,,,,,
0,20.626,73.884,,,,,,,,,,,,,
0,21.082,74.032,,,,,,,,,,,,,
0,21.399,73.881,,,,,,,,,,,,,
0,21.63,73.844,,,,,,,,,,,,,
0,24.607,73.229,,,,,,,,,,,,,
0,25.625,73.29,,,,,,,,,,,,,
0,28.751,73.513,,,,,,,,,,,,,
0,34.414,72.654,,,,,,,,,,,,,
0,37.68,73.401,,,,,,,,,,,,,
0,37.973,73.524,,,,,,,,,,,,,
0,55.124,72.077,,,,,,,,,,,,,
0,55.366,72.078,,,,,,,,,,,,,
0,55.618,72.078,,,,,,,,,,,,,
0,55.677,72.063,,,,,,,,,,,,,
0,57.025,72.197,,,,,,,,,,,,,
0,57.255,72.192,,,,,,,,,,,,,
0,61.611,72.766,,,,,,,,,,,,,
0,63.065,73.455,,,,,,,,,,,,,
0,64.544,73.595,,,,,,,,,,,,,
0,65.191,73.652,,,,,,,,,,,,,
0,68.082,74.139,,,,,,,,,,,,,
0,69.827,74.519,,,,,,,,,,,,,
0,71.977,75.14,,,,,,,,,,,,,
0,73.916,75.744,,,,,,,,,,,,,
0,75,76.119,,,,,,,,,,,,,
0.5,5,500,FALSE,,,161,,,,,0,,,,âÕêÏä«óùé{ê›ìôç\ë¢óﬂ
0,-75,122.035,,,,,,,,,,,,,
0,-73.743,122.837,,,,,,,,,,,,,
0,-72.657,123.433,,,,,,,,,,,,,
0,-72.411,123.532,,,,,,,,,,,,,
0,-72.321,123.559,,,,,,,,,,,,,
0,-72.126,123.631,,,,,,,,,,,,,
0,-71.375,124.054,,,,,,,,,,,,,
0,-69.243,125.144,,,,,,,,,,,,,
0,-68.929,125.251,,,,,,,,,,,,,
0,-62.818,122.617,,,,,,,,,,,,,
0,-61.76,122.57,,,,,,,,,,,,,
0,-60.629,122.416,,,,,,,,,,,,,
0,-57.731,120.77,,,,,,,,,,,,,
0,-56.72,120.292,,,,,,,,,,,,,
0,-54.637,119.061,,,,,,,,,,,,,
0,-53.194,117.966,,,,,,,,,,,,,
0,-50.595,116.132,,,,,,,,,,,,,
0,-50.279,115.994,,,,,,,,,,,,,
0,-49.805,115.809,,,,,,,,,,,,,
0,-49.439,115.63,,,,,,,,,,,,,
0,-46.855,113.998,,,,,,,,,,,,,
0,-46.85,113.994,,,,,,,,,,,,,
0,-46.791,113.952,,,,,,,,,,,,,
0,-41.805,110.352,,,,,,,,,,,,,
0,-40.576,109.551,,,,,,,,,,,,,
0,-38.415,108.093,,,,,,,,,,,,,
0,-37.658,108.001,,,,,,,,,,,,,
0,-35.668,106.769,,,,,,,,,,,,,
0,-32.707,103.427,,,,,,,,,,,,,
0,-29.346,99.727,,,,,,,,,,,,,
0,-26.461,96.311,,,,,,,,,,,,,
0,-26.072,95.933,,,,,,,,,,,,,
0,-25.769,95.607,,,,,,,,,,,,,
0,-25.348,95.169,,,,,,,,,,,,,
0,-21.817,91.484,,,,,,,,,,,,,
0,-17.948,87.875,,,,,,,,,,,,,
0,-16.141,86.138,,,,,,,,,,,,,
0,-14.698,85.018,,,,,,,,,,,,,
0,-14.315,84.781,,,,,,,,,,,,,
0,-10.091,81.308,,,,,,,,,,,,,
0,-9.933,81.176,,,,,,,,,,,,,
0,-9.848,81.113,,,,,,,,,,,,,
0,-9.824,81.087,,,,,,,,,,,,,
0,-9.536,80.877,,,,,,,,,,,,,
0,-1.84,74.975,,,,,,,,,,,,,
0,-1.438,74.927,,,,,,,,,,,,,
0,-0.692,74.804,,,,,,,,,,,,,
0,0.071,74.743,,,,,,,,,,,,,
0,0.463,74.789,,,,,,,,,,,,,
0,1.597,74.677,,,,,,,,,,,,,
0,1.613,74.67,,,,,,,,,,,,,
0,1.671,74.679,,,,,,,,,,,,,
0,2.364,74.762,,,,,,,,,,,,,
0,2.856,74.684,,,,,,,,,,,,,
0,3.006,74.609,,,,,,,,,,,,,
0,4.121,74.552,,,,,,,,,,,,,
0,4.464,74.54,,,,,,,,,,,,,
0,6.226,74.559,,,,,,,,,,,,,
0,10.411,74.561,,,,,,,,,,,,,
0,11.925,76.008,,,,,,,,,,,,,
0,12.856,76.612,,,,,,,,,,,,,
0,15.676,76.263,,,,,,,,,,,,,
0,16.769,76.456,,,,,,,,,,,,,
0,17.106,76.538,,,,,,,,,,,,,
0,17.153,76.547,,,,,,,,,,,,,
0,18.337,76.406,,,,,,,,,,,,,
0,19.038,76.497,,,,,,,,,,,,,
0,19.715,76.34,,,,,,,,,,,,,
0,20.105,76.392,,,,,,,,,,,,,
0,21.128,76.767,,,,,,,,,,,,,
0,21.188,76.792,,,,,,,,,,,,,
0,21.394,76.798,,,,,,,,,,,,,
0,22.047,76.845,,,,,,,,,,,,,
0,22.573,76.85,,,,,,,,,,,,,
0,22.843,76.845,,,,,,,,,,,,,
0,23.17,76.823,,,,,,,,,,,,,
0,23.883,76.775,,,,,,,,,,,,,
0,24.132,76.782,,,,,,,,,,,,,
0,25.072,76.777,,,,,,,,,,,,,
0,25.728,76.778,,,,,,,,,,,,,
0,26.282,76.827,,,,,,,,,,,,,
0,27.36,76.842,,,,,,,,,,,,,
0,27.483,76.838,,,,,,,,,,,,,
0,27.832,76.831,,,,,,,,,,,,,
0,28.418,76.813,,,,,,,,,,,,,
0,28.838,76.789,,,,,,,,,,,,,
0,29.224,76.762,,,,,,,,,,,,,
0,29.759,76.75,,,,,,,,,,,,,
0,30.164,76.747,,,,,,,,,,,,,
0,30.302,76.752,,,,,,,,,,,,,
0,31.35,76.794,,,,,,,,,,,,,
0,31.877,76.775,,,,,,,,,,,,,
0,32.527,76.796,,,,,,,,,,,,,
0,33.439,76.781,,,,,,,,,,,,,
0,33.688,76.77,,,,,,,,,,,,,
0,34.415,76.795,,,,,,,,,,,,,
0,34.817,76.808,,,,,,,,,,,,,
0,35.292,76.778,,,,,,,,,,,,,
0,35.869,76.75,,,,,,,,,,,,,
0,36.361,76.791,,,,,,,,,,,,,
0,37.06,76.844,,,,,,,,,,,,,
0,37.318,76.831,,,,,,,,,,,,,
0,38.316,76.783,,,,,,,,,,,,,
0,38.905,76.778,,,,,,,,,,,,,
0,39.279,76.782,,,,,,,,,,,,,
0,42.445,76.403,,,,,,,,,,,,,
0,43.281,76.403,,,,,,,,,,,,,
0,44.149,76.157,,,,,,,,,,,,,
0,44.613,76.22,,,,,,,,,,,,,
0,45.307,75.986,,,,,,,,,,,,,
0,46.058,75.805,,,,,,,,,,,,,
0,46.403,75.722,,,,,,,,,,,,,
0,46.834,75.803,,,,,,,,,,,,,
0,47.273,75.69,,,,,,,,,,,,,
0,49.448,76.076,,,,,,,,,,,,,
0,49.461,76.077,,,,,,,,,,,,,
0,49.474,76.075,,,,,,,,,,,,,
0,49.513,76.091,,,,,,,,,,,,,
0,50.782,76.324,,,,,,,,,,,,,
0,51.281,76.337,,,,,,,,,,,,,
0,52.049,76.23,,,,,,,,,,,,,
0,53.043,76.249,,,,,,,,,,,,,
0,53.326,76.249,,,,,,,,,,,,,
0,54.037,76.258,,,,,,,,,,,,,
0,54.587,76.253,,,,,,,,,,,,,
0,55.351,76.234,,,,,,,,,,,,,
0,55.775,76.217,,,,,,,,,,,,,
0,56.076,76.188,,,,,,,,,,,,,
0,56.864,76.122,,,,,,,,,,,,,
0,57.104,76.085,,,,,,,,,,,,,
0,57.955,76.282,,,,,,,,,,,,,
0,58.528,76.392,,,,,,,,,,,,,
0,59,76.279,,,,,,,,,,,,,
0,59.885,76.316,,,,,,,,,,,,,
0,60.043,76.319,,,,,,,,,,,,,
0,60.567,76.296,,,,,,,,,,,,,
0,61.007,76.237,,,,,,,,,,,,,
0,61.323,76.227,,,,,,,,,,,,,
0,61.916,76.301,,,,,,,,,,,,,
0,62.719,76.526,,,,,,,,,,,,,
0,62.836,76.561,,,,,,,,,,,,,
0,62.875,76.565,,,,,,,,,,,,,
0,63.943,76.639,,,,,,,,,,,,,
0,64.338,76.766,,,,,,,,,,,,,
0,65.046,76.86,,,,,,,,,,,,,
0,65.848,77.303,,,,,,,,,,,,,
0,66.211,77.559,,,,,,,,,,,,,
0,67.242,77.7,,,,,,,,,,,,,
0,67.335,77.71,,,,,,,,,,,,,
0,67.463,77.718,,,,,,,,,,,,,
0,68.503,77.776,,,,,,,,,,,,,
0,69.257,77.709,,,,,,,,,,,,,
0,69.733,77.687,,,,,,,,,,,,,
0,69.94,77.67,,,,,,,,,,,,,
0,71.102,77.699,,,,,,,,,,,,,
0,71.913,77.726,,,,,,,,,,,,,
0,72.472,77.741,,,,,,,,,,,,,
0,73.712,77.73,,,,,,,,,,,,,
0,73.798,77.73,,,,,,,,,,,,,
0,73.921,77.823,,,,,,,,,,,,,
0,75,78.535,,,,,,,,,,,,,
0.6,6,600,FALSE,,,89,,,,,0,,,,âÕêÏä«óùé{ê›ìôç\ë¢óﬂ
0,-75,111.808,,,,,,,,,,,,,
0,-74.521,112.029,,,,,,,,,,,,,
0,-74.083,112.21,,,,,,,,,,,,,
0,-72.545,113.155,,,,,,,,,,,,,
0,-71.309,113.786,,,,,,,,,,,,,
0,-69.362,114.634,,,,,,,,,,,,,
0,-66.875,114.859,,,,,,,,,,,,,
0,-66.261,114.954,,,,,,,,,,,,,
0,-65.228,115.423,,,,,,,,,,,,,
0,-64.785,115.322,,,,,,,,,,,,,
0,-57.71,113.411,,,,,,,,,,,,,
0,-56.821,113.015,,,,,,,,,,,,,
0,-56.525,112.946,,,,,,,,,,,,,
0,-54.178,112.053,,,,,,,,,,,,,
0,-50.039,110.291,,,,,,,,,,,,,
0,-49.084,109.761,,,,,,,,,,,,,
0,-48.544,109.38,,,,,,,,,,,,,
0,-44.854,106.744,,,,,,,,,,,,,
0,-42.326,105.115,,,,,,,,,,,,,
0,-41.838,104.798,,,,,,,,,,,,,
0,-41.192,104.332,,,,,,,,,,,,,
0,-36.799,101.368,,,,,,,,,,,,,
0,-35.015,100.149,,,,,,,,,,,,,
0,-34.783,99.944,,,,,,,,,,,,,
0,-34.589,99.825,,,,,,,,,,,,,
0,-29.052,94.927,,,,,,,,,,,,,
0,-27.809,94.163,,,,,,,,,,,,,
0,-27.445,93.919,,,,,,,,,,,,,
0,-26.659,93.37,,,,,,,,,,,,,
0,-24.041,90.569,,,,,,,,,,,,,
0,-21.866,88.1,,,,,,,,,,,,,
0,-21.054,86.903,,,,,,,,,,,,,
0,-18.475,84.078,,,,,,,,,,,,,
0,-16.006,82.377,,,,,,,,,,,,,
0,-15.684,82.178,,,,,,,,,,,,,
0,-15.325,81.993,,,,,,,,,,,,,
0,-15.143,81.897,,,,,,,,,,,,,
0,-14.203,81.969,,,,,,,,,,,,,
0,-13.937,81.907,,,,,,,,,,,,,
0,-13.047,81.406,,,,,,,,,,,,,
0,-11.53,80.641,,,,,,,,,,,,,
0,-10.88,79.547,,,,,,,,,,,,,
0,-9.949,79.17,,,,,,,,,,,,,
0,-9.737,79.038,,,,,,,,,,,,,
0,-9.662,78.998,,,,,,,,,,,,,
0,-9.114,78.813,,,,,,,,,,,,,
0,-7.867,78.054,,,,,,,,,,,,,
0,-7.334,77.849,,,,,,,,,,,,,
0,-7.107,77.79,,,,,,,,,,,,,
0,-6.302,77.995,,,,,,,,,,,,,
0,-5.691,78.272,,,,,,,,,,,,,
0,-5.315,78.342,,,,,,,,,,,,,
0,-5.044,78.216,,,,,,,,,,,,,
0,-4.251,77.961,,,,,,,,,,,,,
0,-3.636,77.85,,,,,,,,,,,,,
0,-3.273,77.798,,,,,,,,,,,,,
0,-0.541,78.016,,,,,,,,,,,,,
0,0.147,78.033,,,,,,,,,,,,,
0,0.488,78.115,,,,,,,,,,,,,
0,2.907,78.326,,,,,,,,,,,,,
0,4.347,78.344,,,,,,,,,,,,,
0,6.411,78.486,,,,,,,,,,,,,
0,7.012,78.505,,,,,,,,,,,,,
0,7.918,78.42,,,,,,,,,,,,,
0,8.613,78.47,,,,,,,,,,,,,
0,8.62,78.47,,,,,,,,,,,,,
0,9.267,78.529,,,,,,,,,,,,,
0,9.293,78.531,,,,,,,,,,,,,
0,10.673,78.998,,,,,,,,,,,,,
0,10.824,79.044,,,,,,,,,,,,,
0,11.239,79.3,,,,,,,,,,,,,
0,12.73,80.014,,,,,,,,,,,,,
0,13.45,80.872,,,,,,,,,,,,,
0,14.111,82.023,,,,,,,,,,,,,
0,14.809,82.16,,,,,,,,,,,,,
0,14.918,82.175,,,,,,,,,,,,,
0,15.303,82.157,,,,,,,,,,,,,
0,16.336,82.532,,,,,,,,,,,,,
0,21.048,83.782,,,,,,,,,,,,,
0,24.123,85.972,,,,,,,,,,,,,
0,26.736,87.191,,,,,,,,,,,,,
0,26.923,87.383,,,,,,,,,,,,,
0,27.498,87.822,,,,,,,,,,,,,
0,28.894,89.146,,,,,,,,,,,,,
0,34.347,93.971,,,,,,,,,,,,,
0,58.173,118.17,,,,,,,,,,,,,
0,59.914,119.437,,,,,,,,,,,,,
0,60.52,120.084,,,,,,,,,,,,,
0,61.537,121.215,,,,,,,,,,,,,
0.7,7,700,FALSE,,,83,,,,,0,,,,âÕêÏä«óùé{ê›ìôç\ë¢óﬂ
0,-75,120.674,,,,,,,,,,,,,
0,-71.024,120.407,,,,,,,,,,,,,
0,-69.661,119.353,,,,,,,,,,,,,
0,-65.193,115.574,,,,,,,,,,,,,
0,-65.103,115.508,,,,,,,,,,,,,
0,-63.812,114.553,,,,,,,,,,,,,
0,-63.241,114.088,,,,,,,,,,,,,
0,-60.391,112.063,,,,,,,,,,,,,
0,-52.579,105.754,,,,,,,,,,,,,
0,-46.808,101.5,,,,,,,,,,,,,
0,-45.025,100.134,,,,,,,,,,,,,
0,-44.787,99.948,,,,,,,,,,,,,
0,-44.714,99.887,,,,,,,,,,,,,
0,-42.636,97.979,,,,,,,,,,,,,
0,-41.76,96.998,,,,,,,,,,,,,
0,-41.642,96.845,,,,,,,,,,,,,
0,-33.644,90.851,,,,,,,,,,,,,
0,-28.409,87.074,,,,,,,,,,,,,
0,-26.481,85.669,,,,,,,,,,,,,
0,-25.493,85.152,,,,,,,,,,,,,
0,-17.729,82.019,,,,,,,,,,,,,
0,-14.234,80.622,,,,,,,,,,,,,
0,-13.394,80.532,,,,,,,,,,,,,
0,-12.865,80.62,,,,,,,,,,,,,
0,-12.632,80.521,,,,,,,,,,,,,
0,-11.986,80.506,,,,,,,,,,,,,
0,-10.962,80.502,,,,,,,,,,,,,
0,-10.237,80.344,,,,,,,,,,,,,
0,-9.921,80.243,,,,,,,,,,,,,
0,-9.574,80.261,,,,,,,,,,,,,
0,-9.269,80.274,,,,,,,,,,,,,
0,-8.292,80.333,,,,,,,,,,,,,
0,-7.965,80.335,,,,,,,,,,,,,
0,-7.279,80.363,,,,,,,,,,,,,
0,-7.052,80.366,,,,,,,,,,,,,
0,-6.92,80.376,,,,,,,,,,,,,
0,-4.609,79.903,,,,,,,,,,,,,
0,-4.492,79.894,,,,,,,,,,,,,
0,-4.354,79.896,,,,,,,,,,,,,
0,-2.93,79.999,,,,,,,,,,,,,
0,-2.665,80.005,,,,,,,,,,,,,
0,-1.887,80.02,,,,,,,,,,,,,
0,-1.767,80.029,,,,,,,,,,,,,
0,-1.451,80.014,,,,,,,,,,,,,
0,-0.574,80.017,,,,,,,,,,,,,
0,-0.241,80.006,,,,,,,,,,,,,
0,0.635,80.142,,,,,,,,,,,,,
0,0.799,80.178,,,,,,,,,,,,,
0,2.104,80.507,,,,,,,,,,,,,
0,2.283,80.582,,,,,,,,,,,,,
0,6.513,82.827,,,,,,,,,,,,,
0,7.534,83.311,,,,,,,,,,,,,
0,7.623,83.309,,,,,,,,,,,,,
0,7.908,83.278,,,,,,,,,,,,,
0,8.759,83.206,,,,,,,,,,,,,
0,8.975,83.201,,,,,,,,,,,,,
0,9.786,83.2,,,,,,,,,,,,,
0,10.628,83.318,,,,,,,,,,,,,
0,10.733,83.324,,,,,,,,,,,,,
0,12.912,84.049,,,,,,,,,,,,,
0,17.936,85.664,,,,,,,,,,,,,
0,18.651,85.849,,,,,,,,,,,,,
0,19.056,86.167,,,,,,,,,,,,,
0,21.01,87.528,,,,,,,,,,,,,
0,25.303,89.975,,,,,,,,,,,,,
0,26.19,90.142,,,,,,,,,,,,,
0,27.006,90.642,,,,,,,,,,,,,
0,29.615,92.489,,,,,,,,,,,,,
0,31.792,93.731,,,,,,,,,,,,,
0,33.186,94.294,,,,,,,,,,,,,
0,34.832,95.336,,,,,,,,,,,,,
0,38.888,97.097,,,,,,,,,,,,,
0,40.386,97.874,,,,,,,,,,,,,
0,41.222,98.2,,,,,,,,,,,,,
0,41.668,98.727,,,,,,,,,,,,,
0,42.468,99.239,,,,,,,,,,,,,
0,42.955,99.352,,,,,,,,,,,,,
0,45.039,100.846,,,,,,,,,,,,,
0,47.051,102.123,,,,,,,,,,,,,
0,50.684,104.01,,,,,,,,,,,,,
0,55.823,107.541,,,,,,,,,,,,,
0,57.192,108.463,,,,,,,,,,,,,
0,62.168,112.162,,,,,,,,,,,,,
0.8,8,800,FALSE,,,99,,,,,0,,,,âÕêÏä«óùé{ê›ìôç\ë¢óﬂ
0,-75,128.259,,,,,,,,,,,,,
0,-70.028,123.64,,,,,,,,,,,,,
0,-67.477,121.408,,,,,,,,,,,,,
0,-60.316,115.121,,,,,,,,,,,,,
0,-58.517,113.483,,,,,,,,,,,,,
0,-54.406,109.75,,,,,,,,,,,,,
0,-50.613,105.386,,,,,,,,,,,,,
0,-46.894,101.99,,,,,,,,,,,,,
0,-44.607,100.168,,,,,,,,,,,,,
0,-38.411,95.339,,,,,,,,,,,,,
0,-37.412,94.508,,,,,,,,,,,,,
0,-35.896,93.493,,,,,,,,,,,,,
0,-22.762,85.002,,,,,,,,,,,,,
0,-20.852,84.467,,,,,,,,,,,,,
0,-20.209,84.379,,,,,,,,,,,,,
0,-19.998,84.368,,,,,,,,,,,,,
0,-19.46,84.354,,,,,,,,,,,,,
0,-19.012,84.185,,,,,,,,,,,,,
0,-18.562,84.03,,,,,,,,,,,,,
0,-17.675,84.078,,,,,,,,,,,,,
0,-17.368,84.157,,,,,,,,,,,,,
0,-16.71,84.149,,,,,,,,,,,,,
0,-16.503,84.162,,,,,,,,,,,,,
0,-16.167,84.291,,,,,,,,,,,,,
0,-14.272,84.888,,,,,,,,,,,,,
0,-12.336,85.056,,,,,,,,,,,,,
0,-10.491,85.218,,,,,,,,,,,,,
0,-10.225,85.128,,,,,,,,,,,,,
0,-9.247,85.177,,,,,,,,,,,,,
0,-9.068,85.135,,,,,,,,,,,,,
0,-9.004,85.169,,,,,,,,,,,,,
0,-8.728,85.226,,,,,,,,,,,,,
0,-8.23,85.348,,,,,,,,,,,,,
0,-7.91,85.306,,,,,,,,,,,,,
0,-6.981,85.014,,,,,,,,,,,,,
0,-6.404,85.072,,,,,,,,,,,,,
0,-6.053,85.096,,,,,,,,,,,,,
0,-5.158,85.382,,,,,,,,,,,,,
0,-4.896,85.426,,,,,,,,,,,,,
0,-4.668,85.466,,,,,,,,,,,,,
0,-3.988,85.853,,,,,,,,,,,,,
0,-3.605,85.747,,,,,,,,,,,,,
0,-2.148,85.346,,,,,,,,,,,,,
0,-1.988,85.307,,,,,,,,,,,,,
0,-1.935,85.319,,,,,,,,,,,,,
0,-1.81,85.306,,,,,,,,,,,,,
0,-0.784,85.327,,,,,,,,,,,,,
0,0.017,84.756,,,,,,,,,,,,,
0,0.122,84.713,,,,,,,,,,,,,
0,0.204,84.689,,,,,,,,,,,,,
0,1.793,84.664,,,,,,,,,,,,,
0,2.178,84.617,,,,,,,,,,,,,
0,2.608,84.724,,,,,,,,,,,,,
0,3.362,84.843,,,,,,,,,,,,,
0,4.235,84.993,,,,,,,,,,,,,
0,4.962,84.782,,,,,,,,,,,,,
0,5.377,84.702,,,,,,,,,,,,,
0,5.487,84.633,,,,,,,,,,,,,
0,7.17,84.542,,,,,,,,,,,,,
0,7.466,84.624,,,,,,,,,,,,,
0,7.636,84.556,,,,,,,,,,,,,
0,8.113,84.625,,,,,,,,,,,,,
0,8.739,84.724,,,,,,,,,,,,,
0,9.513,84.712,,,,,,,,,,,,,
0,9.633,84.706,,,,,,,,,,,,,
0,10.396,84.79,,,,,,,,,,,,,
0,10.405,84.788,,,,,,,,,,,,,
0,10.45,84.813,,,,,,,,,,,,,
0,11.27,85.223,,,,,,,,,,,,,
0,11.661,85.475,,,,,,,,,,,,,
0,11.89,85.567,,,,,,,,,,,,,
0,12.23,85.788,,,,,,,,,,,,,
0,13.762,86.413,,,,,,,,,,,,,
0,15.763,87.245,,,,,,,,,,,,,
0,15.808,87.251,,,,,,,,,,,,,
0,16.668,87.472,,,,,,,,,,,,,
0,17.27,87.743,,,,,,,,,,,,,
0,17.845,88.052,,,,,,,,,,,,,
0,18.529,88.184,,,,,,,,,,,,,
0,18.877,88.288,,,,,,,,,,,,,
0,18.913,88.28,,,,,,,,,,,,,
0,18.927,88.289,,,,,,,,,,,,,
0,23.034,91.917,,,,,,,,,,,,,
0,34.115,99.309,,,,,,,,,,,,,
0,36.741,100.487,,,,,,,,,,,,,
0,40.83,102.978,,,,,,,,,,,,,
0,44.253,105.087,,,,,,,,,,,,,
0,44.744,105.709,,,,,,,,,,,,,
0,46.667,106.873,,,,,,,,,,,,,
0,49.973,108.76,,,,,,,,,,,,,
0,51.266,110.107,,,,,,,,,,,,,
0,52.673,111.426,,,,,,,,,,,,,
0,64.741,123.089,,,,,,,,,,,,,
0,67.561,125.615,,,,,,,,,,,,,
0,68.797,126.393,,,,,,,,,,,,,
0,69.163,126.505,,,,,,,,,,,,,
0,69.477,126.594,,,,,,,,,,,,,
0,70.392,127.913,,,,,,,,,,,,,
0,72.765,130.397,,,,,,,,,,,,,
0.9,9,900,FALSE,,,71,,,,,0,,,,âÕêÏä«óùé{ê›ìôç\ë¢óﬂ
0,-59.236,112.695,,,,,,,,,,,,,
0,-55.478,109.183,,,,,,,,,,,,,
0,-53.599,107.567,,,,,,,,,,,,,
0,-51.562,105.913,,,,,,,,,,,,,
0,-49.137,104.333,,,,,,,,,,,,,
0,-41.333,100.421,,,,,,,,,,,,,
0,-38.243,98.59,,,,,,,,,,,,,
0,-33.086,96.422,,,,,,,,,,,,,
0,-31.723,95.717,,,,,,,,,,,,,
0,-28.021,94.149,,,,,,,,,,,,,
0,-21.362,91.713,,,,,,,,,,,,,
0,-15.044,90.041,,,,,,,,,,,,,
0,-7.136,88.053,,,,,,,,,,,,,
0,-6.807,87.967,,,,,,,,,,,,,
0,-6.192,87.98,,,,,,,,,,,,,
0,-5.162,87.765,,,,,,,,,,,,,
0,-4.818,87.724,,,,,,,,,,,,,
0,-4.154,87.545,,,,,,,,,,,,,
0,-3.716,87.416,,,,,,,,,,,,,
0,-3.247,87.2,,,,,,,,,,,,,
0,-2.873,87.252,,,,,,,,,,,,,
0,-2.245,87.306,,,,,,,,,,,,,
0,-1.853,87.303,,,,,,,,,,,,,
0,-1.248,87.454,,,,,,,,,,,,,
0,-0.688,87.39,,,,,,,,,,,,,
0,-0.315,87.356,,,,,,,,,,,,,
0,-0.017,87.273,,,,,,,,,,,,,
0,0.682,87.294,,,,,,,,,,,,,
0,1.307,87.153,,,,,,,,,,,,,
0,1.641,87.044,,,,,,,,,,,,,
0,1.911,87.046,,,,,,,,,,,,,
0,2.64,87.071,,,,,,,,,,,,,
0,3.498,86.955,,,,,,,,,,,,,
0,3.599,86.94,,,,,,,,,,,,,
0,3.778,86.944,,,,,,,,,,,,,
0,4.359,86.971,,,,,,,,,,,,,
0,5.087,86.86,,,,,,,,,,,,,
0,6.352,87.073,,,,,,,,,,,,,
0,6.487,87.09,,,,,,,,,,,,,
0,6.567,87.092,,,,,,,,,,,,,
0,7.009,87.205,,,,,,,,,,,,,
0,9.183,87.775,,,,,,,,,,,,,
0,9.519,87.764,,,,,,,,,,,,,
0,10.364,88.025,,,,,,,,,,,,,
0,10.837,88.209,,,,,,,,,,,,,
0,11.758,88.853,,,,,,,,,,,,,
0,14.493,91.577,,,,,,,,,,,,,
0,14.563,91.574,,,,,,,,,,,,,
0,15.37,91.652,,,,,,,,,,,,,
0,15.502,91.683,,,,,,,,,,,,,
0,16.031,92.172,,,,,,,,,,,,,
0,19.628,95.544,,,,,,,,,,,,,
0,23.842,99.914,,,,,,,,,,,,,
0,43.779,116.701,,,,,,,,,,,,,
0,45.849,118.569,,,,,,,,,,,,,
0,47.756,120.029,,,,,,,,,,,,,
0,47.819,120.068,,,,,,,,,,,,,
0,47.944,120.155,,,,,,,,,,,,,
0,54.44,125.08,,,,,,,,,,,,,
0,62.958,131.631,,,,,,,,,,,,,
0,63.65,132.248,,,,,,,,,,,,,
0,63.691,132.269,,,,,,,,,,,,,
0,64.716,132.87,,,,,,,,,,,,,
0,65.23,133.177,,,,,,,,,,,,,
0,65.732,133.523,,,,,,,,,,,,,
0,65.915,133.675,,,,,,,,,,,,,
0,67.289,134.731,,,,,,,,,,,,,
0,71.628,138.502,,,,,,,,,,,,,
0,71.914,138.736,,,,,,,,,,,,,
0,72.022,138.931,,,,,,,,,,,,,
0,72.115,139.346,,,,,,,,,,,,,
1,10,1000,FALSE,,,70,,,,,0,,,,âÕêÏä«óùé{ê›ìôç\ë¢óﬂ
0,-66.291,121.248,,,,,,,,,,,,,
0,-66.03,120.793,,,,,,,,,,,,,
0,-62.628,117.399,,,,,,,,,,,,,
0,-52.198,109.678,,,,,,,,,,,,,
0,-49.099,107.667,,,,,,,,,,,,,
0,-48.835,107.59,,,,,,,,,,,,,
0,-47.684,106.85,,,,,,,,,,,,,
0,-45.671,105.963,,,,,,,,,,,,,
0,-41.566,104.519,,,,,,,,,,,,,
0,-38.306,102.605,,,,,,,,,,,,,
0,-33.946,100.698,,,,,,,,,,,,,
0,-33.015,99.747,,,,,,,,,,,,,
0,-18.615,92.157,,,,,,,,,,,,,
0,-14.237,90.183,,,,,,,,,,,,,
0,-13.738,90.03,,,,,,,,,,,,,
0,-12.972,90.006,,,,,,,,,,,,,
0,-12.773,90.014,,,,,,,,,,,,,
0,-12.459,90.012,,,,,,,,,,,,,
0,-11.419,90.138,,,,,,,,,,,,,
0,-11.284,90.187,,,,,,,,,,,,,
0,-10.953,90.176,,,,,,,,,,,,,
0,-9.907,90.226,,,,,,,,,,,,,
0,-9.471,90.228,,,,,,,,,,,,,
0,-8.349,90.188,,,,,,,,,,,,,
0,-7.308,90.166,,,,,,,,,,,,,
0,-6.7,90.187,,,,,,,,,,,,,
0,-5.63,90.18,,,,,,,,,,,,,
0,-5.496,90.172,,,,,,,,,,,,,
0,-4.777,90.362,,,,,,,,,,,,,
0,-4.461,90.361,,,,,,,,,,,,,
0,-3.561,90.402,,,,,,,,,,,,,
0,-3.133,90.375,,,,,,,,,,,,,
0,-2.796,90.37,,,,,,,,,,,,,
0,-2.037,90.397,,,,,,,,,,,,,
0,-1.637,90.461,,,,,,,,,,,,,
0,-1.044,90.42,,,,,,,,,,,,,
0,-0.842,90.457,,,,,,,,,,,,,
0,-0.282,90.529,,,,,,,,,,,,,
0,0.342,90.605,,,,,,,,,,,,,
0,0.579,90.637,,,,,,,,,,,,,
0,1.082,90.791,,,,,,,,,,,,,
0,2.163,91.08,,,,,,,,,,,,,
0,2.283,91.135,,,,,,,,,,,,,
0,2.378,91.18,,,,,,,,,,,,,
0,2.669,91.286,,,,,,,,,,,,,
0,3.188,91.503,,,,,,,,,,,,,
0,11.082,94.773,,,,,,,,,,,,,
0,14.012,95.947,,,,,,,,,,,,,
0,14.185,95.924,,,,,,,,,,,,,
0,14.397,95.858,,,,,,,,,,,,,
0,17.234,96.782,,,,,,,,,,,,,
0,17.937,97.158,,,,,,,,,,,,,
0,18.965,98.192,,,,,,,,,,,,,
0,20.474,98.986,,,,,,,,,,,,,
0,25.321,101.295,,,,,,,,,,,,,
0,26.299,101.678,,,,,,,,,,,,,
0,29.589,102.792,,,,,,,,,,,,,
0,34.817,107.342,,,,,,,,,,,,,
0,52.165,121.292,,,,,,,,,,,,,
0,52.67,121.888,,,,,,,,,,,,,
0,56.871,125.819,,,,,,,,,,,,,
0,60.784,128.523,,,,,,,,,,,,,
0,61.777,128.944,,,,,,,,,,,,,
0,62.061,129.097,,,,,,,,,,,,,
0,63.548,130.283,,,,,,,,,,,,,
0,64.426,130.877,,,,,,,,,,,,,
0,68.717,134.786,,,,,,,,,,,,,
0,68.905,134.833,,,,,,,,,,,,,
0,69.722,137.662,,,,,,,,,,,,,
0,70.01,138.87,,,,,,,,,,,,,
1.1,11,1100,FALSE,,,121,,,,,0,,,,âÕêÏä«óùé{ê›ìôç\ë¢óﬂ
0,-67.692,138.725,,,,,,,,,,,,,
0,-67.692,138.725,,,,,,,,,,,,,
0,-66.443,138.28,,,,,,,,,,,,,
0,-66.443,138.28,,,,,,,,,,,,,
0,-61.638,134.138,,,,,,,,,,,,,
0,-61.638,134.138,,,,,,,,,,,,,
0,-58.078,130.231,,,,,,,,,,,,,
0,-58.078,130.231,,,,,,,,,,,,,
0,-56.647,129.292,,,,,,,,,,,,,
0,-56.647,129.292,,,,,,,,,,,,,
0,-54.083,127.065,,,,,,,,,,,,,
0,-54.083,127.065,,,,,,,,,,,,,
0,-46.79,121.234,,,,,,,,,,,,,
0,-46.79,121.234,,,,,,,,,,,,,
0,-46.264,121.079,,,,,,,,,,,,,
0,-45.069,119.967,,,,,,,,,,,,,
0,-44.874,119.756,,,,,,,,,,,,,
0,-43.958,119.203,,,,,,,,,,,,,
0,-42.892,118.24,,,,,,,,,,,,,
0,-42.244,117.586,,,,,,,,,,,,,
0,-39.439,115.134,,,,,,,,,,,,,
0,-38.16,113.96,,,,,,,,,,,,,
0,-36.867,112.89,,,,,,,,,,,,,
0,-35.335,111.633,,,,,,,,,,,,,
0,-33.007,110.24,,,,,,,,,,,,,
0,-32.723,110,,,,,,,,,,,,,
0,-31.422,109.188,,,,,,,,,,,,,
0,-31.337,109.099,,,,,,,,,,,,,
0,-28.933,107.417,,,,,,,,,,,,,
0,-28.897,107.39,,,,,,,,,,,,,
0,-28.446,107.022,,,,,,,,,,,,,
0,-28.334,106.93,,,,,,,,,,,,,
0,-26.624,105.522,,,,,,,,,,,,,
0,-24.312,103.466,,,,,,,,,,,,,
0,-24.081,103.369,,,,,,,,,,,,,
0,-23.948,103.27,,,,,,,,,,,,,
0,-23.466,103.001,,,,,,,,,,,,,
0,-21.797,101.844,,,,,,,,,,,,,
0,-19.728,100.201,,,,,,,,,,,,,
0,-18.092,98.841,,,,,,,,,,,,,
0,-17.032,98.014,,,,,,,,,,,,,
0,-15.923,96.84,,,,,,,,,,,,,
0,-15.922,96.84,,,,,,,,,,,,,
0,-15.317,96.755,,,,,,,,,,,,,
0,-14.835,96.74,,,,,,,,,,,,,
0,-12.252,95.689,,,,,,,,,,,,,
0,-10.433,95.409,,,,,,,,,,,,,
0,-9.987,95.193,,,,,,,,,,,,,
0,-9.47,95.019,,,,,,,,,,,,,
0,-8.133,94.572,,,,,,,,,,,,,
0,-7.696,94.656,,,,,,,,,,,,,
0,-7.538,94.69,,,,,,,,,,,,,
0,-6.634,94.302,,,,,,,,,,,,,
0,-5.978,94.337,,,,,,,,,,,,,
0,-5.262,94.17,,,,,,,,,,,,,
0,-4.242,93.714,,,,,,,,,,,,,
0,-4.068,93.611,,,,,,,,,,,,,
0,-3.625,93.574,,,,,,,,,,,,,
0,-3.361,93.626,,,,,,,,,,,,,
0,-1.874,93.931,,,,,,,,,,,,,
0,-1.126,93.809,,,,,,,,,,,,,
0,-0.552,93.725,,,,,,,,,,,,,
0,0.161,93.628,,,,,,,,,,,,,
0,0.847,93.532,,,,,,,,,,,,,
0,1.677,93.638,,,,,,,,,,,,,
0,2.235,93.504,,,,,,,,,,,,,
0,2.293,93.49,,,,,,,,,,,,,
0,2.386,93.49,,,,,,,,,,,,,
0,3.787,93.659,,,,,,,,,,,,,
0,4.27,93.762,,,,,,,,,,,,,
0,4.498,93.794,,,,,,,,,,,,,
0,5.62,93.73,,,,,,,,,,,,,
0,7.243,93.641,,,,,,,,,,,,,
0,7.487,93.672,,,,,,,,,,,,,
0,7.622,93.687,,,,,,,,,,,,,
0,7.722,93.657,,,,,,,,,,,,,
0,8.233,93.574,,,,,,,,,,,,,
0,10.3,93.658,,,,,,,,,,,,,
0,11.214,93.683,,,,,,,,,,,,,
0,11.817,93.719,,,,,,,,,,,,,
0,12.197,93.72,,,,,,,,,,,,,
0,12.937,93.938,,,,,,,,,,,,,
0,14.004,94.206,,,,,,,,,,,,,
0,14.145,94.245,,,,,,,,,,,,,
0,14.269,94.318,,,,,,,,,,,,,
0,14.325,94.384,,,,,,,,,,,,,
0,15.096,95.243,,,,,,,,,,,,,
0,17.282,97.796,,,,,,,,,,,,,
0,17.67,98.067,,,,,,,,,,,,,
0,18.052,98.173,,,,,,,,,,,,,
0,18.429,98.313,,,,,,,,,,,,,
0,18.839,98.527,,,,,,,,,,,,,
0,19.709,98.966,,,,,,,,,,,,,
0,19.91,98.969,,,,,,,,,,,,,
0,20.189,98.95,,,,,,,,,,,,,
0,20.335,98.934,,,,,,,,,,,,,
0,20.451,98.904,,,,,,,,,,,,,
0,20.788,99.165,,,,,,,,,,,,,
0,27.095,104.404,,,,,,,,,,,,,
0,29.15,106.756,,,,,,,,,,,,,
0,33.74,112.147,,,,,,,,,,,,,
0,34.085,112.503,,,,,,,,,,,,,
0,42.609,124.081,,,,,,,,,,,,,
0,46.759,128.668,,,,,,,,,,,,,
0,49.082,131.757,,,,,,,,,,,,,
0,52.146,134.978,,,,,,,,,,,,,
0,52.404,135.137,,,,,,,,,,,,,
0,55.087,138.913,,,,,,,,,,,,,
0,56.637,141.43,,,,,,,,,,,,,
0,58.54,144.066,,,,,,,,,,,,,
0,59.379,144.864,,,,,,,,,,,,,
0,61.272,147.493,,,,,,,,,,,,,
0,62.232,148.649,,,,,,,,,,,,,
0,62.787,148.776,,,,,,,,,,,,,
0,63.874,149.02,,,,,,,,,,,,,
0,64.162,148.948,,,,,,,,,,,,,
0,67.784,152.376,,,,,,,,,,,,,
0,70.112,151.203,,,,,,,,,,,,,
0,73.037,153.307,,,,,,,,,,,,,
0,73.299,153.579,,,,,,,,,,,,,
0,73.543,153.86,,,,,,,,,,,,,
1.2,12,1200,FALSE,,,135,,,,,0,,,,âÕêÏä«óùé{ê›ìôç\ë¢óﬂ
0,-75,137.501,,,,,,,,,,,,,
0,-62.702,131.352,,,,,,,,,,,,,
0,-62.598,131.276,,,,,,,,,,,,,
0,-62.317,130.968,,,,,,,,,,,,,
0,-57.132,125.466,,,,,,,,,,,,,
0,-56.774,124.972,,,,,,,,,,,,,
0,-54.892,122.582,,,,,,,,,,,,,
0,-53.795,121.791,,,,,,,,,,,,,
0,-53.484,121.568,,,,,,,,,,,,,
0,-53.414,121.52,,,,,,,,,,,,,
0,-52.914,121.298,,,,,,,,,,,,,
0,-52.535,120.78,,,,,,,,,,,,,
0,-50.662,118.698,,,,,,,,,,,,,
0,-48.473,116.908,,,,,,,,,,,,,
0,-48.379,116.817,,,,,,,,,,,,,
0,-47.974,116.69,,,,,,,,,,,,,
0,-46.984,116.368,,,,,,,,,,,,,
0,-46.547,116.132,,,,,,,,,,,,,
0,-44.224,113.885,,,,,,,,,,,,,
0,-42.975,112.705,,,,,,,,,,,,,
0,-42.516,112.632,,,,,,,,,,,,,
0,-41.158,111.981,,,,,,,,,,,,,
0,-40.388,111.836,,,,,,,,,,,,,
0,-40.118,111.762,,,,,,,,,,,,,
0,-39.868,111.61,,,,,,,,,,,,,
0,-39.614,111.432,,,,,,,,,,,,,
0,-39.538,111.429,,,,,,,,,,,,,
0,-39.376,111.35,,,,,,,,,,,,,
0,-37.351,110.445,,,,,,,,,,,,,
0,-36.619,109.79,,,,,,,,,,,,,
0,-36.047,109.28,,,,,,,,,,,,,
0,-35.521,108.738,,,,,,,,,,,,,
0,-35.16,108.421,,,,,,,,,,,,,
0,-34.687,107.956,,,,,,,,,,,,,
0,-34.47,107.898,,,,,,,,,,,,,
0,-33.2,107.445,,,,,,,,,,,,,
0,-31.638,107.084,,,,,,,,,,,,,
0,-31.361,106.869,,,,,,,,,,,,,
0,-31.176,106.843,,,,,,,,,,,,,
0,-30.816,106.511,,,,,,,,,,,,,
0,-29.642,105.801,,,,,,,,,,,,,
0,-29.156,105.5,,,,,,,,,,,,,
0,-29.026,105.395,,,,,,,,,,,,,
0,-28.592,105.169,,,,,,,,,,,,,
0,-27.387,104.593,,,,,,,,,,,,,
0,-26.915,104.284,,,,,,,,,,,,,
0,-26.834,104.246,,,,,,,,,,,,,
0,-25.834,103.824,,,,,,,,,,,,,
0,-24.717,103.275,,,,,,,,,,,,,
0,-24.243,103.299,,,,,,,,,,,,,
0,-24,103.223,,,,,,,,,,,,,
0,-23.056,102.768,,,,,,,,,,,,,
0,-21.952,102.401,,,,,,,,,,,,,
0,-21.295,102.117,,,,,,,,,,,,,
0,-20.355,102.148,,,,,,,,,,,,,
0,-18.43,101.415,,,,,,,,,,,,,
0,-18.253,101.337,,,,,,,,,,,,,
0,-18.178,101.297,,,,,,,,,,,,,
0,-17.683,101.271,,,,,,,,,,,,,
0,-17.544,101.173,,,,,,,,,,,,,
0,-17.223,100.96,,,,,,,,,,,,,
0,-14.955,99.438,,,,,,,,,,,,,
0,-13.98,98.799,,,,,,,,,,,,,
0,-13.587,98.577,,,,,,,,,,,,,
0,-13.398,98.533,,,,,,,,,,,,,
0,-12.863,98.368,,,,,,,,,,,,,
0,-11.826,98.256,,,,,,,,,,,,,
0,-11.521,98.079,,,,,,,,,,,,,
0,-11.304,97.872,,,,,,,,,,,,,
0,-9.975,97.784,,,,,,,,,,,,,
0,-9.665,97.767,,,,,,,,,,,,,
0,-9.567,97.746,,,,,,,,,,,,,
0,-9.125,97.765,,,,,,,,,,,,,
0,-8.362,97.669,,,,,,,,,,,,,
0,-7.5,97.393,,,,,,,,,,,,,
0,-7.091,97.218,,,,,,,,,,,,,
0,-7.01,97.199,,,,,,,,,,,,,
0,-6.39,97.196,,,,,,,,,,,,,
0,-5.219,97.234,,,,,,,,,,,,,
0,-3.928,96.937,,,,,,,,,,,,,
0,-3.25,96.811,,,,,,,,,,,,,
0,-3.148,96.794,,,,,,,,,,,,,
0,-2.822,96.968,,,,,,,,,,,,,
0,-1.092,96.712,,,,,,,,,,,,,
0,-1.021,96.724,,,,,,,,,,,,,
0,-0.956,96.702,,,,,,,,,,,,,
0,-0.504,96.543,,,,,,,,,,,,,
0,-0.446,96.529,,,,,,,,,,,,,
0,1.372,96.5,,,,,,,,,,,,,
0,1.749,96.502,,,,,,,,,,,,,
0,2.32,96.476,,,,,,,,,,,,,
0,3.413,96.489,,,,,,,,,,,,,
0,3.702,96.604,,,,,,,,,,,,,
0,3.978,96.698,,,,,,,,,,,,,
0,4.786,96.662,,,,,,,,,,,,,
0,6.006,97.18,,,,,,,,,,,,,
0,6.138,97.204,,,,,,,,,,,,,
0,6.159,97.22,,,,,,,,,,,,,
0,6.301,97.289,,,,,,,,,,,,,
0,7.836,97.776,,,,,,,,,,,,,
0,8.001,97.847,,,,,,,,,,,,,
0,8.392,97.815,,,,,,,,,,,,,
0,8.726,97.941,,,,,,,,,,,,,
0,11.077,99.881,,,,,,,,,,,,,
0,17.493,105.783,,,,,,,,,,,,,
0,19.102,106.998,,,,,,,,,,,,,
0,19.201,107.064,,,,,,,,,,,,,
0,19.473,107.147,,,,,,,,,,,,,
0,19.798,107.144,,,,,,,,,,,,,
0,20.941,107.286,,,,,,,,,,,,,
0,21.132,107.304,,,,,,,,,,,,,
0,21.186,107.302,,,,,,,,,,,,,
0,21.228,107.304,,,,,,,,,,,,,
0,21.689,107.24,,,,,,,,,,,,,
0,23.986,109.786,,,,,,,,,,,,,
0,25.694,111.686,,,,,,,,,,,,,
0,26.67,112.788,,,,,,,,,,,,,
0,26.872,113.015,,,,,,,,,,,,,
0,27.924,114.301,,,,,,,,,,,,,
0,28.072,114.601,,,,,,,,,,,,,
0,29.364,116.107,,,,,,,,,,,,,
0,42.815,131.559,,,,,,,,,,,,,
0,48.751,137.637,,,,,,,,,,,,,
0,48.965,137.814,,,,,,,,,,,,,
0,49.179,137.973,,,,,,,,,,,,,
0,55.284,144.06,,,,,,,,,,,,,
0,57.212,146.078,,,,,,,,,,,,,
0,57.352,146.2,,,,,,,,,,,,,
0,59.984,148.913,,,,,,,,,,,,,
0,68.83,157.813,,,,,,,,,,,,,
0,70.203,158.836,,,,,,,,,,,,,
0,71.88,160.118,,,,,,,,,,,,,
0,72.058,160.311,,,,,,,,,,,,,
0,73.648,161.001,,,,,,,,,,,,,
0,74.327,161.125,,,,,,,,,,,,,
1.3,13,1300,FALSE,,,54,,,,,0,,,,âÕêÏä«óùé{ê›ìôç\ë¢óﬂ
0,-70.732,148.103,,,,,,,,,,,,,
0,-65.575,140.734,,,,,,,,,,,,,
0,-51.914,133.566,,,,,,,,,,,,,
0,-48.574,132.109,,,,,,,,,,,,,
0,-48.1,131.687,,,,,,,,,,,,,
0,-44.368,127.854,,,,,,,,,,,,,
0,-41.507,125.827,,,,,,,,,,,,,
0,-39.315,122.691,,,,,,,,,,,,,
0,-35.155,118.886,,,,,,,,,,,,,
0,-32.549,116.582,,,,,,,,,,,,,
0,-30.194,114.433,,,,,,,,,,,,,
0,-21.039,108.012,,,,,,,,,,,,,
0,-18.774,106.435,,,,,,,,,,,,,
0,-18.275,106.095,,,,,,,,,,,,,
0,-12.328,101.757,,,,,,,,,,,,,
0,-10.214,99.976,,,,,,,,,,,,,
0,-9.795,99.657,,,,,,,,,,,,,
0,-9.568,99.571,,,,,,,,,,,,,
0,-8.828,99.466,,,,,,,,,,,,,
0,-7.766,99.43,,,,,,,,,,,,,
0,-7.28,99.206,,,,,,,,,,,,,
0,-6.568,99.038,,,,,,,,,,,,,
0,-5.139,99.055,,,,,,,,,,,,,
0,-4.547,99.112,,,,,,,,,,,,,
0,-3.498,99.416,,,,,,,,,,,,,
0,-3.2,99.399,,,,,,,,,,,,,
0,-2.717,99.319,,,,,,,,,,,,,
0,-2.161,99.552,,,,,,,,,,,,,
0,-1.201,100.101,,,,,,,,,,,,,
0,-0.97,100.123,,,,,,,,,,,,,
0,-0.423,100.133,,,,,,,,,,,,,
0,0.513,100.276,,,,,,,,,,,,,
0,1.11,100.311,,,,,,,,,,,,,
0,1.792,100.574,,,,,,,,,,,,,
0,1.901,100.584,,,,,,,,,,,,,
0,2.147,100.675,,,,,,,,,,,,,
0,3.412,100.918,,,,,,,,,,,,,
0,3.587,100.995,,,,,,,,,,,,,
0,4.901,101.679,,,,,,,,,,,,,
0,6.671,102.358,,,,,,,,,,,,,
0,10.823,104.637,,,,,,,,,,,,,
0,11.45,104.668,,,,,,,,,,,,,
0,13.194,105.335,,,,,,,,,,,,,
0,17.077,106.026,,,,,,,,,,,,,
0,23.596,110.486,,,,,,,,,,,,,
0,33.353,119.509,,,,,,,,,,,,,
0,45.369,125.651,,,,,,,,,,,,,
0,47.948,129.125,,,,,,,,,,,,,
0,50.31,130.209,,,,,,,,,,,,,
0,52.925,131.916,,,,,,,,,,,,,
0,53.726,132.579,,,,,,,,,,,,,
0,55.727,133.913,,,,,,,,,,,,,
0,65.317,137.394,,,,,,,,,,,,,
0,65.646,137.49,,,,,,,,,,,,,
1.4,14,1400,FALSE,,,96,,,,,0,,,,âÕêÏä«óùé{ê›ìôç\ë¢óﬂ
0,-72.549,151.807,,,,,,,,,,,,,
0,-72.117,151.211,,,,,,,,,,,,,
0,-66.829,149.493,,,,,,,,,,,,,
0,-64.103,148.745,,,,,,,,,,,,,
0,-60.585,145.701,,,,,,,,,,,,,
0,-56.554,141.968,,,,,,,,,,,,,
0,-52.422,139.54,,,,,,,,,,,,,
0,-50.955,138.462,,,,,,,,,,,,,
0,-46.661,134.282,,,,,,,,,,,,,
0,-40.888,128.517,,,,,,,,,,,,,
0,-38.962,125.513,,,,,,,,,,,,,
0,-36.655,123.765,,,,,,,,,,,,,
0,-27.321,118.236,,,,,,,,,,,,,
0,-25.52,116.774,,,,,,,,,,,,,
0,-24.448,116.051,,,,,,,,,,,,,
0,-23.956,115.622,,,,,,,,,,,,,
0,-19.129,111.088,,,,,,,,,,,,,
0,-15.224,107.185,,,,,,,,,,,,,
0,-14.787,106.957,,,,,,,,,,,,,
0,-13.67,106.406,,,,,,,,,,,,,
0,-13.012,105.993,,,,,,,,,,,,,
0,-12.617,106.04,,,,,,,,,,,,,
0,-12.095,106.18,,,,,,,,,,,,,
0,-11.22,105.831,,,,,,,,,,,,,
0,-10.816,105.659,,,,,,,,,,,,,
0,-10.509,105.63,,,,,,,,,,,,,
0,-9.078,105.548,,,,,,,,,,,,,
0,-8.17,105.38,,,,,,,,,,,,,
0,-7.681,105.268,,,,,,,,,,,,,
0,-7.301,105.275,,,,,,,,,,,,,
0,-6.395,105.362,,,,,,,,,,,,,
0,-5.708,105.412,,,,,,,,,,,,,
0,-5.468,105.396,,,,,,,,,,,,,
0,-5.288,105.416,,,,,,,,,,,,,
0,-4.174,105.352,,,,,,,,,,,,,
0,-2.106,105.753,,,,,,,,,,,,,
0,-1.954,105.789,,,,,,,,,,,,,
0,-1.165,106.026,,,,,,,,,,,,,
0,-1.024,106.073,,,,,,,,,,,,,
0,-1,106.083,,,,,,,,,,,,,
0,0.248,106.52,,,,,,,,,,,,,
0,0.812,106.537,,,,,,,,,,,,,
0,1.178,106.616,,,,,,,,,,,,,
0,1.647,106.738,,,,,,,,,,,,,
0,2.45,106.93,,,,,,,,,,,,,
0,3.332,107.106,,,,,,,,,,,,,
0,3.374,107.115,,,,,,,,,,,,,
0,3.633,107.193,,,,,,,,,,,,,
0,4.693,107.472,,,,,,,,,,,,,
0,4.978,107.454,,,,,,,,,,,,,
0,5.521,107.411,,,,,,,,,,,,,
0,5.803,107.478,,,,,,,,,,,,,
0,6.754,107.682,,,,,,,,,,,,,
0,7.486,107.822,,,,,,,,,,,,,
0,8.064,107.871,,,,,,,,,,,,,
0,8.939,107.944,,,,,,,,,,,,,
0,9.166,107.985,,,,,,,,,,,,,
0,11.187,108.996,,,,,,,,,,,,,
0,12.529,109.516,,,,,,,,,,,,,
0,13.219,109.585,,,,,,,,,,,,,
0,13.953,109.558,,,,,,,,,,,,,
0,14.133,109.56,,,,,,,,,,,,,
0,14.353,109.555,,,,,,,,,,,,,
0,15.396,109.588,,,,,,,,,,,,,
0,15.636,109.592,,,,,,,,,,,,,
0,16.327,109.565,,,,,,,,,,,,,
0,16.951,109.545,,,,,,,,,,,,,
0,17.539,109.516,,,,,,,,,,,,,
0,18.93,110.356,,,,,,,,,,,,,
0,19.662,110.745,,,,,,,,,,,,,
0,19.921,110.744,,,,,,,,,,,,,
0,20.557,110.881,,,,,,,,,,,,,
0,21.003,110.919,,,,,,,,,,,,,
0,21.774,111.002,,,,,,,,,,,,,
0,22.32,110.907,,,,,,,,,,,,,
0,22.693,110.863,,,,,,,,,,,,,
0,22.874,110.859,,,,,,,,,,,,,
0,23.266,111.135,,,,,,,,,,,,,
0,33.565,120.234,,,,,,,,,,,,,
0,36.588,122.555,,,,,,,,,,,,,
0,36.991,122.874,,,,,,,,,,,,,
0,37.763,123.681,,,,,,,,,,,,,
0,38.294,124.212,,,,,,,,,,,,,
0,38.465,124.199,,,,,,,,,,,,,
0,38.776,124.658,,,,,,,,,,,,,
0,40.143,125.657,,,,,,,,,,,,,
0,42.065,127.215,,,,,,,,,,,,,
0,45.178,129.613,,,,,,,,,,,,,
0,48.06,132.879,,,,,,,,,,,,,
0,57.453,137.67,,,,,,,,,,,,,
0,58.748,138.417,,,,,,,,,,,,,
0,59.496,139.018,,,,,,,,,,,,,
0,60.598,139.467,,,,,,,,,,,,,
0,62.011,139.937,,,,,,,,,,,,,
0,64.721,141.313,,,,,,,,,,,,,
0,67.673,144.334,,,,,,,,,,,,,
1.5,15,1500,FALSE,,,83,,,,,0,,,,âÕêÏä«óùé{ê›ìôç\ë¢óﬂ
0,-56.06,147.26,,,,,,,,,,,,,
0,-55.944,147.125,,,,,,,,,,,,,
0,-52.465,147.266,,,,,,,,,,,,,
0,-44.089,138.731,,,,,,,,,,,,,
0,-43.2,138.036,,,,,,,,,,,,,
0,-35.473,131.656,,,,,,,,,,,,,
0,-30.018,127.334,,,,,,,,,,,,,
0,-29.889,127.208,,,,,,,,,,,,,
0,-28.992,125.774,,,,,,,,,,,,,
0,-28.464,124.873,,,,,,,,,,,,,
0,-25.104,121.916,,,,,,,,,,,,,
0,-25.071,121.897,,,,,,,,,,,,,
0,-24.705,121.467,,,,,,,,,,,,,
0,-24.029,120.762,,,,,,,,,,,,,
0,-23.37,120.523,,,,,,,,,,,,,
0,-22.822,120.303,,,,,,,,,,,,,
0,-22.413,120.043,,,,,,,,,,,,,
0,-20.964,119.098,,,,,,,,,,,,,
0,-20.765,119.027,,,,,,,,,,,,,
0,-17.769,116.151,,,,,,,,,,,,,
0,-15.769,113.718,,,,,,,,,,,,,
0,-13.141,112.011,,,,,,,,,,,,,
0,-12.666,111.905,,,,,,,,,,,,,
0,-11.983,111.497,,,,,,,,,,,,,
0,-10.638,111.341,,,,,,,,,,,,,
0,-9.799,111.371,,,,,,,,,,,,,
0,-9.32,111.465,,,,,,,,,,,,,
0,-8.597,111.248,,,,,,,,,,,,,
0,-7.68,111.322,,,,,,,,,,,,,
0,-6.165,111.102,,,,,,,,,,,,,
0,-5.485,111.016,,,,,,,,,,,,,
0,-4.821,110.771,,,,,,,,,,,,,
0,-4.328,110.737,,,,,,,,,,,,,
0,-3.36,110.327,,,,,,,,,,,,,
0,-2.58,110.026,,,,,,,,,,,,,
0,-2.291,110.064,,,,,,,,,,,,,
0,-1.445,110.275,,,,,,,,,,,,,
0,-0.666,110.066,,,,,,,,,,,,,
0,0.839,110.424,,,,,,,,,,,,,
0,1.992,110.963,,,,,,,,,,,,,
0,3.467,111.154,,,,,,,,,,,,,
0,3.693,111.221,,,,,,,,,,,,,
0,4.969,111.73,,,,,,,,,,,,,
0,5.251,111.815,,,,,,,,,,,,,
0,5.863,112.309,,,,,,,,,,,,,
0,7.18,113.511,,,,,,,,,,,,,
0,7.484,113.618,,,,,,,,,,,,,
0,9.694,114.517,,,,,,,,,,,,,
0,15.889,116.309,,,,,,,,,,,,,
0,16.836,116.564,,,,,,,,,,,,,
0,24.52,121.103,,,,,,,,,,,,,
0,31.349,124.2,,,,,,,,,,,,,
0,35.28,125.426,,,,,,,,,,,,,
0,35.434,125.487,,,,,,,,,,,,,
0,35.493,125.483,,,,,,,,,,,,,
0,35.916,125.612,,,,,,,,,,,,,
0,37.932,126.021,,,,,,,,,,,,,
0,38.896,126.459,,,,,,,,,,,,,
0,40.533,126.954,,,,,,,,,,,,,
0,42.176,127.484,,,,,,,,,,,,,
0,42.408,127.434,,,,,,,,,,,,,
0,43,127.608,,,,,,,,,,,,,
0,43.577,127.633,,,,,,,,,,,,,
0,44.234,127.878,,,,,,,,,,,,,
0,44.753,127.992,,,,,,,,,,,,,
0,44.974,128.069,,,,,,,,,,,,,
0,46.84,128.729,,,,,,,,,,,,,
0,48.166,129.471,,,,,,,,,,,,,
0,48.559,129.728,,,,,,,,,,,,,
0,53.424,131.106,,,,,,,,,,,,,
0,53.792,131.219,,,,,,,,,,,,,
0,54.207,131.381,,,,,,,,,,,,,
0,55.058,131.802,,,,,,,,,,,,,
0,55.199,131.863,,,,,,,,,,,,,
0,61.377,134.359,,,,,,,,,,,,,
0,63.679,135.441,,,,,,,,,,,,,
0,63.92,135.449,,,,,,,,,,,,,
0,64.958,135.548,,,,,,,,,,,,,
0,69.263,135.542,,,,,,,,,,,,,
0,69.442,135.578,,,,,,,,,,,,,
0,69.513,135.602,,,,,,,,,,,,,
0,72.23,138.464,,,,,,,,,,,,,
0,75,141.212,,,,,,,,,,,,,
1.6,16,1600,FALSE,,,57,,,,,0,,,,âÕêÏä«óùé{ê›ìôç\ë¢óﬂ
0,-50.215,145.667,,,,,,,,,,,,,
0,-49.844,145.271,,,,,,,,,,,,,
0,-47.444,143.284,,,,,,,,,,,,,
0,-37.793,139.37,,,,,,,,,,,,,
0,-33.668,136.626,,,,,,,,,,,,,
0,-31.728,135.814,,,,,,,,,,,,,
0,-28.384,134.679,,,,,,,,,,,,,
0,-27.251,134.657,,,,,,,,,,,,,
0,-21.535,130.517,,,,,,,,,,,,,
0,-16.587,128.687,,,,,,,,,,,,,
0,-14.605,127.932,,,,,,,,,,,,,
0,-7.299,123.289,,,,,,,,,,,,,
0,-0.309,120.212,,,,,,,,,,,,,
0,2.045,119.291,,,,,,,,,,,,,
0,2.406,119.177,,,,,,,,,,,,,
0,2.599,119.093,,,,,,,,,,,,,
0,3.348,118.918,,,,,,,,,,,,,
0,3.8,118.825,,,,,,,,,,,,,
0,4.401,118.6,,,,,,,,,,,,,
0,5.573,117.966,,,,,,,,,,,,,
0,6.23,117.7,,,,,,,,,,,,,
0,7.353,117.108,,,,,,,,,,,,,
0,8.133,116.534,,,,,,,,,,,,,
0,8.752,116.564,,,,,,,,,,,,,
0,10.798,117.117,,,,,,,,,,,,,
0,13.348,118.007,,,,,,,,,,,,,
0,14.876,118.808,,,,,,,,,,,,,
0,18.439,122.415,,,,,,,,,,,,,
0,21.188,124.596,,,,,,,,,,,,,
0,21.265,124.601,,,,,,,,,,,,,
0,23.271,124.786,,,,,,,,,,,,,
0,32.447,131.706,,,,,,,,,,,,,
0,34.559,132.904,,,,,,,,,,,,,
0,35.903,133.95,,,,,,,,,,,,,
0,36.497,134.525,,,,,,,,,,,,,
0,36.667,134.654,,,,,,,,,,,,,
0,36.832,134.825,,,,,,,,,,,,,
0,38.007,135.784,,,,,,,,,,,,,
0,46.251,141.156,,,,,,,,,,,,,
0,46.682,141.403,,,,,,,,,,,,,
0,48.668,142.831,,,,,,,,,,,,,
0,49.051,143.094,,,,,,,,,,,,,
0,49.621,143.552,,,,,,,,,,,,,
0,50.129,144.17,,,,,,,,,,,,,
0,55.12,149.496,,,,,,,,,,,,,
0,55.583,149.969,,,,,,,,,,,,,
0,56.231,150.753,,,,,,,,,,,,,
0,56.522,151.135,,,,,,,,,,,,,
0,57.164,151.934,,,,,,,,,,,,,
0,61.177,156.542,,,,,,,,,,,,,
0,62.115,157.503,,,,,,,,,,,,,
0,64.253,159.654,,,,,,,,,,,,,
0,64.424,159.832,,,,,,,,,,,,,
0,69.394,163.615,,,,,,,,,,,,,
0,70.276,164.37,,,,,,,,,,,,,
0,70.665,164.678,,,,,,,,,,,,,
0,70.771,164.784,,,,,,,,,,,,,
1.7,17,1700,FALSE,,,65,,,,,0,,,,âÕêÏä«óùé{ê›ìôç\ë¢óﬂ
0,-66.595,164.25,,,,,,,,,,,,,
0,-66.538,164.052,,,,,,,,,,,,,
0,-64.977,163.107,,,,,,,,,,,,,
0,-63.148,162.38,,,,,,,,,,,,,
0,-62.86,162.236,,,,,,,,,,,,,
0,-62.592,162.246,,,,,,,,,,,,,
0,-61.597,161.895,,,,,,,,,,,,,
0,-53.276,160.739,,,,,,,,,,,,,
0,-41.617,149.574,,,,,,,,,,,,,
0,-37.076,150.051,,,,,,,,,,,,,
0,-30.763,145.566,,,,,,,,,,,,,
0,-29.896,144.657,,,,,,,,,,,,,
0,-19.756,135.199,,,,,,,,,,,,,
0,-14.745,132.242,,,,,,,,,,,,,
0,-8.701,128.561,,,,,,,,,,,,,
0,-4.817,126.279,,,,,,,,,,,,,
0,-4.488,126.213,,,,,,,,,,,,,
0,-4.127,125.939,,,,,,,,,,,,,
0,-3.498,125.538,,,,,,,,,,,,,
0,-3.327,125.438,,,,,,,,,,,,,
0,-2.857,125.378,,,,,,,,,,,,,
0,-0.868,125.305,,,,,,,,,,,,,
0,-0.14,125.003,,,,,,,,,,,,,
0,0.733,124.772,,,,,,,,,,,,,
0,1.056,124.752,,,,,,,,,,,,,
0,1.603,124.732,,,,,,,,,,,,,
0,3.619,124.701,,,,,,,,,,,,,
0,6.229,124.671,,,,,,,,,,,,,
0,6.277,124.683,,,,,,,,,,,,,
0,6.381,124.665,,,,,,,,,,,,,
0,6.838,124.738,,,,,,,,,,,,,
0,7.999,124.886,,,,,,,,,,,,,
0,8.755,125.393,,,,,,,,,,,,,
0,8.797,125.412,,,,,,,,,,,,,
0,10.531,125.435,,,,,,,,,,,,,
0,10.836,125.526,,,,,,,,,,,,,
0,10.955,125.595,,,,,,,,,,,,,
0,11.511,125.203,,,,,,,,,,,,,
0,14.773,126.992,,,,,,,,,,,,,
0,19.229,129.177,,,,,,,,,,,,,
0,22.976,130.789,,,,,,,,,,,,,
0,24.6,131.998,,,,,,,,,,,,,
0,25.195,132.21,,,,,,,,,,,,,
0,25.385,132.197,,,,,,,,,,,,,
0,26.586,132.25,,,,,,,,,,,,,
0,29.962,134.025,,,,,,,,,,,,,
0,33.413,136.114,,,,,,,,,,,,,
0,43.625,141.661,,,,,,,,,,,,,
0,44.953,142.782,,,,,,,,,,,,,
0,46.088,143.222,,,,,,,,,,,,,
0,46.689,143.491,,,,,,,,,,,,,
0,51.356,145.764,,,,,,,,,,,,,
0,51.741,145.892,,,,,,,,,,,,,
0,52.854,146.446,,,,,,,,,,,,,
0,59.198,149.734,,,,,,,,,,,,,
0,60.419,150.289,,,,,,,,,,,,,
0,61.607,150.799,,,,,,,,,,,,,
0,63.819,151.488,,,,,,,,,,,,,
0,63.859,151.497,,,,,,,,,,,,,
0,63.867,151.5,,,,,,,,,,,,,
0,64.038,151.604,,,,,,,,,,,,,
0,69.302,154.907,,,,,,,,,,,,,
0,69.715,155.196,,,,,,,,,,,,,
0,71.163,155.279,,,,,,,,,,,,,
0,74.648,162.216,,,,,,,,,,,,,
1.8,18,1800,FALSE,,,84,,,,,0,,,,âÕêÏä«óùé{ê›ìôç\ë¢óﬂ
0,-64.133,161.333,,,,,,,,,,,,,
0,-60.702,161.317,,,,,,,,,,,,,
0,-54.778,156.444,,,,,,,,,,,,,
0,-53.772,155.615,,,,,,,,,,,,,
0,-46.069,150.68,,,,,,,,,,,,,
0,-43.574,148.689,,,,,,,,,,,,,
0,-42.373,147.848,,,,,,,,,,,,,
0,-38.961,145.807,,,,,,,,,,,,,
0,-38.052,145.282,,,,,,,,,,,,,
0,-37.745,145.097,,,,,,,,,,,,,
0,-36.26,144.189,,,,,,,,,,,,,
0,-35.453,143.796,,,,,,,,,,,,,
0,-33.23,142.644,,,,,,,,,,,,,
0,-30.703,141.23,,,,,,,,,,,,,
0,-29.966,140.829,,,,,,,,,,,,,
0,-28.928,140.365,,,,,,,,,,,,,
0,-24.407,138.391,,,,,,,,,,,,,
0,-23.737,137.924,,,,,,,,,,,,,
0,-20.01,136.302,,,,,,,,,,,,,
0,-17.452,135.512,,,,,,,,,,,,,
0,-16.241,135.203,,,,,,,,,,,,,
0,-15.255,134.888,,,,,,,,,,,,,
0,-6.477,131.147,,,,,,,,,,,,,
0,-4.77,130.513,,,,,,,,,,,,,
0,-4.659,130.506,,,,,,,,,,,,,
0,-4.416,130.594,,,,,,,,,,,,,
0,-3.519,130.545,,,,,,,,,,,,,
0,-3.218,130.536,,,,,,,,,,,,,
0,-2.956,130.572,,,,,,,,,,,,,
0,-2.622,130.469,,,,,,,,,,,,,
0,-2.346,130.273,,,,,,,,,,,,,
0,-0.974,129.969,,,,,,,,,,,,,
0,-0.244,129.88,,,,,,,,,,,,,
0,0.891,130.047,,,,,,,,,,,,,
0,1.241,130.088,,,,,,,,,,,,,
0,3.308,130.555,,,,,,,,,,,,,
0,3.381,130.579,,,,,,,,,,,,,
0,3.479,130.554,,,,,,,,,,,,,
0,3.997,130.403,,,,,,,,,,,,,
0,5.352,129.837,,,,,,,,,,,,,
0,5.459,129.819,,,,,,,,,,,,,
0,6.096,129.674,,,,,,,,,,,,,
0,6.114,129.673,,,,,,,,,,,,,
0,6.16,129.676,,,,,,,,,,,,,
0,9.814,130.017,,,,,,,,,,,,,
0,10.338,129.855,,,,,,,,,,,,,
0,10.866,129.834,,,,,,,,,,,,,
0,11.819,129.972,,,,,,,,,,,,,
0,13.901,130.645,,,,,,,,,,,,,
0,15.078,130.95,,,,,,,,,,,,,
0,15.854,131.295,,,,,,,,,,,,,
0,16.396,131.319,,,,,,,,,,,,,
0,16.611,131.356,,,,,,,,,,,,,
0,17.695,131.98,,,,,,,,,,,,,
0,22.127,134.491,,,,,,,,,,,,,
0,23.14,135.045,,,,,,,,,,,,,
0,23.167,135.047,,,,,,,,,,,,,
0,23.334,135.051,,,,,,,,,,,,,
0,24.577,135.096,,,,,,,,,,,,,
0,25.191,135.066,,,,,,,,,,,,,
0,25.259,135.07,,,,,,,,,,,,,
0,25.269,135.076,,,,,,,,,,,,,
0,25.301,135.113,,,,,,,,,,,,,
0,25.769,135.393,,,,,,,,,,,,,
0,39.867,144.206,,,,,,,,,,,,,
0,40.39,144.255,,,,,,,,,,,,,
0,40.815,144.328,,,,,,,,,,,,,
0,41.105,144.608,,,,,,,,,,,,,
0,45.912,148.613,,,,,,,,,,,,,
0,49.71,151.45,,,,,,,,,,,,,
0,52.069,153.118,,,,,,,,,,,,,
0,53.666,154.593,,,,,,,,,,,,,
0,55.42,156.383,,,,,,,,,,,,,
0,58.437,158.554,,,,,,,,,,,,,
0,61.995,161.864,,,,,,,,,,,,,
0,62.18,162.027,,,,,,,,,,,,,
0,63.522,162.999,,,,,,,,,,,,,
0,63.681,163.148,,,,,,,,,,,,,
0,64.253,163.86,,,,,,,,,,,,,
0,64.543,164.081,,,,,,,,,,,,,
0,66.74,166.313,,,,,,,,,,,,,
0,67.861,167.558,,,,,,,,,,,,,
0,72.384,172.631,,,,,,,,,,,,,
0,75,175.308,,,,,,,,,,,,,
1.9,19,1900,FALSE,,,63,,,,,0,,,,âÕêÏä«óùé{ê›ìôç\ë¢óﬂ
0,-56.816,154.348,,,,,,,,,,,,,
0,-53.218,152.15,,,,,,,,,,,,,
0,-50.057,149.377,,,,,,,,,,,,,
0,-42.959,147.434,,,,,,,,,,,,,
0,-39.528,145.296,,,,,,,,,,,,,
0,-39.234,145.189,,,,,,,,,,,,,
0,-37.677,145.252,,,,,,,,,,,,,
0,-35.868,144.122,,,,,,,,,,,,,
0,-29.782,140.691,,,,,,,,,,,,,
0,-26.979,140.196,,,,,,,,,,,,,
0,-25.148,139.231,,,,,,,,,,,,,
0,-21.254,138.651,,,,,,,,,,,,,
0,-20.96,138.475,,,,,,,,,,,,,
0,-20.236,138.324,,,,,,,,,,,,,
0,-19.097,137.684,,,,,,,,,,,,,
0,-15.941,137.299,,,,,,,,,,,,,
0,-12.756,135.972,,,,,,,,,,,,,
0,-9.484,133.734,,,,,,,,,,,,,
0,-7.249,133.61,,,,,,,,,,,,,
0,-5.146,133.429,,,,,,,,,,,,,
0,-4.239,133.052,,,,,,,,,,,,,
0,-3.415,133,,,,,,,,,,,,,
0,-2.367,132.776,,,,,,,,,,,,,
0,-2.106,132.742,,,,,,,,,,,,,
0,-1.584,132.764,,,,,,,,,,,,,
0,-0.843,132.753,,,,,,,,,,,,,
0,-0.682,132.908,,,,,,,,,,,,,
0,-0.003,133.291,,,,,,,,,,,,,
0,0.648,133.46,,,,,,,,,,,,,
0,1.977,133.356,,,,,,,,,,,,,
0,2.12,133.351,,,,,,,,,,,,,
0,2.379,133.291,,,,,,,,,,,,,
0,3.39,133.14,,,,,,,,,,,,,
0,3.62,133.054,,,,,,,,,,,,,
0,4.206,133.145,,,,,,,,,,,,,
0,4.775,133.036,,,,,,,,,,,,,
0,5.515,133.11,,,,,,,,,,,,,
0,6.142,133.408,,,,,,,,,,,,,
0,6.349,133.436,,,,,,,,,,,,,
0,7.276,133.29,,,,,,,,,,,,,
0,7.599,133.245,,,,,,,,,,,,,
0,8.395,133.793,,,,,,,,,,,,,
0,8.459,133.781,,,,,,,,,,,,,
0,8.511,133.786,,,,,,,,,,,,,
0,9.759,133.316,,,,,,,,,,,,,
0,24.016,139.065,,,,,,,,,,,,,
0,26.647,140.176,,,,,,,,,,,,,
0,26.944,140.293,,,,,,,,,,,,,
0,28.222,140.752,,,,,,,,,,,,,
0,29.175,140.795,,,,,,,,,,,,,
0,30.396,141.225,,,,,,,,,,,,,
0,32.272,141.517,,,,,,,,,,,,,
0,33.516,142.064,,,,,,,,,,,,,
0,41.083,145.291,,,,,,,,,,,,,
0,46.985,147.811,,,,,,,,,,,,,
0,48.201,148.383,,,,,,,,,,,,,
0,48.838,148.626,,,,,,,,,,,,,
0,53.588,152.192,,,,,,,,,,,,,
0,59.348,154.796,,,,,,,,,,,,,
0,60.232,155.435,,,,,,,,,,,,,
0,67.33,160.709,,,,,,,,,,,,,
0,73.929,164.478,,,,,,,,,,,,,
0,75,165.439,,,,,,,,,,,,,
2,20,2000,FALSE,,,80,,,,,0,,,,âÕêÏä«óùé{ê›ìôç\ë¢óﬂ
0,-69.31,176.412,,,,,,,,,,,,,
0,-69.15,176.631,,,,,,,,,,,,,
0,-68.169,176.123,,,,,,,,,,,,,
0,-66.999,175.456,,,,,,,,,,,,,
0,-66.326,175.089,,,,,,,,,,,,,
0,-65.548,174.477,,,,,,,,,,,,,
0,-61.706,170.78,,,,,,,,,,,,,
0,-57.915,167.753,,,,,,,,,,,,,
0,-56.599,166.454,,,,,,,,,,,,,
0,-55.766,165.505,,,,,,,,,,,,,
0,-54.985,165.06,,,,,,,,,,,,,
0,-51.752,162.398,,,,,,,,,,,,,
0,-42.648,153.997,,,,,,,,,,,,,
0,-41.819,153.28,,,,,,,,,,,,,
0,-40.862,152.741,,,,,,,,,,,,,
0,-37.667,149.699,,,,,,,,,,,,,
0,-34.213,146.335,,,,,,,,,,,,,
0,-30.152,144.135,,,,,,,,,,,,,
0,-28.352,143.776,,,,,,,,,,,,,
0,-27.781,143.414,,,,,,,,,,,,,
0,-26.888,143.073,,,,,,,,,,,,,
0,-25.95,142.762,,,,,,,,,,,,,
0,-25.329,142.592,,,,,,,,,,,,,
0,-24.629,142.282,,,,,,,,,,,,,
0,-20.336,139.913,,,,,,,,,,,,,
0,-19.951,139.877,,,,,,,,,,,,,
0,-16.099,138.996,,,,,,,,,,,,,
0,-15.855,138.9,,,,,,,,,,,,,
0,-15.371,138.683,,,,,,,,,,,,,
0,-14.047,138.149,,,,,,,,,,,,,
0,-13.41,138.114,,,,,,,,,,,,,
0,-12.722,138.077,,,,,,,,,,,,,
0,-11.916,137.981,,,,,,,,,,,,,
0,-11.872,137.978,,,,,,,,,,,,,
0,-10.523,137.885,,,,,,,,,,,,,
0,-9.93,137.984,,,,,,,,,,,,,
0,-9.171,138.218,,,,,,,,,,,,,
0,-8.895,138.189,,,,,,,,,,,,,
0,-8.413,138.213,,,,,,,,,,,,,
0,-6.178,138.569,,,,,,,,,,,,,
0,-5.29,138.538,,,,,,,,,,,,,
0,-4.306,138.705,,,,,,,,,,,,,
0,-3.828,138.795,,,,,,,,,,,,,
0,-3.308,138.837,,,,,,,,,,,,,
0,-2.751,138.744,,,,,,,,,,,,,
0,-2.246,138.892,,,,,,,,,,,,,
0,-0.903,139.143,,,,,,,,,,,,,
0,-0.732,139.192,,,,,,,,,,,,,
0,-0.666,139.176,,,,,,,,,,,,,
0,-0.089,139.256,,,,,,,,,,,,,
0,0.196,139.341,,,,,,,,,,,,,
0,1.017,139.449,,,,,,,,,,,,,
0,1.863,139.487,,,,,,,,,,,,,
0,5.679,139.936,,,,,,,,,,,,,
0,6.417,139.744,,,,,,,,,,,,,
0,8.09,139.517,,,,,,,,,,,,,
0,8.616,139.386,,,,,,,,,,,,,
0,14.665,142.654,,,,,,,,,,,,,
0,25.74,146.806,,,,,,,,,,,,,
0,42.222,156.098,,,,,,,,,,,,,
0,44.752,156.855,,,,,,,,,,,,,
0,47.261,158.207,,,,,,,,,,,,,
0,49.313,158.752,,,,,,,,,,,,,
0,50.722,159.185,,,,,,,,,,,,,
0,50.951,159.098,,,,,,,,,,,,,
0,51.289,159.072,,,,,,,,,,,,,
0,53.123,160.359,,,,,,,,,,,,,
0,55.436,161.405,,,,,,,,,,,,,
0,56.264,161.788,,,,,,,,,,,,,
0,56.819,162.016,,,,,,,,,,,,,
0,57.104,162.196,,,,,,,,,,,,,
0,58.308,162.885,,,,,,,,,,,,,
0,60.558,164.219,,,,,,,,,,,,,
0,61.687,165.047,,,,,,,,,,,,,
0,62.977,165.777,,,,,,,,,,,,,
0,65.324,167.333,,,,,,,,,,,,,
0,72.71,171.439,,,,,,,,,,,,,
0,74.326,172.508,,,,,,,,,,,,,
0,74.661,172.697,,,,,,,,,,,,,
0,75,173.024,,,,,,,,,,,,,
2.1,21,2100,FALSE,,,98,,,,,0,,,,âÕêÏä«óùé{ê›ìôç\ë¢óﬂ
0,-64.524,178.525,,,,,,,,,,,,,
0,-64.49,178.527,,,,,,,,,,,,,
0,-64.141,178.234,,,,,,,,,,,,,
0,-62.59,177.038,,,,,,,,,,,,,
0,-61.626,177.177,,,,,,,,,,,,,
0,-60.815,176.783,,,,,,,,,,,,,
0,-59.915,176.04,,,,,,,,,,,,,
0,-57.159,174.432,,,,,,,,,,,,,
0,-55.777,173.474,,,,,,,,,,,,,
0,-54.552,172.749,,,,,,,,,,,,,
0,-54.406,172.693,,,,,,,,,,,,,
0,-47.729,168.874,,,,,,,,,,,,,
0,-46.643,168.785,,,,,,,,,,,,,
0,-45.492,168.152,,,,,,,,,,,,,
0,-45.314,168.052,,,,,,,,,,,,,
0,-43.323,166.643,,,,,,,,,,,,,
0,-36.9,161.427,,,,,,,,,,,,,
0,-34.234,158.046,,,,,,,,,,,,,
0,-33.498,157.326,,,,,,,,,,,,,
0,-28.349,153.318,,,,,,,,,,,,,
0,-22.296,150.602,,,,,,,,,,,,,
0,-14.929,147.329,,,,,,,,,,,,,
0,-13.951,146.801,,,,,,,,,,,,,
0,-13.908,146.806,,,,,,,,,,,,,
0,-13.446,146.371,,,,,,,,,,,,,
0,-13.045,145.966,,,,,,,,,,,,,
0,-11.716,145.69,,,,,,,,,,,,,
0,-11.366,145.628,,,,,,,,,,,,,
0,-11.051,145.616,,,,,,,,,,,,,
0,-9.961,145.263,,,,,,,,,,,,,
0,-8.765,144.88,,,,,,,,,,,,,
0,-8.601,144.787,,,,,,,,,,,,,
0,-8.513,144.75,,,,,,,,,,,,,
0,-8.207,144.745,,,,,,,,,,,,,
0,-6.713,144.639,,,,,,,,,,,,,
0,-6.405,144.648,,,,,,,,,,,,,
0,-5.605,144.659,,,,,,,,,,,,,
0,-5.265,144.672,,,,,,,,,,,,,
0,-5.042,144.675,,,,,,,,,,,,,
0,-4.046,144.74,,,,,,,,,,,,,
0,-3.031,144.772,,,,,,,,,,,,,
0,-2.829,144.763,,,,,,,,,,,,,
0,-2.524,144.732,,,,,,,,,,,,,
0,-1.578,144.681,,,,,,,,,,,,,
0,-0.914,144.692,,,,,,,,,,,,,
0,-0.299,144.751,,,,,,,,,,,,,
0,0.584,144.656,,,,,,,,,,,,,
0,0.95,144.632,,,,,,,,,,,,,
0,1.191,144.642,,,,,,,,,,,,,
0,2.165,144.736,,,,,,,,,,,,,
0,3.188,144.742,,,,,,,,,,,,,
0,3.373,144.733,,,,,,,,,,,,,
0,3.656,144.669,,,,,,,,,,,,,
0,4.851,144.354,,,,,,,,,,,,,
0,6.166,144.301,,,,,,,,,,,,,
0,6.417,144.287,,,,,,,,,,,,,
0,6.649,144.365,,,,,,,,,,,,,
0,7.648,144.76,,,,,,,,,,,,,
0,8.228,144.666,,,,,,,,,,,,,
0,8.806,144.54,,,,,,,,,,,,,
0,9.35,144.88,,,,,,,,,,,,,
0,10.861,145.895,,,,,,,,,,,,,
0,11.48,146.195,,,,,,,,,,,,,
0,12.054,146.474,,,,,,,,,,,,,
0,12.292,146.609,,,,,,,,,,,,,
0,13.046,146.977,,,,,,,,,,,,,
0,14.292,147.527,,,,,,,,,,,,,
0,15.597,148.023,,,,,,,,,,,,,
0,15.829,147.993,,,,,,,,,,,,,
0,16.25,148.011,,,,,,,,,,,,,
0,16.92,148.002,,,,,,,,,,,,,
0,17.31,148.056,,,,,,,,,,,,,
0,17.991,148.108,,,,,,,,,,,,,
0,18.208,148.101,,,,,,,,,,,,,
0,18.474,148.105,,,,,,,,,,,,,
0,18.687,148.149,,,,,,,,,,,,,
0,22.497,155.496,,,,,,,,,,,,,
0,31.155,170.45,,,,,,,,,,,,,
0,31.316,170.703,,,,,,,,,,,,,
0,31.882,171.651,,,,,,,,,,,,,
0,32.976,173.216,,,,,,,,,,,,,
0,34.056,174.586,,,,,,,,,,,,,
0,38.088,177.478,,,,,,,,,,,,,
0,44.089,181.208,,,,,,,,,,,,,
0,45.932,182.608,,,,,,,,,,,,,
0,46.745,183.096,,,,,,,,,,,,,
0,47.712,183.611,,,,,,,,,,,,,
0,62.09,193.959,,,,,,,,,,,,,
0,68.764,199.107,,,,,,,,,,,,,
0,68.945,199.253,,,,,,,,,,,,,
0,69.315,199.393,,,,,,,,,,,,,
0,70.886,199.885,,,,,,,,,,,,,
0,71.091,199.962,,,,,,,,,,,,,
0,71.271,199.973,,,,,,,,,,,,,
0,72.55,200.284,,,,,,,,,,,,,
0,73.741,201.208,,,,,,,,,,,,,
0,73.966,201.351,,,,,,,,,,,,,
0,74.005,201.386,,,,,,,,,,,,,
2.2,22,2200,FALSE,,,80,,,,,0,,,,âÕêÏä«óùé{ê›ìôç\ë¢óﬂ
0,-75,198.32,,,,,,,,,,,,,
0,-65.694,195.087,,,,,,,,,,,,,
0,-65.409,195.067,,,,,,,,,,,,,
0,-64.485,194.308,,,,,,,,,,,,,
0,-63.543,193.56,,,,,,,,,,,,,
0,-63.103,193.112,,,,,,,,,,,,,
0,-61.873,191.941,,,,,,,,,,,,,
0,-56.638,186.637,,,,,,,,,,,,,
0,-56.228,186.195,,,,,,,,,,,,,
0,-55.787,185.911,,,,,,,,,,,,,
0,-51.638,182.473,,,,,,,,,,,,,
0,-50.886,181.822,,,,,,,,,,,,,
0,-50.026,181.066,,,,,,,,,,,,,
0,-48.464,179.788,,,,,,,,,,,,,
0,-46.729,178.395,,,,,,,,,,,,,
0,-44.802,176.679,,,,,,,,,,,,,
0,-43.028,175.359,,,,,,,,,,,,,
0,-42.437,174.911,,,,,,,,,,,,,
0,-41.392,174.19,,,,,,,,,,,,,
0,-41.299,174.142,,,,,,,,,,,,,
0,-40.475,173.682,,,,,,,,,,,,,
0,-32.399,168.934,,,,,,,,,,,,,
0,-31.936,168.917,,,,,,,,,,,,,
0,-31.807,168.91,,,,,,,,,,,,,
0,-31.311,168.885,,,,,,,,,,,,,
0,-31.028,168.865,,,,,,,,,,,,,
0,-30.005,168.717,,,,,,,,,,,,,
0,-29.679,168.607,,,,,,,,,,,,,
0,-28.419,168.111,,,,,,,,,,,,,
0,-28.21,168.05,,,,,,,,,,,,,
0,-27.137,167.267,,,,,,,,,,,,,
0,-26.978,167.143,,,,,,,,,,,,,
0,-22.984,164.003,,,,,,,,,,,,,
0,-9.67,154.453,,,,,,,,,,,,,
0,-8.508,154.111,,,,,,,,,,,,,
0,-6.808,152.991,,,,,,,,,,,,,
0,-3.814,151.643,,,,,,,,,,,,,
0,-1.699,150.806,,,,,,,,,,,,,
0,-0.984,150.696,,,,,,,,,,,,,
0,-0.133,150.585,,,,,,,,,,,,,
0,0.792,150.715,,,,,,,,,,,,,
0,1.186,150.691,,,,,,,,,,,,,
0,1.997,150.424,,,,,,,,,,,,,
0,2.699,150.21,,,,,,,,,,,,,
0,3.011,150.163,,,,,,,,,,,,,
0,4.044,150.191,,,,,,,,,,,,,
0,4.049,150.19,,,,,,,,,,,,,
0,4.062,150.19,,,,,,,,,,,,,
0,5.151,150.178,,,,,,,,,,,,,
0,5.581,150.193,,,,,,,,,,,,,
0,6.491,150.23,,,,,,,,,,,,,
0,6.931,150.263,,,,,,,,,,,,,
0,7.808,150.641,,,,,,,,,,,,,
0,8.468,150.949,,,,,,,,,,,,,
0,9.008,151.117,,,,,,,,,,,,,
0,9.933,151.599,,,,,,,,,,,,,
0,10.329,151.744,,,,,,,,,,,,,
0,11.418,151.842,,,,,,,,,,,,,
0,12.658,151.594,,,,,,,,,,,,,
0,12.75,151.58,,,,,,,,,,,,,
0,12.806,151.597,,,,,,,,,,,,,
0,12.811,151.6,,,,,,,,,,,,,
0,14.165,152.259,,,,,,,,,,,,,
0,21.104,155.326,,,,,,,,,,,,,
0,26.028,154.972,,,,,,,,,,,,,
0,27.232,155.642,,,,,,,,,,,,,
0,33.622,159.694,,,,,,,,,,,,,
0,34.971,160.161,,,,,,,,,,,,,
0,36.917,161.45,,,,,,,,,,,,,
0,38.075,162.065,,,,,,,,,,,,,
0,39.19,162.283,,,,,,,,,,,,,
0,43.504,163.259,,,,,,,,,,,,,
0,44.909,163.87,,,,,,,,,,,,,
0,45.982,164.126,,,,,,,,,,,,,
0,46.668,164.701,,,,,,,,,,,,,
0,51.077,167.574,,,,,,,,,,,,,
0,58.371,172.307,,,,,,,,,,,,,
0,58.496,172.447,,,,,,,,,,,,,
0,65.71,174.858,,,,,,,,,,,,,
0,68.687,175.867,,,,,,,,,,,,,
2.3,23,2300,FALSE,,,86,,,,,0,,,,âÕêÏä«óùé{ê›ìôç\ë¢óﬂ
0,-51.575,198.735,,,,,,,,,,,,,
0,-50.13,195.535,,,,,,,,,,,,,
0,-49.286,194.567,,,,,,,,,,,,,
0,-48.379,194.258,,,,,,,,,,,,,
0,-47.765,193.958,,,,,,,,,,,,,
0,-46.137,193.283,,,,,,,,,,,,,
0,-45.871,193.096,,,,,,,,,,,,,
0,-45.568,192.901,,,,,,,,,,,,,
0,-45.292,192.72,,,,,,,,,,,,,
0,-42.887,191.188,,,,,,,,,,,,,
0,-42.337,190.823,,,,,,,,,,,,,
0,-38.489,188.629,,,,,,,,,,,,,
0,-38.098,188.464,,,,,,,,,,,,,
0,-37.185,187.852,,,,,,,,,,,,,
0,-36.733,187.45,,,,,,,,,,,,,
0,-30.401,180.69,,,,,,,,,,,,,
0,-23.144,171.717,,,,,,,,,,,,,
0,-19.578,167.671,,,,,,,,,,,,,
0,-18.599,167.028,,,,,,,,,,,,,
0,-11.294,160.475,,,,,,,,,,,,,
0,-6.186,156.944,,,,,,,,,,,,,
0,-5.999,156.875,,,,,,,,,,,,,
0,-2.352,156.217,,,,,,,,,,,,,
0,-2.122,156.198,,,,,,,,,,,,,
0,-1.923,156.182,,,,,,,,,,,,,
0,-0.981,155.821,,,,,,,,,,,,,
0,-0.124,155.356,,,,,,,,,,,,,
0,0.423,155.759,,,,,,,,,,,,,
0,2.449,155.954,,,,,,,,,,,,,
0,2.654,155.995,,,,,,,,,,,,,
0,2.757,156.02,,,,,,,,,,,,,
0,3.883,155.998,,,,,,,,,,,,,
0,4.587,156.19,,,,,,,,,,,,,
0,4.611,156.186,,,,,,,,,,,,,
0,4.681,156.224,,,,,,,,,,,,,
0,4.786,156.294,,,,,,,,,,,,,
0,6.248,157.136,,,,,,,,,,,,,
0,15.788,162.579,,,,,,,,,,,,,
0,15.931,162.632,,,,,,,,,,,,,
0,16.229,162.859,,,,,,,,,,,,,
0,16.328,162.897,,,,,,,,,,,,,
0,19.753,164.61,,,,,,,,,,,,,
0,20.094,164.706,,,,,,,,,,,,,
0,20.873,165.609,,,,,,,,,,,,,
0,31.138,176.628,,,,,,,,,,,,,
0,33.015,178.664,,,,,,,,,,,,,
0,33.337,178.806,,,,,,,,,,,,,
0,33.911,179.393,,,,,,,,,,,,,
0,39.337,185.328,,,,,,,,,,,,,
0,39.604,185.606,,,,,,,,,,,,,
0,40.565,186.498,,,,,,,,,,,,,
0,40.971,186.687,,,,,,,,,,,,,
0,43.006,188.326,,,,,,,,,,,,,
0,43.647,188.86,,,,,,,,,,,,,
0,43.882,189.023,,,,,,,,,,,,,
0,45.763,190.32,,,,,,,,,,,,,
0,45.818,190.354,,,,,,,,,,,,,
0,47.203,191.122,,,,,,,,,,,,,
0,48.619,192.055,,,,,,,,,,,,,
0,49.077,192.308,,,,,,,,,,,,,
0,52.266,194.998,,,,,,,,,,,,,
0,52.689,195.24,,,,,,,,,,,,,
0,52.851,195.235,,,,,,,,,,,,,
0,53.529,195.497,,,,,,,,,,,,,
0,54.903,195.749,,,,,,,,,,,,,
0,56.119,196.331,,,,,,,,,,,,,
0,56.257,196.433,,,,,,,,,,,,,
0,56.345,196.473,,,,,,,,,,,,,
0,57.597,197.137,,,,,,,,,,,,,
0,58.006,197.169,,,,,,,,,,,,,
0,58.834,197.173,,,,,,,,,,,,,
0,59.109,197.263,,,,,,,,,,,,,
0,59.985,197.38,,,,,,,,,,,,,
0,61.677,198.215,,,,,,,,,,,,,
0,61.969,198.306,,,,,,,,,,,,,
0,62.563,198.576,,,,,,,,,,,,,
0,63.229,198.476,,,,,,,,,,,,,
0,63.292,198.456,,,,,,,,,,,,,
0,63.507,198.541,,,,,,,,,,,,,
0,64.601,198.888,,,,,,,,,,,,,
0,64.919,199.086,,,,,,,,,,,,,
0,65.381,199.192,,,,,,,,,,,,,
0,66.118,199.543,,,,,,,,,,,,,
0,68.561,200.726,,,,,,,,,,,,,
0,69.138,201.119,,,,,,,,,,,,,
0,69.889,201.54,,,,,,,,,,,,,
2.4,24,2400,FALSE,,,98,,,,,0,,,,âÕêÏä«óùé{ê›ìôç\ë¢óﬂ
0,-68.155,195.198,,,,,,,,,,,,,
0,-67.804,195.763,,,,,,,,,,,,,
0,-66.619,196.69,,,,,,,,,,,,,
0,-65.986,197.558,,,,,,,,,,,,,
0,-65.612,198.04,,,,,,,,,,,,,
0,-65.309,198.196,,,,,,,,,,,,,
0,-65,198.172,,,,,,,,,,,,,
0,-64.066,197.773,,,,,,,,,,,,,
0,-62.937,197.235,,,,,,,,,,,,,
0,-61.916,196.967,,,,,,,,,,,,,
0,-60.683,196.432,,,,,,,,,,,,,
0,-60.047,195.984,,,,,,,,,,,,,
0,-56.869,193.717,,,,,,,,,,,,,
0,-55.388,192.739,,,,,,,,,,,,,
0,-50.252,189.186,,,,,,,,,,,,,
0,-48.649,188.203,,,,,,,,,,,,,
0,-46.036,187.017,,,,,,,,,,,,,
0,-43.315,184.75,,,,,,,,,,,,,
0,-41.514,183.658,,,,,,,,,,,,,
0,-40.779,183.231,,,,,,,,,,,,,
0,-38.996,181.951,,,,,,,,,,,,,
0,-38.136,181.454,,,,,,,,,,,,,
0,-37.887,181.484,,,,,,,,,,,,,
0,-37.375,181.547,,,,,,,,,,,,,
0,-23.019,167.702,,,,,,,,,,,,,
0,-17.154,164.5,,,,,,,,,,,,,
0,-16.634,164.246,,,,,,,,,,,,,
0,-13.018,161.781,,,,,,,,,,,,,
0,-12.943,161.737,,,,,,,,,,,,,
0,-12.93,161.733,,,,,,,,,,,,,
0,-12.846,161.705,,,,,,,,,,,,,
0,-11.233,161.369,,,,,,,,,,,,,
0,-8.96,160.315,,,,,,,,,,,,,
0,-8.591,160.294,,,,,,,,,,,,,
0,-8.388,160.307,,,,,,,,,,,,,
0,-4.676,160.163,,,,,,,,,,,,,
0,-4.419,160.16,,,,,,,,,,,,,
0,-4.236,160.147,,,,,,,,,,,,,
0,-1.763,160.355,,,,,,,,,,,,,
0,-0.649,160.364,,,,,,,,,,,,,
0,1.472,161.559,,,,,,,,,,,,,
0,2.236,161.993,,,,,,,,,,,,,
0,3.606,162.387,,,,,,,,,,,,,
0,4.13,162.501,,,,,,,,,,,,,
0,4.489,162.465,,,,,,,,,,,,,
0,5.603,163.182,,,,,,,,,,,,,
0,5.637,163.196,,,,,,,,,,,,,
0,6.32,163.47,,,,,,,,,,,,,
0,7.059,163.582,,,,,,,,,,,,,
0,8.687,163.728,,,,,,,,,,,,,
0,8.923,163.601,,,,,,,,,,,,,
0,10.166,164.68,,,,,,,,,,,,,
0,15.393,171.336,,,,,,,,,,,,,
0,17.741,173.796,,,,,,,,,,,,,
0,27.615,186.718,,,,,,,,,,,,,
0,27.616,186.718,,,,,,,,,,,,,
0,27.622,186.723,,,,,,,,,,,,,
0,31.798,190.606,,,,,,,,,,,,,
0,31.81,190.616,,,,,,,,,,,,,
0,31.863,190.624,,,,,,,,,,,,,
0,32.293,190.557,,,,,,,,,,,,,
0,32.466,190.742,,,,,,,,,,,,,
0,35.701,193.323,,,,,,,,,,,,,
0,36.381,193.893,,,,,,,,,,,,,
0,36.816,194.281,,,,,,,,,,,,,
0,38.095,194.978,,,,,,,,,,,,,
0,38.395,195.166,,,,,,,,,,,,,
0,38.463,195.226,,,,,,,,,,,,,
0,38.618,195.322,,,,,,,,,,,,,
0,38.639,195.335,,,,,,,,,,,,,
0,42.119,197.982,,,,,,,,,,,,,
0,42.19,198.039,,,,,,,,,,,,,
0,42.258,198.084,,,,,,,,,,,,,
0,42.479,198.209,,,,,,,,,,,,,
0,47.75,200.006,,,,,,,,,,,,,
0,50.236,200.233,,,,,,,,,,,,,
0,50.474,200.296,,,,,,,,,,,,,
0,50.655,200.235,,,,,,,,,,,,,
0,51.792,200.18,,,,,,,,,,,,,
0,52.543,200.106,,,,,,,,,,,,,
0,52.927,200.262,,,,,,,,,,,,,
0,53.098,200.32,,,,,,,,,,,,,
0,53.961,200.52,,,,,,,,,,,,,
0,55.015,200.785,,,,,,,,,,,,,
0,56.485,201.135,,,,,,,,,,,,,
0,56.75,201.183,,,,,,,,,,,,,
0,56.91,201.223,,,,,,,,,,,,,
0,58.434,201.357,,,,,,,,,,,,,
0,59.316,201.417,,,,,,,,,,,,,
0,59.39,201.416,,,,,,,,,,,,,
0,59.415,201.429,,,,,,,,,,,,,
0,59.837,201.328,,,,,,,,,,,,,
0,61.954,202.305,,,,,,,,,,,,,
0,64.996,203.651,,,,,,,,,,,,,
0,67.33,205.433,,,,,,,,,,,,,
0,67.737,205.332,,,,,,,,,,,,,
0,68.721,206.027,,,,,,,,,,,,,
0,68.898,206.119,,,,,,,,,,,,,
2.5,25,2500,FALSE,,,115,,,,,0,,,,âÕêÏä«óùé{ê›ìôç\ë¢óﬂ
0,-62.068,208.167,,,,,,,,,,,,,
0,-58.595,203.903,,,,,,,,,,,,,
0,-56.543,201.53,,,,,,,,,,,,,
0,-55.693,200.664,,,,,,,,,,,,,
0,-53.499,199.679,,,,,,,,,,,,,
0,-53.228,199.484,,,,,,,,,,,,,
0,-52.404,199.064,,,,,,,,,,,,,
0,-51.101,198.102,,,,,,,,,,,,,
0,-48.59,196.14,,,,,,,,,,,,,
0,-47.219,195.157,,,,,,,,,,,,,
0,-47.025,195.054,,,,,,,,,,,,,
0,-41.218,190.904,,,,,,,,,,,,,
0,-40.503,190.149,,,,,,,,,,,,,
0,-40.143,189.857,,,,,,,,,,,,,
0,-39.809,189.611,,,,,,,,,,,,,
0,-38.931,188.992,,,,,,,,,,,,,
0,-37.891,188.264,,,,,,,,,,,,,
0,-36.858,187.564,,,,,,,,,,,,,
0,-36.309,187.166,,,,,,,,,,,,,
0,-36.019,186.917,,,,,,,,,,,,,
0,-28.232,179.584,,,,,,,,,,,,,
0,-22.453,175.801,,,,,,,,,,,,,
0,-21.953,175.301,,,,,,,,,,,,,
0,-16.104,170.723,,,,,,,,,,,,,
0,-12.173,167.512,,,,,,,,,,,,,
0,-11.597,166.952,,,,,,,,,,,,,
0,-11.189,166.569,,,,,,,,,,,,,
0,-10.275,165.67,,,,,,,,,,,,,
0,-9.943,165.26,,,,,,,,,,,,,
0,-8.252,164.131,,,,,,,,,,,,,
0,-6.984,163.605,,,,,,,,,,,,,
0,-6.223,163.469,,,,,,,,,,,,,
0,-6.206,163.471,,,,,,,,,,,,,
0,-6.194,163.473,,,,,,,,,,,,,
0,-5.579,163.596,,,,,,,,,,,,,
0,-5.076,163.646,,,,,,,,,,,,,
0,-2.888,163.082,,,,,,,,,,,,,
0,-0.552,162.231,,,,,,,,,,,,,
0,0.158,161.907,,,,,,,,,,,,,
0,0.292,161.984,,,,,,,,,,,,,
0,0.884,161.836,,,,,,,,,,,,,
0,1.601,161.73,,,,,,,,,,,,,
0,2.676,161.794,,,,,,,,,,,,,
0,4.344,161.841,,,,,,,,,,,,,
0,5.621,162.346,,,,,,,,,,,,,
0,7.179,163.268,,,,,,,,,,,,,
0,12.546,167.546,,,,,,,,,,,,,
0,12.899,167.799,,,,,,,,,,,,,
0,13.034,167.807,,,,,,,,,,,,,
0,14.091,167.858,,,,,,,,,,,,,
0,15.043,168.048,,,,,,,,,,,,,
0,16.786,169.856,,,,,,,,,,,,,
0,19.722,172.973,,,,,,,,,,,,,
0,20.346,173.685,,,,,,,,,,,,,
0,22.127,174.903,,,,,,,,,,,,,
0,23.661,175.493,,,,,,,,,,,,,
0,24.405,175.963,,,,,,,,,,,,,
0,32.18,181.695,,,,,,,,,,,,,
0,32.639,181.83,,,,,,,,,,,,,
0,32.802,181.878,,,,,,,,,,,,,
0,34.047,182.767,,,,,,,,,,,,,
0,36.474,184.275,,,,,,,,,,,,,
0,36.542,184.284,,,,,,,,,,,,,
0,39.382,186.073,,,,,,,,,,,,,
0,39.967,186.572,,,,,,,,,,,,,
0,40.413,186.725,,,,,,,,,,,,,
0,40.898,186.812,,,,,,,,,,,,,
0,41.583,186.816,,,,,,,,,,,,,
0,42.178,187.112,,,,,,,,,,,,,
0,44.76,187.644,,,,,,,,,,,,,
0,45.054,187.639,,,,,,,,,,,,,
0,45.517,187.612,,,,,,,,,,,,,
0,45.631,187.646,,,,,,,,,,,,,
0,45.847,187.695,,,,,,,,,,,,,
0,47.582,188.083,,,,,,,,,,,,,
0,48.027,188.23,,,,,,,,,,,,,
0,48.259,188.291,,,,,,,,,,,,,
0,48.626,188.322,,,,,,,,,,,,,
0,50.351,188.147,,,,,,,,,,,,,
0,50.91,187.936,,,,,,,,,,,,,
0,51.09,188.008,,,,,,,,,,,,,
0,52.174,188.658,,,,,,,,,,,,,
0,53.148,189.147,,,,,,,,,,,,,
0,53.74,189.314,,,,,,,,,,,,,
0,53.838,189.409,,,,,,,,,,,,,
0,53.973,189.446,,,,,,,,,,,,,
0,54.115,189.433,,,,,,,,,,,,,
0,55.119,189.853,,,,,,,,,,,,,
0,56.53,190.294,,,,,,,,,,,,,
0,56.643,190.352,,,,,,,,,,,,,
0,56.674,190.369,,,,,,,,,,,,,
0,56.76,190.409,,,,,,,,,,,,,
0,59.083,191.732,,,,,,,,,,,,,
0,59.325,191.896,,,,,,,,,,,,,
0,60.211,192.298,,,,,,,,,,,,,
0,62.236,193.148,,,,,,,,,,,,,
0,62.57,193.242,,,,,,,,,,,,,
0,62.979,193.385,,,,,,,,,,,,,
0,63.538,193.617,,,,,,,,,,,,,
0,64.069,193.83,,,,,,,,,,,,,
0,64.676,194.01,,,,,,,,,,,,,
0,66.63,194.697,,,,,,,,,,,,,
0,66.749,194.739,,,,,,,,,,,,,
0,66.763,194.744,,,,,,,,,,,,,
0,67.447,194.913,,,,,,,,,,,,,
0,67.849,195.094,,,,,,,,,,,,,
0,68.797,195.48,,,,,,,,,,,,,
0,69.435,195.741,,,,,,,,,,,,,
0,69.519,195.766,,,,,,,,,,,,,
0,71.166,196.245,,,,,,,,,,,,,
0,72.08,196.584,,,,,,,,,,,,,
0,72.185,196.645,,,,,,,,,,,,,
0,72.223,196.683,,,,,,,,,,,,,
0,74.101,198.227,,,,,,,,,,,,,
0,75,198.753,,,,,,,,,,,,,
2.6,26,2600,FALSE,,,67,,,,,0,,,,âÕêÏä«óùé{ê›ìôç\ë¢óﬂ
0,-75,195.348,,,,,,,,,,,,,
0,-73.644,195.632,,,,,,,,,,,,,
0,-61.372,197.638,,,,,,,,,,,,,
0,-61.153,197.481,,,,,,,,,,,,,
0,-56.852,194.878,,,,,,,,,,,,,
0,-56.681,194.814,,,,,,,,,,,,,
0,-55.531,194.215,,,,,,,,,,,,,
0,-55.484,194.18,,,,,,,,,,,,,
0,-54.633,193.809,,,,,,,,,,,,,
0,-53.64,193.228,,,,,,,,,,,,,
0,-52.261,192.913,,,,,,,,,,,,,
0,-22.686,169.956,,,,,,,,,,,,,
0,-22.415,169.755,,,,,,,,,,,,,
0,-22.348,169.732,,,,,,,,,,,,,
0,-21.846,169.709,,,,,,,,,,,,,
0,-21.527,169.642,,,,,,,,,,,,,
0,-20.869,169.628,,,,,,,,,,,,,
0,-19.947,169.618,,,,,,,,,,,,,
0,-19.766,169.575,,,,,,,,,,,,,
0,-19.199,169.517,,,,,,,,,,,,,
0,-18.54,169.516,,,,,,,,,,,,,
0,-17.642,169.548,,,,,,,,,,,,,
0,-16.278,169.5,,,,,,,,,,,,,
0,-15.26,169.448,,,,,,,,,,,,,
0,-14.701,169.503,,,,,,,,,,,,,
0,-14.081,169.305,,,,,,,,,,,,,
0,-12.411,168.7,,,,,,,,,,,,,
0,-11.406,168.635,,,,,,,,,,,,,
0,-10.562,168.492,,,,,,,,,,,,,
0,-9.861,167.797,,,,,,,,,,,,,
0,-9.768,167.737,,,,,,,,,,,,,
0,-9.622,167.639,,,,,,,,,,,,,
0,-8.181,167.134,,,,,,,,,,,,,
0,-8.014,167.075,,,,,,,,,,,,,
0,-7.414,166.88,,,,,,,,,,,,,
0,-6.299,166.694,,,,,,,,,,,,,
0,-5.997,166.605,,,,,,,,,,,,,
0,-5.788,166.608,,,,,,,,,,,,,
0,-5.073,166.729,,,,,,,,,,,,,
0,-4.364,166.369,,,,,,,,,,,,,
0,-3.085,165.682,,,,,,,,,,,,,
0,-2.767,165.624,,,,,,,,,,,,,
0,-2.24,165.614,,,,,,,,,,,,,
0,-0.625,165.01,,,,,,,,,,,,,
0,-0.091,164.901,,,,,,,,,,,,,
0,1.11,165.062,,,,,,,,,,,,,
0,2.348,164.875,,,,,,,,,,,,,
0,3.848,164.905,,,,,,,,,,,,,
0,4.26,164.905,,,,,,,,,,,,,
0,4.63,165.136,,,,,,,,,,,,,
0,12.026,168.76,,,,,,,,,,,,,
0,17.727,171.107,,,,,,,,,,,,,
0,21.818,173.895,,,,,,,,,,,,,
0,31.354,182.638,,,,,,,,,,,,,
0,33.376,185.297,,,,,,,,,,,,,
0,33.968,185.383,,,,,,,,,,,,,
0,35.169,186.555,,,,,,,,,,,,,
0,37.013,188.162,,,,,,,,,,,,,
0,37.66,188.743,,,,,,,,,,,,,
0,39.446,190.409,,,,,,,,,,,,,
0,41.651,191.821,,,,,,,,,,,,,
0,42.837,192.318,,,,,,,,,,,,,
0,43.363,192.45,,,,,,,,,,,,,
0,59.333,195.685,,,,,,,,,,,,,
0,60.415,196.062,,,,,,,,,,,,,
0,62.989,197.373,,,,,,,,,,,,,
0,67.2,199.21,,,,,,,,,,,,,
2.7,27,2700,FALSE,,,67,,,,,0,,,,âÕêÏä«óùé{ê›ìôç\ë¢óﬂ
0,-75,201.183,,,,,,,,,,,,,
0,-64.313,191.194,,,,,,,,,,,,,
0,-47.38,182.159,,,,,,,,,,,,,
0,-46.972,182.066,,,,,,,,,,,,,
0,-44.557,181.461,,,,,,,,,,,,,
0,-41.144,180.572,,,,,,,,,,,,,
0,-33.386,177.731,,,,,,,,,,,,,
0,-30.614,176.596,,,,,,,,,,,,,
0,-23.869,173.818,,,,,,,,,,,,,
0,-22.036,172.952,,,,,,,,,,,,,
0,-21.897,172.951,,,,,,,,,,,,,
0,-21.547,172.858,,,,,,,,,,,,,
0,-21.184,172.845,,,,,,,,,,,,,
0,-20.801,172.882,,,,,,,,,,,,,
0,-20.06,172.858,,,,,,,,,,,,,
0,-19.836,172.858,,,,,,,,,,,,,
0,-16.216,171.918,,,,,,,,,,,,,
0,-7.243,169.748,,,,,,,,,,,,,
0,-7.22,169.75,,,,,,,,,,,,,
0,-7.093,169.728,,,,,,,,,,,,,
0,-5.912,169.531,,,,,,,,,,,,,
0,-5.168,169.365,,,,,,,,,,,,,
0,-2.013,169.457,,,,,,,,,,,,,
0,2.825,169.525,,,,,,,,,,,,,
0,3.461,169.471,,,,,,,,,,,,,
0,4.694,169.493,,,,,,,,,,,,,
0,5.274,169.577,,,,,,,,,,,,,
0,5.959,169.657,,,,,,,,,,,,,
0,7.124,169.523,,,,,,,,,,,,,
0,8.987,169.521,,,,,,,,,,,,,
0,9.371,169.455,,,,,,,,,,,,,
0,10.516,169.954,,,,,,,,,,,,,
0,10.649,169.957,,,,,,,,,,,,,
0,10.774,170.021,,,,,,,,,,,,,
0,11.954,170.003,,,,,,,,,,,,,
0,13.049,170.253,,,,,,,,,,,,,
0,16.461,172.256,,,,,,,,,,,,,
0,17.848,173.291,,,,,,,,,,,,,
0,18.224,173.351,,,,,,,,,,,,,
0,18.68,173.336,,,,,,,,,,,,,
0,23.683,175.257,,,,,,,,,,,,,
0,25.008,176.029,,,,,,,,,,,,,
0,25.544,176.252,,,,,,,,,,,,,
0,26.046,176.503,,,,,,,,,,,,,
0,27.359,177.048,,,,,,,,,,,,,
0,28.271,177.231,,,,,,,,,,,,,
0,36.58,178.867,,,,,,,,,,,,,
0,38.217,179.874,,,,,,,,,,,,,
0,38.821,180.522,,,,,,,,,,,,,
0,40.966,181.192,,,,,,,,,,,,,
0,41.896,181.136,,,,,,,,,,,,,
0,44.182,182.377,,,,,,,,,,,,,
0,45.644,183.118,,,,,,,,,,,,,
0,46.548,183.454,,,,,,,,,,,,,
0,47.18,183.716,,,,,,,,,,,,,
0,48.363,184.428,,,,,,,,,,,,,
0,49.482,185.14,,,,,,,,,,,,,
0,53.606,188.431,,,,,,,,,,,,,
0,53.971,188.695,,,,,,,,,,,,,
0,55.104,189.339,,,,,,,,,,,,,
0,56.848,190.423,,,,,,,,,,,,,
0,59.113,192.447,,,,,,,,,,,,,
0,59.54,192.723,,,,,,,,,,,,,
0,60.075,193.122,,,,,,,,,,,,,
0,60.807,193.477,,,,,,,,,,,,,
0,61.324,193.794,,,,,,,,,,,,,
0,62.089,194.491,,,,,,,,,,,,,
2.8,28,2800,FALSE,,,85,,,,,0,,,,âÕêÏä«óùé{ê›ìôç\ë¢óﬂ
0,-75,203.302,,,,,,,,,,,,,
0,-67.63,206.059,,,,,,,,,,,,,
0,-66.57,204.562,,,,,,,,,,,,,
0,-62.498,201.137,,,,,,,,,,,,,
0,-61.293,200.119,,,,,,,,,,,,,
0,-60.667,199.783,,,,,,,,,,,,,
0,-60.03,199.539,,,,,,,,,,,,,
0,-55.435,197.174,,,,,,,,,,,,,
0,-37.081,187.325,,,,,,,,,,,,,
0,-34.617,185.781,,,,,,,,,,,,,
0,-34.375,185.665,,,,,,,,,,,,,
0,-34.14,185.534,,,,,,,,,,,,,
0,-33.833,185.334,,,,,,,,,,,,,
0,-33.684,185.232,,,,,,,,,,,,,
0,-33.321,184.985,,,,,,,,,,,,,
0,-32.05,184.147,,,,,,,,,,,,,
0,-26.01,179.863,,,,,,,,,,,,,
0,-20.684,175.653,,,,,,,,,,,,,
0,-19.109,175.218,,,,,,,,,,,,,
0,-18.81,175.177,,,,,,,,,,,,,
0,-18.459,175.06,,,,,,,,,,,,,
0,-17.114,174.994,,,,,,,,,,,,,
0,-17.027,174.987,,,,,,,,,,,,,
0,-16.404,174.562,,,,,,,,,,,,,
0,-12.959,172.214,,,,,,,,,,,,,
0,-12.549,172.067,,,,,,,,,,,,,
0,-11.834,171.911,,,,,,,,,,,,,
0,-11,171.817,,,,,,,,,,,,,
0,-10.509,171.822,,,,,,,,,,,,,
0,-9.443,171.817,,,,,,,,,,,,,
0,-9.2,171.796,,,,,,,,,,,,,
0,-7.867,171.75,,,,,,,,,,,,,
0,-7.864,171.75,,,,,,,,,,,,,
0,-7.843,171.758,,,,,,,,,,,,,
0,-6.378,172.223,,,,,,,,,,,,,
0,-6.178,172.209,,,,,,,,,,,,,
0,-4.931,171.774,,,,,,,,,,,,,
0,-4.527,171.763,,,,,,,,,,,,,
0,-3.451,171.776,,,,,,,,,,,,,
0,-2.838,171.866,,,,,,,,,,,,,
0,-1.965,171.85,,,,,,,,,,,,,
0,-1.147,171.665,,,,,,,,,,,,,
0,-0.471,172.045,,,,,,,,,,,,,
0,0.048,172.225,,,,,,,,,,,,,
0,1.067,173.343,,,,,,,,,,,,,
0,2.325,173.276,,,,,,,,,,,,,
0,2.55,173.186,,,,,,,,,,,,,
0,4.033,172.927,,,,,,,,,,,,,
0,4.058,172.931,,,,,,,,,,,,,
0,4.23,172.915,,,,,,,,,,,,,
0,5.535,172.753,,,,,,,,,,,,,
0,5.79,172.773,,,,,,,,,,,,,
0,7.02,172.502,,,,,,,,,,,,,
0,7.575,172.726,,,,,,,,,,,,,
0,8.541,173.331,,,,,,,,,,,,,
0,9.386,173.43,,,,,,,,,,,,,
0,10.014,173.407,,,,,,,,,,,,,
0,10.509,173.503,,,,,,,,,,,,,
0,11.509,173.298,,,,,,,,,,,,,
0,12.216,173.695,,,,,,,,,,,,,
0,13.842,174.335,,,,,,,,,,,,,
0,16.313,175.88,,,,,,,,,,,,,
0,18.501,177.347,,,,,,,,,,,,,
0,21.479,179.562,,,,,,,,,,,,,
0,22.183,180.076,,,,,,,,,,,,,
0,22.353,180.149,,,,,,,,,,,,,
0,23.529,180.69,,,,,,,,,,,,,
0,24.077,181.107,,,,,,,,,,,,,
0,25.542,182.147,,,,,,,,,,,,,
0,25.796,182.369,,,,,,,,,,,,,
0,26.573,183.003,,,,,,,,,,,,,
0,31.413,187.192,,,,,,,,,,,,,
0,32.203,187.813,,,,,,,,,,,,,
0,36.208,190.991,,,,,,,,,,,,,
0,37.315,191.99,,,,,,,,,,,,,
0,37.678,192.239,,,,,,,,,,,,,
0,40.295,195.05,,,,,,,,,,,,,
0,41.659,196.589,,,,,,,,,,,,,
0,42.934,198.04,,,,,,,,,,,,,
0,43.649,198.805,,,,,,,,,,,,,
0,48.868,203.533,,,,,,,,,,,,,
0,50.531,205.759,,,,,,,,,,,,,
0,54.674,211.321,,,,,,,,,,,,,
0,55.124,211.68,,,,,,,,,,,,,
0,55.334,211.707,,,,,,,,,,,,,
2.9,29,2900,FALSE,,,106,,,,,0,,,,âÕêÏä«óùé{ê›ìôç\ë¢óﬂ
0,-71.539,216.916,,,,,,,,,,,,,
0,-70.392,217.427,,,,,,,,,,,,,
0,-70.041,217.656,,,,,,,,,,,,,
0,-69.333,218.164,,,,,,,,,,,,,
0,-68.94,218.089,,,,,,,,,,,,,
0,-68.135,218.105,,,,,,,,,,,,,
0,-67.768,217.922,,,,,,,,,,,,,
0,-67.419,217.596,,,,,,,,,,,,,
0,-66.743,217.05,,,,,,,,,,,,,
0,-64.931,215.534,,,,,,,,,,,,,
0,-64.739,215.371,,,,,,,,,,,,,
0,-64.629,215.293,,,,,,,,,,,,,
0,-63.429,214.307,,,,,,,,,,,,,
0,-62.889,214.006,,,,,,,,,,,,,
0,-61.621,213.059,,,,,,,,,,,,,
0,-60.48,212.313,,,,,,,,,,,,,
0,-59.245,211.44,,,,,,,,,,,,,
0,-58.792,211.222,,,,,,,,,,,,,
0,-57.838,210.498,,,,,,,,,,,,,
0,-56.776,209.637,,,,,,,,,,,,,
0,-56.29,209.292,,,,,,,,,,,,,
0,-55.906,209.046,,,,,,,,,,,,,
0,-55.086,208.362,,,,,,,,,,,,,
0,-54.037,207.449,,,,,,,,,,,,,
0,-53.716,207.149,,,,,,,,,,,,,
0,-52.912,206.502,,,,,,,,,,,,,
0,-52.207,205.837,,,,,,,,,,,,,
0,-51.67,205.32,,,,,,,,,,,,,
0,-50.75,204.517,,,,,,,,,,,,,
0,-50.225,204.127,,,,,,,,,,,,,
0,-49.635,203.694,,,,,,,,,,,,,
0,-48.965,203.163,,,,,,,,,,,,,
0,-48.04,202.394,,,,,,,,,,,,,
0,-47.591,202.091,,,,,,,,,,,,,
0,-46.972,201.633,,,,,,,,,,,,,
0,-46.152,201.115,,,,,,,,,,,,,
0,-45.937,200.919,,,,,,,,,,,,,
0,-44.92,200.17,,,,,,,,,,,,,
0,-44.028,199.416,,,,,,,,,,,,,
0,-43.478,198.803,,,,,,,,,,,,,
0,-42.224,197.417,,,,,,,,,,,,,
0,-41.75,196.878,,,,,,,,,,,,,
0,-41.537,196.699,,,,,,,,,,,,,
0,-40.621,196.206,,,,,,,,,,,,,
0,-40.012,195.93,,,,,,,,,,,,,
0,-39.174,195.293,,,,,,,,,,,,,
0,-36.903,192.878,,,,,,,,,,,,,
0,-36.067,192.185,,,,,,,,,,,,,
0,-35.026,191.357,,,,,,,,,,,,,
0,-32.704,189.377,,,,,,,,,,,,,
0,-29.97,186.822,,,,,,,,,,,,,
0,-28.989,185.856,,,,,,,,,,,,,
0,-25.587,183.988,,,,,,,,,,,,,
0,-24.116,182.833,,,,,,,,,,,,,
0,-23.748,182.662,,,,,,,,,,,,,
0,-23.524,182.458,,,,,,,,,,,,,
0,-21.595,180.633,,,,,,,,,,,,,
0,-21.496,180.547,,,,,,,,,,,,,
0,-21.416,180.466,,,,,,,,,,,,,
0,-18.418,177.617,,,,,,,,,,,,,
0,-17.593,177.476,,,,,,,,,,,,,
0,-17.071,177.35,,,,,,,,,,,,,
0,-16.021,176.936,,,,,,,,,,,,,
0,-15.72,176.819,,,,,,,,,,,,,
0,-15.645,176.772,,,,,,,,,,,,,
0,-13.288,176.354,,,,,,,,,,,,,
0,-12.571,176.242,,,,,,,,,,,,,
0,-11.027,176.05,,,,,,,,,,,,,
0,-9.467,176.133,,,,,,,,,,,,,
0,-6.359,175.91,,,,,,,,,,,,,
0,-5.733,176.141,,,,,,,,,,,,,
0,-5.175,175.916,,,,,,,,,,,,,
0,-4.69,175.664,,,,,,,,,,,,,
0,-4.47,175.565,,,,,,,,,,,,,
0,-3.624,175.059,,,,,,,,,,,,,
0,-2.219,174.523,,,,,,,,,,,,,
0,-1.806,174.459,,,,,,,,,,,,,
0,-0.662,174.296,,,,,,,,,,,,,
0,-0.547,174.247,,,,,,,,,,,,,
0,-0.415,174.246,,,,,,,,,,,,,
0,-0.087,174.227,,,,,,,,,,,,,
0,1.372,174.177,,,,,,,,,,,,,
0,1.887,174.136,,,,,,,,,,,,,
0,3.071,174.263,,,,,,,,,,,,,
0,8.593,174.556,,,,,,,,,,,,,
0,10.655,175.338,,,,,,,,,,,,,
0,13.707,176.104,,,,,,,,,,,,,
0,16.855,177.205,,,,,,,,,,,,,
0,18.053,178.071,,,,,,,,,,,,,
0,24.145,182.234,,,,,,,,,,,,,
0,28.772,185.132,,,,,,,,,,,,,
0,30.48,186.786,,,,,,,,,,,,,
0,32.439,189.622,,,,,,,,,,,,,
0,38.068,192.695,,,,,,,,,,,,,
0,38.795,193.613,,,,,,,,,,,,,
0,40.048,194.477,,,,,,,,,,,,,
0,42.372,196.254,,,,,,,,,,,,,
0,43.093,196.65,,,,,,,,,,,,,
0,44.481,197.314,,,,,,,,,,,,,
0,44.735,197.508,,,,,,,,,,,,,
0,49.974,200.533,,,,,,,,,,,,,
0,52.283,202.157,,,,,,,,,,,,,
0,55.99,204.413,,,,,,,,,,,,,
0,57.54,205.294,,,,,,,,,,,,,
0,60.291,205.344,,,,,,,,,,,,,
0,60.481,205.121,,,,,,,,,,,,,
