0,0,0,FALSE,,,71,,,,,0,,,,âÕêÏä«óùé{ê›ìôç\ë¢óﬂ
0,-25,13.633,,,,,,,,,,,,,
0,-24.772,13.674,,,,,,,,,,,,,
0,-24.095,13.749,,,,,,,,,,,,,
0,-23.638,13.888,,,,,,,,,,,,,
0,-22.966,14.014,,,,,,,,,,,,,
0,-22.117,13.944,,,,,,,,,,,,,
0,-21.362,13.757,,,,,,,,,,,,,
0,-20.585,13.635,,,,,,,,,,,,,
0,-20.25,13.558,,,,,,,,,,,,,
0,-20.07,13.582,,,,,,,,,,,,,
0,-19.152,13.55,,,,,,,,,,,,,
0,-17.854,13.598,,,,,,,,,,,,,
0,-17.783,13.647,,,,,,,,,,,,,
0,-16.908,14.071,,,,,,,,,,,,,
0,-13.523,15.731,,,,,,,,,,,,,
0,-12.957,16.018,,,,,,,,,,,,,
0,-12.332,16.378,,,,,,,,,,,,,
0,-11.973,16.672,,,,,,,,,,,,,
0,-11.469,16.755,,,,,,,,,,,,,
0,-10.755,16.837,,,,,,,,,,,,,
0,-10.026,16.967,,,,,,,,,,,,,
0,-9.666,17.031,,,,,,,,,,,,,
0,-9.327,17.007,,,,,,,,,,,,,
0,-8.133,16.954,,,,,,,,,,,,,
0,-7.342,16.831,,,,,,,,,,,,,
0,-7.15,16.807,,,,,,,,,,,,,
0,-6.873,16.798,,,,,,,,,,,,,
0,-5.649,16.796,,,,,,,,,,,,,
0,-5.196,16.814,,,,,,,,,,,,,
0,-4.652,16.74,,,,,,,,,,,,,
0,-4.203,16.61,,,,,,,,,,,,,
0,-2.373,14.369,,,,,,,,,,,,,
0,-2.31,14.34,,,,,,,,,,,,,
0,-2.164,14.22,,,,,,,,,,,,,
0,-2.077,14.33,,,,,,,,,,,,,
0,-1.216,14.812,,,,,,,,,,,,,
0,1.519,16.151,,,,,,,,,,,,,
0,1.701,16.446,,,,,,,,,,,,,
0,2.332,16.691,,,,,,,,,,,,,
0,2.712,16.788,,,,,,,,,,,,,
0,3.591,17.182,,,,,,,,,,,,,
0,4.242,17.443,,,,,,,,,,,,,
0,4.995,17.584,,,,,,,,,,,,,
0,5.214,17.566,,,,,,,,,,,,,
0,6.21,17.514,,,,,,,,,,,,,
0,6.76,17.614,,,,,,,,,,,,,
0,7.564,17.639,,,,,,,,,,,,,
0,7.808,17.62,,,,,,,,,,,,,
0,7.993,17.628,,,,,,,,,,,,,
0,9.393,17.61,,,,,,,,,,,,,
0,11.67,17.775,,,,,,,,,,,,,
0,11.848,17.774,,,,,,,,,,,,,
0,12.013,17.8,,,,,,,,,,,,,
0,12.37,17.756,,,,,,,,,,,,,
0,12.74,17.768,,,,,,,,,,,,,
0,13.971,17.689,,,,,,,,,,,,,
0,14.717,17.694,,,,,,,,,,,,,
0,15.498,17.685,,,,,,,,,,,,,
0,15.752,17.686,,,,,,,,,,,,,
0,17.276,17.702,,,,,,,,,,,,,
0,17.339,17.698,,,,,,,,,,,,,
0,18.202,17.606,,,,,,,,,,,,,
0,18.637,17.605,,,,,,,,,,,,,
0,19.971,17.809,,,,,,,,,,,,,
0,20.569,17.75,,,,,,,,,,,,,
0,22.166,17.671,,,,,,,,,,,,,
0,22.451,17.693,,,,,,,,,,,,,
0,24.251,17.68,,,,,,,,,,,,,
0,24.512,17.679,,,,,,,,,,,,,
0,24.851,17.687,,,,,,,,,,,,,
0,25,17.692,,,,,,,,,,,,,
0.1,1,100,FALSE,,,92,,,,,0,,,,âÕêÏä«óùé{ê›ìôç\ë¢óﬂ
0,-25,13.189,,,,,,,,,,,,,
0,-24.951,13.174,,,,,,,,,,,,,
0,-23.4,13.423,,,,,,,,,,,,,
0,-20.863,14.134,,,,,,,,,,,,,
0,-20.437,14.19,,,,,,,,,,,,,
0,-18.013,14.294,,,,,,,,,,,,,
0,-16.294,14.696,,,,,,,,,,,,,
0,-15.872,14.788,,,,,,,,,,,,,
0,-15.606,14.776,,,,,,,,,,,,,
0,-15.026,14.861,,,,,,,,,,,,,
0,-14.761,14.853,,,,,,,,,,,,,
0,-14.038,14.848,,,,,,,,,,,,,
0,-13.758,15.045,,,,,,,,,,,,,
0,-13.07,15.546,,,,,,,,,,,,,
0,-12.651,15.825,,,,,,,,,,,,,
0,-12.476,15.96,,,,,,,,,,,,,
0,-11.779,16.564,,,,,,,,,,,,,
0,-11.632,16.688,,,,,,,,,,,,,
0,-11.594,16.723,,,,,,,,,,,,,
0,-10.635,17.455,,,,,,,,,,,,,
0,-10.499,17.522,,,,,,,,,,,,,
0,-9.76,17.692,,,,,,,,,,,,,
0,-9.538,17.685,,,,,,,,,,,,,
0,-8.748,17.677,,,,,,,,,,,,,
0,-8.492,17.643,,,,,,,,,,,,,
0,-7.78,17.568,,,,,,,,,,,,,
0,-7.563,17.579,,,,,,,,,,,,,
0,-6.846,17.61,,,,,,,,,,,,,
0,-6.557,17.604,,,,,,,,,,,,,
0,-5.952,17.61,,,,,,,,,,,,,
0,-5.656,17.63,,,,,,,,,,,,,
0,-5.124,17.709,,,,,,,,,,,,,
0,-4.666,17.593,,,,,,,,,,,,,
0,-4.351,17.46,,,,,,,,,,,,,
0,-3.761,17.328,,,,,,,,,,,,,
0,-3.605,17.303,,,,,,,,,,,,,
0,-2.946,17.358,,,,,,,,,,,,,
0,-2.811,17.365,,,,,,,,,,,,,
0,-2.782,17.286,,,,,,,,,,,,,
0,-2.732,17.21,,,,,,,,,,,,,
0,-2.018,14.917,,,,,,,,,,,,,
0,-1.431,14.79,,,,,,,,,,,,,
0,-1.132,14.787,,,,,,,,,,,,,
0,-0.452,14.767,,,,,,,,,,,,,
0,-0.297,14.76,,,,,,,,,,,,,
0,-0.24,14.761,,,,,,,,,,,,,
0,0.161,14.78,,,,,,,,,,,,,
0,0.561,14.8,,,,,,,,,,,,,
0,0.622,14.831,,,,,,,,,,,,,
0,1.444,15.367,,,,,,,,,,,,,
0,1.459,15.4,,,,,,,,,,,,,
0,1.493,15.435,,,,,,,,,,,,,
0,2.424,17.19,,,,,,,,,,,,,
0,2.738,17.22,,,,,,,,,,,,,
0,3.261,17.488,,,,,,,,,,,,,
0,3.533,17.568,,,,,,,,,,,,,
0,4.199,17.704,,,,,,,,,,,,,
0,4.514,17.801,,,,,,,,,,,,,
0,5.016,17.855,,,,,,,,,,,,,
0,5.75,17.783,,,,,,,,,,,,,
0,5.874,17.773,,,,,,,,,,,,,
0,5.988,17.776,,,,,,,,,,,,,
0,6.649,17.778,,,,,,,,,,,,,
0,7.215,17.823,,,,,,,,,,,,,
0,7.552,17.811,,,,,,,,,,,,,
0,7.89,17.779,,,,,,,,,,,,,
0,8.354,17.791,,,,,,,,,,,,,
0,8.886,17.687,,,,,,,,,,,,,
0,9.226,17.614,,,,,,,,,,,,,
0,10.682,17.166,,,,,,,,,,,,,
0,11.871,16.773,,,,,,,,,,,,,
0,13.395,16.249,,,,,,,,,,,,,
0,14.246,16.248,,,,,,,,,,,,,
0,14.328,16.248,,,,,,,,,,,,,
0,15.049,16.251,,,,,,,,,,,,,
0,15.256,16.258,,,,,,,,,,,,,
0,17.999,15.552,,,,,,,,,,,,,
0,19.813,15.132,,,,,,,,,,,,,
0,20.256,15.048,,,,,,,,,,,,,
0,20.602,14.876,,,,,,,,,,,,,
0,20.831,14.758,,,,,,,,,,,,,
0,21.505,14.369,,,,,,,,,,,,,
0,21.585,14.327,,,,,,,,,,,,,
0,21.613,14.307,,,,,,,,,,,,,
0,22.457,13.889,,,,,,,,,,,,,
0,22.485,13.874,,,,,,,,,,,,,
0,23.199,13.549,,,,,,,,,,,,,
0,23.962,13.391,,,,,,,,,,,,,
0,24.056,13.357,,,,,,,,,,,,,
0,24.193,13.341,,,,,,,,,,,,,
0,24.818,13.308,,,,,,,,,,,,,
0,25,13.31,,,,,,,,,,,,,
0.2,2,220,FALSE,,,73,,,,,0,,,,âÕêÏä«óùé{ê›ìôç\ë¢óﬂ
0,-25,18.809,,,,,,,,,,,,,
0,-22.376,18.882,,,,,,,,,,,,,
0,-22.279,18.881,,,,,,,,,,,,,
0,-22.236,18.881,,,,,,,,,,,,,
0,-22.17,18.892,,,,,,,,,,,,,
0,-21.135,18.846,,,,,,,,,,,,,
0,-18.766,18.752,,,,,,,,,,,,,
0,-18.595,18.737,,,,,,,,,,,,,
0,-18.469,18.738,,,,,,,,,,,,,
0,-18.258,18.736,,,,,,,,,,,,,
0,-16.76,18.812,,,,,,,,,,,,,
0,-14.41,18.646,,,,,,,,,,,,,
0,-14.09,18.64,,,,,,,,,,,,,
0,-12.978,18.667,,,,,,,,,,,,,
0,-10.296,18.434,,,,,,,,,,,,,
0,-10.098,18.419,,,,,,,,,,,,,
0,-10.09,18.418,,,,,,,,,,,,,
0,-10.081,18.418,,,,,,,,,,,,,
0,-10.03,18.412,,,,,,,,,,,,,
0,-8.736,18.29,,,,,,,,,,,,,
0,-7.946,18.336,,,,,,,,,,,,,
0,-7.361,18.356,,,,,,,,,,,,,
0,-6.206,18.329,,,,,,,,,,,,,
0,-5.986,18.319,,,,,,,,,,,,,
0,-5.914,18.321,,,,,,,,,,,,,
0,-5.574,18.387,,,,,,,,,,,,,
0,-4.601,18.444,,,,,,,,,,,,,
0,-4.047,18.514,,,,,,,,,,,,,
0,-3.664,18.463,,,,,,,,,,,,,
0,-2.999,17.403,,,,,,,,,,,,,
0,-1.061,15.695,,,,,,,,,,,,,
0,-0.947,15.674,,,,,,,,,,,,,
0,-0.597,15.66,,,,,,,,,,,,,
0,0.4,15.62,,,,,,,,,,,,,
0,0.899,15.813,,,,,,,,,,,,,
0,1.808,16.172,,,,,,,,,,,,,
0,3.016,17.901,,,,,,,,,,,,,
0,3.201,18.154,,,,,,,,,,,,,
0,3.313,18.162,,,,,,,,,,,,,
0,4.63,18.167,,,,,,,,,,,,,
0,5.35,18.134,,,,,,,,,,,,,
0,6.025,18.124,,,,,,,,,,,,,
0,7.362,18.169,,,,,,,,,,,,,
0,7.438,18.174,,,,,,,,,,,,,
0,7.606,18.176,,,,,,,,,,,,,
0,8.784,18.223,,,,,,,,,,,,,
0,8.981,18.223,,,,,,,,,,,,,
0,9.325,18.196,,,,,,,,,,,,,
0,10.103,18.164,,,,,,,,,,,,,
0,11.179,17.991,,,,,,,,,,,,,
0,11.423,17.945,,,,,,,,,,,,,
0,12.032,17.922,,,,,,,,,,,,,
0,12.713,17.899,,,,,,,,,,,,,
0,12.974,17.884,,,,,,,,,,,,,
0,13.992,17.917,,,,,,,,,,,,,
0,14.775,17.93,,,,,,,,,,,,,
0,15.051,17.85,,,,,,,,,,,,,
0,15.29,17.927,,,,,,,,,,,,,
0,16.523,17.978,,,,,,,,,,,,,
0,16.556,17.979,,,,,,,,,,,,,
0,16.569,17.98,,,,,,,,,,,,,
0,17.753,17.243,,,,,,,,,,,,,
0,17.967,17.111,,,,,,,,,,,,,
0,19.013,16.971,,,,,,,,,,,,,
0,19.385,16.77,,,,,,,,,,,,,
0,19.855,16.665,,,,,,,,,,,,,
0,20.506,16.636,,,,,,,,,,,,,
0,21.495,16.447,,,,,,,,,,,,,
0,22.527,16.343,,,,,,,,,,,,,
0,23.018,16.38,,,,,,,,,,,,,
0,23.54,16.476,,,,,,,,,,,,,
0,24.24,16.332,,,,,,,,,,,,,
0,25,16.274,,,,,,,,,,,,,
0.3,3,300,FALSE,,,58,,,,,0,,,,âÕêÏä«óùé{ê›ìôç\ë¢óﬂ
0,-25,20.552,,,,,,,,,,,,,
0,-23.478,20.312,,,,,,,,,,,,,
0,-21.433,20.294,,,,,,,,,,,,,
0,-21.158,20.317,,,,,,,,,,,,,
0,-20.574,20.336,,,,,,,,,,,,,
0,-19.68,20.351,,,,,,,,,,,,,
0,-18.501,20.348,,,,,,,,,,,,,
0,-18.211,20.349,,,,,,,,,,,,,
0,-17.517,20.294,,,,,,,,,,,,,
0,-16.863,20.232,,,,,,,,,,,,,
0,-16.605,20.347,,,,,,,,,,,,,
0,-16.012,20.383,,,,,,,,,,,,,
0,-14.765,20.604,,,,,,,,,,,,,
0,-14.417,20.678,,,,,,,,,,,,,
0,-14.154,20.7,,,,,,,,,,,,,
0,-12.403,20.868,,,,,,,,,,,,,
0,-8.257,20.899,,,,,,,,,,,,,
0,-7.042,20.711,,,,,,,,,,,,,
0,-5.69,20.234,,,,,,,,,,,,,
0,-4.997,19.87,,,,,,,,,,,,,
0,-3.875,17.846,,,,,,,,,,,,,
0,-3.681,17.563,,,,,,,,,,,,,
0,-3.127,17.453,,,,,,,,,,,,,
0,-2.284,17.296,,,,,,,,,,,,,
0,-1.945,17.03,,,,,,,,,,,,,
0,-0.756,16.144,,,,,,,,,,,,,
0,2.102,16.14,,,,,,,,,,,,,
0,2.256,16.143,,,,,,,,,,,,,
0,2.333,16.156,,,,,,,,,,,,,
0,3.749,16.41,,,,,,,,,,,,,
0,4.697,17.674,,,,,,,,,,,,,
0,5.256,18.378,,,,,,,,,,,,,
0,6.277,18.44,,,,,,,,,,,,,
0,6.771,18.442,,,,,,,,,,,,,
0,6.996,18.44,,,,,,,,,,,,,
0,8.301,18.487,,,,,,,,,,,,,
0,9.276,18.47,,,,,,,,,,,,,
0,9.866,18.46,,,,,,,,,,,,,
0,11.098,18.44,,,,,,,,,,,,,
0,11.369,18.44,,,,,,,,,,,,,
0,11.466,18.439,,,,,,,,,,,,,
0,12.592,18.552,,,,,,,,,,,,,
0,14.24,18.263,,,,,,,,,,,,,
0,14.627,18.14,,,,,,,,,,,,,
0,14.948,18.097,,,,,,,,,,,,,
0,15.894,17.679,,,,,,,,,,,,,
0,16.406,17.469,,,,,,,,,,,,,
0,16.607,17.376,,,,,,,,,,,,,
0,17.858,16.794,,,,,,,,,,,,,
0,18.631,16.5,,,,,,,,,,,,,
0,19.312,16.267,,,,,,,,,,,,,
0,20.721,16.27,,,,,,,,,,,,,
0,20.774,16.269,,,,,,,,,,,,,
0,20.89,16.269,,,,,,,,,,,,,
0,22.253,16.239,,,,,,,,,,,,,
0,22.914,16.229,,,,,,,,,,,,,
0,23.766,16.205,,,,,,,,,,,,,
0,25,16.137,,,,,,,,,,,,,
0.4,4,400,FALSE,,,56,,,,,0,,,,âÕêÏä«óùé{ê›ìôç\ë¢óﬂ
0,-25,22.506,,,,,,,,,,,,,
0,-24.553,22.507,,,,,,,,,,,,,
0,-24.123,22.401,,,,,,,,,,,,,
0,-23.158,22.023,,,,,,,,,,,,,
0,-22.98,21.971,,,,,,,,,,,,,
0,-21.828,21.955,,,,,,,,,,,,,
0,-21.499,21.96,,,,,,,,,,,,,
0,-20.181,21.894,,,,,,,,,,,,,
0,-20.011,21.887,,,,,,,,,,,,,
0,-19.871,21.917,,,,,,,,,,,,,
0,-19.065,22.032,,,,,,,,,,,,,
0,-18.526,22.126,,,,,,,,,,,,,
0,-18.178,22.233,,,,,,,,,,,,,
0,-17.653,22.237,,,,,,,,,,,,,
0,-17.485,22.233,,,,,,,,,,,,,
0,-12.043,22.476,,,,,,,,,,,,,
0,-5.429,18.826,,,,,,,,,,,,,
0,-4.039,18.197,,,,,,,,,,,,,
0,-3.659,18.105,,,,,,,,,,,,,
0,-3.394,18.086,,,,,,,,,,,,,
0,-3.093,18.032,,,,,,,,,,,,,
0,-1.921,17.975,,,,,,,,,,,,,
0,-1.741,17.84,,,,,,,,,,,,,
0,-0.382,16.707,,,,,,,,,,,,,
0,0.85,16.694,,,,,,,,,,,,,
0,1.141,16.69,,,,,,,,,,,,,
0,1.174,16.69,,,,,,,,,,,,,
0,2.55,17.368,,,,,,,,,,,,,
0,2.795,17.656,,,,,,,,,,,,,
0,3.955,18.672,,,,,,,,,,,,,
0,4.434,18.855,,,,,,,,,,,,,
0,5.384,19.036,,,,,,,,,,,,,
0,6.047,18.97,,,,,,,,,,,,,
0,6.847,18.935,,,,,,,,,,,,,
0,7.65,18.943,,,,,,,,,,,,,
0,8.296,18.987,,,,,,,,,,,,,
0,9.264,18.979,,,,,,,,,,,,,
0,9.768,18.949,,,,,,,,,,,,,
0,10.844,19.013,,,,,,,,,,,,,
0,11.197,19.011,,,,,,,,,,,,,
0,12.468,18.997,,,,,,,,,,,,,
0,12.674,19.043,,,,,,,,,,,,,
0,14.931,18.736,,,,,,,,,,,,,
0,15.506,18.671,,,,,,,,,,,,,
0,15.61,18.666,,,,,,,,,,,,,
0,16.958,18.422,,,,,,,,,,,,,
0,17.14,18.375,,,,,,,,,,,,,
0,17.358,18.342,,,,,,,,,,,,,
0,18.338,18.258,,,,,,,,,,,,,
0,18.869,18.121,,,,,,,,,,,,,
0,19.135,18.052,,,,,,,,,,,,,
0,20.12,17.662,,,,,,,,,,,,,
0,20.624,17.525,,,,,,,,,,,,,
0,22.715,17.011,,,,,,,,,,,,,
0,24.329,16.687,,,,,,,,,,,,,
0,25,16.68,,,,,,,,,,,,,
0.5,5,500,FALSE,,,59,,,,,0,,,,âÕêÏä«óùé{ê›ìôç\ë¢óﬂ
0,-25,22.274,,,,,,,,,,,,,
0,-23.503,21.813,,,,,,,,,,,,,
0,-22.794,21.519,,,,,,,,,,,,,
0,-21.885,21.528,,,,,,,,,,,,,
0,-21.511,21.513,,,,,,,,,,,,,
0,-20.8,21.478,,,,,,,,,,,,,
0,-20.093,21.447,,,,,,,,,,,,,
0,-19.547,21.491,,,,,,,,,,,,,
0,-18.606,21.586,,,,,,,,,,,,,
0,-16.489,21.468,,,,,,,,,,,,,
0,-13.398,21.394,,,,,,,,,,,,,
0,-11.662,21.397,,,,,,,,,,,,,
0,-9.307,21.16,,,,,,,,,,,,,
0,-4.863,20.158,,,,,,,,,,,,,
0,-3.062,19.793,,,,,,,,,,,,,
0,-2.809,19.735,,,,,,,,,,,,,
0,-2.34,19.256,,,,,,,,,,,,,
0,-1.432,18.456,,,,,,,,,,,,,
0,-0.962,17.951,,,,,,,,,,,,,
0,-0.086,17.496,,,,,,,,,,,,,
0,1.049,17.516,,,,,,,,,,,,,
0,1.198,17.521,,,,,,,,,,,,,
0,1.483,17.513,,,,,,,,,,,,,
0,2.429,17.49,,,,,,,,,,,,,
0,2.946,17.494,,,,,,,,,,,,,
0,3.636,17.515,,,,,,,,,,,,,
0,4.758,18.759,,,,,,,,,,,,,
0,4.818,18.82,,,,,,,,,,,,,
0,4.87,18.841,,,,,,,,,,,,,
0,6.384,19.703,,,,,,,,,,,,,
0,7.742,19.653,,,,,,,,,,,,,
0,7.983,19.647,,,,,,,,,,,,,
0,8.292,19.668,,,,,,,,,,,,,
0,9.539,19.699,,,,,,,,,,,,,
0,10.633,19.684,,,,,,,,,,,,,
0,11.117,19.658,,,,,,,,,,,,,
0,11.662,19.653,,,,,,,,,,,,,
0,12.584,19.663,,,,,,,,,,,,,
0,13.171,19.669,,,,,,,,,,,,,
0,14.006,19.692,,,,,,,,,,,,,
0,15.345,19.465,,,,,,,,,,,,,
0,15.368,19.461,,,,,,,,,,,,,
0,15.38,19.46,,,,,,,,,,,,,
0,16.525,19.167,,,,,,,,,,,,,
0,17.109,18.948,,,,,,,,,,,,,
0,17.658,18.838,,,,,,,,,,,,,
0,18.728,18.69,,,,,,,,,,,,,
0,18.783,18.681,,,,,,,,,,,,,
0,18.809,18.677,,,,,,,,,,,,,
0,19.976,18.616,,,,,,,,,,,,,
0,20.558,18.615,,,,,,,,,,,,,
0,21.159,18.508,,,,,,,,,,,,,
0,22.308,18.341,,,,,,,,,,,,,
0,22.347,18.332,,,,,,,,,,,,,
0,22.432,18.3,,,,,,,,,,,,,
0,23.657,17.846,,,,,,,,,,,,,
0,24.453,17.674,,,,,,,,,,,,,
0,24.979,17.598,,,,,,,,,,,,,
0,25,17.597,,,,,,,,,,,,,
0.6,6,620,FALSE,,,64,,,,,0,,,,âÕêÏä«óùé{ê›ìôç\ë¢óﬂ
0,-25,23.305,,,,,,,,,,,,,
0,-23.81,22.818,,,,,,,,,,,,,
0,-22.985,22.749,,,,,,,,,,,,,
0,-20.552,21.842,,,,,,,,,,,,,
0,-20.408,21.767,,,,,,,,,,,,,
0,-20.306,21.779,,,,,,,,,,,,,
0,-19.702,21.784,,,,,,,,,,,,,
0,-18.876,21.81,,,,,,,,,,,,,
0,-18.523,21.795,,,,,,,,,,,,,
0,-17.323,21.791,,,,,,,,,,,,,
0,-16.312,21.84,,,,,,,,,,,,,
0,-15.793,21.896,,,,,,,,,,,,,
0,-15.514,21.969,,,,,,,,,,,,,
0,-14.528,21.991,,,,,,,,,,,,,
0,-14.273,22.018,,,,,,,,,,,,,
0,-14.207,22.021,,,,,,,,,,,,,
0,-13.042,22.095,,,,,,,,,,,,,
0,-12.494,22.159,,,,,,,,,,,,,
0,-11.35,22.226,,,,,,,,,,,,,
0,-9.821,22.251,,,,,,,,,,,,,
0,-7.282,22.259,,,,,,,,,,,,,
0,-6.84,22.216,,,,,,,,,,,,,
0,-5.864,21.952,,,,,,,,,,,,,
0,-5.579,21.837,,,,,,,,,,,,,
0,-3.978,20.78,,,,,,,,,,,,,
0,-3.41,20.518,,,,,,,,,,,,,
0,-3.132,20.405,,,,,,,,,,,,,
0,-2.609,19.776,,,,,,,,,,,,,
0,-1.598,18.544,,,,,,,,,,,,,
0,-0.402,18.528,,,,,,,,,,,,,
0,-0.063,18.53,,,,,,,,,,,,,
0,0.567,18.804,,,,,,,,,,,,,
0,1.245,19.151,,,,,,,,,,,,,
0,1.47,19.185,,,,,,,,,,,,,
0,2.503,19.015,,,,,,,,,,,,,
0,3.117,18.811,,,,,,,,,,,,,
0,3.605,18.876,,,,,,,,,,,,,
0,4.38,20.607,,,,,,,,,,,,,
0,6.022,21.256,,,,,,,,,,,,,
0,6.179,21.265,,,,,,,,,,,,,
0,6.483,21.27,,,,,,,,,,,,,
0,7.572,21.303,,,,,,,,,,,,,
0,8.526,21.291,,,,,,,,,,,,,
0,8.932,21.304,,,,,,,,,,,,,
0,9.791,21.313,,,,,,,,,,,,,
0,10.313,21.315,,,,,,,,,,,,,
0,10.51,21.326,,,,,,,,,,,,,
0,11.73,21.305,,,,,,,,,,,,,
0,12.478,21.297,,,,,,,,,,,,,
0,13.121,21.289,,,,,,,,,,,,,
0,14.408,21.56,,,,,,,,,,,,,
0,14.525,21.575,,,,,,,,,,,,,
0,14.882,21.298,,,,,,,,,,,,,
0,15.852,20.477,,,,,,,,,,,,,
0,16.207,20.381,,,,,,,,,,,,,
0,16.531,20.388,,,,,,,,,,,,,
0,16.886,20.273,,,,,,,,,,,,,
0,17.429,20.01,,,,,,,,,,,,,
0,20.314,18.593,,,,,,,,,,,,,
0,21.281,18.319,,,,,,,,,,,,,
0,24.55,17.981,,,,,,,,,,,,,
0,24.56,17.98,,,,,,,,,,,,,
0,24.565,17.98,,,,,,,,,,,,,
0,25,17.966,,,,,,,,,,,,,
0.7,7,700,FALSE,,,63,,,,,0,,,,âÕêÏä«óùé{ê›ìôç\ë¢óﬂ
0,-25,22.858,,,,,,,,,,,,,
0,-24.178,23.112,,,,,,,,,,,,,
0,-23.367,22.985,,,,,,,,,,,,,
0,-22.487,22.93,,,,,,,,,,,,,
0,-21.293,22.985,,,,,,,,,,,,,
0,-20.038,23.016,,,,,,,,,,,,,
0,-19.086,23.237,,,,,,,,,,,,,
0,-18.589,23.327,,,,,,,,,,,,,
0,-18.2,23.321,,,,,,,,,,,,,
0,-13.274,22.31,,,,,,,,,,,,,
0,-6.985,21.23,,,,,,,,,,,,,
0,-6.759,21.208,,,,,,,,,,,,,
0,-5.886,21.203,,,,,,,,,,,,,
0,-5.298,20.998,,,,,,,,,,,,,
0,-4.966,20.901,,,,,,,,,,,,,
0,-3.909,20.862,,,,,,,,,,,,,
0,-2.506,19.315,,,,,,,,,,,,,
0,-2.425,19.243,,,,,,,,,,,,,
0,-2.358,19.199,,,,,,,,,,,,,
0,-1.343,19.19,,,,,,,,,,,,,
0,-0.322,19.311,,,,,,,,,,,,,
0,-0.25,19.322,,,,,,,,,,,,,
0,-0.166,19.31,,,,,,,,,,,,,
0,0.829,19.214,,,,,,,,,,,,,
0,1.41,19.206,,,,,,,,,,,,,
0,1.909,19.182,,,,,,,,,,,,,
0,2.778,19.013,,,,,,,,,,,,,
0,2.977,19.001,,,,,,,,,,,,,
0,3.119,18.945,,,,,,,,,,,,,
0,4.196,18.874,,,,,,,,,,,,,
0,4.866,18.82,,,,,,,,,,,,,
0,4.952,18.9,,,,,,,,,,,,,
0,5.059,19.084,,,,,,,,,,,,,
0,6.384,21.064,,,,,,,,,,,,,
0,7.9,21.272,,,,,,,,,,,,,
0,7.976,21.281,,,,,,,,,,,,,
0,8.096,21.29,,,,,,,,,,,,,
0,9.351,21.383,,,,,,,,,,,,,
0,10.118,21.401,,,,,,,,,,,,,
0,10.653,21.395,,,,,,,,,,,,,
0,11.085,21.39,,,,,,,,,,,,,
0,11.943,21.365,,,,,,,,,,,,,
0,12.27,21.399,,,,,,,,,,,,,
0,13.039,21.272,,,,,,,,,,,,,
0,14.537,20.984,,,,,,,,,,,,,
0,15.478,20.312,,,,,,,,,,,,,
0,15.565,20.266,,,,,,,,,,,,,
0,15.831,20.159,,,,,,,,,,,,,
0,16.904,19.705,,,,,,,,,,,,,
0,17.264,19.587,,,,,,,,,,,,,
0,17.536,19.373,,,,,,,,,,,,,
0,18.325,19.264,,,,,,,,,,,,,
0,18.542,19.229,,,,,,,,,,,,,
0,18.667,19.18,,,,,,,,,,,,,
0,20.726,18.175,,,,,,,,,,,,,
0,20.81,18.145,,,,,,,,,,,,,
0,21.071,18.156,,,,,,,,,,,,,
0,22.295,18.214,,,,,,,,,,,,,
0,23.45,18.065,,,,,,,,,,,,,
0,23.65,18.033,,,,,,,,,,,,,
0,23.8,18.036,,,,,,,,,,,,,
0,24.567,18.115,,,,,,,,,,,,,
0,25,18.103,,,,,,,,,,,,,
0.8,8,800,FALSE,,,73,,,,,0,,,,âÕêÏä«óùé{ê›ìôç\ë¢óﬂ
0,-25,24.993,,,,,,,,,,,,,
0,-24.658,24.964,,,,,,,,,,,,,
0,-23.591,24.915,,,,,,,,,,,,,
0,-23.166,24.883,,,,,,,,,,,,,
0,-22.743,24.875,,,,,,,,,,,,,
0,-21.768,24.843,,,,,,,,,,,,,
0,-20.524,24.861,,,,,,,,,,,,,
0,-20.493,24.861,,,,,,,,,,,,,
0,-18.471,25.127,,,,,,,,,,,,,
0,-18.197,25.184,,,,,,,,,,,,,
0,-17.943,25.197,,,,,,,,,,,,,
0,-17.769,25.207,,,,,,,,,,,,,
0,-17.457,25.216,,,,,,,,,,,,,
0,-15.126,25.06,,,,,,,,,,,,,
0,-11.545,23.854,,,,,,,,,,,,,
0,-5.161,21.912,,,,,,,,,,,,,
0,-4.274,21.661,,,,,,,,,,,,,
0,-3.876,21.587,,,,,,,,,,,,,
0,-3.71,21.534,,,,,,,,,,,,,
0,-2.734,20.684,,,,,,,,,,,,,
0,-2.681,20.61,,,,,,,,,,,,,
0,-1.966,19.968,,,,,,,,,,,,,
0,-1.514,19.546,,,,,,,,,,,,,
0,-1.48,19.528,,,,,,,,,,,,,
0,-1.396,19.534,,,,,,,,,,,,,
0,-0.386,19.531,,,,,,,,,,,,,
0,0.109,19.56,,,,,,,,,,,,,
0,0.875,19.525,,,,,,,,,,,,,
0,1.163,19.47,,,,,,,,,,,,,
0,2.006,19.791,,,,,,,,,,,,,
0,4.35,20.998,,,,,,,,,,,,,
0,4.396,21.054,,,,,,,,,,,,,
0,5.605,22.013,,,,,,,,,,,,,
0,5.801,22.018,,,,,,,,,,,,,
0,6.668,22.039,,,,,,,,,,,,,
0,7.54,22.048,,,,,,,,,,,,,
0,7.828,22.066,,,,,,,,,,,,,
0,8.304,22.042,,,,,,,,,,,,,
0,8.873,22.013,,,,,,,,,,,,,
0,9.978,21.681,,,,,,,,,,,,,
0,10.047,21.663,,,,,,,,,,,,,
0,10.063,21.652,,,,,,,,,,,,,
0,11.066,20.95,,,,,,,,,,,,,
0,11.149,20.901,,,,,,,,,,,,,
0,11.88,20.45,,,,,,,,,,,,,
0,12.155,20.28,,,,,,,,,,,,,
0,12.186,20.262,,,,,,,,,,,,,
0,12.224,20.246,,,,,,,,,,,,,
0,13.171,19.763,,,,,,,,,,,,,
0,14.28,19.602,,,,,,,,,,,,,
0,14.335,19.594,,,,,,,,,,,,,
0,14.445,19.598,,,,,,,,,,,,,
0,15.305,19.622,,,,,,,,,,,,,
0,16.194,19.63,,,,,,,,,,,,,
0,16.381,19.634,,,,,,,,,,,,,
0,16.469,19.629,,,,,,,,,,,,,
0,17.344,19.599,,,,,,,,,,,,,
0,18.201,19.207,,,,,,,,,,,,,
0,18.465,19.032,,,,,,,,,,,,,
0,18.976,18.787,,,,,,,,,,,,,
0,19.365,18.544,,,,,,,,,,,,,
0,19.525,18.552,,,,,,,,,,,,,
0,20.424,18.587,,,,,,,,,,,,,
0,20.618,18.595,,,,,,,,,,,,,
0,21.352,18.619,,,,,,,,,,,,,
0,22.134,18.361,,,,,,,,,,,,,
0,22.365,18.27,,,,,,,,,,,,,
0,23.169,17.849,,,,,,,,,,,,,
0,23.228,17.806,,,,,,,,,,,,,
0,23.304,17.777,,,,,,,,,,,,,
0,24.207,17.234,,,,,,,,,,,,,
0,24.493,17.121,,,,,,,,,,,,,
0,25,16.93,,,,,,,,,,,,,
0.9,9,900,FALSE,,,88,,,,,0,,,,âÕêÏä«óùé{ê›ìôç\ë¢óﬂ
0,-25,28.513,,,,,,,,,,,,,
0,-24.549,28.465,,,,,,,,,,,,,
0,-24.411,28.449,,,,,,,,,,,,,
0,-24.336,28.448,,,,,,,,,,,,,
0,-23.198,28.48,,,,,,,,,,,,,
0,-22.16,28.341,,,,,,,,,,,,,
0,-21.689,28.271,,,,,,,,,,,,,
0,-20.542,28.235,,,,,,,,,,,,,
0,-20.437,28.226,,,,,,,,,,,,,
0,-20.366,28.228,,,,,,,,,,,,,
0,-18.993,28.121,,,,,,,,,,,,,
0,-18.451,28.037,,,,,,,,,,,,,
0,-17.801,28.058,,,,,,,,,,,,,
0,-17.213,28.001,,,,,,,,,,,,,
0,-16.816,27.901,,,,,,,,,,,,,
0,-10.383,24.974,,,,,,,,,,,,,
0,-10.282,24.932,,,,,,,,,,,,,
0,-10.128,24.842,,,,,,,,,,,,,
0,-8.966,23.822,,,,,,,,,,,,,
0,-8.8,23.765,,,,,,,,,,,,,
0,-7.987,23.105,,,,,,,,,,,,,
0,-7.702,22.915,,,,,,,,,,,,,
0,-7.614,22.869,,,,,,,,,,,,,
0,-6.361,22.635,,,,,,,,,,,,,
0,-5.771,22.622,,,,,,,,,,,,,
0,-5.261,22.638,,,,,,,,,,,,,
0,-4.422,22.534,,,,,,,,,,,,,
0,-3.93,22.494,,,,,,,,,,,,,
0,-3.27,21.868,,,,,,,,,,,,,
0,-2.883,21.147,,,,,,,,,,,,,
0,-2.076,19.907,,,,,,,,,,,,,
0,-1.097,19.78,,,,,,,,,,,,,
0,-0.602,19.865,,,,,,,,,,,,,
0,0.584,20.324,,,,,,,,,,,,,
0,0.676,20.347,,,,,,,,,,,,,
0,1.551,20.216,,,,,,,,,,,,,
0,1.72,20.19,,,,,,,,,,,,,
0,1.727,20.191,,,,,,,,,,,,,
0,2.975,20.857,,,,,,,,,,,,,
0,2.982,20.867,,,,,,,,,,,,,
0,3.083,21.055,,,,,,,,,,,,,
0,3.956,22.692,,,,,,,,,,,,,
0,4.018,22.733,,,,,,,,,,,,,
0,4.156,22.747,,,,,,,,,,,,,
0,5.236,22.86,,,,,,,,,,,,,
0,6.019,22.888,,,,,,,,,,,,,
0,6.262,22.887,,,,,,,,,,,,,
0,7.405,22.842,,,,,,,,,,,,,
0,7.444,22.84,,,,,,,,,,,,,
0,7.455,22.84,,,,,,,,,,,,,
0,8.377,22.845,,,,,,,,,,,,,
0,9.248,22.435,,,,,,,,,,,,,
0,9.534,22.335,,,,,,,,,,,,,
0,9.717,22.259,,,,,,,,,,,,,
0,10.508,21.896,,,,,,,,,,,,,
0,10.879,21.675,,,,,,,,,,,,,
0,11.604,21.222,,,,,,,,,,,,,
0,11.952,21.074,,,,,,,,,,,,,
0,12.509,20.864,,,,,,,,,,,,,
0,13.119,20.503,,,,,,,,,,,,,
0,13.617,20.215,,,,,,,,,,,,,
0,14.129,20,,,,,,,,,,,,,
0,14.51,19.852,,,,,,,,,,,,,
0,14.779,19.709,,,,,,,,,,,,,
0,15.531,19.322,,,,,,,,,,,,,
0,16.167,19.031,,,,,,,,,,,,,
0,16.382,18.937,,,,,,,,,,,,,
0,16.635,18.867,,,,,,,,,,,,,
0,17.418,18.629,,,,,,,,,,,,,
0,17.568,18.621,,,,,,,,,,,,,
0,18.239,18.679,,,,,,,,,,,,,
0,18.414,18.682,,,,,,,,,,,,,
0,19.215,18.683,,,,,,,,,,,,,
0,19.96,18.688,,,,,,,,,,,,,
0,20.03,18.688,,,,,,,,,,,,,
0,20.948,18.462,,,,,,,,,,,,,
0,20.957,18.457,,,,,,,,,,,,,
0,20.969,18.451,,,,,,,,,,,,,
0,21.713,18.042,,,,,,,,,,,,,
0,22.305,17.708,,,,,,,,,,,,,
0,22.604,17.535,,,,,,,,,,,,,
0,22.943,17.395,,,,,,,,,,,,,
0,23.317,17.247,,,,,,,,,,,,,
0,23.53,17.136,,,,,,,,,,,,,
0,24.189,16.751,,,,,,,,,,,,,
0,24.734,16.524,,,,,,,,,,,,,
0,24.95,16.425,,,,,,,,,,,,,
0,25,16.391,,,,,,,,,,,,,
1,10,1000,FALSE,,,67,,,,,0,,,,âÕêÏä«óùé{ê›ìôç\ë¢óﬂ
0,-25,23.47,,,,,,,,,,,,,
0,-23.976,23.411,,,,,,,,,,,,,
0,-22.845,23.221,,,,,,,,,,,,,
0,-22.723,23.208,,,,,,,,,,,,,
0,-22.528,23.21,,,,,,,,,,,,,
0,-22.174,23.21,,,,,,,,,,,,,
0,-21.87,23.223,,,,,,,,,,,,,
0,-21.539,23.23,,,,,,,,,,,,,
0,-21.021,23.277,,,,,,,,,,,,,
0,-18.081,23.288,,,,,,,,,,,,,
0,-9.488,23.429,,,,,,,,,,,,,
0,-9.127,23.288,,,,,,,,,,,,,
0,-8.709,23.257,,,,,,,,,,,,,
0,-8.174,23.496,,,,,,,,,,,,,
0,-8.155,23.496,,,,,,,,,,,,,
0,-8.069,23.472,,,,,,,,,,,,,
0,-7.065,23.171,,,,,,,,,,,,,
0,-6.838,23.119,,,,,,,,,,,,,
0,-6.01,23.04,,,,,,,,,,,,,
0,-6.006,23.04,,,,,,,,,,,,,
0,-5.965,23.037,,,,,,,,,,,,,
0,-4.611,22.946,,,,,,,,,,,,,
0,-4.537,22.945,,,,,,,,,,,,,
0,-4.27,22.964,,,,,,,,,,,,,
0,-3.86,23.005,,,,,,,,,,,,,
0,-3.743,22.997,,,,,,,,,,,,,
0,-2.81,22.028,,,,,,,,,,,,,
0,-2.347,21.67,,,,,,,,,,,,,
0,-2.288,21.568,,,,,,,,,,,,,
0,-2.061,21.18,,,,,,,,,,,,,
0,-1.635,20.479,,,,,,,,,,,,,
0,-0.831,20.457,,,,,,,,,,,,,
0,0.172,20.38,,,,,,,,,,,,,
0,0.886,20.424,,,,,,,,,,,,,
0,1.559,20.563,,,,,,,,,,,,,
0,2.377,20.696,,,,,,,,,,,,,
0,3.179,20.928,,,,,,,,,,,,,
0,3.277,21.039,,,,,,,,,,,,,
0,4.361,22.863,,,,,,,,,,,,,
0,4.826,23.012,,,,,,,,,,,,,
0,5.446,23.025,,,,,,,,,,,,,
0,5.72,23.034,,,,,,,,,,,,,
0,6.202,23.05,,,,,,,,,,,,,
0,7.211,23.057,,,,,,,,,,,,,
0,7.85,23.011,,,,,,,,,,,,,
0,9.08,23.007,,,,,,,,,,,,,
0,15,23.06,,,,,,,,,,,,,
0,15.003,23.06,,,,,,,,,,,,,
0,16.295,23.09,,,,,,,,,,,,,
0,16.327,23.089,,,,,,,,,,,,,
0,16.359,23.088,,,,,,,,,,,,,
0,17.186,23.053,,,,,,,,,,,,,
0,17.84,23.05,,,,,,,,,,,,,
0,18.502,23.022,,,,,,,,,,,,,
0,18.828,23.015,,,,,,,,,,,,,
0,19.345,22.97,,,,,,,,,,,,,
0,19.762,22.945,,,,,,,,,,,,,
0,20.661,22.812,,,,,,,,,,,,,
0,20.75,22.8,,,,,,,,,,,,,
0,21.469,22.712,,,,,,,,,,,,,
0,21.65,22.692,,,,,,,,,,,,,
0,22.724,22.523,,,,,,,,,,,,,
0,22.829,22.491,,,,,,,,,,,,,
0,23.564,22.401,,,,,,,,,,,,,
0,24.73,22.536,,,,,,,,,,,,,
0,24.81,22.535,,,,,,,,,,,,,
0,25,22.532,,,,,,,,,,,,,
1.1,11,1100,FALSE,,,77,,,,,0,,,,âÕêÏä«óùé{ê›ìôç\ë¢óﬂ
0,-25,22.468,,,,,,,,,,,,,
0,-24.568,22.42,,,,,,,,,,,,,
0,-23.692,22.717,,,,,,,,,,,,,
0,-23.039,22.723,,,,,,,,,,,,,
0,-22.036,22.708,,,,,,,,,,,,,
0,-19.732,22.707,,,,,,,,,,,,,
0,-18.308,22.713,,,,,,,,,,,,,
0,-15.549,22.681,,,,,,,,,,,,,
0,-12.848,22.672,,,,,,,,,,,,,
0,-11.125,22.658,,,,,,,,,,,,,
0,-10.992,22.662,,,,,,,,,,,,,
0,-10.201,22.824,,,,,,,,,,,,,
0,-9.75,22.806,,,,,,,,,,,,,
0,-9.433,22.777,,,,,,,,,,,,,
0,-8.729,22.831,,,,,,,,,,,,,
0,-7.998,23.091,,,,,,,,,,,,,
0,-7.495,23.332,,,,,,,,,,,,,
0,-7.453,23.35,,,,,,,,,,,,,
0,-7.42,23.363,,,,,,,,,,,,,
0,-7.328,23.371,,,,,,,,,,,,,
0,-6.466,23.486,,,,,,,,,,,,,
0,-6.181,23.461,,,,,,,,,,,,,
0,-5.708,23.477,,,,,,,,,,,,,
0,-5.673,23.477,,,,,,,,,,,,,
0,-4.72,23.438,,,,,,,,,,,,,
0,-4.412,23.443,,,,,,,,,,,,,
0,-3.982,23.442,,,,,,,,,,,,,
0,-3.87,23.412,,,,,,,,,,,,,
0,-2.755,22,,,,,,,,,,,,,
0,-2.645,21.8,,,,,,,,,,,,,
0,-2.217,21.166,,,,,,,,,,,,,
0,-2.105,21.123,,,,,,,,,,,,,
0,-1.653,20.93,,,,,,,,,,,,,
0,-0.182,21.491,,,,,,,,,,,,,
0,1.113,21.848,,,,,,,,,,,,,
0,1.629,21.789,,,,,,,,,,,,,
0,1.671,21.786,,,,,,,,,,,,,
0,1.728,21.775,,,,,,,,,,,,,
0,2.998,22.042,,,,,,,,,,,,,
0,3.053,22.056,,,,,,,,,,,,,
0,3.415,22.764,,,,,,,,,,,,,
0,3.612,23.146,,,,,,,,,,,,,
0,3.641,23.154,,,,,,,,,,,,,
0,4.891,23.538,,,,,,,,,,,,,
0,5.039,23.532,,,,,,,,,,,,,
0,5.204,23.543,,,,,,,,,,,,,
0,5.652,23.528,,,,,,,,,,,,,
0,7.051,23.557,,,,,,,,,,,,,
0,7.619,23.553,,,,,,,,,,,,,
0,8.672,23.255,,,,,,,,,,,,,
0,13.392,21.885,,,,,,,,,,,,,
0,13.571,21.81,,,,,,,,,,,,,
0,13.84,21.799,,,,,,,,,,,,,
0,15.136,21.819,,,,,,,,,,,,,
0,15.291,21.823,,,,,,,,,,,,,
0,15.444,21.84,,,,,,,,,,,,,
0,15.909,21.884,,,,,,,,,,,,,
0,16.113,21.893,,,,,,,,,,,,,
0,16.683,21.84,,,,,,,,,,,,,
0,17.174,21.846,,,,,,,,,,,,,
0,17.341,21.795,,,,,,,,,,,,,
0,17.495,21.777,,,,,,,,,,,,,
0,17.961,21.784,,,,,,,,,,,,,
0,18.666,21.789,,,,,,,,,,,,,
0,19.398,21.87,,,,,,,,,,,,,
0,20.059,21.93,,,,,,,,,,,,,
0,20.063,21.93,,,,,,,,,,,,,
0,21.215,21.792,,,,,,,,,,,,,
0,21.514,21.82,,,,,,,,,,,,,
0,21.997,21.788,,,,,,,,,,,,,
0,22.186,21.755,,,,,,,,,,,,,
0,22.977,21.875,,,,,,,,,,,,,
0,23.673,22.037,,,,,,,,,,,,,
0,24.215,21.924,,,,,,,,,,,,,
0,24.308,21.904,,,,,,,,,,,,,
0,24.583,21.9,,,,,,,,,,,,,
0,25,21.873,,,,,,,,,,,,,
1.2,12,1200,FALSE,,,98,,,,,0,,,,âÕêÏä«óùé{ê›ìôç\ë¢óﬂ
0,-25,23.035,,,,,,,,,,,,,
0,-24.194,23.013,,,,,,,,,,,,,
0,-21.43,23.066,,,,,,,,,,,,,
0,-21.387,23.066,,,,,,,,,,,,,
0,-21.354,23.059,,,,,,,,,,,,,
0,-21.3,23.058,,,,,,,,,,,,,
0,-20.085,22.833,,,,,,,,,,,,,
0,-19.099,22.858,,,,,,,,,,,,,
0,-18.83,22.858,,,,,,,,,,,,,
0,-18.51,22.847,,,,,,,,,,,,,
0,-18.045,22.814,,,,,,,,,,,,,
0,-17.444,22.792,,,,,,,,,,,,,
0,-17.36,22.79,,,,,,,,,,,,,
0,-17.293,22.789,,,,,,,,,,,,,
0,-16.104,22.781,,,,,,,,,,,,,
0,-15.035,22.773,,,,,,,,,,,,,
0,-14.839,22.772,,,,,,,,,,,,,
0,-14.586,22.768,,,,,,,,,,,,,
0,-13.852,22.773,,,,,,,,,,,,,
0,-13.506,22.83,,,,,,,,,,,,,
0,-12.835,22.986,,,,,,,,,,,,,
0,-12.398,22.872,,,,,,,,,,,,,
0,-11.701,22.849,,,,,,,,,,,,,
0,-10.615,22.763,,,,,,,,,,,,,
0,-10.591,22.76,,,,,,,,,,,,,
0,-10.459,22.805,,,,,,,,,,,,,
0,-9.574,23.063,,,,,,,,,,,,,
0,-9.119,23.238,,,,,,,,,,,,,
0,-8.838,23.356,,,,,,,,,,,,,
0,-7.95,23.518,,,,,,,,,,,,,
0,-6.974,24.212,,,,,,,,,,,,,
0,-6.844,24.309,,,,,,,,,,,,,
0,-6.625,24.385,,,,,,,,,,,,,
0,-5.78,24.678,,,,,,,,,,,,,
0,-5.608,24.661,,,,,,,,,,,,,
0,-4.678,24.49,,,,,,,,,,,,,
0,-4.108,24.479,,,,,,,,,,,,,
0,-3.605,24.454,,,,,,,,,,,,,
0,-2.77,24.539,,,,,,,,,,,,,
0,-2.598,24.56,,,,,,,,,,,,,
0,-1.837,24.407,,,,,,,,,,,,,
0,-1.724,24.351,,,,,,,,,,,,,
0,-1.695,24.305,,,,,,,,,,,,,
0,-0.469,21.975,,,,,,,,,,,,,
0,0.969,21.925,,,,,,,,,,,,,
0,1.29,21.9,,,,,,,,,,,,,
0,1.548,21.974,,,,,,,,,,,,,
0,1.869,22.121,,,,,,,,,,,,,
0,2.378,22.351,,,,,,,,,,,,,
0,2.748,22.402,,,,,,,,,,,,,
0,3.414,22.575,,,,,,,,,,,,,
0,4.398,22.581,,,,,,,,,,,,,
0,4.438,22.581,,,,,,,,,,,,,
0,4.586,22.582,,,,,,,,,,,,,
0,5.133,22.578,,,,,,,,,,,,,
0,5.282,22.654,,,,,,,,,,,,,
0,6.108,23.07,,,,,,,,,,,,,
0,6.551,23.679,,,,,,,,,,,,,
0,6.995,24.501,,,,,,,,,,,,,
0,7.917,24.533,,,,,,,,,,,,,
0,8.091,24.517,,,,,,,,,,,,,
0,8.694,24.493,,,,,,,,,,,,,
0,9.102,24.504,,,,,,,,,,,,,
0,9.338,24.502,,,,,,,,,,,,,
0,10.451,24.086,,,,,,,,,,,,,
0,11.072,23.908,,,,,,,,,,,,,
0,11.27,23.787,,,,,,,,,,,,,
0,11.763,23.495,,,,,,,,,,,,,
0,11.95,23.415,,,,,,,,,,,,,
0,12.668,23.136,,,,,,,,,,,,,
0,13.226,22.671,,,,,,,,,,,,,
0,13.612,22.234,,,,,,,,,,,,,
0,13.752,22.26,,,,,,,,,,,,,
0,13.846,22.27,,,,,,,,,,,,,
0,14.077,22.256,,,,,,,,,,,,,
0,14.39,22.326,,,,,,,,,,,,,
0,14.826,22.353,,,,,,,,,,,,,
0,15.6,22.375,,,,,,,,,,,,,
0,15.722,22.381,,,,,,,,,,,,,
0,16.073,22.38,,,,,,,,,,,,,
0,16.604,22.361,,,,,,,,,,,,,
0,17.221,22.354,,,,,,,,,,,,,
0,17.534,22.362,,,,,,,,,,,,,
0,17.661,22.356,,,,,,,,,,,,,
0,18.528,22.355,,,,,,,,,,,,,
0,19.052,22.406,,,,,,,,,,,,,
0,19.54,22.423,,,,,,,,,,,,,
0,20.482,22.436,,,,,,,,,,,,,
0,20.557,22.439,,,,,,,,,,,,,
0,20.736,22.436,,,,,,,,,,,,,
0,21.657,22.436,,,,,,,,,,,,,
0,21.894,22.413,,,,,,,,,,,,,
0,22.596,22.334,,,,,,,,,,,,,
0,22.86,22.339,,,,,,,,,,,,,
0,23.554,22.395,,,,,,,,,,,,,
0,24.155,22.394,,,,,,,,,,,,,
0,24.487,22.39,,,,,,,,,,,,,
0,25,22.374,,,,,,,,,,,,,
1.3,13,1300,FALSE,,,79,,,,,0,,,,âÕêÏä«óùé{ê›ìôç\ë¢óﬂ
0,-25,23.493,,,,,,,,,,,,,
0,-24.682,23.447,,,,,,,,,,,,,
0,-24.178,23.388,,,,,,,,,,,,,
0,-23.443,23.405,,,,,,,,,,,,,
0,-22.447,23.195,,,,,,,,,,,,,
0,-22.317,23.171,,,,,,,,,,,,,
0,-22.144,23.173,,,,,,,,,,,,,
0,-21.428,23.178,,,,,,,,,,,,,
0,-20.973,23.175,,,,,,,,,,,,,
0,-20.512,23.185,,,,,,,,,,,,,
0,-20.218,23.18,,,,,,,,,,,,,
0,-19.509,23.171,,,,,,,,,,,,,
0,-18.566,23.16,,,,,,,,,,,,,
0,-18.499,23.158,,,,,,,,,,,,,
0,-18.393,23.155,,,,,,,,,,,,,
0,-17.756,23.148,,,,,,,,,,,,,
0,-17.231,23.122,,,,,,,,,,,,,
0,-16.834,23.092,,,,,,,,,,,,,
0,-16.323,23.139,,,,,,,,,,,,,
0,-15.394,23.176,,,,,,,,,,,,,
0,-14.678,23.225,,,,,,,,,,,,,
0,-13.52,23.161,,,,,,,,,,,,,
0,-13.496,23.16,,,,,,,,,,,,,
0,-13.491,23.16,,,,,,,,,,,,,
0,-12.479,23.21,,,,,,,,,,,,,
0,-11.829,23.34,,,,,,,,,,,,,
0,-11.478,23.462,,,,,,,,,,,,,
0,-10.914,23.486,,,,,,,,,,,,,
0,-10.427,23.546,,,,,,,,,,,,,
0,-9.752,23.695,,,,,,,,,,,,,
0,-9.305,23.829,,,,,,,,,,,,,
0,-8.926,24.076,,,,,,,,,,,,,
0,-8.118,24.603,,,,,,,,,,,,,
0,-7.197,25.276,,,,,,,,,,,,,
0,-7.035,25.376,,,,,,,,,,,,,
0,-6.493,25.824,,,,,,,,,,,,,
0,-6.228,26.016,,,,,,,,,,,,,
0,-6.152,26.017,,,,,,,,,,,,,
0,-5.046,25.956,,,,,,,,,,,,,
0,-4.103,26.037,,,,,,,,,,,,,
0,-3.835,26.051,,,,,,,,,,,,,
0,-3.529,26.042,,,,,,,,,,,,,
0,-2.723,26.013,,,,,,,,,,,,,
0,-2.352,25.41,,,,,,,,,,,,,
0,-1.678,24.433,,,,,,,,,,,,,
0,-1.577,24.229,,,,,,,,,,,,,
0,0.401,23.871,,,,,,,,,,,,,
0,2.533,23.6,,,,,,,,,,,,,
0,3.65,23.861,,,,,,,,,,,,,
0,3.697,23.877,,,,,,,,,,,,,
0,3.756,23.885,,,,,,,,,,,,,
0,4.248,23.947,,,,,,,,,,,,,
0,4.786,24.021,,,,,,,,,,,,,
0,4.838,24.022,,,,,,,,,,,,,
0,4.865,24.058,,,,,,,,,,,,,
0,5.702,25.175,,,,,,,,,,,,,
0,6.216,25.635,,,,,,,,,,,,,
0,6.614,26.018,,,,,,,,,,,,,
0,7.333,25.996,,,,,,,,,,,,,
0,7.677,26.003,,,,,,,,,,,,,
0,8.369,25.97,,,,,,,,,,,,,
0,8.812,25.928,,,,,,,,,,,,,
0,9.161,25.914,,,,,,,,,,,,,
0,9.915,25.903,,,,,,,,,,,,,
0,10.904,25.853,,,,,,,,,,,,,
0,10.977,25.849,,,,,,,,,,,,,
0,11.226,25.838,,,,,,,,,,,,,
0,11.78,25.804,,,,,,,,,,,,,
0,11.932,25.793,,,,,,,,,,,,,
0,12.842,25.676,,,,,,,,,,,,,
0,13.527,25.612,,,,,,,,,,,,,
0,13.919,25.558,,,,,,,,,,,,,
0,14.442,25.535,,,,,,,,,,,,,
0,15.105,25.567,,,,,,,,,,,,,
0,15.221,25.576,,,,,,,,,,,,,
0,15.261,25.576,,,,,,,,,,,,,
0,15.288,25.577,,,,,,,,,,,,,
0,19.496,26.617,,,,,,,,,,,,,
0,25,27.936,,,,,,,,,,,,,
1.4,14,1400,FALSE,,,72,,,,,0,,,,âÕêÏä«óùé{ê›ìôç\ë¢óﬂ
0,-25,23.795,,,,,,,,,,,,,
0,-23.838,24.002,,,,,,,,,,,,,
0,-23.397,24.03,,,,,,,,,,,,,
0,-22.748,24.11,,,,,,,,,,,,,
0,-22.266,24.185,,,,,,,,,,,,,
0,-21.806,24.236,,,,,,,,,,,,,
0,-21.312,24.245,,,,,,,,,,,,,
0,-20.799,24.278,,,,,,,,,,,,,
0,-20.302,24.279,,,,,,,,,,,,,
0,-19.955,24.34,,,,,,,,,,,,,
0,-19.317,24.311,,,,,,,,,,,,,
0,-19.255,24.312,,,,,,,,,,,,,
0,-19.222,24.315,,,,,,,,,,,,,
0,-17.919,24.459,,,,,,,,,,,,,
0,-17.344,24.534,,,,,,,,,,,,,
0,-16.848,24.562,,,,,,,,,,,,,
0,-16.217,24.633,,,,,,,,,,,,,
0,-15.919,24.641,,,,,,,,,,,,,
0,-15.428,24.275,,,,,,,,,,,,,
0,-14.73,23.7,,,,,,,,,,,,,
0,-14.308,23.667,,,,,,,,,,,,,
0,-13.848,23.597,,,,,,,,,,,,,
0,-13.214,23.589,,,,,,,,,,,,,
0,-13.091,23.59,,,,,,,,,,,,,
0,-12.92,23.635,,,,,,,,,,,,,
0,-11.331,24.019,,,,,,,,,,,,,
0,-10.964,24.069,,,,,,,,,,,,,
0,-8.686,25.24,,,,,,,,,,,,,
0,-5.915,26.676,,,,,,,,,,,,,
0,-5.818,26.685,,,,,,,,,,,,,
0,-5.336,26.625,,,,,,,,,,,,,
0,-4.874,26.584,,,,,,,,,,,,,
0,-4.222,26.625,,,,,,,,,,,,,
0,-3.924,26.635,,,,,,,,,,,,,
0,-3.61,26.589,,,,,,,,,,,,,
0,-2.938,26.513,,,,,,,,,,,,,
0,-2.29,25.026,,,,,,,,,,,,,
0,-1.554,23.877,,,,,,,,,,,,,
0,-1.222,23.902,,,,,,,,,,,,,
0,-0.258,24.016,,,,,,,,,,,,,
0,0.683,23.705,,,,,,,,,,,,,
0,0.917,23.649,,,,,,,,,,,,,
0,1.678,23.699,,,,,,,,,,,,,
0,1.862,23.646,,,,,,,,,,,,,
0,2.56,23.649,,,,,,,,,,,,,
0,3.923,23.59,,,,,,,,,,,,,
0,4.355,23.717,,,,,,,,,,,,,
0,4.567,24.192,,,,,,,,,,,,,
0,5.623,26.543,,,,,,,,,,,,,
0,5.979,27.212,,,,,,,,,,,,,
0,6.392,27.086,,,,,,,,,,,,,
0,7.41,26.96,,,,,,,,,,,,,
0,7.414,26.96,,,,,,,,,,,,,
0,8.927,27.151,,,,,,,,,,,,,
0,9.267,27.145,,,,,,,,,,,,,
0,9.981,27.04,,,,,,,,,,,,,
0,10.212,27.036,,,,,,,,,,,,,
0,18.189,33.606,,,,,,,,,,,,,
0,19.041,34.285,,,,,,,,,,,,,
0,19.061,34.285,,,,,,,,,,,,,
0,19.102,34.282,,,,,,,,,,,,,
0,20.051,34.405,,,,,,,,,,,,,
0,21.102,34.469,,,,,,,,,,,,,
0,21.504,34.422,,,,,,,,,,,,,
0,22.148,34.379,,,,,,,,,,,,,
0,22.486,34.373,,,,,,,,,,,,,
0,22.705,34.381,,,,,,,,,,,,,
0,23.79,34.429,,,,,,,,,,,,,
0,23.998,34.438,,,,,,,,,,,,,
0,24.109,34.441,,,,,,,,,,,,,
0,24.922,34.45,,,,,,,,,,,,,
0,25,34.452,,,,,,,,,,,,,
1.5,15,1500,FALSE,,,80,,,,,0,,,,âÕêÏä«óùé{ê›ìôç\ë¢óﬂ
0,-25,25.339,,,,,,,,,,,,,
0,-24.741,25.477,,,,,,,,,,,,,
0,-24.569,25.573,,,,,,,,,,,,,
0,-24.203,25.622,,,,,,,,,,,,,
0,-23.303,25.762,,,,,,,,,,,,,
0,-22.154,26.188,,,,,,,,,,,,,
0,-21.996,26.247,,,,,,,,,,,,,
0,-21.872,26.31,,,,,,,,,,,,,
0,-20.669,26.895,,,,,,,,,,,,,
0,-19.701,27.293,,,,,,,,,,,,,
0,-19.341,27.418,,,,,,,,,,,,,
0,-18.882,27.616,,,,,,,,,,,,,
0,-18.013,27.926,,,,,,,,,,,,,
0,-16.857,28.249,,,,,,,,,,,,,
0,-16.729,28.291,,,,,,,,,,,,,
0,-16.633,28.306,,,,,,,,,,,,,
0,-15.379,28.53,,,,,,,,,,,,,
0,-14.484,28.571,,,,,,,,,,,,,
0,-14.065,28.591,,,,,,,,,,,,,
0,-13.475,28.544,,,,,,,,,,,,,
0,-12.887,28.45,,,,,,,,,,,,,
0,-12.478,28.424,,,,,,,,,,,,,
0,-11.909,28.36,,,,,,,,,,,,,
0,-11.097,28.376,,,,,,,,,,,,,
0,-10.884,28.385,,,,,,,,,,,,,
0,-10.774,28.388,,,,,,,,,,,,,
0,-9.762,28.442,,,,,,,,,,,,,
0,-9.073,28.491,,,,,,,,,,,,,
0,-8.642,28.504,,,,,,,,,,,,,
0,-7.783,28.432,,,,,,,,,,,,,
0,-7.449,28.412,,,,,,,,,,,,,
0,-7.044,28.409,,,,,,,,,,,,,
0,-6.119,28.455,,,,,,,,,,,,,
0,-5.365,28.436,,,,,,,,,,,,,
0,-4.909,28.43,,,,,,,,,,,,,
0,-4.687,28.469,,,,,,,,,,,,,
0,-3.821,28.491,,,,,,,,,,,,,
0,-3.058,28.396,,,,,,,,,,,,,
0,-2.031,26.013,,,,,,,,,,,,,
0,-1.332,24.16,,,,,,,,,,,,,
0,-0.359,24.312,,,,,,,,,,,,,
0,0.074,24.371,,,,,,,,,,,,,
0,0.363,24.412,,,,,,,,,,,,,
0,1.345,24.57,,,,,,,,,,,,,
0,1.91,24.513,,,,,,,,,,,,,
0,2.63,24.479,,,,,,,,,,,,,
0,3.092,24.601,,,,,,,,,,,,,
0,4.112,24.331,,,,,,,,,,,,,
0,4.667,24.247,,,,,,,,,,,,,
0,5.058,24.304,,,,,,,,,,,,,
0,5.989,26.736,,,,,,,,,,,,,
0,6.062,26.938,,,,,,,,,,,,,
0,6.152,27.014,,,,,,,,,,,,,
0,7.352,28.116,,,,,,,,,,,,,
0,8.143,28.288,,,,,,,,,,,,,
0,8.681,28.367,,,,,,,,,,,,,
0,8.914,28.472,,,,,,,,,,,,,
0,9.512,28.461,,,,,,,,,,,,,
0,10.947,28.463,,,,,,,,,,,,,
0,12.197,28.547,,,,,,,,,,,,,
0,12.582,28.563,,,,,,,,,,,,,
0,12.836,28.56,,,,,,,,,,,,,
0,13.375,28.477,,,,,,,,,,,,,
0,13.774,28.614,,,,,,,,,,,,,
0,15.237,28.567,,,,,,,,,,,,,
0,15.89,28.571,,,,,,,,,,,,,
0,16.376,28.663,,,,,,,,,,,,,
0,17.072,28.5,,,,,,,,,,,,,
0,17.313,28.48,,,,,,,,,,,,,
0,17.573,28.562,,,,,,,,,,,,,
0,18.726,28.836,,,,,,,,,,,,,
0,19.655,28.975,,,,,,,,,,,,,
0,20.253,29.035,,,,,,,,,,,,,
0,21.013,28.858,,,,,,,,,,,,,
0,21.518,28.664,,,,,,,,,,,,,
0,21.893,28.644,,,,,,,,,,,,,
0,22.496,28.558,,,,,,,,,,,,,
0,23.873,28.784,,,,,,,,,,,,,
0,24.756,29.17,,,,,,,,,,,,,
0,25,29.173,,,,,,,,,,,,,
1.6,16,1600,FALSE,,,61,,,,,0,,,,âÕêÏä«óùé{ê›ìôç\ë¢óﬂ
0,-25,25.434,,,,,,,,,,,,,
0,-23.865,25.48,,,,,,,,,,,,,
0,-23.844,25.48,,,,,,,,,,,,,
0,-23.397,25.489,,,,,,,,,,,,,
0,-22.407,25.51,,,,,,,,,,,,,
0,-22.375,25.509,,,,,,,,,,,,,
0,-20.977,25.44,,,,,,,,,,,,,
0,-20.914,25.44,,,,,,,,,,,,,
0,-19.557,25.385,,,,,,,,,,,,,
0,-19.461,25.383,,,,,,,,,,,,,
0,-18.114,25.52,,,,,,,,,,,,,
0,-17.975,25.597,,,,,,,,,,,,,
0,-16.735,26.35,,,,,,,,,,,,,
0,-16.558,26.462,,,,,,,,,,,,,
0,-15.376,27.241,,,,,,,,,,,,,
0,-15.158,27.387,,,,,,,,,,,,,
0,-14.008,28.108,,,,,,,,,,,,,
0,-13.74,28.137,,,,,,,,,,,,,
0,-12.557,28.162,,,,,,,,,,,,,
0,-12.251,28.158,,,,,,,,,,,,,
0,-11.162,28.15,,,,,,,,,,,,,
0,-10.824,28.152,,,,,,,,,,,,,
0,-9.738,28.138,,,,,,,,,,,,,
0,-9.362,28.096,,,,,,,,,,,,,
0,-8.301,27.964,,,,,,,,,,,,,
0,-7.892,27.899,,,,,,,,,,,,,
0,-6.854,27.728,,,,,,,,,,,,,
0,-6.422,27.731,,,,,,,,,,,,,
0,-5.46,27.726,,,,,,,,,,,,,
0,-4.988,27.7,,,,,,,,,,,,,
0,-4.052,27.732,,,,,,,,,,,,,
0,-3.535,27.576,,,,,,,,,,,,,
0,-2.573,26.644,,,,,,,,,,,,,
0,-2.008,26.09,,,,,,,,,,,,,
0,-1.075,25.62,,,,,,,,,,,,,
0,-0.519,25.583,,,,,,,,,,,,,
0,0.355,25.357,,,,,,,,,,,,,
0,0.931,25.156,,,,,,,,,,,,,
0,1.764,25.12,,,,,,,,,,,,,
0,2.38,25.24,,,,,,,,,,,,,
0,3.172,25.332,,,,,,,,,,,,,
0,3.775,26.155,,,,,,,,,,,,,
0,4.443,27.38,,,,,,,,,,,,,
0,5.116,27.605,,,,,,,,,,,,,
0,5.81,27.64,,,,,,,,,,,,,
0,6.536,27.656,,,,,,,,,,,,,
0,7.204,27.693,,,,,,,,,,,,,
0,7.964,27.725,,,,,,,,,,,,,
0,8.601,27.703,,,,,,,,,,,,,
0,8.88,27.68,,,,,,,,,,,,,
0,9.106,27.564,,,,,,,,,,,,,
0,9.358,27.536,,,,,,,,,,,,,
0,10.477,27.659,,,,,,,,,,,,,
0,16.305,28.184,,,,,,,,,,,,,
0,18.872,28.43,,,,,,,,,,,,,
0,19.659,28.433,,,,,,,,,,,,,
0,20.444,28.397,,,,,,,,,,,,,
0,22.59,28.26,,,,,,,,,,,,,
0,23.449,28.287,,,,,,,,,,,,,
0,24.318,28.388,,,,,,,,,,,,,
0,25,28.32,,,,,,,,,,,,,
1.7,17,1670,FALSE,,,80,,,,,0,,,,âÕêÏä«óùé{ê›ìôç\ë¢óﬂ
0,-25,28.584,,,,,,,,,,,,,
0,-23.889,28.593,,,,,,,,,,,,,
0,-23.221,28.603,,,,,,,,,,,,,
0,-22.347,28.63,,,,,,,,,,,,,
0,-21.566,28.64,,,,,,,,,,,,,
0,-20.702,28.629,,,,,,,,,,,,,
0,-19.499,28.593,,,,,,,,,,,,,
0,-19.059,28.604,,,,,,,,,,,,,
0,-17.913,28.446,,,,,,,,,,,,,
0,-17.631,28.374,,,,,,,,,,,,,
0,-17.365,28.324,,,,,,,,,,,,,
0,-16.639,28.2,,,,,,,,,,,,,
0,-15.882,28.184,,,,,,,,,,,,,
0,-15.647,28.172,,,,,,,,,,,,,
0,-15.029,28.214,,,,,,,,,,,,,
0,-14.555,28.279,,,,,,,,,,,,,
0,-14.378,28.298,,,,,,,,,,,,,
0,-13.302,28.459,,,,,,,,,,,,,
0,-12.387,28.378,,,,,,,,,,,,,
0,-12.031,28.385,,,,,,,,,,,,,
0,-10.864,28.449,,,,,,,,,,,,,
0,-10.852,28.45,,,,,,,,,,,,,
0,-10.839,28.451,,,,,,,,,,,,,
0,-9.844,28.568,,,,,,,,,,,,,
0,-8.921,28.457,,,,,,,,,,,,,
0,-8.848,28.45,,,,,,,,,,,,,
0,-8.721,28.443,,,,,,,,,,,,,
0,-7.906,28.334,,,,,,,,,,,,,
0,-7.436,27.992,,,,,,,,,,,,,
0,-6.62,27.548,,,,,,,,,,,,,
0,-5.537,28.34,,,,,,,,,,,,,
0,-5.108,28.756,,,,,,,,,,,,,
0,-4.103,27.969,,,,,,,,,,,,,
0,-3.781,27.686,,,,,,,,,,,,,
0,-3.353,26.962,,,,,,,,,,,,,
0,-2.716,25.86,,,,,,,,,,,,,
0,-1.049,25.89,,,,,,,,,,,,,
0,2.338,26.005,,,,,,,,,,,,,
0,2.607,26.291,,,,,,,,,,,,,
0,2.823,26.636,,,,,,,,,,,,,
0,3.642,27.867,,,,,,,,,,,,,
0,4.204,28.31,,,,,,,,,,,,,
0,4.549,28.656,,,,,,,,,,,,,
0,5.085,28.674,,,,,,,,,,,,,
0,5.301,28.661,,,,,,,,,,,,,
0,5.444,28.662,,,,,,,,,,,,,
0,6.521,28.72,,,,,,,,,,,,,
0,7.171,28.533,,,,,,,,,,,,,
0,8.095,28.233,,,,,,,,,,,,,
0,8.463,28.078,,,,,,,,,,,,,
0,9.547,27.05,,,,,,,,,,,,,
0,10.233,26.689,,,,,,,,,,,,,
0,10.581,27.016,,,,,,,,,,,,,
0,11.36,25.303,,,,,,,,,,,,,
0,11.437,25.237,,,,,,,,,,,,,
0,11.476,25.243,,,,,,,,,,,,,
0,13.02,26.003,,,,,,,,,,,,,
0,13.046,26.02,,,,,,,,,,,,,
0,13.885,26.954,,,,,,,,,,,,,
0,14.228,27.216,,,,,,,,,,,,,
0,14.964,28.092,,,,,,,,,,,,,
0,15.748,28.291,,,,,,,,,,,,,
0,16.04,28.335,,,,,,,,,,,,,
0,16.8,28.663,,,,,,,,,,,,,
0,16.857,28.695,,,,,,,,,,,,,
0,16.97,28.726,,,,,,,,,,,,,
0,17.917,28.882,,,,,,,,,,,,,
0,18.402,28.976,,,,,,,,,,,,,
0,18.993,29.004,,,,,,,,,,,,,
0,19.545,28.995,,,,,,,,,,,,,
0,20.104,29.064,,,,,,,,,,,,,
0,21.216,29.171,,,,,,,,,,,,,
0,21.303,29.171,,,,,,,,,,,,,
0,22.427,28.894,,,,,,,,,,,,,
0,22.642,28.832,,,,,,,,,,,,,
0,23.081,28.639,,,,,,,,,,,,,
0,23.711,28.295,,,,,,,,,,,,,
0,24.013,28.268,,,,,,,,,,,,,
0,24.58,28.021,,,,,,,,,,,,,
0,25,28.075,,,,,,,,,,,,,
1.8,18,1800,FALSE,,,63,,,,,0,,,,âÕêÏä«óùé{ê›ìôç\ë¢óﬂ
0,-25,29.439,,,,,,,,,,,,,
0,-24.835,29.437,,,,,,,,,,,,,
0,-24.355,29.444,,,,,,,,,,,,,
0,-23.823,29.45,,,,,,,,,,,,,
0,-22.61,29.434,,,,,,,,,,,,,
0,-22.341,29.427,,,,,,,,,,,,,
0,-20.912,29.42,,,,,,,,,,,,,
0,-20.834,29.419,,,,,,,,,,,,,
0,-20.559,29.42,,,,,,,,,,,,,
0,-19.399,29.424,,,,,,,,,,,,,
0,-19.008,29.439,,,,,,,,,,,,,
0,-17.942,29.457,,,,,,,,,,,,,
0,-17.093,29.442,,,,,,,,,,,,,
0,-16.514,29.441,,,,,,,,,,,,,
0,-15.179,29.392,,,,,,,,,,,,,
0,-15.072,29.397,,,,,,,,,,,,,
0,-14.74,29.409,,,,,,,,,,,,,
0,-13.685,29.449,,,,,,,,,,,,,
0,-13.329,29.429,,,,,,,,,,,,,
0,-12.303,29.293,,,,,,,,,,,,,
0,-11.463,29.594,,,,,,,,,,,,,
0,-10.921,29.806,,,,,,,,,,,,,
0,-9.636,29.904,,,,,,,,,,,,,
0,-9.547,29.91,,,,,,,,,,,,,
0,-9.297,29.859,,,,,,,,,,,,,
0,-8.249,29.658,,,,,,,,,,,,,
0,-7.915,29.627,,,,,,,,,,,,,
0,-6.975,29.626,,,,,,,,,,,,,
0,-6.245,29.601,,,,,,,,,,,,,
0,-5.699,29.577,,,,,,,,,,,,,
0,-4.562,29.57,,,,,,,,,,,,,
0,-4.416,29.564,,,,,,,,,,,,,
0,-3.936,29.578,,,,,,,,,,,,,
0,-3.121,29.575,,,,,,,,,,,,,
0,-2.882,29.39,,,,,,,,,,,,,
0,-1.762,27.673,,,,,,,,,,,,,
0,-1.14,27.118,,,,,,,,,,,,,
0,-0.431,26.994,,,,,,,,,,,,,
0,0.03,26.807,,,,,,,,,,,,,
0,0.935,26.58,,,,,,,,,,,,,
0,2.201,27.273,,,,,,,,,,,,,
0,2.243,27.292,,,,,,,,,,,,,
0,2.31,27.308,,,,,,,,,,,,,
0,3.641,27.484,,,,,,,,,,,,,
0,4.119,27.461,,,,,,,,,,,,,
0,4.616,27.39,,,,,,,,,,,,,
0,5.524,28.299,,,,,,,,,,,,,
0,6.803,29.541,,,,,,,,,,,,,
0,9.851,30.333,,,,,,,,,,,,,
0,11.356,30.69,,,,,,,,,,,,,
0,12.724,31.19,,,,,,,,,,,,,
0,12.949,31.213,,,,,,,,,,,,,
0,15.726,31.138,,,,,,,,,,,,,
0,18.722,31.296,,,,,,,,,,,,,
0,19.006,31.315,,,,,,,,,,,,,
0,19.214,31.335,,,,,,,,,,,,,
0,20.911,31.322,,,,,,,,,,,,,
0,21.484,31.364,,,,,,,,,,,,,
0,22.533,31.383,,,,,,,,,,,,,
0,23.131,31.377,,,,,,,,,,,,,
0,24.054,31.427,,,,,,,,,,,,,
0,24.442,31.389,,,,,,,,,,,,,
0,25,31.342,,,,,,,,,,,,,
1.9,19,1900,FALSE,,,74,,,,,0,,,,âÕêÏä«óùé{ê›ìôç\ë¢óﬂ
0,-25,30.82,,,,,,,,,,,,,
0,-24.791,30.749,,,,,,,,,,,,,
0,-24.609,30.699,,,,,,,,,,,,,
0,-24.582,30.699,,,,,,,,,,,,,
0,-24.563,30.697,,,,,,,,,,,,,
0,-19.821,30.704,,,,,,,,,,,,,
0,-19.789,30.708,,,,,,,,,,,,,
0,-19.75,30.705,,,,,,,,,,,,,
0,-19.455,30.68,,,,,,,,,,,,,
0,-17.909,30.495,,,,,,,,,,,,,
0,-17.233,30.5,,,,,,,,,,,,,
0,-16.087,30.5,,,,,,,,,,,,,
0,-15.919,30.499,,,,,,,,,,,,,
0,-15.501,30.494,,,,,,,,,,,,,
0,-14.651,30.482,,,,,,,,,,,,,
0,-14.328,30.472,,,,,,,,,,,,,
0,-13.429,30.466,,,,,,,,,,,,,
0,-12.619,30.454,,,,,,,,,,,,,
0,-12.167,30.443,,,,,,,,,,,,,
0,-10.975,30.412,,,,,,,,,,,,,
0,-10.893,30.411,,,,,,,,,,,,,
0,-10.856,30.41,,,,,,,,,,,,,
0,-9.506,30.38,,,,,,,,,,,,,
0,-8.837,30.355,,,,,,,,,,,,,
0,-8.117,30.329,,,,,,,,,,,,,
0,-6.79,30.262,,,,,,,,,,,,,
0,-6.714,30.259,,,,,,,,,,,,,
0,-6.553,30.262,,,,,,,,,,,,,
0,-5.452,30.299,,,,,,,,,,,,,
0,-5.041,30.283,,,,,,,,,,,,,
0,-4.216,30.266,,,,,,,,,,,,,
0,-3.372,30.358,,,,,,,,,,,,,
0,-2.996,30.361,,,,,,,,,,,,,
0,-2.046,29.163,,,,,,,,,,,,,
0,-1.705,28.852,,,,,,,,,,,,,
0,-1.546,28.721,,,,,,,,,,,,,
0,-0.343,28.272,,,,,,,,,,,,,
0,0.42,27.988,,,,,,,,,,,,,
0,1.009,27.805,,,,,,,,,,,,,
0,2.354,27.583,,,,,,,,,,,,,
0,2.37,27.58,,,,,,,,,,,,,
0,2.375,27.581,,,,,,,,,,,,,
0,3.655,27.728,,,,,,,,,,,,,
0,4.138,28.024,,,,,,,,,,,,,
0,4.947,28.973,,,,,,,,,,,,,
0,5.875,30.156,,,,,,,,,,,,,
0,6.251,30.451,,,,,,,,,,,,,
0,7.257,30.285,,,,,,,,,,,,,
0,7.512,30.231,,,,,,,,,,,,,
0,7.621,30.23,,,,,,,,,,,,,
0,8.754,30.554,,,,,,,,,,,,,
0,9.345,30.823,,,,,,,,,,,,,
0,9.977,30.938,,,,,,,,,,,,,
0,11.041,31.006,,,,,,,,,,,,,
0,11.163,31.016,,,,,,,,,,,,,
0,11.469,31.11,,,,,,,,,,,,,
0,12.446,31.355,,,,,,,,,,,,,
0,12.798,31.374,,,,,,,,,,,,,
0,13.71,31.228,,,,,,,,,,,,,
0,14.571,31.22,,,,,,,,,,,,,
0,14.993,31.23,,,,,,,,,,,,,
0,16.12,31.205,,,,,,,,,,,,,
0,16.304,31.2,,,,,,,,,,,,,
0,16.407,31.203,,,,,,,,,,,,,
0,17.804,31.22,,,,,,,,,,,,,
0,18.729,31.219,,,,,,,,,,,,,
0,19.304,31.22,,,,,,,,,,,,,
0,20.346,31.244,,,,,,,,,,,,,
0,20.798,31.247,,,,,,,,,,,,,
0,20.998,31.249,,,,,,,,,,,,,
0,22.284,31.24,,,,,,,,,,,,,
0,23.164,31.234,,,,,,,,,,,,,
0,23.789,31.23,,,,,,,,,,,,,
0,25,31.254,,,,,,,,,,,,,
2,20,2000,FALSE,,,71,,,,,0,,,,âÕêÏä«óùé{ê›ìôç\ë¢óﬂ
0,-25,34.174,,,,,,,,,,,,,
0,-23.529,34.155,,,,,,,,,,,,,
0,-22.977,34.105,,,,,,,,,,,,,
0,-22.627,34.125,,,,,,,,,,,,,
0,-21.721,34.01,,,,,,,,,,,,,
0,-21.39,33.983,,,,,,,,,,,,,
0,-20.43,34.033,,,,,,,,,,,,,
0,-19.616,33.919,,,,,,,,,,,,,
0,-19.299,33.903,,,,,,,,,,,,,
0,-18.203,33.91,,,,,,,,,,,,,
0,-17.775,33.902,,,,,,,,,,,,,
0,-16.536,33.871,,,,,,,,,,,,,
0,-16.236,33.878,,,,,,,,,,,,,
0,-15.228,33.89,,,,,,,,,,,,,
0,-15.211,33.89,,,,,,,,,,,,,
0,-15.153,33.891,,,,,,,,,,,,,
0,-14.025,33.926,,,,,,,,,,,,,
0,-13.668,33.964,,,,,,,,,,,,,
0,-12.472,34.063,,,,,,,,,,,,,
0,-12.421,34.061,,,,,,,,,,,,,
0,-12.306,34.051,,,,,,,,,,,,,
0,-8.543,32.161,,,,,,,,,,,,,
0,-5.544,30.689,,,,,,,,,,,,,
0,-5.454,30.687,,,,,,,,,,,,,
0,-4.682,30.657,,,,,,,,,,,,,
0,-4.325,30.647,,,,,,,,,,,,,
0,-3.714,30.626,,,,,,,,,,,,,
0,-2.761,30.665,,,,,,,,,,,,,
0,-2.677,30.67,,,,,,,,,,,,,
0,-2.539,30.585,,,,,,,,,,,,,
0,-1.83,30.249,,,,,,,,,,,,,
0,-1.425,29.378,,,,,,,,,,,,,
0,-0.88,28.51,,,,,,,,,,,,,
0,-0.373,28.524,,,,,,,,,,,,,
0,0.888,28.581,,,,,,,,,,,,,
0,1.551,28.755,,,,,,,,,,,,,
0,1.668,28.776,,,,,,,,,,,,,
0,3.188,28.984,,,,,,,,,,,,,
0,3.471,29.007,,,,,,,,,,,,,
0,4.342,28.918,,,,,,,,,,,,,
0,4.917,29.248,,,,,,,,,,,,,
0,6.06,30.874,,,,,,,,,,,,,
0,6.453,31.584,,,,,,,,,,,,,
0,6.723,31.563,,,,,,,,,,,,,
0,7.585,31.256,,,,,,,,,,,,,
0,8.11,31.226,,,,,,,,,,,,,
0,8.664,31.22,,,,,,,,,,,,,
0,8.817,31.206,,,,,,,,,,,,,
0,9.492,31.272,,,,,,,,,,,,,
0,10.523,31.83,,,,,,,,,,,,,
0,12.403,32.628,,,,,,,,,,,,,
0,13.113,32.673,,,,,,,,,,,,,
0,14.857,32.874,,,,,,,,,,,,,
0,15.153,32.885,,,,,,,,,,,,,
0,16.308,32.918,,,,,,,,,,,,,
0,16.548,32.922,,,,,,,,,,,,,
0,17.234,32.96,,,,,,,,,,,,,
0,17.57,32.972,,,,,,,,,,,,,
0,17.687,32.977,,,,,,,,,,,,,
0,18.749,32.962,,,,,,,,,,,,,
0,19.379,32.943,,,,,,,,,,,,,
0,19.859,32.953,,,,,,,,,,,,,
0,20.683,32.971,,,,,,,,,,,,,
0,20.91,32.963,,,,,,,,,,,,,
0,21.219,32.969,,,,,,,,,,,,,
0,21.899,32.996,,,,,,,,,,,,,
0,22.399,32.965,,,,,,,,,,,,,
0,23.416,32.987,,,,,,,,,,,,,
0,23.702,32.994,,,,,,,,,,,,,
0,24.982,32.998,,,,,,,,,,,,,
0,25,32.999,,,,,,,,,,,,,
2.1,21,2100,FALSE,,,69,,,,,0,,,,âÕêÏä«óùé{ê›ìôç\ë¢óﬂ
0,-25,35.371,,,,,,,,,,,,,
0,-24.347,35.353,,,,,,,,,,,,,
0,-24.165,35.35,,,,,,,,,,,,,
0,-23.922,35.385,,,,,,,,,,,,,
0,-21.99,35.161,,,,,,,,,,,,,
0,-21.648,35.111,,,,,,,,,,,,,
0,-20.865,35.088,,,,,,,,,,,,,
0,-20.594,35.08,,,,,,,,,,,,,
0,-19.559,35.095,,,,,,,,,,,,,
0,-18.311,34.956,,,,,,,,,,,,,
0,-18.218,34.95,,,,,,,,,,,,,
0,-17.874,34.962,,,,,,,,,,,,,
0,-16.962,34.975,,,,,,,,,,,,,
0,-16.722,34.965,,,,,,,,,,,,,
0,-16.126,34.808,,,,,,,,,,,,,
0,-14.414,34.737,,,,,,,,,,,,,
0,-13.151,34.686,,,,,,,,,,,,,
0,-12.203,34.471,,,,,,,,,,,,,
0,-10.619,34.308,,,,,,,,,,,,,
0,-10.593,34.3,,,,,,,,,,,,,
0,-9.296,34.116,,,,,,,,,,,,,
0,-9.115,34.089,,,,,,,,,,,,,
0,-9.108,34.09,,,,,,,,,,,,,
0,-8.071,34.212,,,,,,,,,,,,,
0,-7.064,32.568,,,,,,,,,,,,,
0,-6.958,32.394,,,,,,,,,,,,,
0,-6.85,32.382,,,,,,,,,,,,,
0,-6.07,32.24,,,,,,,,,,,,,
0,-5.347,32.199,,,,,,,,,,,,,
0,-5.092,32.191,,,,,,,,,,,,,
0,-4.493,32.172,,,,,,,,,,,,,
0,-3.417,32.144,,,,,,,,,,,,,
0,-2.978,31.632,,,,,,,,,,,,,
0,-2.368,30.678,,,,,,,,,,,,,
0,-1.592,30.3,,,,,,,,,,,,,
0,-1.569,30.277,,,,,,,,,,,,,
0,-1.54,30.279,,,,,,,,,,,,,
0,-0.308,30.313,,,,,,,,,,,,,
0,0.689,29.87,,,,,,,,,,,,,
0,0.988,29.827,,,,,,,,,,,,,
0,2.151,29.658,,,,,,,,,,,,,
0,2.377,29.65,,,,,,,,,,,,,
0,3.254,30.217,,,,,,,,,,,,,
0,3.986,31.13,,,,,,,,,,,,,
0,4.187,31.57,,,,,,,,,,,,,
0,5.079,31.88,,,,,,,,,,,,,
0,5.993,32.438,,,,,,,,,,,,,
0,6.539,32.727,,,,,,,,,,,,,
0,6.828,32.758,,,,,,,,,,,,,
0,7.471,32.83,,,,,,,,,,,,,
0,8.427,32.849,,,,,,,,,,,,,
0,8.457,32.851,,,,,,,,,,,,,
0,8.475,32.85,,,,,,,,,,,,,
0,8.561,32.865,,,,,,,,,,,,,
0,10.441,33.198,,,,,,,,,,,,,
0,11.203,33.375,,,,,,,,,,,,,
0,12.019,33.692,,,,,,,,,,,,,
0,12.587,33.89,,,,,,,,,,,,,
0,13.475,34.038,,,,,,,,,,,,,
0,13.981,34.07,,,,,,,,,,,,,
0,14.939,34.04,,,,,,,,,,,,,
0,15.404,34.01,,,,,,,,,,,,,
0,15.658,34.03,,,,,,,,,,,,,
0,16.277,34.084,,,,,,,,,,,,,
0,16.618,34.112,,,,,,,,,,,,,
0,16.831,34.186,,,,,,,,,,,,,
0,17.703,34.319,,,,,,,,,,,,,
0,23.011,36.403,,,,,,,,,,,,,
0,25,37.235,,,,,,,,,,,,,
2.2,22,2200,FALSE,,,64,,,,,0,,,,âÕêÏä«óùé{ê›ìôç\ë¢óﬂ
0,-25,35.059,,,,,,,,,,,,,
0,-24.77,35.055,,,,,,,,,,,,,
0,-23.903,35.041,,,,,,,,,,,,,
0,-23.506,35.032,,,,,,,,,,,,,
0,-23.325,35.03,,,,,,,,,,,,,
0,-22.46,35.019,,,,,,,,,,,,,
0,-21.795,35.01,,,,,,,,,,,,,
0,-21.42,35.017,,,,,,,,,,,,,
0,-20.617,34.994,,,,,,,,,,,,,
0,-20.344,34.993,,,,,,,,,,,,,
0,-20.261,34.991,,,,,,,,,,,,,
0,-19.101,34.988,,,,,,,,,,,,,
0,-18.654,34.991,,,,,,,,,,,,,
0,-17.88,34.995,,,,,,,,,,,,,
0,-17.067,34.987,,,,,,,,,,,,,
0,-16.64,34.977,,,,,,,,,,,,,
0,-15.489,34.968,,,,,,,,,,,,,
0,-15.416,34.967,,,,,,,,,,,,,
0,-15.171,34.962,,,,,,,,,,,,,
0,-14.141,34.933,,,,,,,,,,,,,
0,-13.437,34.913,,,,,,,,,,,,,
0,-12.868,34.908,,,,,,,,,,,,,
0,-12.01,34.887,,,,,,,,,,,,,
0,-11.599,34.883,,,,,,,,,,,,,
0,-11.468,34.873,,,,,,,,,,,,,
0,-10.351,35.047,,,,,,,,,,,,,
0,-8.555,34.542,,,,,,,,,,,,,
0,-5.54,33.629,,,,,,,,,,,,,
0,-4.967,33.567,,,,,,,,,,,,,
0,-4.561,33.547,,,,,,,,,,,,,
0,-3.736,33.383,,,,,,,,,,,,,
0,-3.535,33.36,,,,,,,,,,,,,
0,-3.461,33.233,,,,,,,,,,,,,
0,-2.158,31.505,,,,,,,,,,,,,
0,-0.931,31.32,,,,,,,,,,,,,
0,0.268,31.04,,,,,,,,,,,,,
0,1.364,31.381,,,,,,,,,,,,,
0,1.42,31.394,,,,,,,,,,,,,
0,1.612,31.395,,,,,,,,,,,,,
0,2.582,31.398,,,,,,,,,,,,,
0,3.119,31.808,,,,,,,,,,,,,
0,3.603,32.705,,,,,,,,,,,,,
0,4.452,34.404,,,,,,,,,,,,,
0,4.541,34.626,,,,,,,,,,,,,
0,4.612,34.645,,,,,,,,,,,,,
0,5.939,34.285,,,,,,,,,,,,,
0,6.425,34.27,,,,,,,,,,,,,
0,7.289,34.195,,,,,,,,,,,,,
0,9.885,34.502,,,,,,,,,,,,,
0,9.928,34.505,,,,,,,,,,,,,
0,9.982,34.53,,,,,,,,,,,,,
0,11.578,35.052,,,,,,,,,,,,,
0,12.833,34.994,,,,,,,,,,,,,
0,13.4,34.947,,,,,,,,,,,,,
0,13.528,34.95,,,,,,,,,,,,,
0,13.723,34.95,,,,,,,,,,,,,
0,14.763,34.93,,,,,,,,,,,,,
0,15.322,34.965,,,,,,,,,,,,,
0,16.011,34.999,,,,,,,,,,,,,
0,16.432,35.147,,,,,,,,,,,,,
0,16.739,35.148,,,,,,,,,,,,,
0,17.046,35.215,,,,,,,,,,,,,
0,18.851,35.441,,,,,,,,,,,,,
0,25,39.255,,,,,,,,,,,,,
2.3,23,2300,FALSE,,,49,,,,,0,,,,âÕêÏä«óùé{ê›ìôç\ë¢óﬂ
0,-25,34.914,,,,,,,,,,,,,
0,-24.797,34.9,,,,,,,,,,,,,
0,-23.937,34.866,,,,,,,,,,,,,
0,-23.781,34.861,,,,,,,,,,,,,
0,-23.304,34.856,,,,,,,,,,,,,
0,-22.652,34.849,,,,,,,,,,,,,
0,-22.435,34.854,,,,,,,,,,,,,
0,-21.483,34.833,,,,,,,,,,,,,
0,-21.326,34.831,,,,,,,,,,,,,
0,-21.265,34.83,,,,,,,,,,,,,
0,-19.793,34.832,,,,,,,,,,,,,
0,-19.572,34.83,,,,,,,,,,,,,
0,-18.63,34.708,,,,,,,,,,,,,
0,-18.558,34.707,,,,,,,,,,,,,
0,-18.401,34.731,,,,,,,,,,,,,
0,-17.479,34.897,,,,,,,,,,,,,
0,-17.058,34.898,,,,,,,,,,,,,
0,-16.415,34.913,,,,,,,,,,,,,
0,-15.906,34.925,,,,,,,,,,,,,
0,-15.285,34.93,,,,,,,,,,,,,
0,-14.332,35.126,,,,,,,,,,,,,
0,-13.572,35.215,,,,,,,,,,,,,
0,-11.509,35.311,,,,,,,,,,,,,
0,-7.48,35.302,,,,,,,,,,,,,
0,-5.376,35.175,,,,,,,,,,,,,
0,-4.893,34.437,,,,,,,,,,,,,
0,-4.101,33.829,,,,,,,,,,,,,
0,-3.022,32.833,,,,,,,,,,,,,
0,-2.903,32.8,,,,,,,,,,,,,
0,-2.841,32.8,,,,,,,,,,,,,
0,-2.441,32.905,,,,,,,,,,,,,
0,0.565,33.327,,,,,,,,,,,,,
0,5.784,34.851,,,,,,,,,,,,,
0,7.064,35.763,,,,,,,,,,,,,
0,7.783,35.519,,,,,,,,,,,,,
0,9.023,35.518,,,,,,,,,,,,,
0,10.599,35.564,,,,,,,,,,,,,
0,11.036,35.53,,,,,,,,,,,,,
0,11.405,35.54,,,,,,,,,,,,,
0,11.773,35.545,,,,,,,,,,,,,
0,13.104,35.524,,,,,,,,,,,,,
0,16.729,35.618,,,,,,,,,,,,,
0,17.33,35.668,,,,,,,,,,,,,
0,17.627,35.654,,,,,,,,,,,,,
0,17.841,35.702,,,,,,,,,,,,,
0,19.243,36.204,,,,,,,,,,,,,
0,19.571,36.36,,,,,,,,,,,,,
0,20.845,35.964,,,,,,,,,,,,,
0,25,37.795,,,,,,,,,,,,,
2.4,24,2400,FALSE,,,86,,,,,0,,,,âÕêÏä«óùé{ê›ìôç\ë¢óﬂ
0,-25,37.97,,,,,,,,,,,,,
0,-24.883,37.964,,,,,,,,,,,,,
0,-23.743,37.745,,,,,,,,,,,,,
0,-23.57,37.738,,,,,,,,,,,,,
0,-23.149,37.597,,,,,,,,,,,,,
0,-22.655,37.464,,,,,,,,,,,,,
0,-22.453,37.489,,,,,,,,,,,,,
0,-21.352,37.8,,,,,,,,,,,,,
0,-21.225,37.789,,,,,,,,,,,,,
0,-20.348,37.674,,,,,,,,,,,,,
0,-19.992,37.701,,,,,,,,,,,,,
0,-19.474,37.579,,,,,,,,,,,,,
0,-18.733,37.79,,,,,,,,,,,,,
0,-18.574,37.79,,,,,,,,,,,,,
0,-17.361,37.705,,,,,,,,,,,,,
0,-16.92,37.691,,,,,,,,,,,,,
0,-16.07,37.921,,,,,,,,,,,,,
0,-15.538,38.129,,,,,,,,,,,,,
0,-14.792,38.361,,,,,,,,,,,,,
0,-14.469,38.398,,,,,,,,,,,,,
0,-13.452,38.985,,,,,,,,,,,,,
0,-13.267,38.995,,,,,,,,,,,,,
0,-11.986,38.328,,,,,,,,,,,,,
0,-11.901,38.324,,,,,,,,,,,,,
0,-10.653,38.241,,,,,,,,,,,,,
0,-10.334,38.316,,,,,,,,,,,,,
0,-9.522,38.091,,,,,,,,,,,,,
0,-9.337,38.016,,,,,,,,,,,,,
0,-9.252,37.82,,,,,,,,,,,,,
0,-8.212,35.683,,,,,,,,,,,,,
0,-7.741,35.67,,,,,,,,,,,,,
0,-6.755,35.607,,,,,,,,,,,,,
0,-6.227,35.606,,,,,,,,,,,,,
0,-5.609,35.629,,,,,,,,,,,,,
0,-4.885,35.607,,,,,,,,,,,,,
0,-4.619,35.598,,,,,,,,,,,,,
0,-3.442,35.661,,,,,,,,,,,,,
0,-3.046,35.324,,,,,,,,,,,,,
0,-2.056,34.124,,,,,,,,,,,,,
0,-1.606,33.869,,,,,,,,,,,,,
0,-0.636,33.821,,,,,,,,,,,,,
0,-0.625,33.82,,,,,,,,,,,,,
0,-0.515,33.831,,,,,,,,,,,,,
0,0.525,33.937,,,,,,,,,,,,,
0,0.628,33.927,,,,,,,,,,,,,
0,1.678,33.966,,,,,,,,,,,,,
0,2.053,34.284,,,,,,,,,,,,,
0,2.618,34.529,,,,,,,,,,,,,
0,3.265,35.349,,,,,,,,,,,,,
0,3.435,35.683,,,,,,,,,,,,,
0,3.901,35.696,,,,,,,,,,,,,
0,4.336,35.731,,,,,,,,,,,,,
0,4.52,35.716,,,,,,,,,,,,,
0,5.236,35.719,,,,,,,,,,,,,
0,5.64,35.703,,,,,,,,,,,,,
0,6.431,35.694,,,,,,,,,,,,,
0,7.57,36.846,,,,,,,,,,,,,
0,8.003,37.166,,,,,,,,,,,,,
0,10.133,38.243,,,,,,,,,,,,,
0,11.753,39.063,,,,,,,,,,,,,
0,11.933,39.095,,,,,,,,,,,,,
0,12.415,39.113,,,,,,,,,,,,,
0,12.663,39.12,,,,,,,,,,,,,
0,13.612,39.426,,,,,,,,,,,,,
0,13.884,39.457,,,,,,,,,,,,,
0,14.577,39.261,,,,,,,,,,,,,
0,14.989,39.297,,,,,,,,,,,,,
0,15.978,39.387,,,,,,,,,,,,,
0,16.152,39.391,,,,,,,,,,,,,
0,16.956,39.353,,,,,,,,,,,,,
0,17.306,39.334,,,,,,,,,,,,,
0,17.373,39.351,,,,,,,,,,,,,
0,18.179,39.524,,,,,,,,,,,,,
0,18.572,39.571,,,,,,,,,,,,,
0,19.754,39.636,,,,,,,,,,,,,
0,20.237,39.614,,,,,,,,,,,,,
0,20.96,39.644,,,,,,,,,,,,,
0,21.518,39.682,,,,,,,,,,,,,
0,22.095,39.718,,,,,,,,,,,,,
0,22.649,39.726,,,,,,,,,,,,,
0,23.409,39.772,,,,,,,,,,,,,
0,23.757,39.771,,,,,,,,,,,,,
0,24.052,39.803,,,,,,,,,,,,,
0,24.361,39.787,,,,,,,,,,,,,
0,24.498,39.806,,,,,,,,,,,,,
0,25,39.815,,,,,,,,,,,,,
2.5,25,2500,FALSE,,,73,,,,,0,,,,âÕêÏä«óùé{ê›ìôç\ë¢óﬂ
0,-25,39.085,,,,,,,,,,,,,
0,-23.691,38.995,,,,,,,,,,,,,
0,-22.315,38.982,,,,,,,,,,,,,
0,-20.15,39.06,,,,,,,,,,,,,
0,-18.986,38.941,,,,,,,,,,,,,
0,-18.971,38.939,,,,,,,,,,,,,
0,-18.921,38.936,,,,,,,,,,,,,
0,-17.654,38.83,,,,,,,,,,,,,
0,-17.232,38.788,,,,,,,,,,,,,
0,-16.342,38.72,,,,,,,,,,,,,
0,-15.484,38.733,,,,,,,,,,,,,
0,-15.036,38.735,,,,,,,,,,,,,
0,-13.745,38.74,,,,,,,,,,,,,
0,-13.743,38.74,,,,,,,,,,,,,
0,-13.743,38.74,,,,,,,,,,,,,
0,-12.394,38.723,,,,,,,,,,,,,
0,-11.919,38.741,,,,,,,,,,,,,
0,-11.403,38.783,,,,,,,,,,,,,
0,-11.035,38.768,,,,,,,,,,,,,
0,-9.863,38.818,,,,,,,,,,,,,
0,-9.712,38.729,,,,,,,,,,,,,
0,-8.475,38.022,,,,,,,,,,,,,
0,-8.343,37.939,,,,,,,,,,,,,
0,-8.299,37.924,,,,,,,,,,,,,
0,-6.925,37.432,,,,,,,,,,,,,
0,-6.373,37.44,,,,,,,,,,,,,
0,-5.488,37.444,,,,,,,,,,,,,
0,-4.41,37.382,,,,,,,,,,,,,
0,-4.071,37.367,,,,,,,,,,,,,
0,-3.128,37.063,,,,,,,,,,,,,
0,-2.667,36.926,,,,,,,,,,,,,
0,-2.502,36.877,,,,,,,,,,,,,
0,-1.309,36.543,,,,,,,,,,,,,
0,-0.663,36.309,,,,,,,,,,,,,
0,0.049,36.056,,,,,,,,,,,,,
0,1.167,35.887,,,,,,,,,,,,,
0,1.386,35.836,,,,,,,,,,,,,
0,2.006,35.731,,,,,,,,,,,,,
0,2.658,35.58,,,,,,,,,,,,,
0,2.927,35.661,,,,,,,,,,,,,
0,3.348,35.811,,,,,,,,,,,,,
0,5.04,36.393,,,,,,,,,,,,,
0,6.128,36.499,,,,,,,,,,,,,
0,6.231,36.567,,,,,,,,,,,,,
0,6.494,36.721,,,,,,,,,,,,,
0,7.511,37.441,,,,,,,,,,,,,
0,7.936,37.437,,,,,,,,,,,,,
0,8.836,37.41,,,,,,,,,,,,,
0,9.744,37.472,,,,,,,,,,,,,
0,10.157,37.493,,,,,,,,,,,,,
0,11.241,37.565,,,,,,,,,,,,,
0,11.51,37.575,,,,,,,,,,,,,
0,11.632,37.685,,,,,,,,,,,,,
0,12.871,39.188,,,,,,,,,,,,,
0,13.743,39.961,,,,,,,,,,,,,
0,14.25,40.245,,,,,,,,,,,,,
0,15.4,40.139,,,,,,,,,,,,,
0,15.636,40.125,,,,,,,,,,,,,
0,15.727,40.123,,,,,,,,,,,,,
0,17.013,40.163,,,,,,,,,,,,,
0,17.679,40.122,,,,,,,,,,,,,
0,18.425,40.095,,,,,,,,,,,,,
0,19.635,40.181,,,,,,,,,,,,,
0,19.803,40.185,,,,,,,,,,,,,
0,20.249,40.167,,,,,,,,,,,,,
0,21.21,40.114,,,,,,,,,,,,,
0,21.659,40.107,,,,,,,,,,,,,
0,22.32,40.093,,,,,,,,,,,,,
0,22.683,40.149,,,,,,,,,,,,,
0,24.014,40.242,,,,,,,,,,,,,
0,24.238,40.143,,,,,,,,,,,,,
0,24.27,40.128,,,,,,,,,,,,,
0,25,39.925,,,,,,,,,,,,,
2.6,26,2600,FALSE,,,73,,,,,0,,,,âÕêÏä«óùé{ê›ìôç\ë¢óﬂ
0,-25,39.482,,,,,,,,,,,,,
0,-24.986,39.483,,,,,,,,,,,,,
0,-24.441,39.509,,,,,,,,,,,,,
0,-23.991,39.503,,,,,,,,,,,,,
0,-23.088,39.567,,,,,,,,,,,,,
0,-22.903,39.567,,,,,,,,,,,,,
0,-22.381,39.566,,,,,,,,,,,,,
0,-21.623,39.539,,,,,,,,,,,,,
0,-21.354,39.545,,,,,,,,,,,,,
0,-20.587,39.563,,,,,,,,,,,,,
0,-19.905,39.565,,,,,,,,,,,,,
0,-19.543,39.573,,,,,,,,,,,,,
0,-18.55,39.555,,,,,,,,,,,,,
0,-18.341,39.547,,,,,,,,,,,,,
0,-18.267,39.549,,,,,,,,,,,,,
0,-17.492,39.575,,,,,,,,,,,,,
0,-16.944,39.594,,,,,,,,,,,,,
0,-16.581,39.592,,,,,,,,,,,,,
0,-15.839,39.583,,,,,,,,,,,,,
0,-15.555,39.578,,,,,,,,,,,,,
0,-15.415,39.587,,,,,,,,,,,,,
0,-13.983,39.609,,,,,,,,,,,,,
0,-13.944,39.61,,,,,,,,,,,,,
0,-13.937,39.61,,,,,,,,,,,,,
0,-13.688,39.613,,,,,,,,,,,,,
0,-12.156,39.629,,,,,,,,,,,,,
0,-12.114,39.63,,,,,,,,,,,,,
0,-10.663,39.593,,,,,,,,,,,,,
0,-10.555,39.592,,,,,,,,,,,,,
0,-9.604,39.593,,,,,,,,,,,,,
0,-8.788,39.547,,,,,,,,,,,,,
0,-8.37,39.554,,,,,,,,,,,,,
0,-7.249,39.627,,,,,,,,,,,,,
0,-6.811,39.637,,,,,,,,,,,,,
0,-5.895,39.526,,,,,,,,,,,,,
0,-5.628,39.496,,,,,,,,,,,,,
0,-5.501,39.493,,,,,,,,,,,,,
0,-4.589,39.464,,,,,,,,,,,,,
0,-3.791,37.735,,,,,,,,,,,,,
0,-3.506,37.208,,,,,,,,,,,,,
0,-2.965,37.247,,,,,,,,,,,,,
0,-2.263,37.225,,,,,,,,,,,,,
0,-1.924,37.141,,,,,,,,,,,,,
0,-0.687,36.65,,,,,,,,,,,,,
0,-0.24,36.734,,,,,,,,,,,,,
0,1.128,37.313,,,,,,,,,,,,,
0,1.584,37.343,,,,,,,,,,,,,
0,2.683,37.278,,,,,,,,,,,,,
0,3.15,37.705,,,,,,,,,,,,,
0,4.314,38.604,,,,,,,,,,,,,
0,4.791,38.622,,,,,,,,,,,,,
0,5.611,38.65,,,,,,,,,,,,,
0,6.319,38.656,,,,,,,,,,,,,
0,6.713,38.664,,,,,,,,,,,,,
0,7.308,38.682,,,,,,,,,,,,,
0,7.773,38.696,,,,,,,,,,,,,
0,8.083,38.7,,,,,,,,,,,,,
0,8.847,38.705,,,,,,,,,,,,,
0,9.671,38.726,,,,,,,,,,,,,
0,9.964,38.73,,,,,,,,,,,,,
0,11.108,38.772,,,,,,,,,,,,,
0,11.334,38.779,,,,,,,,,,,,,
0,11.389,38.78,,,,,,,,,,,,,
0,12.357,38.755,,,,,,,,,,,,,
0,12.941,38.728,,,,,,,,,,,,,
0,13.715,38.739,,,,,,,,,,,,,
0,14.167,38.783,,,,,,,,,,,,,
0,14.569,38.915,,,,,,,,,,,,,
0,15.059,38.992,,,,,,,,,,,,,
0,15.281,39.05,,,,,,,,,,,,,
0,15.568,39.075,,,,,,,,,,,,,
0,18.252,39.092,,,,,,,,,,,,,
0,25,39.041,,,,,,,,,,,,,
2.7,27,2700,FALSE,,,71,,,,,0,,,,âÕêÏä«óùé{ê›ìôç\ë¢óﬂ
0,-25,40.879,,,,,,,,,,,,,
0,-24.873,40.876,,,,,,,,,,,,,
0,-24.333,40.873,,,,,,,,,,,,,
0,-23.335,40.831,,,,,,,,,,,,,
0,-22.966,40.825,,,,,,,,,,,,,
0,-21.792,40.84,,,,,,,,,,,,,
0,-21.602,40.846,,,,,,,,,,,,,
0,-20.262,40.999,,,,,,,,,,,,,
0,-20.249,41,,,,,,,,,,,,,
0,-20.149,41.005,,,,,,,,,,,,,
0,-18.948,41.059,,,,,,,,,,,,,
0,-18.77,41.05,,,,,,,,,,,,,
0,-17.645,40.943,,,,,,,,,,,,,
0,-17.274,40.978,,,,,,,,,,,,,
0,-16.318,41.031,,,,,,,,,,,,,
0,-15.773,41.012,,,,,,,,,,,,,
0,-15.019,41.025,,,,,,,,,,,,,
0,-14.279,41.073,,,,,,,,,,,,,
0,-13.709,41.032,,,,,,,,,,,,,
0,-12.787,40.898,,,,,,,,,,,,,
0,-12.388,40.917,,,,,,,,,,,,,
0,-11.269,41.121,,,,,,,,,,,,,
0,-11.057,41.13,,,,,,,,,,,,,
0,-9.772,41.139,,,,,,,,,,,,,
0,-9.751,41.139,,,,,,,,,,,,,
0,-9.587,41.134,,,,,,,,,,,,,
0,-8.378,41.095,,,,,,,,,,,,,
0,-8.221,41.096,,,,,,,,,,,,,
0,-6.985,41.132,,,,,,,,,,,,,
0,-6.628,41.148,,,,,,,,,,,,,
0,-5.603,41.252,,,,,,,,,,,,,
0,-5.051,41.264,,,,,,,,,,,,,
0,-4.241,41.171,,,,,,,,,,,,,
0,-3.479,41.142,,,,,,,,,,,,,
0,-3.025,41.172,,,,,,,,,,,,,
0,-2.775,41.207,,,,,,,,,,,,,
0,-1.543,40.693,,,,,,,,,,,,,
0,2.127,39.916,,,,,,,,,,,,,
0,2.561,39.87,,,,,,,,,,,,,
0,2.767,39.871,,,,,,,,,,,,,
0,3.975,41.332,,,,,,,,,,,,,
0,4.312,41.777,,,,,,,,,,,,,
0,5.275,41.948,,,,,,,,,,,,,
0,5.956,41.962,,,,,,,,,,,,,
0,6.545,41.956,,,,,,,,,,,,,
0,7.35,41.945,,,,,,,,,,,,,
0,7.958,41.896,,,,,,,,,,,,,
0,8.858,41.823,,,,,,,,,,,,,
0,9.282,41.845,,,,,,,,,,,,,
0,10.367,41.885,,,,,,,,,,,,,
0,10.607,41.89,,,,,,,,,,,,,
0,11.899,41.95,,,,,,,,,,,,,
0,11.951,41.952,,,,,,,,,,,,,
0,12.309,41.975,,,,,,,,,,,,,
0,13.32,42.038,,,,,,,,,,,,,
0,13.463,42.051,,,,,,,,,,,,,
0,14.75,42.197,,,,,,,,,,,,,
0,15.088,42.227,,,,,,,,,,,,,
0,16.171,42.466,,,,,,,,,,,,,
0,16.704,42.549,,,,,,,,,,,,,
0,17.573,42.574,,,,,,,,,,,,,
0,18.296,42.651,,,,,,,,,,,,,
0,18.972,42.72,,,,,,,,,,,,,
0,19.908,42.773,,,,,,,,,,,,,
0,20.036,42.771,,,,,,,,,,,,,
0,20.435,42.861,,,,,,,,,,,,,
0,22.188,42.979,,,,,,,,,,,,,
0,22.375,42.978,,,,,,,,,,,,,
0,22.581,42.988,,,,,,,,,,,,,
0,22.874,42.996,,,,,,,,,,,,,
0,25,43.272,,,,,,,,,,,,,
