0,0,0,FALSE,,,39,,,,,0,,,,âÕêÏä«óùé{ê›ìôç\ë¢óﬂ
0,-20,211.035,,,,,,,,,,,,,
0,-17.03,211.106,,,,,,,,,,,,,
0,-13.385,211.419,,,,,,,,,,,,,
0,-13.364,211.414,,,,,,,,,,,,,
0,-13.35,211.409,,,,,,,,,,,,,
0,-12.52,210.936,,,,,,,,,,,,,
0,-11.368,210.947,,,,,,,,,,,,,
0,-11.126,210.995,,,,,,,,,,,,,
0,-10.99,210.988,,,,,,,,,,,,,
0,-10.245,211.014,,,,,,,,,,,,,
0,-9.436,211.241,,,,,,,,,,,,,
0,-8.834,211.33,,,,,,,,,,,,,
0,-8.333,211.516,,,,,,,,,,,,,
0,-8.061,211.568,,,,,,,,,,,,,
0,-7.938,211.558,,,,,,,,,,,,,
0,-7.483,211.6,,,,,,,,,,,,,
0,-5.653,211.428,,,,,,,,,,,,,
0,-4.686,210.85,,,,,,,,,,,,,
0,-4.326,210.648,,,,,,,,,,,,,
0,-3.805,210.513,,,,,,,,,,,,,
0,-3.449,210.421,,,,,,,,,,,,,
0,-2.461,210.297,,,,,,,,,,,,,
0,-1.447,210.579,,,,,,,,,,,,,
0,-1.159,210.644,,,,,,,,,,,,,
0,-0.641,210.576,,,,,,,,,,,,,
0,0.217,210.251,,,,,,,,,,,,,
0,0.703,210.204,,,,,,,,,,,,,
0,1.072,210.142,,,,,,,,,,,,,
0,1.449,210.07,,,,,,,,,,,,,
0,2.47,210.092,,,,,,,,,,,,,
0,2.831,210.084,,,,,,,,,,,,,
0,3.353,209.93,,,,,,,,,,,,,
0,3.765,209.921,,,,,,,,,,,,,
0,8.244,211.507,,,,,,,,,,,,,
0,18.195,215.126,,,,,,,,,,,,,
0,18.852,215.379,,,,,,,,,,,,,
0,18.886,215.398,,,,,,,,,,,,,
0,19.754,215.797,,,,,,,,,,,,,
0,20,215.939,,,,,,,,,,,,,
0.1,1,100,FALSE,,,24,,,,,0,,,,âÕêÏä«óùé{ê›ìôç\ë¢óﬂ
0,-20,211.93,,,,,,,,,,,,,
0,-19.813,211.925,,,,,,,,,,,,,
0,-18.007,212.161,,,,,,,,,,,,,
0,-6.575,210.667,,,,,,,,,,,,,
0,-6.542,210.663,,,,,,,,,,,,,
0,-6.458,210.651,,,,,,,,,,,,,
0,-1.926,210.167,,,,,,,,,,,,,
0,-1.245,210.043,,,,,,,,,,,,,
0,-1.005,210.071,,,,,,,,,,,,,
0,-0.831,210.103,,,,,,,,,,,,,
0,3.401,211.094,,,,,,,,,,,,,
0,5.521,211.289,,,,,,,,,,,,,
0,9.284,212.399,,,,,,,,,,,,,
0,10.798,213.566,,,,,,,,,,,,,
0,12.184,214.368,,,,,,,,,,,,,
0,12.462,214.583,,,,,,,,,,,,,
0,13.014,214.946,,,,,,,,,,,,,
0,14.026,216.182,,,,,,,,,,,,,
0,15.464,219.548,,,,,,,,,,,,,
0,17.406,222.391,,,,,,,,,,,,,
0,17.771,222.74,,,,,,,,,,,,,
0,19.017,224.494,,,,,,,,,,,,,
0,19.61,225.275,,,,,,,,,,,,,
0,20,225.734,,,,,,,,,,,,,
0.2,2,200,FALSE,,,41,,,,,0,,,,âÕêÏä«óùé{ê›ìôç\ë¢óﬂ
0,-20,213.11,,,,,,,,,,,,,
0,-19.208,213.104,,,,,,,,,,,,,
0,-19.16,213.066,,,,,,,,,,,,,
0,-16.125,212.793,,,,,,,,,,,,,
0,-15.572,212.736,,,,,,,,,,,,,
0,-13.461,212.322,,,,,,,,,,,,,
0,-12.575,212.457,,,,,,,,,,,,,
0,-9.928,211.57,,,,,,,,,,,,,
0,-8.246,211.353,,,,,,,,,,,,,
0,-7.461,211.122,,,,,,,,,,,,,
0,-6.081,210.723,,,,,,,,,,,,,
0,-5.516,210.773,,,,,,,,,,,,,
0,-4.667,210.787,,,,,,,,,,,,,
0,-2.425,210.951,,,,,,,,,,,,,
0,-2.208,211.072,,,,,,,,,,,,,
0,-1.989,211.179,,,,,,,,,,,,,
0,0.702,211.879,,,,,,,,,,,,,
0,0.98,211.966,,,,,,,,,,,,,
0,0.987,211.972,,,,,,,,,,,,,
0,1.01,211.996,,,,,,,,,,,,,
0,2.007,213.382,,,,,,,,,,,,,
0,2.986,214.163,,,,,,,,,,,,,
0,3.054,214.219,,,,,,,,,,,,,
0,3.128,214.335,,,,,,,,,,,,,
0,4.284,216.045,,,,,,,,,,,,,
0,5.455,217.656,,,,,,,,,,,,,
0,5.525,217.774,,,,,,,,,,,,,
0,5.582,217.83,,,,,,,,,,,,,
0,7.767,219.152,,,,,,,,,,,,,
0,8.178,219.301,,,,,,,,,,,,,
0,8.387,219.448,,,,,,,,,,,,,
0,10.917,223.338,,,,,,,,,,,,,
0,11.338,223.85,,,,,,,,,,,,,
0,12.691,225.162,,,,,,,,,,,,,
0,14.87,226.789,,,,,,,,,,,,,
0,16.646,227.865,,,,,,,,,,,,,
0,17.287,228.493,,,,,,,,,,,,,
0,18.418,229.432,,,,,,,,,,,,,
0,18.964,229.781,,,,,,,,,,,,,
0,19.566,230.535,,,,,,,,,,,,,
0,20,231.015,,,,,,,,,,,,,
0.3,3,300,FALSE,,,29,,,,,0,,,,âÕêÏä«óùé{ê›ìôç\ë¢óﬂ
0,-20,219.101,,,,,,,,,,,,,
0,-17.511,218.363,,,,,,,,,,,,,
0,-16.008,217.15,,,,,,,,,,,,,
0,-14.233,216.732,,,,,,,,,,,,,
0,-13.366,216.443,,,,,,,,,,,,,
0,-12.978,216.267,,,,,,,,,,,,,
0,-12.398,216.37,,,,,,,,,,,,,
0,-8.066,215.277,,,,,,,,,,,,,
0,-3.3,213.899,,,,,,,,,,,,,
0,-2.286,213.858,,,,,,,,,,,,,
0,-1.926,213.84,,,,,,,,,,,,,
0,-1.3,214.146,,,,,,,,,,,,,
0,0.251,214.916,,,,,,,,,,,,,
0,2.339,215.741,,,,,,,,,,,,,
0,4.417,216.826,,,,,,,,,,,,,
0,5.424,216.958,,,,,,,,,,,,,
0,5.963,217.411,,,,,,,,,,,,,
0,7.751,219.028,,,,,,,,,,,,,
0,8.752,220.028,,,,,,,,,,,,,
0,9.46,221.073,,,,,,,,,,,,,
0,11.189,222.249,,,,,,,,,,,,,
0,11.878,222.705,,,,,,,,,,,,,
0,12.568,223.186,,,,,,,,,,,,,
0,16.87,226.33,,,,,,,,,,,,,
0,17.204,226.555,,,,,,,,,,,,,
0,17.324,226.673,,,,,,,,,,,,,
0,17.475,226.759,,,,,,,,,,,,,
0,17.902,226.984,,,,,,,,,,,,,
0,20,228.229,,,,,,,,,,,,,
0.4,4,400,FALSE,,,23,,,,,0,,,,âÕêÏä«óùé{ê›ìôç\ë¢óﬂ
0,-20,228.207,,,,,,,,,,,,,
0,-18.224,227.225,,,,,,,,,,,,,
0,-14.154,225.106,,,,,,,,,,,,,
0,-14.022,225.029,,,,,,,,,,,,,
0,-13.718,224.801,,,,,,,,,,,,,
0,-12.597,224.25,,,,,,,,,,,,,
0,-10.064,222.792,,,,,,,,,,,,,
0,-4.503,219.483,,,,,,,,,,,,,
0,-3.854,219.248,,,,,,,,,,,,,
0,-2.789,219.125,,,,,,,,,,,,,
0,-1.662,218.995,,,,,,,,,,,,,
0,0.284,219.103,,,,,,,,,,,,,
0,0.572,219.286,,,,,,,,,,,,,
0,1.501,219.491,,,,,,,,,,,,,
0,2.237,219.707,,,,,,,,,,,,,
0,4.922,220.199,,,,,,,,,,,,,
0,6.463,220.289,,,,,,,,,,,,,
0,6.742,220.286,,,,,,,,,,,,,
0,7.131,220.315,,,,,,,,,,,,,
0,7.359,220.488,,,,,,,,,,,,,
0,9.145,220.668,,,,,,,,,,,,,
0,15.041,225.442,,,,,,,,,,,,,
0,20,231.462,,,,,,,,,,,,,
0.5,5,500,FALSE,,,27,,,,,0,,,,âÕêÏä«óùé{ê›ìôç\ë¢óﬂ
0,-20,232.919,,,,,,,,,,,,,
0,-17.789,231.03,,,,,,,,,,,,,
0,-14.5,228.218,,,,,,,,,,,,,
0,-7.636,222.82,,,,,,,,,,,,,
0,-6.701,222.609,,,,,,,,,,,,,
0,-6.617,222.583,,,,,,,,,,,,,
0,-6.509,222.544,,,,,,,,,,,,,
0,-3.024,221.966,,,,,,,,,,,,,
0,-1.143,221.903,,,,,,,,,,,,,
0,-0.989,221.941,,,,,,,,,,,,,
0,0.151,222.397,,,,,,,,,,,,,
0,5.451,225.563,,,,,,,,,,,,,
0,7.437,226.894,,,,,,,,,,,,,
0,8.136,227.212,,,,,,,,,,,,,
0,9.043,227.639,,,,,,,,,,,,,
0,10.44,227.923,,,,,,,,,,,,,
0,10.86,228.093,,,,,,,,,,,,,
0,11.95,229.166,,,,,,,,,,,,,
0,14.37,231.429,,,,,,,,,,,,,
0,15.598,232.596,,,,,,,,,,,,,
0,16.286,233.365,,,,,,,,,,,,,
0,17.799,234.3,,,,,,,,,,,,,
0,17.923,234.392,,,,,,,,,,,,,
0,17.975,234.406,,,,,,,,,,,,,
0,18.114,234.513,,,,,,,,,,,,,
0,19.261,235.429,,,,,,,,,,,,,
0,20,235.992,,,,,,,,,,,,,
0.6,6,600,FALSE,,,28,,,,,0,,,,âÕêÏä«óùé{ê›ìôç\ë¢óﬂ
0,-20,230.186,,,,,,,,,,,,,
0,-19.941,230.19,,,,,,,,,,,,,
0,-19.081,230.032,,,,,,,,,,,,,
0,-18.922,229.954,,,,,,,,,,,,,
0,-16.527,229.605,,,,,,,,,,,,,
0,-12.058,229.135,,,,,,,,,,,,,
0,-11.197,229.243,,,,,,,,,,,,,
0,-9.003,229.208,,,,,,,,,,,,,
0,-7.265,228.698,,,,,,,,,,,,,
0,-5.613,228.665,,,,,,,,,,,,,
0,-3.382,227.844,,,,,,,,,,,,,
0,-1.305,227.299,,,,,,,,,,,,,
0,-0.979,227.176,,,,,,,,,,,,,
0,-0.783,227.099,,,,,,,,,,,,,
0,0.658,226.139,,,,,,,,,,,,,
0,2.999,226.199,,,,,,,,,,,,,
0,4.021,226.472,,,,,,,,,,,,,
0,4.113,226.514,,,,,,,,,,,,,
0,4.436,226.47,,,,,,,,,,,,,
0,5.059,226.411,,,,,,,,,,,,,
0,6.223,226.146,,,,,,,,,,,,,
0,6.351,226.187,,,,,,,,,,,,,
0,6.676,226.382,,,,,,,,,,,,,
0,7.289,226.834,,,,,,,,,,,,,
0,11.783,230.896,,,,,,,,,,,,,
0,18.234,236.041,,,,,,,,,,,,,
0,18.986,236.837,,,,,,,,,,,,,
0,20,238.289,,,,,,,,,,,,,
0.7,7,700,FALSE,,,49,,,,,0,,,,âÕêÏä«óùé{ê›ìôç\ë¢óﬂ
0,-20,244.264,,,,,,,,,,,,,
0,-18.265,242.241,,,,,,,,,,,,,
0,-13.179,238.516,,,,,,,,,,,,,
0,-12.856,238.185,,,,,,,,,,,,,
0,-12.705,238.133,,,,,,,,,,,,,
0,-12.262,238.162,,,,,,,,,,,,,
0,-12.205,238.119,,,,,,,,,,,,,
0,-11.938,237.894,,,,,,,,,,,,,
0,-10.04,236.383,,,,,,,,,,,,,
0,-6.648,233.679,,,,,,,,,,,,,
0,-6.588,233.635,,,,,,,,,,,,,
0,-6.52,233.578,,,,,,,,,,,,,
0,-5.153,232.567,,,,,,,,,,,,,
0,-4.703,231.727,,,,,,,,,,,,,
0,-4.67,231.663,,,,,,,,,,,,,
0,-4.494,231.45,,,,,,,,,,,,,
0,-3.205,230.042,,,,,,,,,,,,,
0,-3.028,230.242,,,,,,,,,,,,,
0,-2.147,231.471,,,,,,,,,,,,,
0,-1.396,231.673,,,,,,,,,,,,,
0,-0.976,231.718,,,,,,,,,,,,,
0,-0.932,231.754,,,,,,,,,,,,,
0,-0.817,231.85,,,,,,,,,,,,,
0,-0.031,232.463,,,,,,,,,,,,,
0,0.863,233.188,,,,,,,,,,,,,
0,0.887,233.216,,,,,,,,,,,,,
0,1.134,233.31,,,,,,,,,,,,,
0,2.258,233.696,,,,,,,,,,,,,
0,2.671,233.669,,,,,,,,,,,,,
0,2.743,233.65,,,,,,,,,,,,,
0,3.087,233.633,,,,,,,,,,,,,
0,4.166,233.512,,,,,,,,,,,,,
0,4.278,233.488,,,,,,,,,,,,,
0,4.602,233.352,,,,,,,,,,,,,
0,5.505,233.227,,,,,,,,,,,,,
0,5.783,233.2,,,,,,,,,,,,,
0,5.926,233.156,,,,,,,,,,,,,
0,6.28,233.131,,,,,,,,,,,,,
0,10.038,231.049,,,,,,,,,,,,,
0,11.899,230.808,,,,,,,,,,,,,
0,12.125,230.826,,,,,,,,,,,,,
0,12.549,230.819,,,,,,,,,,,,,
0,13.885,231.141,,,,,,,,,,,,,
0,14.692,231.243,,,,,,,,,,,,,
0,16.859,231.379,,,,,,,,,,,,,
0,18.312,231.516,,,,,,,,,,,,,
0,18.772,231.538,,,,,,,,,,,,,
0,19.125,231.834,,,,,,,,,,,,,
0,20,231.817,,,,,,,,,,,,,
0.8,8,800,FALSE,,,29,,,,,0,,,,âÕêÏä«óùé{ê›ìôç\ë¢óﬂ
0,-20,250.148,,,,,,,,,,,,,
0,-10.192,241.038,,,,,,,,,,,,,
0,-10.075,240.927,,,,,,,,,,,,,
0,-9.949,240.859,,,,,,,,,,,,,
0,-3.497,237.349,,,,,,,,,,,,,
0,-0.447,235.361,,,,,,,,,,,,,
0,2.442,235.702,,,,,,,,,,,,,
0,4.758,235.356,,,,,,,,,,,,,
0,6.842,236.858,,,,,,,,,,,,,
0,8.183,238.086,,,,,,,,,,,,,
0,8.454,238.243,,,,,,,,,,,,,
0,8.729,238.222,,,,,,,,,,,,,
0,9.519,238.318,,,,,,,,,,,,,
0,10.275,238.502,,,,,,,,,,,,,
0,10.921,238.522,,,,,,,,,,,,,
0,10.958,238.522,,,,,,,,,,,,,
0,11,238.529,,,,,,,,,,,,,
0,12.684,240.677,,,,,,,,,,,,,
0,13.291,241.715,,,,,,,,,,,,,
0,14.282,243.199,,,,,,,,,,,,,
0,14.989,244.158,,,,,,,,,,,,,
0,15.571,244.613,,,,,,,,,,,,,
0,16.236,245.549,,,,,,,,,,,,,
0,16.384,245.685,,,,,,,,,,,,,
0,16.947,246.091,,,,,,,,,,,,,
0,17.423,246.732,,,,,,,,,,,,,
0,18.404,247.409,,,,,,,,,,,,,
0,19.674,248.791,,,,,,,,,,,,,
0,20,248.949,,,,,,,,,,,,,
0.9,9,900,FALSE,,,51,,,,,0,,,,âÕêÏä«óùé{ê›ìôç\ë¢óﬂ
0,-20,249.008,,,,,,,,,,,,,
0,-18.945,248.276,,,,,,,,,,,,,
0,-17.053,246.912,,,,,,,,,,,,,
0,-16.607,246.653,,,,,,,,,,,,,
0,-15.363,246.187,,,,,,,,,,,,,
0,-12.931,244.89,,,,,,,,,,,,,
0,-12.589,245.096,,,,,,,,,,,,,
0,-10.916,244.354,,,,,,,,,,,,,
0,-9.395,243.42,,,,,,,,,,,,,
0,-7.479,241.852,,,,,,,,,,,,,
0,-5.851,240.625,,,,,,,,,,,,,
0,-5.401,240.219,,,,,,,,,,,,,
0,-3.52,238.815,,,,,,,,,,,,,
0,-0.376,237.401,,,,,,,,,,,,,
0,-0.306,237.433,,,,,,,,,,,,,
0,0.889,238.049,,,,,,,,,,,,,
0,0.937,238.073,,,,,,,,,,,,,
0,1.658,238.656,,,,,,,,,,,,,
0,3.428,239.185,,,,,,,,,,,,,
0,4.196,239.651,,,,,,,,,,,,,
0,4.679,239.812,,,,,,,,,,,,,
0,5.526,240.263,,,,,,,,,,,,,
0,5.8,240.409,,,,,,,,,,,,,
0,6.219,240.357,,,,,,,,,,,,,
0,7.049,240.293,,,,,,,,,,,,,
0,7.386,240.291,,,,,,,,,,,,,
0,7.922,240.329,,,,,,,,,,,,,
0,8.471,240.392,,,,,,,,,,,,,
0,9.154,240.35,,,,,,,,,,,,,
0,9.694,240.365,,,,,,,,,,,,,
0,10.007,240.352,,,,,,,,,,,,,
0,10.959,240.105,,,,,,,,,,,,,
0,11.279,239.904,,,,,,,,,,,,,
0,11.69,239.719,,,,,,,,,,,,,
0,13.287,239.666,,,,,,,,,,,,,
0,13.381,239.668,,,,,,,,,,,,,
0,13.462,239.618,,,,,,,,,,,,,
0,14.276,239.243,,,,,,,,,,,,,
0,14.933,239.261,,,,,,,,,,,,,
0,15.506,239.302,,,,,,,,,,,,,
0,16.301,239.172,,,,,,,,,,,,,
0,16.355,239.163,,,,,,,,,,,,,
0,16.375,239.16,,,,,,,,,,,,,
0,16.442,239.155,,,,,,,,,,,,,
0,17.321,239.112,,,,,,,,,,,,,
0,17.589,239.11,,,,,,,,,,,,,
0,17.999,239.128,,,,,,,,,,,,,
0,18.444,239.154,,,,,,,,,,,,,
0,18.86,239.222,,,,,,,,,,,,,
0,19.65,239.202,,,,,,,,,,,,,
0,20,239.173,,,,,,,,,,,,,
1,10,1000,FALSE,,,37,,,,,0,,,,âÕêÏä«óùé{ê›ìôç\ë¢óﬂ
0,-20,252.666,,,,,,,,,,,,,
0,-14.318,247.406,,,,,,,,,,,,,
0,-12.581,245.932,,,,,,,,,,,,,
0,-11.019,245.059,,,,,,,,,,,,,
0,-7.026,243.629,,,,,,,,,,,,,
0,-5.35,242.557,,,,,,,,,,,,,
0,-5.094,242.487,,,,,,,,,,,,,
0,-4.231,242.728,,,,,,,,,,,,,
0,-4.089,242.852,,,,,,,,,,,,,
0,-3.353,242.901,,,,,,,,,,,,,
0,-1.702,243.038,,,,,,,,,,,,,
0,1.934,243.436,,,,,,,,,,,,,
0,2.382,243.343,,,,,,,,,,,,,
0,4.166,243.297,,,,,,,,,,,,,
0,4.506,243.415,,,,,,,,,,,,,
0,5.648,243.852,,,,,,,,,,,,,
0,5.776,243.944,,,,,,,,,,,,,
0,6.136,244.021,,,,,,,,,,,,,
0,6.951,244.144,,,,,,,,,,,,,
0,8.136,244.579,,,,,,,,,,,,,
0,8.205,244.604,,,,,,,,,,,,,
0,8.498,244.635,,,,,,,,,,,,,
0,9.298,244.825,,,,,,,,,,,,,
0,9.764,244.696,,,,,,,,,,,,,
0,12.601,246.184,,,,,,,,,,,,,
0,13.532,246.125,,,,,,,,,,,,,
0,13.652,246.185,,,,,,,,,,,,,
0,13.805,246.27,,,,,,,,,,,,,
0,15.182,246.701,,,,,,,,,,,,,
0,16.341,247.52,,,,,,,,,,,,,
0,17.186,247.45,,,,,,,,,,,,,
0,17.734,247.629,,,,,,,,,,,,,
0,18.041,247.705,,,,,,,,,,,,,
0,18.665,247.668,,,,,,,,,,,,,
0,19.144,247.619,,,,,,,,,,,,,
0,19.402,247.597,,,,,,,,,,,,,
0,20,247.517,,,,,,,,,,,,,
1.1,11,1100,FALSE,,,24,,,,,0,,,,âÕêÏä«óùé{ê›ìôç\ë¢óﬂ
0,-20,260.91,,,,,,,,,,,,,
0,-16.343,258.475,,,,,,,,,,,,,
0,-8.977,253.636,,,,,,,,,,,,,
0,-8.57,253.496,,,,,,,,,,,,,
0,-6.312,252.958,,,,,,,,,,,,,
0,-5.135,252.514,,,,,,,,,,,,,
0,-4.659,252.136,,,,,,,,,,,,,
0,-2.426,251.179,,,,,,,,,,,,,
0,-1.726,251.13,,,,,,,,,,,,,
0,-0.587,251.004,,,,,,,,,,,,,
0,0.795,251.516,,,,,,,,,,,,,
0,2.293,251.679,,,,,,,,,,,,,
0,3.141,252.304,,,,,,,,,,,,,
0,4.824,253.871,,,,,,,,,,,,,
0,5.234,254.331,,,,,,,,,,,,,
0,6.333,254.899,,,,,,,,,,,,,
0,6.487,254.901,,,,,,,,,,,,,
0,6.54,254.893,,,,,,,,,,,,,
0,8.072,254.764,,,,,,,,,,,,,
0,8.684,254.745,,,,,,,,,,,,,
0,15.874,261.455,,,,,,,,,,,,,
0,17.423,262.844,,,,,,,,,,,,,
0,18.717,263.772,,,,,,,,,,,,,
0,20,265.09,,,,,,,,,,,,,
1.2,12,1200,FALSE,,,54,,,,,0,,,,âÕêÏä«óùé{ê›ìôç\ë¢óﬂ
0,-20,256.561,,,,,,,,,,,,,
0,-18.912,256.397,,,,,,,,,,,,,
0,-16.462,256.349,,,,,,,,,,,,,
0,-10.372,256.892,,,,,,,,,,,,,
0,-8.806,256.431,,,,,,,,,,,,,
0,-8.587,256.166,,,,,,,,,,,,,
0,-6.722,254.969,,,,,,,,,,,,,
0,-3.458,253.181,,,,,,,,,,,,,
0,-2.634,253.065,,,,,,,,,,,,,
0,-0.911,252.6,,,,,,,,,,,,,
0,-0.79,252.629,,,,,,,,,,,,,
0,-0.291,252.836,,,,,,,,,,,,,
0,0.095,252.988,,,,,,,,,,,,,
0,0.381,253.088,,,,,,,,,,,,,
0,1.145,253.314,,,,,,,,,,,,,
0,1.633,253.895,,,,,,,,,,,,,
0,2.005,254.395,,,,,,,,,,,,,
0,2.757,254.817,,,,,,,,,,,,,
0,3.057,255.043,,,,,,,,,,,,,
0,3.224,255.021,,,,,,,,,,,,,
0,3.962,254.922,,,,,,,,,,,,,
0,4.628,254.511,,,,,,,,,,,,,
0,5.047,254.271,,,,,,,,,,,,,
0,5.192,254.276,,,,,,,,,,,,,
0,5.958,254.395,,,,,,,,,,,,,
0,6.625,254.304,,,,,,,,,,,,,
0,7.026,254.274,,,,,,,,,,,,,
0,7.562,254.436,,,,,,,,,,,,,
0,7.891,254.685,,,,,,,,,,,,,
0,8.141,254.738,,,,,,,,,,,,,
0,8.931,255.297,,,,,,,,,,,,,
0,9.195,255.317,,,,,,,,,,,,,
0,9.821,255.392,,,,,,,,,,,,,
0,10.66,255.41,,,,,,,,,,,,,
0,10.86,255.417,,,,,,,,,,,,,
0,10.943,255.416,,,,,,,,,,,,,
0,11.74,255.332,,,,,,,,,,,,,
0,12.641,255.067,,,,,,,,,,,,,
0,12.833,255.062,,,,,,,,,,,,,
0,13.018,254.983,,,,,,,,,,,,,
0,13.709,254.893,,,,,,,,,,,,,
0,14.138,254.884,,,,,,,,,,,,,
0,14.752,254.904,,,,,,,,,,,,,
0,15.424,254.928,,,,,,,,,,,,,
0,15.601,254.936,,,,,,,,,,,,,
0,15.748,254.927,,,,,,,,,,,,,
0,16.672,254.91,,,,,,,,,,,,,
0,17.519,254.959,,,,,,,,,,,,,
0,17.544,254.96,,,,,,,,,,,,,
0,17.55,254.96,,,,,,,,,,,,,
0,18.608,254.951,,,,,,,,,,,,,
0,19.289,254.904,,,,,,,,,,,,,
0,19.482,254.907,,,,,,,,,,,,,
0,20,254.882,,,,,,,,,,,,,
1.3,13,1300,FALSE,,,71,,,,,0,,,,âÕêÏä«óùé{ê›ìôç\ë¢óﬂ
0,-20,261.106,,,,,,,,,,,,,
0,-18.806,260.882,,,,,,,,,,,,,
0,-17.517,260.717,,,,,,,,,,,,,
0,-17.198,260.64,,,,,,,,,,,,,
0,-16.511,260.632,,,,,,,,,,,,,
0,-15.348,260.67,,,,,,,,,,,,,
0,-14.848,260.688,,,,,,,,,,,,,
0,-14.492,260.598,,,,,,,,,,,,,
0,-14.074,260.54,,,,,,,,,,,,,
0,-13.41,260.43,,,,,,,,,,,,,
0,-13.372,260.421,,,,,,,,,,,,,
0,-13.347,260.421,,,,,,,,,,,,,
0,-12.512,260.456,,,,,,,,,,,,,
0,-11.87,260.504,,,,,,,,,,,,,
0,-11.633,260.532,,,,,,,,,,,,,
0,-11.234,260.527,,,,,,,,,,,,,
0,-10.966,260.49,,,,,,,,,,,,,
0,-10.372,260.541,,,,,,,,,,,,,
0,-10.013,260.497,,,,,,,,,,,,,
0,-7.707,258.023,,,,,,,,,,,,,
0,-6.815,257.297,,,,,,,,,,,,,
0,-4.453,254.572,,,,,,,,,,,,,
0,-3.864,254.125,,,,,,,,,,,,,
0,-3.54,253.939,,,,,,,,,,,,,
0,-3.453,253.938,,,,,,,,,,,,,
0,-3.084,253.894,,,,,,,,,,,,,
0,-1.404,253.671,,,,,,,,,,,,,
0,0.225,254.389,,,,,,,,,,,,,
0,0.554,254.344,,,,,,,,,,,,,
0,1.563,255.536,,,,,,,,,,,,,
0,1.619,255.629,,,,,,,,,,,,,
0,1.658,255.635,,,,,,,,,,,,,
0,2.555,255.74,,,,,,,,,,,,,
0,2.876,255.726,,,,,,,,,,,,,
0,3.741,255.746,,,,,,,,,,,,,
0,4.851,255.78,,,,,,,,,,,,,
0,4.985,255.783,,,,,,,,,,,,,
0,5.231,255.793,,,,,,,,,,,,,
0,5.756,255.803,,,,,,,,,,,,,
0,6.046,255.805,,,,,,,,,,,,,
0,6.606,255.777,,,,,,,,,,,,,
0,7.086,255.796,,,,,,,,,,,,,
0,7.52,255.815,,,,,,,,,,,,,
0,8.006,255.805,,,,,,,,,,,,,
0,8.418,255.8,,,,,,,,,,,,,
0,9.226,255.781,,,,,,,,,,,,,
0,9.29,255.78,,,,,,,,,,,,,
0,9.344,255.777,,,,,,,,,,,,,
0,10.176,255.771,,,,,,,,,,,,,
0,10.992,255.792,,,,,,,,,,,,,
0,11.084,255.789,,,,,,,,,,,,,
0,11.189,255.786,,,,,,,,,,,,,
0,11.878,255.766,,,,,,,,,,,,,
0,12.395,255.802,,,,,,,,,,,,,
0,12.8,255.818,,,,,,,,,,,,,
0,13.372,255.789,,,,,,,,,,,,,
0,13.926,255.766,,,,,,,,,,,,,
0,14.317,255.76,,,,,,,,,,,,,
0,14.882,255.778,,,,,,,,,,,,,
0,15.554,255.776,,,,,,,,,,,,,
0,15.731,255.766,,,,,,,,,,,,,
0,15.875,255.767,,,,,,,,,,,,,
0,16.627,255.773,,,,,,,,,,,,,
0,17.526,255.8,,,,,,,,,,,,,
0,17.53,255.8,,,,,,,,,,,,,
0,17.535,255.8,,,,,,,,,,,,,
0,18.223,255.767,,,,,,,,,,,,,
0,18.741,255.817,,,,,,,,,,,,,
0,19.04,255.81,,,,,,,,,,,,,
0,19.471,255.802,,,,,,,,,,,,,
0,20,255.783,,,,,,,,,,,,,
1.4,14,1400,FALSE,,,85,,,,,0,,,,âÕêÏä«óùé{ê›ìôç\ë¢óﬂ
0,-20,257.439,,,,,,,,,,,,,
0,-19.899,257.445,,,,,,,,,,,,,
0,-19.168,257.419,,,,,,,,,,,,,
0,-19.054,257.419,,,,,,,,,,,,,
0,-18.824,257.426,,,,,,,,,,,,,
0,-18.078,257.464,,,,,,,,,,,,,
0,-17.957,257.466,,,,,,,,,,,,,
0,-17.102,257.395,,,,,,,,,,,,,
0,-16.826,257.374,,,,,,,,,,,,,
0,-16.112,257.341,,,,,,,,,,,,,
0,-15.66,257.348,,,,,,,,,,,,,
0,-15.092,257.389,,,,,,,,,,,,,
0,-14.513,257.331,,,,,,,,,,,,,
0,-14.124,257.324,,,,,,,,,,,,,
0,-13.333,257.309,,,,,,,,,,,,,
0,-13.108,257.29,,,,,,,,,,,,,
0,-12.155,257.292,,,,,,,,,,,,,
0,-12.096,257.293,,,,,,,,,,,,,
0,-11.751,257.293,,,,,,,,,,,,,
0,-11.254,257.306,,,,,,,,,,,,,
0,-11.053,257.313,,,,,,,,,,,,,
0,-10.485,257.318,,,,,,,,,,,,,
0,-10.011,257.315,,,,,,,,,,,,,
0,-9.735,257.333,,,,,,,,,,,,,
0,-9.02,257.386,,,,,,,,,,,,,
0,-8.946,257.39,,,,,,,,,,,,,
0,-8.934,257.389,,,,,,,,,,,,,
0,-7.96,257.305,,,,,,,,,,,,,
0,-7.791,257.295,,,,,,,,,,,,,
0,-6.993,257.213,,,,,,,,,,,,,
0,-6.4,256.47,,,,,,,,,,,,,
0,-5.324,255.055,,,,,,,,,,,,,
0,-4.788,254.904,,,,,,,,,,,,,
0,-4.356,254.783,,,,,,,,,,,,,
0,-3.712,254.417,,,,,,,,,,,,,
0,-3.424,254.251,,,,,,,,,,,,,
0,-3.188,254.229,,,,,,,,,,,,,
0,-2.619,254.071,,,,,,,,,,,,,
0,-1.456,254.022,,,,,,,,,,,,,
0,-1.423,254.022,,,,,,,,,,,,,
0,-1.368,254.124,,,,,,,,,,,,,
0,-0.25,256.066,,,,,,,,,,,,,
0,0.619,256.586,,,,,,,,,,,,,
0,0.731,256.611,,,,,,,,,,,,,
0,0.954,256.622,,,,,,,,,,,,,
0,1.719,256.662,,,,,,,,,,,,,
0,1.851,256.66,,,,,,,,,,,,,
0,2.687,256.653,,,,,,,,,,,,,
0,2.964,256.65,,,,,,,,,,,,,
0,3.645,256.65,,,,,,,,,,,,,
0,4.092,256.65,,,,,,,,,,,,,
0,4.631,256.631,,,,,,,,,,,,,
0,5.225,256.616,,,,,,,,,,,,,
0,5.601,256.662,,,,,,,,,,,,,
0,6.388,256.805,,,,,,,,,,,,,
0,6.591,256.807,,,,,,,,,,,,,
0,7.497,256.731,,,,,,,,,,,,,
0,7.541,256.728,,,,,,,,,,,,,
0,7.813,256.707,,,,,,,,,,,,,
0,8.374,256.656,,,,,,,,,,,,,
0,8.593,256.667,,,,,,,,,,,,,
0,9.155,256.715,,,,,,,,,,,,,
0,9.689,256.733,,,,,,,,,,,,,
0,9.949,256.738,,,,,,,,,,,,,
0,10.604,256.724,,,,,,,,,,,,,
0,10.787,256.72,,,,,,,,,,,,,
0,10.817,256.722,,,,,,,,,,,,,
0,11.766,256.67,,,,,,,,,,,,,
0,11.965,256.686,,,,,,,,,,,,,
0,12.792,256.755,,,,,,,,,,,,,
0,13.161,256.72,,,,,,,,,,,,,
0,13.775,256.741,,,,,,,,,,,,,
0,14.344,256.788,,,,,,,,,,,,,
0,14.807,256.825,,,,,,,,,,,,,
0,15.516,256.778,,,,,,,,,,,,,
0,15.796,256.743,,,,,,,,,,,,,
0,16.709,256.765,,,,,,,,,,,,,
0,16.813,256.765,,,,,,,,,,,,,
0,17.401,256.723,,,,,,,,,,,,,
0,17.82,256.694,,,,,,,,,,,,,
0,18.035,256.714,,,,,,,,,,,,,
0,18.874,256.778,,,,,,,,,,,,,
0,19.625,256.8,,,,,,,,,,,,,
0,19.931,256.822,,,,,,,,,,,,,
0,20,256.833,,,,,,,,,,,,,
1.5,15,1500,FALSE,,,87,,,,,0,,,,âÕêÏä«óùé{ê›ìôç\ë¢óﬂ
0,-20,258.401,,,,,,,,,,,,,
0,-19.933,258.404,,,,,,,,,,,,,
0,-19.555,258.376,,,,,,,,,,,,,
0,-18.949,258.355,,,,,,,,,,,,,
0,-18.422,258.359,,,,,,,,,,,,,
0,-17.808,258.37,,,,,,,,,,,,,
0,-17.105,258.37,,,,,,,,,,,,,
0,-16.742,258.378,,,,,,,,,,,,,
0,-16.174,258.379,,,,,,,,,,,,,
0,-15.796,258.367,,,,,,,,,,,,,
0,-15.601,258.368,,,,,,,,,,,,,
0,-14.969,258.385,,,,,,,,,,,,,
0,-14.368,258.388,,,,,,,,,,,,,
0,-14.149,258.378,,,,,,,,,,,,,
0,-13.715,258.359,,,,,,,,,,,,,
0,-13.35,258.336,,,,,,,,,,,,,
0,-12.835,258.337,,,,,,,,,,,,,
0,-12.577,258.343,,,,,,,,,,,,,
0,-12.436,258.338,,,,,,,,,,,,,
0,-11.708,258.346,,,,,,,,,,,,,
0,-11.123,258.36,,,,,,,,,,,,,
0,-10.866,258.364,,,,,,,,,,,,,
0,-10.351,258.44,,,,,,,,,,,,,
0,-10.01,258.459,,,,,,,,,,,,,
0,-9.495,258.181,,,,,,,,,,,,,
0,-8.891,257.945,,,,,,,,,,,,,
0,-8.357,257.924,,,,,,,,,,,,,
0,-7.731,257.859,,,,,,,,,,,,,
0,-7.021,257.864,,,,,,,,,,,,,
0,-6.809,257.853,,,,,,,,,,,,,
0,-6.281,257.471,,,,,,,,,,,,,
0,-6.199,257.406,,,,,,,,,,,,,
0,-6.17,257.343,,,,,,,,,,,,,
0,-5.217,255.716,,,,,,,,,,,,,
0,-4.868,255.675,,,,,,,,,,,,,
0,-4.661,255.63,,,,,,,,,,,,,
0,-3.36,255.64,,,,,,,,,,,,,
0,-2.199,255.731,,,,,,,,,,,,,
0,-1.77,255.735,,,,,,,,,,,,,
0,-1.094,256.02,,,,,,,,,,,,,
0,-0.866,256.043,,,,,,,,,,,,,
0,-0.365,256.261,,,,,,,,,,,,,
0,-0.038,256.357,,,,,,,,,,,,,
0,0.482,256.397,,,,,,,,,,,,,
0,0.789,256.526,,,,,,,,,,,,,
0,0.923,256.648,,,,,,,,,,,,,
0,1.548,257.486,,,,,,,,,,,,,
0,2.081,257.625,,,,,,,,,,,,,
0,2.422,257.779,,,,,,,,,,,,,
0,3.087,257.638,,,,,,,,,,,,,
0,3.377,257.543,,,,,,,,,,,,,
0,3.776,257.507,,,,,,,,,,,,,
0,4.789,257.54,,,,,,,,,,,,,
0,6.137,257.338,,,,,,,,,,,,,
0,6.239,257.329,,,,,,,,,,,,,
0,6.309,257.303,,,,,,,,,,,,,
0,6.495,257.242,,,,,,,,,,,,,
0,6.947,257.022,,,,,,,,,,,,,
0,7.34,257.165,,,,,,,,,,,,,
0,7.656,257.241,,,,,,,,,,,,,
0,7.87,257.246,,,,,,,,,,,,,
0,8.696,257.347,,,,,,,,,,,,,
0,9.5,257.611,,,,,,,,,,,,,
0,9.673,257.666,,,,,,,,,,,,,
0,9.981,257.883,,,,,,,,,,,,,
0,10.297,258.163,,,,,,,,,,,,,
0,10.643,258.665,,,,,,,,,,,,,
0,10.754,258.829,,,,,,,,,,,,,
0,10.858,258.941,,,,,,,,,,,,,
0,11.42,259.53,,,,,,,,,,,,,
0,11.634,259.702,,,,,,,,,,,,,
0,12.186,260.044,,,,,,,,,,,,,
0,12.766,260.121,,,,,,,,,,,,,
0,12.995,260.15,,,,,,,,,,,,,
0,13.505,260.164,,,,,,,,,,,,,
0,13.914,260.186,,,,,,,,,,,,,
0,14.31,260.34,,,,,,,,,,,,,
0,14.817,260.538,,,,,,,,,,,,,
0,15.115,260.552,,,,,,,,,,,,,
0,16.098,260.66,,,,,,,,,,,,,
0,16.736,260.735,,,,,,,,,,,,,
0,16.97,260.86,,,,,,,,,,,,,
0,17.38,261.076,,,,,,,,,,,,,
0,17.44,261.143,,,,,,,,,,,,,
0,17.479,261.201,,,,,,,,,,,,,
0,18.372,262.167,,,,,,,,,,,,,
0,20,262.582,,,,,,,,,,,,,
1.6,16,1600,FALSE,,,84,,,,,0,,,,âÕêÏä«óùé{ê›ìôç\ë¢óﬂ
0,-20,258.399,,,,,,,,,,,,,
0,-19.931,258.4,,,,,,,,,,,,,
0,-19.918,258.399,,,,,,,,,,,,,
0,-19.863,258.398,,,,,,,,,,,,,
0,-18.886,258.35,,,,,,,,,,,,,
0,-18.257,258.363,,,,,,,,,,,,,
0,-17.895,258.374,,,,,,,,,,,,,
0,-17.354,258.381,,,,,,,,,,,,,
0,-16.871,258.392,,,,,,,,,,,,,
0,-16.757,258.388,,,,,,,,,,,,,
0,-15.829,258.355,,,,,,,,,,,,,
0,-15.486,258.36,,,,,,,,,,,,,
0,-14.809,258.364,,,,,,,,,,,,,
0,-14.22,258.39,,,,,,,,,,,,,
0,-13.767,258.392,,,,,,,,,,,,,
0,-12.934,258.404,,,,,,,,,,,,,
0,-12.73,258.41,,,,,,,,,,,,,
0,-11.837,258.368,,,,,,,,,,,,,
0,-11.704,258.36,,,,,,,,,,,,,
0,-11.611,258.36,,,,,,,,,,,,,
0,-10.665,258.376,,,,,,,,,,,,,
0,-9.857,258.406,,,,,,,,,,,,,
0,-9.65,258.414,,,,,,,,,,,,,
0,-9.342,258.419,,,,,,,,,,,,,
0,-8.679,258.43,,,,,,,,,,,,,
0,-8.542,258.488,,,,,,,,,,,,,
0,-7.742,258.727,,,,,,,,,,,,,
0,-7.407,258.71,,,,,,,,,,,,,
0,-6.742,258.541,,,,,,,,,,,,,
0,-6.052,257.862,,,,,,,,,,,,,
0,-5.632,257.476,,,,,,,,,,,,,
0,-4.757,257.195,,,,,,,,,,,,,
0,-4.614,257.142,,,,,,,,,,,,,
0,-4.03,256.966,,,,,,,,,,,,,
0,-3.634,256.834,,,,,,,,,,,,,
0,-3.553,256.826,,,,,,,,,,,,,
0,-1.955,256.859,,,,,,,,,,,,,
0,-1.708,256.828,,,,,,,,,,,,,
0,-0.983,257.05,,,,,,,,,,,,,
0,0.055,257.428,,,,,,,,,,,,,
0,0.363,257.775,,,,,,,,,,,,,
0,0.894,258.357,,,,,,,,,,,,,
0,1.385,258.53,,,,,,,,,,,,,
0,1.821,258.647,,,,,,,,,,,,,
0,2.526,258.75,,,,,,,,,,,,,
0,2.771,258.791,,,,,,,,,,,,,
0,3.612,259.028,,,,,,,,,,,,,
0,3.682,259.046,,,,,,,,,,,,,
0,4.024,259.006,,,,,,,,,,,,,
0,4.653,258.929,,,,,,,,,,,,,
0,5.104,258.954,,,,,,,,,,,,,
0,5.564,258.993,,,,,,,,,,,,,
0,6.228,258.961,,,,,,,,,,,,,
0,6.511,258.952,,,,,,,,,,,,,
0,6.574,258.951,,,,,,,,,,,,,
0,7.544,258.97,,,,,,,,,,,,,
0,7.84,258.976,,,,,,,,,,,,,
0,8.585,258.961,,,,,,,,,,,,,
0,9.115,258.955,,,,,,,,,,,,,
0,9.611,258.962,,,,,,,,,,,,,
0,10.357,258.979,,,,,,,,,,,,,
0,10.635,258.983,,,,,,,,,,,,,
0,11.618,258.96,,,,,,,,,,,,,
0,11.665,258.961,,,,,,,,,,,,,
0,11.883,258.951,,,,,,,,,,,,,
0,12.479,258.934,,,,,,,,,,,,,
0,12.797,258.924,,,,,,,,,,,,,
0,13.225,258.941,,,,,,,,,,,,,
0,13.985,258.94,,,,,,,,,,,,,
0,14,258.941,,,,,,,,,,,,,
0,14.026,258.94,,,,,,,,,,,,,
0,14.893,258.932,,,,,,,,,,,,,
0,15.065,258.943,,,,,,,,,,,,,
0,15.81,258.939,,,,,,,,,,,,,
0,16.154,258.922,,,,,,,,,,,,,
0,16.717,258.95,,,,,,,,,,,,,
0,17.249,258.96,,,,,,,,,,,,,
0,17.621,258.956,,,,,,,,,,,,,
0,18.314,258.95,,,,,,,,,,,,,
0,18.525,258.95,,,,,,,,,,,,,
0,19.383,258.96,,,,,,,,,,,,,
0,19.421,258.961,,,,,,,,,,,,,
0,19.623,258.971,,,,,,,,,,,,,
0,20,258.991,,,,,,,,,,,,,
1.7,17,1700,FALSE,,,80,,,,,0,,,,âÕêÏä«óùé{ê›ìôç\ë¢óﬂ
0,-20,259.043,,,,,,,,,,,,,
0,-19.918,259.043,,,,,,,,,,,,,
0,-19.199,259.04,,,,,,,,,,,,,
0,-18.828,259.042,,,,,,,,,,,,,
0,-18.741,259.041,,,,,,,,,,,,,
0,-18.077,259.026,,,,,,,,,,,,,
0,-17.913,259.025,,,,,,,,,,,,,
0,-16.927,259.048,,,,,,,,,,,,,
0,-16.609,259.057,,,,,,,,,,,,,
0,-16.052,259.054,,,,,,,,,,,,,
0,-15.753,259.052,,,,,,,,,,,,,
0,-14.566,259.032,,,,,,,,,,,,,
0,-14.493,259.033,,,,,,,,,,,,,
0,-13.65,259.06,,,,,,,,,,,,,
0,-13.64,259.06,,,,,,,,,,,,,
0,-13.516,259.06,,,,,,,,,,,,,
0,-12.357,259.058,,,,,,,,,,,,,
0,-12.218,259.06,,,,,,,,,,,,,
0,-11.538,259.06,,,,,,,,,,,,,
0,-10.966,259.064,,,,,,,,,,,,,
0,-10.246,259.064,,,,,,,,,,,,,
0,-9.695,259.04,,,,,,,,,,,,,
0,-9.437,259.032,,,,,,,,,,,,,
0,-8.451,259.44,,,,,,,,,,,,,
0,-8.132,259.578,,,,,,,,,,,,,
0,-7.714,259.528,,,,,,,,,,,,,
0,-7.342,259.506,,,,,,,,,,,,,
0,-7.093,259.455,,,,,,,,,,,,,
0,-6.075,258.827,,,,,,,,,,,,,
0,-5.712,258.628,,,,,,,,,,,,,
0,-3.997,257.929,,,,,,,,,,,,,
0,-3.464,257.94,,,,,,,,,,,,,
0,-3.193,257.945,,,,,,,,,,,,,
0,-2.189,257.932,,,,,,,,,,,,,
0,-1.936,257.961,,,,,,,,,,,,,
0,-1.807,257.962,,,,,,,,,,,,,
0,-0.496,258.559,,,,,,,,,,,,,
0,0.113,258.796,,,,,,,,,,,,,
0,0.228,258.817,,,,,,,,,,,,,
0,0.448,259.016,,,,,,,,,,,,,
0,1.069,259.451,,,,,,,,,,,,,
0,1.762,259.467,,,,,,,,,,,,,
0,2.376,259.509,,,,,,,,,,,,,
0,2.534,259.419,,,,,,,,,,,,,
0,3.136,258.947,,,,,,,,,,,,,
0,3.437,258.953,,,,,,,,,,,,,
0,4.455,259.011,,,,,,,,,,,,,
0,4.813,258.963,,,,,,,,,,,,,
0,5.26,258.868,,,,,,,,,,,,,
0,6.206,258.916,,,,,,,,,,,,,
0,6.559,258.932,,,,,,,,,,,,,
0,7.232,259,,,,,,,,,,,,,
0,7.346,259.011,,,,,,,,,,,,,
0,7.73,258.992,,,,,,,,,,,,,
0,8.65,258.943,,,,,,,,,,,,,
0,8.893,258.935,,,,,,,,,,,,,
0,9.47,258.941,,,,,,,,,,,,,
0,9.81,258.947,,,,,,,,,,,,,
0,10.789,258.945,,,,,,,,,,,,,
0,11.349,258.95,,,,,,,,,,,,,
0,11.587,258.95,,,,,,,,,,,,,
0,12.74,259.003,,,,,,,,,,,,,
0,12.89,259.011,,,,,,,,,,,,,
0,13.636,258.889,,,,,,,,,,,,,
0,13.687,258.885,,,,,,,,,,,,,
0,13.945,258.894,,,,,,,,,,,,,
0,14.989,258.957,,,,,,,,,,,,,
0,15.189,258.975,,,,,,,,,,,,,
0,15.795,258.984,,,,,,,,,,,,,
0,16.356,258.947,,,,,,,,,,,,,
0,17.088,258.937,,,,,,,,,,,,,
0,17.628,258.902,,,,,,,,,,,,,
0,17.882,258.902,,,,,,,,,,,,,
0,18.924,259.036,,,,,,,,,,,,,
0,19.218,259.077,,,,,,,,,,,,,
0,19.278,259.064,,,,,,,,,,,,,
0,19.79,259.102,,,,,,,,,,,,,
0,19.969,259.105,,,,,,,,,,,,,
0,19.99,259.108,,,,,,,,,,,,,
0,20,259.107,,,,,,,,,,,,,
1.8,18,1800,FALSE,,,75,,,,,0,,,,âÕêÏä«óùé{ê›ìôç\ë¢óﬂ
0,-20,259.445,,,,,,,,,,,,,
0,-19.79,259.446,,,,,,,,,,,,,
0,-18.851,259.47,,,,,,,,,,,,,
0,-18.839,259.47,,,,,,,,,,,,,
0,-18.803,259.47,,,,,,,,,,,,,
0,-17.556,259.463,,,,,,,,,,,,,
0,-17.12,259.453,,,,,,,,,,,,,
0,-16.557,259.436,,,,,,,,,,,,,
0,-15.858,259.489,,,,,,,,,,,,,
0,-15.697,259.493,,,,,,,,,,,,,
0,-15.568,259.491,,,,,,,,,,,,,
0,-14.348,259.412,,,,,,,,,,,,,
0,-13.842,259.421,,,,,,,,,,,,,
0,-13.177,259.451,,,,,,,,,,,,,
0,-12.317,259.49,,,,,,,,,,,,,
0,-12.163,259.494,,,,,,,,,,,,,
0,-11.958,259.485,,,,,,,,,,,,,
0,-11.18,259.433,,,,,,,,,,,,,
0,-10.6,259.442,,,,,,,,,,,,,
0,-10.085,259.443,,,,,,,,,,,,,
0,-9.039,259.732,,,,,,,,,,,,,
0,-8.718,259.823,,,,,,,,,,,,,
0,-7.336,259.443,,,,,,,,,,,,,
0,-7.143,259.331,,,,,,,,,,,,,
0,-5.904,258.179,,,,,,,,,,,,,
0,-5.619,258.007,,,,,,,,,,,,,
0,-4.164,258.138,,,,,,,,,,,,,
0,-4.122,258.139,,,,,,,,,,,,,
0,-3.982,258.135,,,,,,,,,,,,,
0,-2.973,258.102,,,,,,,,,,,,,
0,-2.67,258.041,,,,,,,,,,,,,
0,-2.036,257.899,,,,,,,,,,,,,
0,-1.675,257.995,,,,,,,,,,,,,
0,-1.021,258.821,,,,,,,,,,,,,
0,-0.158,259.522,,,,,,,,,,,,,
0,0.634,259.883,,,,,,,,,,,,,
0,1.051,259.925,,,,,,,,,,,,,
0,2.363,259.645,,,,,,,,,,,,,
0,2.458,259.614,,,,,,,,,,,,,
0,2.578,259.559,,,,,,,,,,,,,
0,3.285,259.234,,,,,,,,,,,,,
0,3.8,258.803,,,,,,,,,,,,,
0,4.365,258.743,,,,,,,,,,,,,
0,5.618,259.55,,,,,,,,,,,,,
0,5.711,259.594,,,,,,,,,,,,,
0,5.811,259.654,,,,,,,,,,,,,
0,6.479,260.064,,,,,,,,,,,,,
0,7.093,260.473,,,,,,,,,,,,,
0,7.322,260.609,,,,,,,,,,,,,
0,7.687,260.663,,,,,,,,,,,,,
0,8.427,260.813,,,,,,,,,,,,,
0,8.876,260.806,,,,,,,,,,,,,
0,9.439,260.796,,,,,,,,,,,,,
0,10.339,260.761,,,,,,,,,,,,,
0,10.392,260.761,,,,,,,,,,,,,
0,10.546,260.76,,,,,,,,,,,,,
0,11.752,260.76,,,,,,,,,,,,,
0,12.156,260.766,,,,,,,,,,,,,
0,12.786,260.776,,,,,,,,,,,,,
0,13.557,260.743,,,,,,,,,,,,,
0,13.684,260.741,,,,,,,,,,,,,
0,13.89,260.744,,,,,,,,,,,,,
0,14.796,260.76,,,,,,,,,,,,,
0,15.354,260.77,,,,,,,,,,,,,
0,15.83,260.763,,,,,,,,,,,,,
0,16.761,260.819,,,,,,,,,,,,,
0,16.771,260.82,,,,,,,,,,,,,
0,16.781,260.819,,,,,,,,,,,,,
0,17.61,260.78,,,,,,,,,,,,,
0,18.407,260.752,,,,,,,,,,,,,
0,18.455,260.75,,,,,,,,,,,,,
0,18.506,260.751,,,,,,,,,,,,,
0,19.823,260.779,,,,,,,,,,,,,
0,19.938,260.782,,,,,,,,,,,,,
0,20,260.782,,,,,,,,,,,,,
1.9,19,1900,FALSE,,,79,,,,,0,,,,âÕêÏä«óùé{ê›ìôç\ë¢óﬂ
0,-20,259.756,,,,,,,,,,,,,
0,-19.827,259.721,,,,,,,,,,,,,
0,-19.483,259.685,,,,,,,,,,,,,
0,-18.57,259.857,,,,,,,,,,,,,
0,-18.176,259.85,,,,,,,,,,,,,
0,-17.374,260.088,,,,,,,,,,,,,
0,-17.164,260.057,,,,,,,,,,,,,
0,-16.087,260.267,,,,,,,,,,,,,
0,-15.783,260.331,,,,,,,,,,,,,
0,-14.903,260.572,,,,,,,,,,,,,
0,-14.877,260.575,,,,,,,,,,,,,
0,-14.504,260.596,,,,,,,,,,,,,
0,-13.671,260.606,,,,,,,,,,,,,
0,-13.614,260.609,,,,,,,,,,,,,
0,-13.053,260.644,,,,,,,,,,,,,
0,-12.462,260.66,,,,,,,,,,,,,
0,-12.408,260.663,,,,,,,,,,,,,
0,-12.11,260.667,,,,,,,,,,,,,
0,-11.305,260.624,,,,,,,,,,,,,
0,-11.155,260.611,,,,,,,,,,,,,
0,-10.48,260.597,,,,,,,,,,,,,
0,-10.012,260.587,,,,,,,,,,,,,
0,-9.086,260.581,,,,,,,,,,,,,
0,-8.861,260.596,,,,,,,,,,,,,
0,-8.733,260.583,,,,,,,,,,,,,
0,-7.978,260.599,,,,,,,,,,,,,
0,-7.568,260.526,,,,,,,,,,,,,
0,-7.015,260.284,,,,,,,,,,,,,
0,-6.293,259.952,,,,,,,,,,,,,
0,-5.759,259.541,,,,,,,,,,,,,
0,-5.211,258.969,,,,,,,,,,,,,
0,-4.485,258.505,,,,,,,,,,,,,
0,-3.957,258.626,,,,,,,,,,,,,
0,-3.51,258.734,,,,,,,,,,,,,
0,-2.809,258.838,,,,,,,,,,,,,
0,-2.652,258.839,,,,,,,,,,,,,
0,-2.353,258.804,,,,,,,,,,,,,
0,-1.802,258.727,,,,,,,,,,,,,
0,-1.515,258.611,,,,,,,,,,,,,
0,-0.56,258.431,,,,,,,,,,,,,
0,-0.38,258.381,,,,,,,,,,,,,
0,-0.323,258.382,,,,,,,,,,,,,
0,-0.209,258.55,,,,,,,,,,,,,
0,0.562,259.667,,,,,,,,,,,,,
0,0.955,259.91,,,,,,,,,,,,,
0,1.59,260.31,,,,,,,,,,,,,
0,2.122,260.57,,,,,,,,,,,,,
0,2.96,260.705,,,,,,,,,,,,,
0,3.438,260.669,,,,,,,,,,,,,
0,4.075,260.642,,,,,,,,,,,,,
0,4.6,260.643,,,,,,,,,,,,,
0,5.201,260.621,,,,,,,,,,,,,
0,5.884,260.615,,,,,,,,,,,,,
0,6.452,260.615,,,,,,,,,,,,,
0,7.004,260.62,,,,,,,,,,,,,
0,7.738,260.624,,,,,,,,,,,,,
0,8.292,260.62,,,,,,,,,,,,,
0,9.318,260.648,,,,,,,,,,,,,
0,9.385,260.649,,,,,,,,,,,,,
0,10.274,260.63,,,,,,,,,,,,,
0,10.704,260.644,,,,,,,,,,,,,
0,11.794,260.622,,,,,,,,,,,,,
0,11.843,260.62,,,,,,,,,,,,,
0,12.837,260.648,,,,,,,,,,,,,
0,13.126,260.647,,,,,,,,,,,,,
0,14.087,260.632,,,,,,,,,,,,,
0,14.265,260.627,,,,,,,,,,,,,
0,15.279,260.661,,,,,,,,,,,,,
0,15.555,260.669,,,,,,,,,,,,,
0,15.603,260.67,,,,,,,,,,,,,
0,16.66,260.624,,,,,,,,,,,,,
0,16.896,260.606,,,,,,,,,,,,,
0,18.006,260.673,,,,,,,,,,,,,
0,18.073,260.679,,,,,,,,,,,,,
0,18.253,260.682,,,,,,,,,,,,,
0,18.879,260.673,,,,,,,,,,,,,
0,19.108,260.687,,,,,,,,,,,,,
0,19.811,260.669,,,,,,,,,,,,,
0,20,260.661,,,,,,,,,,,,,
2,20,2000,FALSE,,,81,,,,,0,,,,âÕêÏä«óùé{ê›ìôç\ë¢óﬂ
0,-20,260.758,,,,,,,,,,,,,
0,-19.814,260.76,,,,,,,,,,,,,
0,-19.562,260.76,,,,,,,,,,,,,
0,-19.029,260.747,,,,,,,,,,,,,
0,-18.387,260.73,,,,,,,,,,,,,
0,-17.767,260.727,,,,,,,,,,,,,
0,-17.443,260.745,,,,,,,,,,,,,
0,-16.993,260.77,,,,,,,,,,,,,
0,-16.141,260.76,,,,,,,,,,,,,
0,-15.744,260.745,,,,,,,,,,,,,
0,-15.468,260.746,,,,,,,,,,,,,
0,-14.975,260.736,,,,,,,,,,,,,
0,-13.823,260.731,,,,,,,,,,,,,
0,-13.739,260.73,,,,,,,,,,,,,
0,-13.637,260.733,,,,,,,,,,,,,
0,-12.977,260.74,,,,,,,,,,,,,
0,-11.937,260.716,,,,,,,,,,,,,
0,-11.696,260.722,,,,,,,,,,,,,
0,-11.508,260.718,,,,,,,,,,,,,
0,-10.925,260.722,,,,,,,,,,,,,
0,-10.372,260.712,,,,,,,,,,,,,
0,-9.684,260.72,,,,,,,,,,,,,
0,-9.271,260.777,,,,,,,,,,,,,
0,-8.918,260.765,,,,,,,,,,,,,
0,-8.174,260.747,,,,,,,,,,,,,
0,-7.655,260.725,,,,,,,,,,,,,
0,-7.35,260.769,,,,,,,,,,,,,
0,-6.883,260.878,,,,,,,,,,,,,
0,-6.243,260.743,,,,,,,,,,,,,
0,-5.623,260.678,,,,,,,,,,,,,
0,-5.293,259.896,,,,,,,,,,,,,
0,-4.923,259.055,,,,,,,,,,,,,
0,-4.214,258.955,,,,,,,,,,,,,
0,-3.682,258.915,,,,,,,,,,,,,
0,-3.096,258.902,,,,,,,,,,,,,
0,-2.909,258.898,,,,,,,,,,,,,
0,-1.758,258.999,,,,,,,,,,,,,
0,-1.645,259.012,,,,,,,,,,,,,
0,-1.559,259.157,,,,,,,,,,,,,
0,-0.82,260.434,,,,,,,,,,,,,
0,0.311,261.435,,,,,,,,,,,,,
0,0.464,261.562,,,,,,,,,,,,,
0,1.149,261.874,,,,,,,,,,,,,
0,1.21,261.898,,,,,,,,,,,,,
0,1.323,261.887,,,,,,,,,,,,,
0,2.476,261.752,,,,,,,,,,,,,
0,3.16,261.777,,,,,,,,,,,,,
0,3.262,261.779,,,,,,,,,,,,,
0,3.445,261.779,,,,,,,,,,,,,
0,4.514,261.749,,,,,,,,,,,,,
0,5.126,261.746,,,,,,,,,,,,,
0,5.286,261.744,,,,,,,,,,,,,
0,5.725,261.744,,,,,,,,,,,,,
0,6.522,261.757,,,,,,,,,,,,,
0,7.194,261.778,,,,,,,,,,,,,
0,7.318,261.784,,,,,,,,,,,,,
0,8.361,261.797,,,,,,,,,,,,,
0,8.58,261.8,,,,,,,,,,,,,
0,8.622,261.799,,,,,,,,,,,,,
0,9.341,261.784,,,,,,,,,,,,,
0,10.086,261.802,,,,,,,,,,,,,
0,10.581,261.773,,,,,,,,,,,,,
0,11.127,261.758,,,,,,,,,,,,,
0,11.38,261.771,,,,,,,,,,,,,
0,11.762,261.783,,,,,,,,,,,,,
0,12.623,261.797,,,,,,,,,,,,,
0,13.171,261.818,,,,,,,,,,,,,
0,13.413,261.813,,,,,,,,,,,,,
0,13.915,261.826,,,,,,,,,,,,,
0,14.664,261.803,,,,,,,,,,,,,
0,15.077,261.815,,,,,,,,,,,,,
0,15.446,261.802,,,,,,,,,,,,,
0,16.576,261.772,,,,,,,,,,,,,
0,16.71,261.774,,,,,,,,,,,,,
0,16.792,261.772,,,,,,,,,,,,,
0,17.489,261.74,,,,,,,,,,,,,
0,18.308,261.749,,,,,,,,,,,,,
0,18.758,261.774,,,,,,,,,,,,,
0,19.382,261.782,,,,,,,,,,,,,
0,19.53,261.782,,,,,,,,,,,,,
0,20,261.796,,,,,,,,,,,,,
2.1,21,2100,FALSE,,,76,,,,,0,,,,âÕêÏä«óùé{ê›ìôç\ë¢óﬂ
0,-20,261.564,,,,,,,,,,,,,
0,-19.854,261.566,,,,,,,,,,,,,
0,-19.034,261.557,,,,,,,,,,,,,
0,-18.567,261.564,,,,,,,,,,,,,
0,-18.347,261.586,,,,,,,,,,,,,
0,-16.763,261.554,,,,,,,,,,,,,
0,-16.661,261.551,,,,,,,,,,,,,
0,-16.563,261.554,,,,,,,,,,,,,
0,-15.972,261.589,,,,,,,,,,,,,
0,-15.591,261.578,,,,,,,,,,,,,
0,-14.31,261.56,,,,,,,,,,,,,
0,-14.297,261.559,,,,,,,,,,,,,
0,-13.655,261.546,,,,,,,,,,,,,
0,-12.914,261.573,,,,,,,,,,,,,
0,-11.979,261.573,,,,,,,,,,,,,
0,-11.403,261.572,,,,,,,,,,,,,
0,-11.336,261.572,,,,,,,,,,,,,
0,-11.247,261.572,,,,,,,,,,,,,
0,-10.938,261.563,,,,,,,,,,,,,
0,-9.926,261.547,,,,,,,,,,,,,
0,-9.634,261.533,,,,,,,,,,,,,
0,-9.108,261.524,,,,,,,,,,,,,
0,-8.988,261.522,,,,,,,,,,,,,
0,-8.919,261.529,,,,,,,,,,,,,
0,-8.628,261.583,,,,,,,,,,,,,
0,-7.575,261.766,,,,,,,,,,,,,
0,-7.33,261.799,,,,,,,,,,,,,
0,-6.719,261.735,,,,,,,,,,,,,
0,-6.68,261.73,,,,,,,,,,,,,
0,-6.66,261.722,,,,,,,,,,,,,
0,-5.078,260.846,,,,,,,,,,,,,
0,-4.919,260.615,,,,,,,,,,,,,
0,-4.47,260.013,,,,,,,,,,,,,
0,-3.561,259.923,,,,,,,,,,,,,
0,-2.84,259.863,,,,,,,,,,,,,
0,-2.249,259.83,,,,,,,,,,,,,
0,-2.183,259.819,,,,,,,,,,,,,
0,-1.213,259.596,,,,,,,,,,,,,
0,-0.56,259.587,,,,,,,,,,,,,
0,-0.319,259.702,,,,,,,,,,,,,
0,0.968,260.62,,,,,,,,,,,,,
0,1.749,261.287,,,,,,,,,,,,,
0,1.833,261.319,,,,,,,,,,,,,
0,2.301,261.622,,,,,,,,,,,,,
0,2.383,261.677,,,,,,,,,,,,,
0,3.909,261.913,,,,,,,,,,,,,
0,4.143,261.989,,,,,,,,,,,,,
0,4.703,262.251,,,,,,,,,,,,,
0,5.61,262.802,,,,,,,,,,,,,
0,6.358,263.307,,,,,,,,,,,,,
0,6.716,263.556,,,,,,,,,,,,,
0,7.013,263.755,,,,,,,,,,,,,
0,8.168,264.349,,,,,,,,,,,,,
0,8.707,264.601,,,,,,,,,,,,,
0,9.121,264.831,,,,,,,,,,,,,
0,9.342,264.984,,,,,,,,,,,,,
0,9.967,265.386,,,,,,,,,,,,,
0,10.876,266.016,,,,,,,,,,,,,
0,10.963,266.073,,,,,,,,,,,,,
0,11.023,266.119,,,,,,,,,,,,,
0,11.108,266.178,,,,,,,,,,,,,
0,11.687,266.593,,,,,,,,,,,,,
0,12.53,266.839,,,,,,,,,,,,,
0,13.325,266.905,,,,,,,,,,,,,
0,13.775,266.803,,,,,,,,,,,,,
0,13.949,266.798,,,,,,,,,,,,,
0,15.293,266.757,,,,,,,,,,,,,
0,15.596,266.754,,,,,,,,,,,,,
0,16.123,266.786,,,,,,,,,,,,,
0,16.235,266.786,,,,,,,,,,,,,
0,17.282,266.808,,,,,,,,,,,,,
0,17.888,266.783,,,,,,,,,,,,,
0,18.424,266.748,,,,,,,,,,,,,
0,18.483,266.754,,,,,,,,,,,,,
0,19.402,266.765,,,,,,,,,,,,,
0,20,266.76,,,,,,,,,,,,,
2.2,22,2200,FALSE,,,73,,,,,0,,,,âÕêÏä«óùé{ê›ìôç\ë¢óﬂ
0,-20,262.869,,,,,,,,,,,,,
0,-19.468,262.869,,,,,,,,,,,,,
0,-19.076,262.847,,,,,,,,,,,,,
0,-18.865,262.829,,,,,,,,,,,,,
0,-18.601,262.838,,,,,,,,,,,,,
0,-17.233,262.868,,,,,,,,,,,,,
0,-16.796,262.889,,,,,,,,,,,,,
0,-16.622,262.894,,,,,,,,,,,,,
0,-16.388,262.888,,,,,,,,,,,,,
0,-15.028,262.873,,,,,,,,,,,,,
0,-14.846,262.855,,,,,,,,,,,,,
0,-14.452,262.812,,,,,,,,,,,,,
0,-13.956,262.812,,,,,,,,,,,,,
0,-12.817,262.851,,,,,,,,,,,,,
0,-12.481,262.854,,,,,,,,,,,,,
0,-12.221,262.85,,,,,,,,,,,,,
0,-11.594,262.862,,,,,,,,,,,,,
0,-10.603,262.858,,,,,,,,,,,,,
0,-10.195,262.867,,,,,,,,,,,,,
0,-10,262.874,,,,,,,,,,,,,
0,-8.585,262.975,,,,,,,,,,,,,
0,-8.417,262.984,,,,,,,,,,,,,
0,-8.351,262.981,,,,,,,,,,,,,
0,-7.825,262.924,,,,,,,,,,,,,
0,-7.063,262.55,,,,,,,,,,,,,
0,-6.221,262.15,,,,,,,,,,,,,
0,-5.723,261.846,,,,,,,,,,,,,
0,-5.613,261.776,,,,,,,,,,,,,
0,-5.14,261.404,,,,,,,,,,,,,
0,-3.985,260.481,,,,,,,,,,,,,
0,-3.633,260.381,,,,,,,,,,,,,
0,-3.384,260.3,,,,,,,,,,,,,
0,-0.497,260.687,,,,,,,,,,,,,
0,0.271,260.788,,,,,,,,,,,,,
0,0.328,260.804,,,,,,,,,,,,,
0,0.409,260.882,,,,,,,,,,,,,
0,0.904,261.315,,,,,,,,,,,,,
0,1.609,261.804,,,,,,,,,,,,,
0,2.452,262.351,,,,,,,,,,,,,
0,2.749,262.519,,,,,,,,,,,,,
0,3.027,262.663,,,,,,,,,,,,,
0,3.847,263.219,,,,,,,,,,,,,
0,4.575,263.725,,,,,,,,,,,,,
0,4.912,263.943,,,,,,,,,,,,,
0,5.144,264.099,,,,,,,,,,,,,
0,6.49,263.993,,,,,,,,,,,,,
0,6.738,263.971,,,,,,,,,,,,,
0,7.3,263.94,,,,,,,,,,,,,
0,7.305,263.94,,,,,,,,,,,,,
0,7.351,263.939,,,,,,,,,,,,,
0,8.865,263.92,,,,,,,,,,,,,
0,9.035,263.935,,,,,,,,,,,,,
0,9.439,263.964,,,,,,,,,,,,,
0,10.813,263.988,,,,,,,,,,,,,
0,10.988,263.987,,,,,,,,,,,,,
0,11.169,263.972,,,,,,,,,,,,,
0,11.591,263.941,,,,,,,,,,,,,
0,13.058,263.943,,,,,,,,,,,,,
0,13.146,263.94,,,,,,,,,,,,,
0,13.179,263.943,,,,,,,,,,,,,
0,13.726,264.014,,,,,,,,,,,,,
0,15.241,263.99,,,,,,,,,,,,,
0,15.272,263.988,,,,,,,,,,,,,
0,15.352,263.986,,,,,,,,,,,,,
0,15.861,263.963,,,,,,,,,,,,,
0,16.784,263.966,,,,,,,,,,,,,
0,17.39,263.975,,,,,,,,,,,,,
0,17.97,263.941,,,,,,,,,,,,,
0,17.976,263.94,,,,,,,,,,,,,
0,18.005,263.941,,,,,,,,,,,,,
0,19.533,263.995,,,,,,,,,,,,,
0,19.835,263.985,,,,,,,,,,,,,
0,20,263.983,,,,,,,,,,,,,
2.3,23,2300,FALSE,,,77,,,,,0,,,,âÕêÏä«óùé{ê›ìôç\ë¢óﬂ
0,-20,263.268,,,,,,,,,,,,,
0,-19.539,263.29,,,,,,,,,,,,,
0,-18.803,263.29,,,,,,,,,,,,,
0,-18.709,263.289,,,,,,,,,,,,,
0,-18.648,263.29,,,,,,,,,,,,,
0,-17.665,263.256,,,,,,,,,,,,,
0,-16.942,263.251,,,,,,,,,,,,,
0,-16.635,263.26,,,,,,,,,,,,,
0,-16.166,263.269,,,,,,,,,,,,,
0,-15.682,263.29,,,,,,,,,,,,,
0,-14.979,263.256,,,,,,,,,,,,,
0,-14.797,263.252,,,,,,,,,,,,,
0,-14.669,263.253,,,,,,,,,,,,,
0,-13.777,263.267,,,,,,,,,,,,,
0,-13.165,263.305,,,,,,,,,,,,,
0,-12.728,263.315,,,,,,,,,,,,,
0,-12.091,263.287,,,,,,,,,,,,,
0,-11.746,263.253,,,,,,,,,,,,,
0,-11.177,263.26,,,,,,,,,,,,,
0,-10.851,263.267,,,,,,,,,,,,,
0,-10.66,263.254,,,,,,,,,,,,,
0,-9.854,263.258,,,,,,,,,,,,,
0,-9.345,263.26,,,,,,,,,,,,,
0,-8.829,263.29,,,,,,,,,,,,,
0,-8.034,263.298,,,,,,,,,,,,,
0,-7.842,263.295,,,,,,,,,,,,,
0,-7.598,263.28,,,,,,,,,,,,,
0,-6.998,263.245,,,,,,,,,,,,,
0,-6.54,263.257,,,,,,,,,,,,,
0,-6.02,263.28,,,,,,,,,,,,,
0,-5.609,263.273,,,,,,,,,,,,,
0,-4.896,263.253,,,,,,,,,,,,,
0,-3.982,263.26,,,,,,,,,,,,,
0,-3.844,263.262,,,,,,,,,,,,,
0,-3.686,263.282,,,,,,,,,,,,,
0,-3.073,263.348,,,,,,,,,,,,,
0,-2.525,263.384,,,,,,,,,,,,,
0,-2.217,263.379,,,,,,,,,,,,,
0,-2.009,263.272,,,,,,,,,,,,,
0,-1.147,262.905,,,,,,,,,,,,,
0,-0.337,261.948,,,,,,,,,,,,,
0,-0.153,261.712,,,,,,,,,,,,,
0,0.163,261.535,,,,,,,,,,,,,
0,0.9,261.145,,,,,,,,,,,,,
0,1.634,261.272,,,,,,,,,,,,,
0,3.479,262.203,,,,,,,,,,,,,
0,4.017,262.969,,,,,,,,,,,,,
0,4.054,263.02,,,,,,,,,,,,,
0,4.1,263.041,,,,,,,,,,,,,
0,5.081,263.53,,,,,,,,,,,,,
0,5.564,263.815,,,,,,,,,,,,,
0,6.087,264.07,,,,,,,,,,,,,
0,6.421,264.021,,,,,,,,,,,,,
0,7.054,263.771,,,,,,,,,,,,,
0,7.965,263.755,,,,,,,,,,,,,
0,8.016,263.756,,,,,,,,,,,,,
0,8.097,263.743,,,,,,,,,,,,,
0,9.273,263.621,,,,,,,,,,,,,
0,9.644,263.634,,,,,,,,,,,,,
0,10.59,263.723,,,,,,,,,,,,,
0,11.543,263.749,,,,,,,,,,,,,
0,11.843,263.77,,,,,,,,,,,,,
0,12.138,263.804,,,,,,,,,,,,,
0,12.905,263.967,,,,,,,,,,,,,
0,13.662,264.141,,,,,,,,,,,,,
0,13.903,264.163,,,,,,,,,,,,,
0,14.065,264.168,,,,,,,,,,,,,
0,14.878,264.145,,,,,,,,,,,,,
0,15.671,264.105,,,,,,,,,,,,,
0,15.84,264.112,,,,,,,,,,,,,
0,16.092,264.145,,,,,,,,,,,,,
0,16.83,264.137,,,,,,,,,,,,,
0,17.594,264.068,,,,,,,,,,,,,
0,17.873,264.128,,,,,,,,,,,,,
0,18.234,264.256,,,,,,,,,,,,,
0,19.266,264.56,,,,,,,,,,,,,
0,20,264.902,,,,,,,,,,,,,
2.4,24,2400,FALSE,,,75,,,,,0,,,,âÕêÏä«óùé{ê›ìôç\ë¢óﬂ
0,-20,264.16,,,,,,,,,,,,,
0,-19.472,264.126,,,,,,,,,,,,,
0,-19.059,264.14,,,,,,,,,,,,,
0,-18.521,264.151,,,,,,,,,,,,,
0,-18.079,264.117,,,,,,,,,,,,,
0,-17.692,264.088,,,,,,,,,,,,,
0,-17.223,264.102,,,,,,,,,,,,,
0,-16.829,264.124,,,,,,,,,,,,,
0,-16.265,264.143,,,,,,,,,,,,,
0,-15.959,264.153,,,,,,,,,,,,,
0,-15.697,264.162,,,,,,,,,,,,,
0,-15.12,264.171,,,,,,,,,,,,,
0,-14.425,264.123,,,,,,,,,,,,,
0,-14.24,264.113,,,,,,,,,,,,,
0,-13.361,264.099,,,,,,,,,,,,,
0,-13.173,264.097,,,,,,,,,,,,,
0,-13.016,264.097,,,,,,,,,,,,,
0,-12.331,264.139,,,,,,,,,,,,,
0,-11.534,264.14,,,,,,,,,,,,,
0,-11.489,264.141,,,,,,,,,,,,,
0,-11.186,264.157,,,,,,,,,,,,,
0,-10.601,264.188,,,,,,,,,,,,,
0,-10.515,264.186,,,,,,,,,,,,,
0,-9.796,264.146,,,,,,,,,,,,,
0,-9.251,264.157,,,,,,,,,,,,,
0,-8.994,264.162,,,,,,,,,,,,,
0,-8.663,264.164,,,,,,,,,,,,,
0,-7.862,264.155,,,,,,,,,,,,,
0,-7.627,264.155,,,,,,,,,,,,,
0,-6.948,264.161,,,,,,,,,,,,,
0,-6.382,264.187,,,,,,,,,,,,,
0,-6.124,264.187,,,,,,,,,,,,,
0,-5.816,264.171,,,,,,,,,,,,,
0,-5.158,264.152,,,,,,,,,,,,,
0,-4.759,264.227,,,,,,,,,,,,,
0,-3.924,264.304,,,,,,,,,,,,,
0,-2.907,264.322,,,,,,,,,,,,,
0,-2.761,264.332,,,,,,,,,,,,,
0,-2.558,264.275,,,,,,,,,,,,,
0,-2.13,264.082,,,,,,,,,,,,,
0,-1.805,263.884,,,,,,,,,,,,,
0,-1.156,263.569,,,,,,,,,,,,,
0,-0.148,262.308,,,,,,,,,,,,,
0,0.056,262.061,,,,,,,,,,,,,
0,0.183,262.053,,,,,,,,,,,,,
0,0.644,262.169,,,,,,,,,,,,,
0,1.304,262.318,,,,,,,,,,,,,
0,1.363,262.334,,,,,,,,,,,,,
0,1.647,262.337,,,,,,,,,,,,,
0,2.596,262.334,,,,,,,,,,,,,
0,3.08,262.403,,,,,,,,,,,,,
0,3.833,262.673,,,,,,,,,,,,,
0,4.132,263.127,,,,,,,,,,,,,
0,5.044,264.483,,,,,,,,,,,,,
0,5.865,265.128,,,,,,,,,,,,,
0,6.255,265.474,,,,,,,,,,,,,
0,6.935,265.898,,,,,,,,,,,,,
0,7.575,266.117,,,,,,,,,,,,,
0,8.762,266.306,,,,,,,,,,,,,
0,8.787,266.309,,,,,,,,,,,,,
0,8.802,266.311,,,,,,,,,,,,,
0,9.539,266.354,,,,,,,,,,,,,
0,9.937,266.35,,,,,,,,,,,,,
0,10.357,266.38,,,,,,,,,,,,,
0,10.707,266.33,,,,,,,,,,,,,
0,11.242,266.263,,,,,,,,,,,,,
0,11.585,266.661,,,,,,,,,,,,,
0,12.419,268.111,,,,,,,,,,,,,
0,13.722,269.446,,,,,,,,,,,,,
0,13.896,269.443,,,,,,,,,,,,,
0,14.103,269.468,,,,,,,,,,,,,
0,14.611,269.534,,,,,,,,,,,,,
0,15.229,269.544,,,,,,,,,,,,,
0,16.489,269.589,,,,,,,,,,,,,
0,20,269.651,,,,,,,,,,,,,
2.5,25,2500,FALSE,,,68,,,,,0,,,,âÕêÏä«óùé{ê›ìôç\ë¢óﬂ
0,-20,265.291,,,,,,,,,,,,,
0,-19.006,265.264,,,,,,,,,,,,,
0,-18.718,265.28,,,,,,,,,,,,,
0,-17.997,265.33,,,,,,,,,,,,,
0,-17.584,265.323,,,,,,,,,,,,,
0,-17.113,265.33,,,,,,,,,,,,,
0,-16.667,265.33,,,,,,,,,,,,,
0,-16.282,265.326,,,,,,,,,,,,,
0,-15.792,265.305,,,,,,,,,,,,,
0,-15.277,265.32,,,,,,,,,,,,,
0,-14.881,265.345,,,,,,,,,,,,,
0,-14.403,265.31,,,,,,,,,,,,,
0,-13.93,265.287,,,,,,,,,,,,,
0,-13.552,265.296,,,,,,,,,,,,,
0,-12.872,265.313,,,,,,,,,,,,,
0,-12.553,265.307,,,,,,,,,,,,,
0,-11.687,265.295,,,,,,,,,,,,,
0,-10.824,265.29,,,,,,,,,,,,,
0,-10.632,265.3,,,,,,,,,,,,,
0,-10.185,265.259,,,,,,,,,,,,,
0,-9.921,265.247,,,,,,,,,,,,,
0,-9.811,265.249,,,,,,,,,,,,,
0,-8.647,265.3,,,,,,,,,,,,,
0,-8.111,265.296,,,,,,,,,,,,,
0,-7.711,265.294,,,,,,,,,,,,,
0,-7.074,265.261,,,,,,,,,,,,,
0,-7.05,265.261,,,,,,,,,,,,,
0,-6.909,265.266,,,,,,,,,,,,,
0,-5.623,265.312,,,,,,,,,,,,,
0,-5.406,265.317,,,,,,,,,,,,,
0,-4.847,265.333,,,,,,,,,,,,,
0,-4.389,265.332,,,,,,,,,,,,,
0,-4.003,265.293,,,,,,,,,,,,,
0,-3.104,264.851,,,,,,,,,,,,,
0,-2.772,264.702,,,,,,,,,,,,,
0,-2.626,264.579,,,,,,,,,,,,,
0,-2.102,264.246,,,,,,,,,,,,,
0,-1.519,263.792,,,,,,,,,,,,,
0,-1.407,263.775,,,,,,,,,,,,,
0,-1.271,263.755,,,,,,,,,,,,,
0,-0.483,263.655,,,,,,,,,,,,,
0,0.172,263.599,,,,,,,,,,,,,
0,0.503,263.542,,,,,,,,,,,,,
0,1.252,263.154,,,,,,,,,,,,,
0,1.527,262.993,,,,,,,,,,,,,
0,1.728,263.005,,,,,,,,,,,,,
0,2.321,263.088,,,,,,,,,,,,,
0,3.234,263.197,,,,,,,,,,,,,
0,3.669,263.299,,,,,,,,,,,,,
0,3.893,263.868,,,,,,,,,,,,,
0,4.371,264.804,,,,,,,,,,,,,
0,4.926,264.984,,,,,,,,,,,,,
0,5.448,265.097,,,,,,,,,,,,,
0,6.064,265.071,,,,,,,,,,,,,
0,6.496,265.058,,,,,,,,,,,,,
0,7.124,265.071,,,,,,,,,,,,,
0,8.153,265.082,,,,,,,,,,,,,
0,8.437,265.536,,,,,,,,,,,,,
0,8.849,266.419,,,,,,,,,,,,,
0,11.751,267.721,,,,,,,,,,,,,
0,12.87,268.495,,,,,,,,,,,,,
0,13.281,268.502,,,,,,,,,,,,,
0,13.808,268.545,,,,,,,,,,,,,
0,14.097,268.54,,,,,,,,,,,,,
0,14.189,268.555,,,,,,,,,,,,,
0,18.294,268.563,,,,,,,,,,,,,
0,19.592,268.546,,,,,,,,,,,,,
0,20,268.545,,,,,,,,,,,,,
2.6,26,2600,FALSE,,,67,,,,,0,,,,âÕêÏä«óùé{ê›ìôç\ë¢óﬂ
0,-20,268.33,,,,,,,,,,,,,
0,-19.813,268.333,,,,,,,,,,,,,
0,-18.837,268.302,,,,,,,,,,,,,
0,-18.75,268.299,,,,,,,,,,,,,
0,-18.678,268.295,,,,,,,,,,,,,
0,-17.678,268.215,,,,,,,,,,,,,
0,-16.661,268.182,,,,,,,,,,,,,
0,-16.593,268.183,,,,,,,,,,,,,
0,-16.511,268.184,,,,,,,,,,,,,
0,-15.518,268.225,,,,,,,,,,,,,
0,-15.126,268.234,,,,,,,,,,,,,
0,-14.433,268.249,,,,,,,,,,,,,
0,-13.608,268.214,,,,,,,,,,,,,
0,-13.346,268.207,,,,,,,,,,,,,
0,-12.734,268.139,,,,,,,,,,,,,
0,-12.359,268.116,,,,,,,,,,,,,
0,-12.15,268.102,,,,,,,,,,,,,
0,-11.501,268.214,,,,,,,,,,,,,
0,-10.82,268.345,,,,,,,,,,,,,
0,-10.629,268.35,,,,,,,,,,,,,
0,-10.29,268.34,,,,,,,,,,,,,
0,-9.52,268.354,,,,,,,,,,,,,
0,-9.197,268.316,,,,,,,,,,,,,
0,-8.309,268.287,,,,,,,,,,,,,
0,-7.342,268.154,,,,,,,,,,,,,
0,-7.074,268.136,,,,,,,,,,,,,
0,-6.573,267.924,,,,,,,,,,,,,
0,-6.071,267.71,,,,,,,,,,,,,
0,-5.747,267.5,,,,,,,,,,,,,
0,-5.231,267.138,,,,,,,,,,,,,
0,-4.456,266.697,,,,,,,,,,,,,
0,-4.379,266.646,,,,,,,,,,,,,
0,-4.344,266.586,,,,,,,,,,,,,
0,-3.426,264.883,,,,,,,,,,,,,
0,-3.087,264.841,,,,,,,,,,,,,
0,-0.552,264.687,,,,,,,,,,,,,
0,-0.013,264.719,,,,,,,,,,,,,
0,0.993,265.008,,,,,,,,,,,,,
0,1.218,265.082,,,,,,,,,,,,,
0,1.469,265.165,,,,,,,,,,,,,
0,2.264,265.411,,,,,,,,,,,,,
0,2.551,265.473,,,,,,,,,,,,,
0,3.261,265.456,,,,,,,,,,,,,
0,3.904,265.623,,,,,,,,,,,,,
0,4.253,265.687,,,,,,,,,,,,,
0,5.368,266.909,,,,,,,,,,,,,
0,5.377,266.92,,,,,,,,,,,,,
0,5.401,266.926,,,,,,,,,,,,,
0,6.579,267.234,,,,,,,,,,,,,
0,7.572,267.19,,,,,,,,,,,,,
0,7.756,267.188,,,,,,,,,,,,,
0,7.96,267.176,,,,,,,,,,,,,
0,8.885,267.105,,,,,,,,,,,,,
0,9.322,267.121,,,,,,,,,,,,,
0,10.037,267.161,,,,,,,,,,,,,
0,10.999,267.165,,,,,,,,,,,,,
0,11.179,267.171,,,,,,,,,,,,,
0,11.584,267.174,,,,,,,,,,,,,
0,12.252,267.189,,,,,,,,,,,,,
0,12.741,267.167,,,,,,,,,,,,,
0,13.309,267.198,,,,,,,,,,,,,
0,14.114,267.366,,,,,,,,,,,,,
0,14.377,267.434,,,,,,,,,,,,,
0,14.401,267.443,,,,,,,,,,,,,
0,14.438,267.495,,,,,,,,,,,,,
0,15.267,268.197,,,,,,,,,,,,,
0,20,272.328,,,,,,,,,,,,,
