0,0,0,,,,68,,,,,0,,,óÑêÏêÖån,éõíJêÏÅiêMäyêÏçáó¨ÇPÅj
0,-25,308.867,,,,,,,,,,,,,
0,-24.777,308.857,,,,,,,,,,,,,
0,-24.612,308.792,,,,,,,,,,,,,
0,-23.765,308.698,,,,,,,,,,,,,
0,-23.486,308.727,,,,,,,,,,,,,
0,-22.658,309.223,,,,,,,,,,,,,
0,-22.032,309.208,,,,,,,,,,,,,
0,-21.626,309.237,,,,,,,,,,,,,
0,-20.606,309.615,,,,,,,,,,,,,
0,-20.546,309.639,,,,,,,,,,,,,
0,-20.369,309.74,,,,,,,,,,,,,
0,-19.482,310.309,,,,,,,,,,,,,
0,-18.555,310.508,,,,,,,,,,,,,
0,-18.471,310.509,,,,,,,,,,,,,
0,-18.387,310.506,,,,,,,,,,,,,
0,-17.249,310.471,,,,,,,,,,,,,
0,-16.751,310.503,,,,,,,,,,,,,
0,-15.978,310.557,,,,,,,,,,,,,
0,-14.932,310.473,,,,,,,,,,,,,
0,-14.737,310.458,,,,,,,,,,,,,
0,-14.293,310.464,,,,,,,,,,,,,
0,-13.737,310.473,,,,,,,,,,,,,
0,-13.144,310.47,,,,,,,,,,,,,
0,-12.877,310.486,,,,,,,,,,,,,
0,-12.626,310.487,,,,,,,,,,,,,
0,-11.712,310.528,,,,,,,,,,,,,
0,-11.317,310.53,,,,,,,,,,,,,
0,-10.441,310.511,,,,,,,,,,,,,
0,-9.463,310.52,,,,,,,,,,,,,
0,-9.148,310.523,,,,,,,,,,,,,
0,-8.454,310.643,,,,,,,,,,,,,
0,-8.038,310.687,,,,,,,,,,,,,
0,-7.601,310.861,,,,,,,,,,,,,
0,-7.105,310.987,,,,,,,,,,,,,
0,-6.628,310.888,,,,,,,,,,,,,
0,-6.043,310.742,,,,,,,,,,,,,
0,-5.786,310.689,,,,,,,,,,,,,
0,-4.783,310.441,,,,,,,,,,,,,
0,-4.163,309.137,,,,,,,,,,,,,
0,-3.748,308.377,,,,,,,,,,,,,
0,-2.595,307.404,,,,,,,,,,,,,
0,-2.564,307.381,,,,,,,,,,,,,
0,-2.5,307.391,,,,,,,,,,,,,
0,-1.378,307.609,,,,,,,,,,,,,
0,-1.226,307.652,,,,,,,,,,,,,
0,1.889,308.496,,,,,,,,,,,,,
0,2.766,308.74,,,,,,,,,,,,,
0,2.787,308.736,,,,,,,,,,,,,
0,3.494,309.072,,,,,,,,,,,,,
0,6.402,310.717,,,,,,,,,,,,,
0,6.816,310.736,,,,,,,,,,,,,
0,7.667,310.946,,,,,,,,,,,,,
0,10.052,311.267,,,,,,,,,,,,,
0,11.098,311.365,,,,,,,,,,,,,
0,12.271,311.436,,,,,,,,,,,,,
0,13.697,311.228,,,,,,,,,,,,,
0,14.183,311.248,,,,,,,,,,,,,
0,14.373,311.245,,,,,,,,,,,,,
0,14.851,311.395,,,,,,,,,,,,,
0,17.559,312.035,,,,,,,,,,,,,
0,17.899,311.804,,,,,,,,,,,,,
0,18.258,311.791,,,,,,,,,,,,,
0,18.819,312.047,,,,,,,,,,,,,
0,20.036,312.123,,,,,,,,,,,,,
0,21.493,312.166,,,,,,,,,,,,,
0,22.647,312.38,,,,,,,,,,,,,
0,23.237,312.306,,,,,,,,,,,,,
0,25,312.498,,,,,,,,,,,,,
0.1,1,100,,,,71,,,,,0,,,óÑêÏêÖån,éõíJêÏÅiêMäyêÏçáó¨ÇPÅj
0,-25,311.972,,,,,,,,,,,,,
0,-24.66,312.032,,,,,,,,,,,,,
0,-24.065,312.189,,,,,,,,,,,,,
0,-23.299,312.131,,,,,,,,,,,,,
0,-23.128,312.122,,,,,,,,,,,,,
0,-22.725,312.128,,,,,,,,,,,,,
0,-22,312.006,,,,,,,,,,,,,
0,-21.841,311.974,,,,,,,,,,,,,
0,-20.725,311.81,,,,,,,,,,,,,
0,-20.277,311.692,,,,,,,,,,,,,
0,-19.462,311.556,,,,,,,,,,,,,
0,-18.735,311.346,,,,,,,,,,,,,
0,-18.202,311.174,,,,,,,,,,,,,
0,-17.196,310.858,,,,,,,,,,,,,
0,-16.949,310.789,,,,,,,,,,,,,
0,-15.851,310.532,,,,,,,,,,,,,
0,-15.696,310.549,,,,,,,,,,,,,
0,-15.601,310.549,,,,,,,,,,,,,
0,-14.901,311.025,,,,,,,,,,,,,
0,-14.641,310.962,,,,,,,,,,,,,
0,-13.485,310.793,,,,,,,,,,,,,
0,-13.4,310.778,,,,,,,,,,,,,
0,-12.791,310.665,,,,,,,,,,,,,
0,-12.173,310.65,,,,,,,,,,,,,
0,-12.034,310.665,,,,,,,,,,,,,
0,-10.91,311.001,,,,,,,,,,,,,
0,-10.443,311.173,,,,,,,,,,,,,
0,-9.633,311.335,,,,,,,,,,,,,
0,-8.896,311.362,,,,,,,,,,,,,
0,-8.401,311.363,,,,,,,,,,,,,
0,-7.378,311.325,,,,,,,,,,,,,
0,-7.162,311.307,,,,,,,,,,,,,
0,-6.184,310.855,,,,,,,,,,,,,
0,-6.022,310.784,,,,,,,,,,,,,
0,-5.96,310.758,,,,,,,,,,,,,
0,-5.078,309.969,,,,,,,,,,,,,
0,-4.691,309.644,,,,,,,,,,,,,
0,-4.112,309.525,,,,,,,,,,,,,
0,-3.341,309.15,,,,,,,,,,,,,
0,-3.144,309.143,,,,,,,,,,,,,
0,-2.686,309.249,,,,,,,,,,,,,
0,-1.91,309.441,,,,,,,,,,,,,
0,-0.911,309.491,,,,,,,,,,,,,
0,-0.548,309.435,,,,,,,,,,,,,
0,0.312,310.392,,,,,,,,,,,,,
0,1.073,311.454,,,,,,,,,,,,,
0,1.535,311.324,,,,,,,,,,,,,
0,2.4,310.899,,,,,,,,,,,,,
0,2.658,310.959,,,,,,,,,,,,,
0,3.825,311.3,,,,,,,,,,,,,
0,3.828,311.302,,,,,,,,,,,,,
0,3.84,311.312,,,,,,,,,,,,,
0,4.971,312.207,,,,,,,,,,,,,
0,5.552,312.552,,,,,,,,,,,,,
0,6.048,312.554,,,,,,,,,,,,,
0,7.118,312.618,,,,,,,,,,,,,
0,7.136,312.613,,,,,,,,,,,,,
0,7.179,312.595,,,,,,,,,,,,,
0,8.24,312.059,,,,,,,,,,,,,
0,8.46,311.969,,,,,,,,,,,,,
0,13.608,311.54,,,,,,,,,,,,,
0,16.873,311.388,,,,,,,,,,,,,
0,17.412,311.587,,,,,,,,,,,,,
0,18.671,311.782,,,,,,,,,,,,,
0,18.743,311.771,,,,,,,,,,,,,
0,19.786,311.778,,,,,,,,,,,,,
0,22.767,311.83,,,,,,,,,,,,,
0,23.79,312.686,,,,,,,,,,,,,
0,23.917,312.762,,,,,,,,,,,,,
0,24.842,312.859,,,,,,,,,,,,,
0,25,312.884,,,,,,,,,,,,,
0.2,2,200,,,,67,,,,,0,,,óÑêÏêÖån,éõíJêÏÅiêMäyêÏçáó¨ÇPÅj
0,-25,312.296,,,,,,,,,,,,,
0,-24.545,312.293,,,,,,,,,,,,,
0,-24.052,312.29,,,,,,,,,,,,,
0,-23.375,312.277,,,,,,,,,,,,,
0,-22.523,312.275,,,,,,,,,,,,,
0,-22.213,312.288,,,,,,,,,,,,,
0,-21.23,312.305,,,,,,,,,,,,,
0,-21.009,312.31,,,,,,,,,,,,,
0,-20.985,312.309,,,,,,,,,,,,,
0,-19.736,312.289,,,,,,,,,,,,,
0,-19.575,312.29,,,,,,,,,,,,,
0,-18.468,312.266,,,,,,,,,,,,,
0,-18.159,312.26,,,,,,,,,,,,,
0,-17.183,312.287,,,,,,,,,,,,,
0,-16.722,312.304,,,,,,,,,,,,,
0,-15.887,312.345,,,,,,,,,,,,,
0,-15.254,312.561,,,,,,,,,,,,,
0,-14.56,312.719,,,,,,,,,,,,,
0,-13.785,312.69,,,,,,,,,,,,,
0,-13.268,312.685,,,,,,,,,,,,,
0,-12.359,312.683,,,,,,,,,,,,,
0,-11.988,312.651,,,,,,,,,,,,,
0,-10.836,313.015,,,,,,,,,,,,,
0,-10.619,313.139,,,,,,,,,,,,,
0,-9.335,313.407,,,,,,,,,,,,,
0,-9.293,313.411,,,,,,,,,,,,,
0,-8.932,313.429,,,,,,,,,,,,,
0,-8.044,313.468,,,,,,,,,,,,,
0,-7.777,313.473,,,,,,,,,,,,,
0,-6.869,313.385,,,,,,,,,,,,,
0,-6.525,313.304,,,,,,,,,,,,,
0,-5.401,312.134,,,,,,,,,,,,,
0,-4.772,311.563,,,,,,,,,,,,,
0,-4.689,311.493,,,,,,,,,,,,,
0,-3.439,310.33,,,,,,,,,,,,,
0,-3.433,310.33,,,,,,,,,,,,,
0,-3.432,310.33,,,,,,,,,,,,,
0,-2.179,310.33,,,,,,,,,,,,,
0,-2.035,310.33,,,,,,,,,,,,,
0,-0.957,311.435,,,,,,,,,,,,,
0,-0.775,311.454,,,,,,,,,,,,,
0,-0.523,311.694,,,,,,,,,,,,,
0,-0.262,311.863,,,,,,,,,,,,,
0,0.476,312.3,,,,,,,,,,,,,
0,1.677,312.993,,,,,,,,,,,,,
0,2.272,313.078,,,,,,,,,,,,,
0,2.929,313.134,,,,,,,,,,,,,
0,3.667,313.168,,,,,,,,,,,,,
0,4.187,313.261,,,,,,,,,,,,,
0,5.097,313.556,,,,,,,,,,,,,
0,5.464,313.612,,,,,,,,,,,,,
0,6.498,313.689,,,,,,,,,,,,,
0,6.716,313.657,,,,,,,,,,,,,
0,7.863,313.659,,,,,,,,,,,,,
0,7.939,313.53,,,,,,,,,,,,,
0,8.694,312.613,,,,,,,,,,,,,
0,8.814,312.74,,,,,,,,,,,,,
0,9.519,311.279,,,,,,,,,,,,,
0,11.688,311.179,,,,,,,,,,,,,
0,11.972,311.133,,,,,,,,,,,,,
0,13.547,311.064,,,,,,,,,,,,,
0,15.924,311.098,,,,,,,,,,,,,
0,16.292,311.213,,,,,,,,,,,,,
0,16.647,311.208,,,,,,,,,,,,,
0,22.357,310.961,,,,,,,,,,,,,
0,22.972,311.104,,,,,,,,,,,,,
0,25,311.146,,,,,,,,,,,,,
0.3,3,300,,,,80,,,,,0,,,óÑêÏêÖån,éõíJêÏÅiêMäyêÏçáó¨ÇPÅj
0,-25,314.516,,,,,,,,,,,,,
0,-24.893,314.519,,,,,,,,,,,,,
0,-24.686,314.524,,,,,,,,,,,,,
0,-23.899,314.516,,,,,,,,,,,,,
0,-23.089,314.466,,,,,,,,,,,,,
0,-22.796,314.458,,,,,,,,,,,,,
0,-21.951,314.485,,,,,,,,,,,,,
0,-21.346,314.502,,,,,,,,,,,,,
0,-20.412,314.521,,,,,,,,,,,,,
0,-20.14,314.526,,,,,,,,,,,,,
0,-19.965,314.54,,,,,,,,,,,,,
0,-18.982,314.511,,,,,,,,,,,,,
0,-18.923,314.51,,,,,,,,,,,,,
0,-18.91,314.51,,,,,,,,,,,,,
0,-18.878,314.51,,,,,,,,,,,,,
0,-17.452,314.5,,,,,,,,,,,,,
0,-16.902,314.508,,,,,,,,,,,,,
0,-16.381,314.501,,,,,,,,,,,,,
0,-15.809,314.5,,,,,,,,,,,,,
0,-15.402,314.508,,,,,,,,,,,,,
0,-14.656,314.545,,,,,,,,,,,,,
0,-14.128,314.564,,,,,,,,,,,,,
0,-13.84,314.515,,,,,,,,,,,,,
0,-13.288,314.43,,,,,,,,,,,,,
0,-12.686,314.403,,,,,,,,,,,,,
0,-12.507,314.379,,,,,,,,,,,,,
0,-12.229,314.323,,,,,,,,,,,,,
0,-11.226,314.123,,,,,,,,,,,,,
0,-10.588,314.11,,,,,,,,,,,,,
0,-9.734,314.083,,,,,,,,,,,,,
0,-9.565,314.07,,,,,,,,,,,,,
0,-8.071,313.849,,,,,,,,,,,,,
0,-7.378,313.261,,,,,,,,,,,,,
0,-6.855,312.668,,,,,,,,,,,,,
0,-6.274,311.959,,,,,,,,,,,,,
0,-5.707,311.511,,,,,,,,,,,,,
0,-4.265,311.764,,,,,,,,,,,,,
0,-4.223,311.765,,,,,,,,,,,,,
0,-4.147,311.781,,,,,,,,,,,,,
0,-3.452,311.995,,,,,,,,,,,,,
0,-3.077,312.104,,,,,,,,,,,,,
0,-2.601,312.288,,,,,,,,,,,,,
0,-1.328,312.725,,,,,,,,,,,,,
0,1.331,313.707,,,,,,,,,,,,,
0,2.085,313.774,,,,,,,,,,,,,
0,2.258,313.835,,,,,,,,,,,,,
0,2.839,314.098,,,,,,,,,,,,,
0,3.064,314.265,,,,,,,,,,,,,
0,4.023,314.89,,,,,,,,,,,,,
0,5.242,315.656,,,,,,,,,,,,,
0,5.379,315.759,,,,,,,,,,,,,
0,6.267,316.314,,,,,,,,,,,,,
0,6.696,316.531,,,,,,,,,,,,,
0,7.608,316.852,,,,,,,,,,,,,
0,8.014,316.994,,,,,,,,,,,,,
0,8.208,317.057,,,,,,,,,,,,,
0,9.072,317.34,,,,,,,,,,,,,
0,9.418,317.32,,,,,,,,,,,,,
0,10.41,317.301,,,,,,,,,,,,,
0,11.523,317.258,,,,,,,,,,,,,
0,11.724,317.248,,,,,,,,,,,,,
0,12.05,317.223,,,,,,,,,,,,,
0,12.454,317.215,,,,,,,,,,,,,
0,12.704,317.231,,,,,,,,,,,,,
0,13.316,317.275,,,,,,,,,,,,,
0,13.884,317.261,,,,,,,,,,,,,
0,14.251,317.258,,,,,,,,,,,,,
0,14.638,317.188,,,,,,,,,,,,,
0,15.631,316.779,,,,,,,,,,,,,
0,15.915,316.57,,,,,,,,,,,,,
0,16.664,316.088,,,,,,,,,,,,,
0,17.337,315.706,,,,,,,,,,,,,
0,17.583,315.543,,,,,,,,,,,,,
0,17.976,315.369,,,,,,,,,,,,,
0,19.141,315.467,,,,,,,,,,,,,
0,19.653,315.478,,,,,,,,,,,,,
0,20.939,315.469,,,,,,,,,,,,,
0,21.432,315.46,,,,,,,,,,,,,
0,22.597,315.471,,,,,,,,,,,,,
0,25,315.465,,,,,,,,,,,,,
0.4,4,400,,,,77,,,,,0,,,óÑêÏêÖån,éõíJêÏÅiêMäyêÏçáó¨ÇPÅj
0,-25,315.831,,,,,,,,,,,,,
0,-24.607,315.824,,,,,,,,,,,,,
0,-23.693,315.81,,,,,,,,,,,,,
0,-23.28,315.798,,,,,,,,,,,,,
0,-22.37,315.784,,,,,,,,,,,,,
0,-21.341,315.792,,,,,,,,,,,,,
0,-21.02,315.798,,,,,,,,,,,,,
0,-20.347,315.805,,,,,,,,,,,,,
0,-19.732,315.811,,,,,,,,,,,,,
0,-19.239,315.824,,,,,,,,,,,,,
0,-18.494,315.827,,,,,,,,,,,,,
0,-17.535,315.807,,,,,,,,,,,,,
0,-17.217,315.802,,,,,,,,,,,,,
0,-17.046,315.801,,,,,,,,,,,,,
0,-15.75,315.821,,,,,,,,,,,,,
0,-14.778,315.817,,,,,,,,,,,,,
0,-14.294,315.814,,,,,,,,,,,,,
0,-13.407,315.828,,,,,,,,,,,,,
0,-12.991,315.834,,,,,,,,,,,,,
0,-12.752,315.845,,,,,,,,,,,,,
0,-11.927,315.85,,,,,,,,,,,,,
0,-11.07,315.824,,,,,,,,,,,,,
0,-10.856,315.844,,,,,,,,,,,,,
0,-10.476,315.802,,,,,,,,,,,,,
0,-9.557,315.785,,,,,,,,,,,,,
0,-9.072,315.874,,,,,,,,,,,,,
0,-8.054,316.107,,,,,,,,,,,,,
0,-6.794,315.95,,,,,,,,,,,,,
0,-6.586,315.924,,,,,,,,,,,,,
0,-6.139,315.511,,,,,,,,,,,,,
0,-5.225,314.621,,,,,,,,,,,,,
0,-4.405,314.392,,,,,,,,,,,,,
0,-3.799,314.178,,,,,,,,,,,,,
0,-3.157,314.262,,,,,,,,,,,,,
0,-2.483,314.31,,,,,,,,,,,,,
0,-2.212,314.345,,,,,,,,,,,,,
0,-1.277,314.382,,,,,,,,,,,,,
0,-0.527,314.4,,,,,,,,,,,,,
0,-0.085,314.716,,,,,,,,,,,,,
0,0.884,315.624,,,,,,,,,,,,,
0,1.179,315.951,,,,,,,,,,,,,
0,1.432,316.024,,,,,,,,,,,,,
0,2.446,316.24,,,,,,,,,,,,,
0,3.682,316.279,,,,,,,,,,,,,
0,3.711,316.28,,,,,,,,,,,,,
0,3.749,316.277,,,,,,,,,,,,,
0,4.991,316.208,,,,,,,,,,,,,
0,5.511,316.232,,,,,,,,,,,,,
0,6.287,316.386,,,,,,,,,,,,,
0,7.358,316.548,,,,,,,,,,,,,
0,7.583,316.559,,,,,,,,,,,,,
0,8.109,316.556,,,,,,,,,,,,,
0,8.892,316.547,,,,,,,,,,,,,
0,9.605,316.555,,,,,,,,,,,,,
0,10.22,316.555,,,,,,,,,,,,,
0,10.915,316.544,,,,,,,,,,,,,
0,11.525,316.536,,,,,,,,,,,,,
0,11.798,316.536,,,,,,,,,,,,,
0,12.802,316.555,,,,,,,,,,,,,
0,13.669,316.59,,,,,,,,,,,,,
0,14.09,316.612,,,,,,,,,,,,,
0,15.002,316.61,,,,,,,,,,,,,
0,15.328,316.608,,,,,,,,,,,,,
0,15.529,316.606,,,,,,,,,,,,,
0,16.453,316.569,,,,,,,,,,,,,
0,17.326,316.612,,,,,,,,,,,,,
0,17.578,316.623,,,,,,,,,,,,,
0,17.992,316.615,,,,,,,,,,,,,
0,18.902,316.604,,,,,,,,,,,,,
0,19.321,316.617,,,,,,,,,,,,,
0,20.324,316.685,,,,,,,,,,,,,
0,21.376,316.488,,,,,,,,,,,,,
0,21.732,316.447,,,,,,,,,,,,,
0,23.855,317.771,,,,,,,,,,,,,
0,24.146,317.885,,,,,,,,,,,,,
0,24.42,318.083,,,,,,,,,,,,,
0,25,318.489,,,,,,,,,,,,,
0.5,5,500,,,,73,,,,,0,,,óÑêÏêÖån,éõíJêÏÅiêMäyêÏçáó¨ÇPÅj
0,-25,317.727,,,,,,,,,,,,,
0,-24.963,317.726,,,,,,,,,,,,,
0,-24.071,317.704,,,,,,,,,,,,,
0,-23.039,317.699,,,,,,,,,,,,,
0,-22.574,317.685,,,,,,,,,,,,,
0,-21.133,317.67,,,,,,,,,,,,,
0,-21.079,317.67,,,,,,,,,,,,,
0,-20.896,317.672,,,,,,,,,,,,,
0,-19.774,317.683,,,,,,,,,,,,,
0,-19.383,317.693,,,,,,,,,,,,,
0,-18.501,317.679,,,,,,,,,,,,,
0,-17.674,317.673,,,,,,,,,,,,,
0,-17.214,317.683,,,,,,,,,,,,,
0,-15.967,317.7,,,,,,,,,,,,,
0,-15.944,317.699,,,,,,,,,,,,,
0,-15.877,317.699,,,,,,,,,,,,,
0,-14.546,317.69,,,,,,,,,,,,,
0,-14.18,317.7,,,,,,,,,,,,,
0,-13.128,317.736,,,,,,,,,,,,,
0,-12.393,317.819,,,,,,,,,,,,,
0,-11.718,317.916,,,,,,,,,,,,,
0,-10.577,317.904,,,,,,,,,,,,,
0,-10.3,317.888,,,,,,,,,,,,,
0,-9.291,317.832,,,,,,,,,,,,,
0,-8.893,317.803,,,,,,,,,,,,,
0,-8.724,317.82,,,,,,,,,,,,,
0,-7.404,317.906,,,,,,,,,,,,,
0,-6.613,317.867,,,,,,,,,,,,,
0,-5.941,317.82,,,,,,,,,,,,,
0,-4.588,317.612,,,,,,,,,,,,,
0,-4.499,317.593,,,,,,,,,,,,,
0,-4.449,317.575,,,,,,,,,,,,,
0,-2.745,316.515,,,,,,,,,,,,,
0,-1.803,316.331,,,,,,,,,,,,,
0,-0.589,315.99,,,,,,,,,,,,,
0,-0.118,315.983,,,,,,,,,,,,,
0,0.5,316.445,,,,,,,,,,,,,
0,1.703,317.344,,,,,,,,,,,,,
0,1.945,317.532,,,,,,,,,,,,,
0,2.089,317.612,,,,,,,,,,,,,
0,2.622,317.856,,,,,,,,,,,,,
0,3.427,318.209,,,,,,,,,,,,,
0,3.769,318.262,,,,,,,,,,,,,
0,4.763,318.275,,,,,,,,,,,,,
0,5.593,318.248,,,,,,,,,,,,,
0,6.089,318.238,,,,,,,,,,,,,
0,7.409,317.961,,,,,,,,,,,,,
0,7.416,317.96,,,,,,,,,,,,,
0,7.418,317.96,,,,,,,,,,,,,
0,8.684,317.668,,,,,,,,,,,,,
0,8.965,317.646,,,,,,,,,,,,,
0,9.956,317.611,,,,,,,,,,,,,
0,10.52,317.631,,,,,,,,,,,,,
0,11.219,317.63,,,,,,,,,,,,,
0,12.088,317.6,,,,,,,,,,,,,
0,12.492,317.607,,,,,,,,,,,,,
0,13.641,317.618,,,,,,,,,,,,,
0,13.746,317.619,,,,,,,,,,,,,
0,14.209,317.609,,,,,,,,,,,,,
0,15.227,317.594,,,,,,,,,,,,,
0,15.621,317.593,,,,,,,,,,,,,
0,16.743,317.605,,,,,,,,,,,,,
0,17.804,317.644,,,,,,,,,,,,,
0,18.314,317.655,,,,,,,,,,,,,
0,19.595,317.609,,,,,,,,,,,,,
0,19.81,317.6,,,,,,,,,,,,,
0,19.864,317.601,,,,,,,,,,,,,
0,21.199,317.59,,,,,,,,,,,,,
0,21.634,317.574,,,,,,,,,,,,,
0,22.562,317.587,,,,,,,,,,,,,
0,23.357,317.587,,,,,,,,,,,,,
0,23.947,317.59,,,,,,,,,,,,,
0,25,317.611,,,,,,,,,,,,,
0.6,6,600,,,,83,,,,,0,,,óÑêÏêÖån,éõíJêÏÅiêMäyêÏçáó¨ÇPÅj
0,-25,319.554,,,,,,,,,,,,,
0,-24.695,319.553,,,,,,,,,,,,,
0,-23.854,319.539,,,,,,,,,,,,,
0,-23.343,319.526,,,,,,,,,,,,,
0,-22.979,319.513,,,,,,,,,,,,,
0,-22.27,319.488,,,,,,,,,,,,,
0,-21.259,319.528,,,,,,,,,,,,,
0,-21.161,319.529,,,,,,,,,,,,,
0,-21.104,319.529,,,,,,,,,,,,,
0,-19.869,319.522,,,,,,,,,,,,,
0,-19.033,319.511,,,,,,,,,,,,,
0,-18.568,319.498,,,,,,,,,,,,,
0,-17.778,319.506,,,,,,,,,,,,,
0,-17.377,319.514,,,,,,,,,,,,,
0,-17.127,319.508,,,,,,,,,,,,,
0,-16.337,319.491,,,,,,,,,,,,,
0,-15.423,319.533,,,,,,,,,,,,,
0,-15.296,319.54,,,,,,,,,,,,,
0,-15.093,319.532,,,,,,,,,,,,,
0,-14,319.517,,,,,,,,,,,,,
0,-13.183,319.518,,,,,,,,,,,,,
0,-12.622,319.525,,,,,,,,,,,,,
0,-11.865,319.519,,,,,,,,,,,,,
0,-11.213,319.51,,,,,,,,,,,,,
0,-10.453,319.5,,,,,,,,,,,,,
0,-9.695,319.49,,,,,,,,,,,,,
0,-9.05,319.541,,,,,,,,,,,,,
0,-8.151,319.597,,,,,,,,,,,,,
0,-7.364,319.62,,,,,,,,,,,,,
0,-6.6,319.606,,,,,,,,,,,,,
0,-5.716,319.477,,,,,,,,,,,,,
0,-5.217,319.426,,,,,,,,,,,,,
0,-4.783,319.211,,,,,,,,,,,,,
0,-4.081,318.987,,,,,,,,,,,,,
0,-3.275,318.851,,,,,,,,,,,,,
0,-2.903,318.813,,,,,,,,,,,,,
0,-2.692,318.74,,,,,,,,,,,,,
0,-1.656,318.321,,,,,,,,,,,,,
0,-0.768,317.6,,,,,,,,,,,,,
0,-0.417,317.6,,,,,,,,,,,,,
0,0.186,317.6,,,,,,,,,,,,,
0,0.746,317.6,,,,,,,,,,,,,
0,1.117,317.6,,,,,,,,,,,,,
0,1.805,317.6,,,,,,,,,,,,,
0,2.82,317.6,,,,,,,,,,,,,
0,2.899,317.6,,,,,,,,,,,,,
0,2.953,317.6,,,,,,,,,,,,,
0,4.138,317.99,,,,,,,,,,,,,
0,5.096,318.488,,,,,,,,,,,,,
0,5.411,318.697,,,,,,,,,,,,,
0,5.817,318.806,,,,,,,,,,,,,
0,6.544,319.087,,,,,,,,,,,,,
0,6.979,319.13,,,,,,,,,,,,,
0,7.644,319.149,,,,,,,,,,,,,
0,8.699,319.161,,,,,,,,,,,,,
0,8.727,319.158,,,,,,,,,,,,,
0,8.777,319.168,,,,,,,,,,,,,
0,10.076,319.275,,,,,,,,,,,,,
0,11.158,319.734,,,,,,,,,,,,,
0,11.441,319.875,,,,,,,,,,,,,
0,11.77,320.045,,,,,,,,,,,,,
0,12.633,320.587,,,,,,,,,,,,,
0,13.312,320.678,,,,,,,,,,,,,
0,13.789,320.663,,,,,,,,,,,,,
0,14.439,320.63,,,,,,,,,,,,,
0,14.977,320.614,,,,,,,,,,,,,
0,15.366,320.519,,,,,,,,,,,,,
0,16.276,320.199,,,,,,,,,,,,,
0,17.522,319.539,,,,,,,,,,,,,
0,17.547,319.53,,,,,,,,,,,,,
0,17.583,319.527,,,,,,,,,,,,,
0,18.624,319.441,,,,,,,,,,,,,
0,19.202,319.394,,,,,,,,,,,,,
0,19.692,319.383,,,,,,,,,,,,,
0,20.582,319.363,,,,,,,,,,,,,
0,20.813,319.362,,,,,,,,,,,,,
0,21.007,319.359,,,,,,,,,,,,,
0,22.162,319.359,,,,,,,,,,,,,
0,23.499,319.508,,,,,,,,,,,,,
0,23.519,319.509,,,,,,,,,,,,,
0,23.543,319.507,,,,,,,,,,,,,
0,24.915,319.36,,,,,,,,,,,,,
0,25,319.361,,,,,,,,,,,,,
0.7,7,700,,,,85,,,,,0,,,óÑêÏêÖån,éõíJêÏÅiêMäyêÏçáó¨ÇPÅj
0,-25,323.056,,,,,,,,,,,,,
0,-24.384,323.06,,,,,,,,,,,,,
0,-24.093,323.071,,,,,,,,,,,,,
0,-23.094,323.12,,,,,,,,,,,,,
0,-22.656,323.141,,,,,,,,,,,,,
0,-21.719,323.131,,,,,,,,,,,,,
0,-21.512,323.099,,,,,,,,,,,,,
0,-20.641,323.321,,,,,,,,,,,,,
0,-20.168,323.407,,,,,,,,,,,,,
0,-20.051,323.405,,,,,,,,,,,,,
0,-19.003,323.152,,,,,,,,,,,,,
0,-18.433,323.242,,,,,,,,,,,,,
0,-17.616,323.163,,,,,,,,,,,,,
0,-16.927,323.157,,,,,,,,,,,,,
0,-16.463,323.057,,,,,,,,,,,,,
0,-15.856,322.971,,,,,,,,,,,,,
0,-15.086,322.847,,,,,,,,,,,,,
0,-14.576,322.792,,,,,,,,,,,,,
0,-13.954,322.708,,,,,,,,,,,,,
0,-12.863,322.486,,,,,,,,,,,,,
0,-12.551,322.435,,,,,,,,,,,,,
0,-11.533,322.288,,,,,,,,,,,,,
0,-11.409,322.272,,,,,,,,,,,,,
0,-11.358,322.261,,,,,,,,,,,,,
0,-10.014,322.022,,,,,,,,,,,,,
0,-9.457,321.89,,,,,,,,,,,,,
0,-8.859,321.728,,,,,,,,,,,,,
0,-7.949,321.968,,,,,,,,,,,,,
0,-7.591,322,,,,,,,,,,,,,
0,-7.29,322.092,,,,,,,,,,,,,
0,-6.36,322.49,,,,,,,,,,,,,
0,-5.175,322.346,,,,,,,,,,,,,
0,-5.029,322.349,,,,,,,,,,,,,
0,-4.977,322.329,,,,,,,,,,,,,
0,-4.623,322.213,,,,,,,,,,,,,
0,-4.015,322.014,,,,,,,,,,,,,
0,-3.929,321.864,,,,,,,,,,,,,
0,-3.207,320.966,,,,,,,,,,,,,
0,-2.639,320.255,,,,,,,,,,,,,
0,-2.573,320.208,,,,,,,,,,,,,
0,-2.349,320.085,,,,,,,,,,,,,
0,-1.67,319.907,,,,,,,,,,,,,
0,-1.474,319.973,,,,,,,,,,,,,
0,-0.514,319.739,,,,,,,,,,,,,
0,-0.105,319.741,,,,,,,,,,,,,
0,-0.015,319.714,,,,,,,,,,,,,
0,0.861,319.65,,,,,,,,,,,,,
0,0.977,319.652,,,,,,,,,,,,,
0,0.989,319.65,,,,,,,,,,,,,
0,1.969,320.639,,,,,,,,,,,,,
0,2.415,321.03,,,,,,,,,,,,,
0,2.934,321.546,,,,,,,,,,,,,
0,3.539,322.247,,,,,,,,,,,,,
0,3.954,322.293,,,,,,,,,,,,,
0,4.806,322.613,,,,,,,,,,,,,
0,4.991,322.681,,,,,,,,,,,,,
0,5.582,322.925,,,,,,,,,,,,,
0,5.931,323.065,,,,,,,,,,,,,
0,6.041,323.068,,,,,,,,,,,,,
0,7.27,323.089,,,,,,,,,,,,,
0,7.301,323.088,,,,,,,,,,,,,
0,7.398,323.084,,,,,,,,,,,,,
0,8.418,323.071,,,,,,,,,,,,,
0,8.738,323.037,,,,,,,,,,,,,
0,9.75,323.068,,,,,,,,,,,,,
0,10.168,323.084,,,,,,,,,,,,,
0,10.968,323.105,,,,,,,,,,,,,
0,11.414,323.107,,,,,,,,,,,,,
0,12.257,323.113,,,,,,,,,,,,,
0,12.308,323.112,,,,,,,,,,,,,
0,12.471,323.118,,,,,,,,,,,,,
0,13.155,323.122,,,,,,,,,,,,,
0,13.378,323.142,,,,,,,,,,,,,
0,14.11,323.153,,,,,,,,,,,,,
0,14.702,323.332,,,,,,,,,,,,,
0,15.31,323.45,,,,,,,,,,,,,
0,15.931,323.383,,,,,,,,,,,,,
0,17.178,323.251,,,,,,,,,,,,,
0,18.27,323.28,,,,,,,,,,,,,
0,18.345,323.28,,,,,,,,,,,,,
0,19.458,323.511,,,,,,,,,,,,,
0,19.933,323.539,,,,,,,,,,,,,
0,22.367,323.293,,,,,,,,,,,,,
0,23.742,323.016,,,,,,,,,,,,,
0,25,323.156,,,,,,,,,,,,,
0.8,8,800,,,,90,,,,,0,,,óÑêÏêÖån,éõíJêÏÅiêMäyêÏçáó¨ÇPÅj
0,-25,323.893,,,,,,,,,,,,,
0,-24.952,323.894,,,,,,,,,,,,,
0,-22.135,323.907,,,,,,,,,,,,,
0,-21.654,323.898,,,,,,,,,,,,,
0,-20.692,323.894,,,,,,,,,,,,,
0,-19.674,323.857,,,,,,,,,,,,,
0,-19.496,323.833,,,,,,,,,,,,,
0,-18.735,323.265,,,,,,,,,,,,,
0,-17.831,322.697,,,,,,,,,,,,,
0,-17.458,322.875,,,,,,,,,,,,,
0,-16.577,323.206,,,,,,,,,,,,,
0,-16.105,323.204,,,,,,,,,,,,,
0,-15.227,323.36,,,,,,,,,,,,,
0,-14.85,323.375,,,,,,,,,,,,,
0,-13.849,323.333,,,,,,,,,,,,,
0,-13.434,323.323,,,,,,,,,,,,,
0,-13.313,323.306,,,,,,,,,,,,,
0,-12.227,323.261,,,,,,,,,,,,,
0,-12.127,323.258,,,,,,,,,,,,,
0,-11.58,323.281,,,,,,,,,,,,,
0,-11.06,323.295,,,,,,,,,,,,,
0,-10.967,323.297,,,,,,,,,,,,,
0,-10.028,323.291,,,,,,,,,,,,,
0,-9.627,323.254,,,,,,,,,,,,,
0,-8.696,323.229,,,,,,,,,,,,,
0,-8.311,323.258,,,,,,,,,,,,,
0,-7.564,323.344,,,,,,,,,,,,,
0,-7.135,323.376,,,,,,,,,,,,,
0,-5.874,323.422,,,,,,,,,,,,,
0,-5.689,323.447,,,,,,,,,,,,,
0,-5.362,323.519,,,,,,,,,,,,,
0,-4.545,323.692,,,,,,,,,,,,,
0,-4.354,323.731,,,,,,,,,,,,,
0,-3.95,323.713,,,,,,,,,,,,,
0,-3.439,323.675,,,,,,,,,,,,,
0,-3.194,323.517,,,,,,,,,,,,,
0,-2.286,322.8,,,,,,,,,,,,,
0,-1.932,322.576,,,,,,,,,,,,,
0,-0.931,322.576,,,,,,,,,,,,,
0,-0.664,322.576,,,,,,,,,,,,,
0,-0.575,322.576,,,,,,,,,,,,,
0,0.504,322.576,,,,,,,,,,,,,
0,0.594,322.55,,,,,,,,,,,,,
0,0.601,322.553,,,,,,,,,,,,,
0,1.725,323.354,,,,,,,,,,,,,
0,1.923,323.523,,,,,,,,,,,,,
0,2.717,324.066,,,,,,,,,,,,,
0,3.203,324.014,,,,,,,,,,,,,
0,3.633,323.937,,,,,,,,,,,,,
0,4.427,323.849,,,,,,,,,,,,,
0,4.615,323.84,,,,,,,,,,,,,
0,5.704,323.84,,,,,,,,,,,,,
0,6.148,323.83,,,,,,,,,,,,,
0,6.927,323.76,,,,,,,,,,,,,
0,7.027,323.752,,,,,,,,,,,,,
0,7.084,323.75,,,,,,,,,,,,,
0,7.412,323.747,,,,,,,,,,,,,
0,8.29,323.733,,,,,,,,,,,,,
0,8.444,323.734,,,,,,,,,,,,,
0,8.737,323.74,,,,,,,,,,,,,
0,9.316,323.745,,,,,,,,,,,,,
0,9.612,323.723,,,,,,,,,,,,,
0,10.613,323.684,,,,,,,,,,,,,
0,10.864,323.673,,,,,,,,,,,,,
0,10.968,323.668,,,,,,,,,,,,,
0,11.636,323.608,,,,,,,,,,,,,
0,12.162,323.564,,,,,,,,,,,,,
0,12.243,323.557,,,,,,,,,,,,,
0,13.187,323.528,,,,,,,,,,,,,
0,13.464,323.527,,,,,,,,,,,,,
0,14.527,323.495,,,,,,,,,,,,,
0,14.743,323.493,,,,,,,,,,,,,
0,15.945,323.492,,,,,,,,,,,,,
0,16.096,323.49,,,,,,,,,,,,,
0,16.466,323.49,,,,,,,,,,,,,
0,17.391,323.487,,,,,,,,,,,,,
0,17.817,323.486,,,,,,,,,,,,,
0,18.583,323.48,,,,,,,,,,,,,
0,19.385,323.474,,,,,,,,,,,,,
0,19.983,323.462,,,,,,,,,,,,,
0,20.655,323.45,,,,,,,,,,,,,
0,21.244,323.466,,,,,,,,,,,,,
0,21.676,323.453,,,,,,,,,,,,,
0,22.522,323.465,,,,,,,,,,,,,
0,22.615,323.469,,,,,,,,,,,,,
0,23.893,323.497,,,,,,,,,,,,,
0,23.949,323.5,,,,,,,,,,,,,
0,24.061,323.495,,,,,,,,,,,,,
0,24.784,323.477,,,,,,,,,,,,,
0,25,323.503,,,,,,,,,,,,,
0.9,9,910,,,,70,,,,,0,,,óÑêÏêÖån,éõíJêÏÅiêMäyêÏçáó¨ÇPÅj
0,-25,326.508,,,,,,,,,,,,,
0,-24.576,326.454,,,,,,,,,,,,,
0,-24.334,326.457,,,,,,,,,,,,,
0,-23.598,326.429,,,,,,,,,,,,,
0,-23.085,326.403,,,,,,,,,,,,,
0,-22.519,326.384,,,,,,,,,,,,,
0,-22.024,326.372,,,,,,,,,,,,,
0,-21.583,326.378,,,,,,,,,,,,,
0,-20.89,326.384,,,,,,,,,,,,,
0,-20.115,326.377,,,,,,,,,,,,,
0,-19.706,326.375,,,,,,,,,,,,,
0,-19.339,326.364,,,,,,,,,,,,,
0,-18.647,326.36,,,,,,,,,,,,,
0,-17.955,326.336,,,,,,,,,,,,,
0,-17.646,326.328,,,,,,,,,,,,,
0,-17.333,326.349,,,,,,,,,,,,,
0,-16.582,326.373,,,,,,,,,,,,,
0,-15.888,326.352,,,,,,,,,,,,,
0,-15.49,326.336,,,,,,,,,,,,,
0,-15.056,326.35,,,,,,,,,,,,,
0,-14.4,326.37,,,,,,,,,,,,,
0,-13.675,326.366,,,,,,,,,,,,,
0,-13.34,326.36,,,,,,,,,,,,,
0,-13.047,326.363,,,,,,,,,,,,,
0,-11.838,326.375,,,,,,,,,,,,,
0,-10.676,326.373,,,,,,,,,,,,,
0,-10.243,326.372,,,,,,,,,,,,,
0,-8.708,326.725,,,,,,,,,,,,,
0,-8.687,326.729,,,,,,,,,,,,,
0,-8.681,326.728,,,,,,,,,,,,,
0,-7.29,326.358,,,,,,,,,,,,,
0,-6.378,326.646,,,,,,,,,,,,,
0,-5.818,326.68,,,,,,,,,,,,,
0,-4.338,326.408,,,,,,,,,,,,,
0,-4.148,326.416,,,,,,,,,,,,,
0,-3.793,326.385,,,,,,,,,,,,,
0,-2.598,326.303,,,,,,,,,,,,,
0,-1.941,325.994,,,,,,,,,,,,,
0,-1.359,325.659,,,,,,,,,,,,,
0,-0.84,325.227,,,,,,,,,,,,,
0,-0.369,324.655,,,,,,,,,,,,,
0,0.143,324.372,,,,,,,,,,,,,
0,0.91,323.956,,,,,,,,,,,,,
0,2.357,325.575,,,,,,,,,,,,,
0,2.445,325.69,,,,,,,,,,,,,
0,2.638,325.707,,,,,,,,,,,,,
0,3.683,325.808,,,,,,,,,,,,,
0,4.118,326.035,,,,,,,,,,,,,
0,5.166,326.601,,,,,,,,,,,,,
0,5.75,326.99,,,,,,,,,,,,,
0,6.027,327.127,,,,,,,,,,,,,
0,6.733,327.138,,,,,,,,,,,,,
0,7.156,327.185,,,,,,,,,,,,,
0,7.691,327.154,,,,,,,,,,,,,
0,8.209,327.221,,,,,,,,,,,,,
0,8.612,327.326,,,,,,,,,,,,,
0,9.367,327.578,,,,,,,,,,,,,
0,9.55,327.618,,,,,,,,,,,,,
0,10.06,327.449,,,,,,,,,,,,,
0,11.775,327.882,,,,,,,,,,,,,
0,16.311,329.8,,,,,,,,,,,,,
0,19.956,331.046,,,,,,,,,,,,,
0,20.611,331.162,,,,,,,,,,,,,
0,22.302,331.742,,,,,,,,,,,,,
0,22.594,331.912,,,,,,,,,,,,,
0,23.705,331.915,,,,,,,,,,,,,
0,23.872,331.935,,,,,,,,,,,,,
0,24.027,331.91,,,,,,,,,,,,,
0,24.773,332.216,,,,,,,,,,,,,
0,25,332.328,,,,,,,,,,,,,
1,10,1010,,,,59,,,,,0,,,óÑêÏêÖån,éõíJêÏÅiêMäyêÏçáó¨ÇPÅj
0,-25,326.694,,,,,,,,,,,,,
0,-23.84,326.714,,,,,,,,,,,,,
0,-23.479,326.697,,,,,,,,,,,,,
0,-22.378,326.666,,,,,,,,,,,,,
0,-21.609,326.681,,,,,,,,,,,,,
0,-20.934,326.683,,,,,,,,,,,,,
0,-19.786,326.662,,,,,,,,,,,,,
0,-19.49,326.665,,,,,,,,,,,,,
0,-18.448,326.703,,,,,,,,,,,,,
0,-18.037,326.719,,,,,,,,,,,,,
0,-17.946,326.718,,,,,,,,,,,,,
0,-16.587,326.713,,,,,,,,,,,,,
0,-16.175,326.706,,,,,,,,,,,,,
0,-15.118,326.705,,,,,,,,,,,,,
0,-14.388,326.72,,,,,,,,,,,,,
0,-13.663,326.726,,,,,,,,,,,,,
0,-12.604,326.714,,,,,,,,,,,,,
0,-12.201,326.704,,,,,,,,,,,,,
0,-10.829,326.72,,,,,,,,,,,,,
0,-10.741,326.719,,,,,,,,,,,,,
0,-10.341,326.723,,,,,,,,,,,,,
0,-9.3,326.722,,,,,,,,,,,,,
0,-9.004,326.73,,,,,,,,,,,,,
0,-7.869,326.829,,,,,,,,,,,,,
0,-7.167,326.584,,,,,,,,,,,,,
0,-6.421,326.272,,,,,,,,,,,,,
0,-5.339,326.98,,,,,,,,,,,,,
0,-5.159,327.139,,,,,,,,,,,,,
0,-4.933,327.113,,,,,,,,,,,,,
0,-2.727,326.261,,,,,,,,,,,,,
0,-2.151,326.206,,,,,,,,,,,,,
0,-1.812,326.261,,,,,,,,,,,,,
0,-0.904,326.261,,,,,,,,,,,,,
0,1.691,327.71,,,,,,,,,,,,,
0,1.8,327.79,,,,,,,,,,,,,
0,1.896,327.847,,,,,,,,,,,,,
0,6.218,330.533,,,,,,,,,,,,,
0,6.868,330.788,,,,,,,,,,,,,
0,8.05,331.003,,,,,,,,,,,,,
0,8.254,331.05,,,,,,,,,,,,,
0,8.905,331.24,,,,,,,,,,,,,
0,9.548,331.306,,,,,,,,,,,,,
0,10.313,331.503,,,,,,,,,,,,,
0,11.104,331.73,,,,,,,,,,,,,
0,12.225,332.083,,,,,,,,,,,,,
0,12.84,332.264,,,,,,,,,,,,,
0,13.473,332.514,,,,,,,,,,,,,
0,14.445,332.562,,,,,,,,,,,,,
0,15.375,332.609,,,,,,,,,,,,,
0,15.838,333.143,,,,,,,,,,,,,
0,17.008,333.391,,,,,,,,,,,,,
0,18.413,333.565,,,,,,,,,,,,,
0,18.908,333.705,,,,,,,,,,,,,
0,19.052,333.756,,,,,,,,,,,,,
0,21.314,334.983,,,,,,,,,,,,,
0,23.098,335.878,,,,,,,,,,,,,
0,23.657,336.188,,,,,,,,,,,,,
0,24.185,336.437,,,,,,,,,,,,,
0,25,337.135,,,,,,,,,,,,,
1.1,11,1100,,,,71,,,,,0,,,óÑêÏêÖån,éõíJêÏÅiêMäyêÏçáó¨ÇPÅj
0,-25,328.583,,,,,,,,,,,,,
0,-24.62,328.579,,,,,,,,,,,,,
0,-24.348,328.582,,,,,,,,,,,,,
0,-23.392,328.594,,,,,,,,,,,,,
0,-22.545,328.604,,,,,,,,,,,,,
0,-22.155,328.603,,,,,,,,,,,,,
0,-21.719,328.628,,,,,,,,,,,,,
0,-21.018,328.634,,,,,,,,,,,,,
0,-20.337,328.603,,,,,,,,,,,,,
0,-19.942,328.579,,,,,,,,,,,,,
0,-19.543,328.577,,,,,,,,,,,,,
0,-18.849,328.6,,,,,,,,,,,,,
0,-18.416,328.582,,,,,,,,,,,,,
0,-17.73,328.581,,,,,,,,,,,,,
0,-16.614,328.61,,,,,,,,,,,,,
0,-16.607,328.61,,,,,,,,,,,,,
0,-16.597,328.61,,,,,,,,,,,,,
0,-15.327,328.623,,,,,,,,,,,,,
0,-14.652,328.63,,,,,,,,,,,,,
0,-14.108,328.632,,,,,,,,,,,,,
0,-13.759,328.624,,,,,,,,,,,,,
0,-12.965,328.61,,,,,,,,,,,,,
0,-11.882,328.582,,,,,,,,,,,,,
0,-11.824,328.581,,,,,,,,,,,,,
0,-11.735,328.582,,,,,,,,,,,,,
0,-10.422,328.619,,,,,,,,,,,,,
0,-9.693,328.62,,,,,,,,,,,,,
0,-9.021,328.61,,,,,,,,,,,,,
0,-8.405,328.592,,,,,,,,,,,,,
0,-7.63,328.585,,,,,,,,,,,,,
0,-6.764,328.9,,,,,,,,,,,,,
0,-6.41,329.008,,,,,,,,,,,,,
0,-6.135,329.177,,,,,,,,,,,,,
0,-5.438,329.502,,,,,,,,,,,,,
0,-4.53,329.699,,,,,,,,,,,,,
0,-4.451,329.717,,,,,,,,,,,,,
0,-4.396,329.705,,,,,,,,,,,,,
0,-3.209,329.248,,,,,,,,,,,,,
0,-2.156,328.13,,,,,,,,,,,,,
0,-1.947,327.948,,,,,,,,,,,,,
0,-1.662,328.058,,,,,,,,,,,,,
0,-0.678,328.398,,,,,,,,,,,,,
0,0.471,328.198,,,,,,,,,,,,,
0,0.628,328.17,,,,,,,,,,,,,
0,0.715,328.201,,,,,,,,,,,,,
0,1.74,328.697,,,,,,,,,,,,,
0,2.425,328.823,,,,,,,,,,,,,
0,2.855,329.013,,,,,,,,,,,,,
0,3.064,329.038,,,,,,,,,,,,,
0,7.562,331.445,,,,,,,,,,,,,
0,8.002,331.763,,,,,,,,,,,,,
0,8.346,331.843,,,,,,,,,,,,,
0,9.012,331.973,,,,,,,,,,,,,
0,9.597,332.149,,,,,,,,,,,,,
0,9.7,332.201,,,,,,,,,,,,,
0,11.227,333.142,,,,,,,,,,,,,
0,15.502,334.547,,,,,,,,,,,,,
0,15.891,334.651,,,,,,,,,,,,,
0,16.382,334.765,,,,,,,,,,,,,
0,17.122,334.794,,,,,,,,,,,,,
0,17.818,334.856,,,,,,,,,,,,,
0,18.401,334.962,,,,,,,,,,,,,
0,19.51,335.251,,,,,,,,,,,,,
0,20.014,335.429,,,,,,,,,,,,,
0,21.061,335.702,,,,,,,,,,,,,
0,21.694,335.716,,,,,,,,,,,,,
0,22.992,336.351,,,,,,,,,,,,,
0,23.404,336.452,,,,,,,,,,,,,
0,24.13,336.732,,,,,,,,,,,,,
0,24.63,336.814,,,,,,,,,,,,,
0,25,336.903,,,,,,,,,,,,,
1.2,12,1200,,,,73,,,,,0,,,óÑêÏêÖån,éõíJêÏÅiêMäyêÏçáó¨ÇPÅj
0,-25,330.433,,,,,,,,,,,,,
0,-24.27,330.494,,,,,,,,,,,,,
0,-23.675,330.489,,,,,,,,,,,,,
0,-22.931,330.45,,,,,,,,,,,,,
0,-22.096,330.469,,,,,,,,,,,,,
0,-21.601,330.47,,,,,,,,,,,,,
0,-20.522,330.474,,,,,,,,,,,,,
0,-20.262,330.48,,,,,,,,,,,,,
0,-18.951,330.431,,,,,,,,,,,,,
0,-18.93,330.43,,,,,,,,,,,,,
0,-18.811,330.431,,,,,,,,,,,,,
0,-17.595,330.445,,,,,,,,,,,,,
0,-17.46,330.446,,,,,,,,,,,,,
0,-16.276,330.444,,,,,,,,,,,,,
0,-15.976,330.432,,,,,,,,,,,,,
0,-14.94,330.454,,,,,,,,,,,,,
0,-14.505,330.463,,,,,,,,,,,,,
0,-13.614,330.464,,,,,,,,,,,,,
0,-13.026,330.46,,,,,,,,,,,,,
0,-12.288,330.46,,,,,,,,,,,,,
0,-11.68,330.455,,,,,,,,,,,,,
0,-11.293,330.465,,,,,,,,,,,,,
0,-10.957,330.468,,,,,,,,,,,,,
0,-10.08,330.453,,,,,,,,,,,,,
0,-9.641,330.446,,,,,,,,,,,,,
0,-8.608,330.507,,,,,,,,,,,,,
0,-8.317,330.512,,,,,,,,,,,,,
0,-7.147,330.701,,,,,,,,,,,,,
0,-6.995,330.78,,,,,,,,,,,,,
0,-5.723,331.219,,,,,,,,,,,,,
0,-5.69,331.215,,,,,,,,,,,,,
0,-5.416,331.115,,,,,,,,,,,,,
0,-4.351,330.742,,,,,,,,,,,,,
0,-4.132,330.465,,,,,,,,,,,,,
0,-2.943,329.035,,,,,,,,,,,,,
0,-2.943,329.035,,,,,,,,,,,,,
0,-2.43,328.967,,,,,,,,,,,,,
0,-2.43,328.967,,,,,,,,,,,,,
0,-2.022,328.909,,,,,,,,,,,,,
0,-2.022,328.909,,,,,,,,,,,,,
0,-1.318,329.192,,,,,,,,,,,,,
0,-1.318,329.192,,,,,,,,,,,,,
0,0.237,330.73,,,,,,,,,,,,,
0,0.237,330.73,,,,,,,,,,,,,
0,2.779,331.459,,,,,,,,,,,,,
0,2.779,331.459,,,,,,,,,,,,,
0,3.405,331.813,,,,,,,,,,,,,
0,3.405,331.813,,,,,,,,,,,,,
0,6.225,331.153,,,,,,,,,,,,,
0,6.225,331.153,,,,,,,,,,,,,
0,6.462,331.208,,,,,,,,,,,,,
0,8.923,333.185,,,,,,,,,,,,,
0,9.098,333.274,,,,,,,,,,,,,
0,9.632,333.078,,,,,,,,,,,,,
0,10.916,333.268,,,,,,,,,,,,,
0,12.088,333.54,,,,,,,,,,,,,
0,12.699,333.728,,,,,,,,,,,,,
0,13.995,334.219,,,,,,,,,,,,,
0,16.066,335.088,,,,,,,,,,,,,
0,16.067,335.088,,,,,,,,,,,,,
0,17.354,335.684,,,,,,,,,,,,,
0,17.354,335.684,,,,,,,,,,,,,
0,17.395,335.689,,,,,,,,,,,,,
0,17.395,335.689,,,,,,,,,,,,,
0,18.754,335.728,,,,,,,,,,,,,
0,20.014,336.65,,,,,,,,,,,,,
0,20.059,336.686,,,,,,,,,,,,,
0,20.068,336.691,,,,,,,,,,,,,
0,20.072,336.696,,,,,,,,,,,,,
0,23.098,338.621,,,,,,,,,,,,,
0,24.003,339.049,,,,,,,,,,,,,
0,24.497,339.228,,,,,,,,,,,,,
0,25,339.275,,,,,,,,,,,,,
1.3,13,1300,,,,63,,,,,0,,,óÑêÏêÖån,éõíJêÏÅiêMäyêÏçáó¨ÇPÅj
0,-25,333.359,,,,,,,,,,,,,
0,-24.49,333.379,,,,,,,,,,,,,
0,-24.411,333.384,,,,,,,,,,,,,
0,-23.927,333.413,,,,,,,,,,,,,
0,-23.11,333.455,,,,,,,,,,,,,
0,-22.935,333.486,,,,,,,,,,,,,
0,-21.851,334.045,,,,,,,,,,,,,
0,-21.386,334.262,,,,,,,,,,,,,
0,-20.578,334.331,,,,,,,,,,,,,
0,-19.81,334.354,,,,,,,,,,,,,
0,-19.291,334.347,,,,,,,,,,,,,
0,-18.238,334.324,,,,,,,,,,,,,
0,-18,334.325,,,,,,,,,,,,,
0,-16.981,334.424,,,,,,,,,,,,,
0,-16.689,334.444,,,,,,,,,,,,,
0,-16.628,334.437,,,,,,,,,,,,,
0,-15.232,334.708,,,,,,,,,,,,,
0,-14.858,334.687,,,,,,,,,,,,,
0,-13.746,334.627,,,,,,,,,,,,,
0,-13.084,334.581,,,,,,,,,,,,,
0,-12.27,334.532,,,,,,,,,,,,,
0,-11.31,334.478,,,,,,,,,,,,,
0,-10.792,334.435,,,,,,,,,,,,,
0,-9.544,334.439,,,,,,,,,,,,,
0,-9.319,334.421,,,,,,,,,,,,,
0,-8.159,334.248,,,,,,,,,,,,,
0,-7.869,334.204,,,,,,,,,,,,,
0,-7.805,334.207,,,,,,,,,,,,,
0,-6.548,333.976,,,,,,,,,,,,,
0,-6.189,333.972,,,,,,,,,,,,,
0,-5.24,333.903,,,,,,,,,,,,,
0,-4.585,333.83,,,,,,,,,,,,,
0,-3.912,333.592,,,,,,,,,,,,,
0,-2.938,333.016,,,,,,,,,,,,,
0,-2.55,332.756,,,,,,,,,,,,,
0,-1.317,332.449,,,,,,,,,,,,,
0,-1.236,332.44,,,,,,,,,,,,,
0,-0.875,332.43,,,,,,,,,,,,,
0,0.18,332.284,,,,,,,,,,,,,
0,1.199,333.163,,,,,,,,,,,,,
0,1.514,333.466,,,,,,,,,,,,,
0,2.019,333.623,,,,,,,,,,,,,
0,2.769,333.704,,,,,,,,,,,,,
0,3.297,333.999,,,,,,,,,,,,,
0,4.436,334.078,,,,,,,,,,,,,
0,7.08,335.289,,,,,,,,,,,,,
0,7.137,335.306,,,,,,,,,,,,,
0,7.685,335.467,,,,,,,,,,,,,
0,8.592,335.689,,,,,,,,,,,,,
0,9.882,335.805,,,,,,,,,,,,,
0,10.092,335.781,,,,,,,,,,,,,
0,10.56,335.755,,,,,,,,,,,,,
0,11.529,335.552,,,,,,,,,,,,,
0,13.266,335.082,,,,,,,,,,,,,
0,13.818,335.155,,,,,,,,,,,,,
0,14.532,335.271,,,,,,,,,,,,,
0,19.658,333.662,,,,,,,,,,,,,
0,21.735,332.841,,,,,,,,,,,,,
0,22.055,332.664,,,,,,,,,,,,,
0,23.726,333.138,,,,,,,,,,,,,
0,23.78,333.139,,,,,,,,,,,,,
0,23.86,333.173,,,,,,,,,,,,,
0,25,333.412,,,,,,,,,,,,,
1.4,14,1400,,,,55,,,,,0,,,óÑêÏêÖån,éõíJêÏÅiêMäyêÏçáó¨ÇPÅj
0,-25,336.55,,,,,,,,,,,,,
0,-24.195,336.534,,,,,,,,,,,,,
0,-23.41,336.519,,,,,,,,,,,,,
0,-22.773,336.517,,,,,,,,,,,,,
0,-21.654,336.522,,,,,,,,,,,,,
0,-21.349,336.517,,,,,,,,,,,,,
0,-20.061,336.484,,,,,,,,,,,,,
0,-19.93,336.48,,,,,,,,,,,,,
0,-19.885,336.479,,,,,,,,,,,,,
0,-18.519,336.496,,,,,,,,,,,,,
0,-18.006,336.499,,,,,,,,,,,,,
0,-17.124,336.532,,,,,,,,,,,,,
0,-16.118,336.498,,,,,,,,,,,,,
0,-15.702,336.488,,,,,,,,,,,,,
0,-14.52,336.519,,,,,,,,,,,,,
0,-14.308,336.531,,,,,,,,,,,,,
0,-14.264,336.532,,,,,,,,,,,,,
0,-12.924,336.477,,,,,,,,,,,,,
0,-12.596,336.452,,,,,,,,,,,,,
0,-11.567,336.498,,,,,,,,,,,,,
0,-10.978,336.516,,,,,,,,,,,,,
0,-10.193,336.515,,,,,,,,,,,,,
0,-9.316,336.533,,,,,,,,,,,,,
0,-8.829,336.54,,,,,,,,,,,,,
0,-7.689,336.523,,,,,,,,,,,,,
0,-7.464,336.523,,,,,,,,,,,,,
0,-6.38,336.52,,,,,,,,,,,,,
0,-6.072,336.516,,,,,,,,,,,,,
0,-5.952,336.562,,,,,,,,,,,,,
0,-4.658,336.973,,,,,,,,,,,,,
0,-3.976,336.801,,,,,,,,,,,,,
0,-3.181,336.577,,,,,,,,,,,,,
0,-1.713,335.448,,,,,,,,,,,,,
0,-1.647,335.398,,,,,,,,,,,,,
0,-1.496,335.443,,,,,,,,,,,,,
0,-0.324,335.75,,,,,,,,,,,,,
0,-0.118,335.84,,,,,,,,,,,,,
0,0.101,335.98,,,,,,,,,,,,,
0,0.412,335.982,,,,,,,,,,,,,
0,1.155,336.743,,,,,,,,,,,,,
0,2.42,337.713,,,,,,,,,,,,,
0,2.984,338.049,,,,,,,,,,,,,
0,4.35,338.978,,,,,,,,,,,,,
0,4.82,339.058,,,,,,,,,,,,,
0,5.872,339.394,,,,,,,,,,,,,
0,6.3,339.484,,,,,,,,,,,,,
0,8.09,339.68,,,,,,,,,,,,,
0,10.819,341.067,,,,,,,,,,,,,
0,13.747,343.007,,,,,,,,,,,,,
0,15.462,343.395,,,,,,,,,,,,,
0,18.617,343.713,,,,,,,,,,,,,
0,19.068,343.757,,,,,,,,,,,,,
0,19.408,343.798,,,,,,,,,,,,,
0,21.833,344.319,,,,,,,,,,,,,
0,25,344.87,,,,,,,,,,,,,
1.5,15,1500,,,,62,,,,,0,,,óÑêÏêÖån,éõíJêÏÅiêMäyêÏçáó¨ÇPÅj
0,-25,340.071,,,,,,,,,,,,,
0,-24.127,340.067,,,,,,,,,,,,,
0,-23.968,340.064,,,,,,,,,,,,,
0,-23.8,340.06,,,,,,,,,,,,,
0,-22.853,340.052,,,,,,,,,,,,,
0,-22.67,340.053,,,,,,,,,,,,,
0,-21.604,340.11,,,,,,,,,,,,,
0,-20.784,340.096,,,,,,,,,,,,,
0,-20.135,340.07,,,,,,,,,,,,,
0,-19.641,340.076,,,,,,,,,,,,,
0,-18.821,340.082,,,,,,,,,,,,,
0,-17.71,340.051,,,,,,,,,,,,,
0,-17.667,340.051,,,,,,,,,,,,,
0,-17.58,340.057,,,,,,,,,,,,,
0,-16.9,340.101,,,,,,,,,,,,,
0,-16.562,340.088,,,,,,,,,,,,,
0,-15.917,340.057,,,,,,,,,,,,,
0,-14.842,340.041,,,,,,,,,,,,,
0,-14.762,340.04,,,,,,,,,,,,,
0,-14.714,340.041,,,,,,,,,,,,,
0,-13.71,340.06,,,,,,,,,,,,,
0,-13.644,340.058,,,,,,,,,,,,,
0,-12.158,340.059,,,,,,,,,,,,,
0,-11.622,340.06,,,,,,,,,,,,,
0,-10.732,340.023,,,,,,,,,,,,,
0,-10.593,340.02,,,,,,,,,,,,,
0,-9.348,340.039,,,,,,,,,,,,,
0,-8.581,339.99,,,,,,,,,,,,,
0,-7.951,339.964,,,,,,,,,,,,,
0,-7.521,339.974,,,,,,,,,,,,,
0,-6.597,339.991,,,,,,,,,,,,,
0,-5.714,340.231,,,,,,,,,,,,,
0,-5.463,340.279,,,,,,,,,,,,,
0,-5.087,340.493,,,,,,,,,,,,,
0,-4.748,340.667,,,,,,,,,,,,,
0,-4.523,340.651,,,,,,,,,,,,,
0,-3.585,340.648,,,,,,,,,,,,,
0,-2.682,340.188,,,,,,,,,,,,,
0,-2.42,340.066,,,,,,,,,,,,,
0,-1.929,339.87,,,,,,,,,,,,,
0,-1.675,339.719,,,,,,,,,,,,,
0,-1.546,339.661,,,,,,,,,,,,,
0,-0.491,338.885,,,,,,,,,,,,,
0,-0.12,338.998,,,,,,,,,,,,,
0,1.512,340.1,,,,,,,,,,,,,
0,2.417,340.857,,,,,,,,,,,,,
0,3.412,341.209,,,,,,,,,,,,,
0,3.441,341.216,,,,,,,,,,,,,
0,3.794,341.46,,,,,,,,,,,,,
0,9.569,345.431,,,,,,,,,,,,,
0,9.692,345.504,,,,,,,,,,,,,
0,9.859,345.583,,,,,,,,,,,,,
0,10.746,346.174,,,,,,,,,,,,,
0,19.456,350.977,,,,,,,,,,,,,
0,20.627,351.236,,,,,,,,,,,,,
0,21.091,351.252,,,,,,,,,,,,,
0,21.613,351.272,,,,,,,,,,,,,
0,22.665,351.368,,,,,,,,,,,,,
0,24.516,351.567,,,,,,,,,,,,,
0,24.752,351.602,,,,,,,,,,,,,
0,24.926,351.618,,,,,,,,,,,,,
0,25,351.622,,,,,,,,,,,,,
1.6,16,1600,,,,55,,,,,0,,,óÑêÏêÖån,éõíJêÏÅiêMäyêÏçáó¨ÇPÅj
0,-25,343.084,,,,,,,,,,,,,
0,-24.411,343.08,,,,,,,,,,,,,
0,-23.325,343.097,,,,,,,,,,,,,
0,-23.125,343.098,,,,,,,,,,,,,
0,-22.518,343.086,,,,,,,,,,,,,
0,-21.943,343.072,,,,,,,,,,,,,
0,-21.678,343.068,,,,,,,,,,,,,
0,-20.836,343.06,,,,,,,,,,,,,
0,-20.065,343.046,,,,,,,,,,,,,
0,-19.74,343.044,,,,,,,,,,,,,
0,-19.041,343.098,,,,,,,,,,,,,
0,-18.588,343.128,,,,,,,,,,,,,
0,-18.457,343.128,,,,,,,,,,,,,
0,-17.328,343.096,,,,,,,,,,,,,
0,-16.827,343.082,,,,,,,,,,,,,
0,-16.065,343.075,,,,,,,,,,,,,
0,-15.217,343.06,,,,,,,,,,,,,
0,-14.82,343.057,,,,,,,,,,,,,
0,-13.604,343.09,,,,,,,,,,,,,
0,-13.558,343.09,,,,,,,,,,,,,
0,-13.394,343.074,,,,,,,,,,,,,
0,-12.49,342.99,,,,,,,,,,,,,
0,-12.056,343.025,,,,,,,,,,,,,
0,-11.462,343.1,,,,,,,,,,,,,
0,-10.529,343.1,,,,,,,,,,,,,
0,-10.432,343.097,,,,,,,,,,,,,
0,-10.228,343.096,,,,,,,,,,,,,
0,-9.059,343.084,,,,,,,,,,,,,
0,-8.667,343.08,,,,,,,,,,,,,
0,-7.617,343.064,,,,,,,,,,,,,
0,-6.729,343.013,,,,,,,,,,,,,
0,-6.165,343.008,,,,,,,,,,,,,
0,-4.835,343.059,,,,,,,,,,,,,
0,-4.738,343.06,,,,,,,,,,,,,
0,-4.436,343.129,,,,,,,,,,,,,
0,-3.561,343.363,,,,,,,,,,,,,
0,-3.153,343.373,,,,,,,,,,,,,
0,-2.42,343.143,,,,,,,,,,,,,
0,-1.44,342.987,,,,,,,,,,,,,
0,-1.275,342.956,,,,,,,,,,,,,
0,-0.951,342.851,,,,,,,,,,,,,
0,-0.032,342.534,,,,,,,,,,,,,
0,0.251,342.419,,,,,,,,,,,,,
0,1.246,342.119,,,,,,,,,,,,,
0,1.93,341.874,,,,,,,,,,,,,
0,2.916,342.249,,,,,,,,,,,,,
0,5.955,343.631,,,,,,,,,,,,,
0,10.607,347.101,,,,,,,,,,,,,
0,13.678,349.231,,,,,,,,,,,,,
0,14.048,349.316,,,,,,,,,,,,,
0,14.967,349.569,,,,,,,,,,,,,
0,20.272,351.407,,,,,,,,,,,,,
0,22.417,351.214,,,,,,,,,,,,,
0,24.555,351.892,,,,,,,,,,,,,
0,25,352.024,,,,,,,,,,,,,
1.7,17,1700,,,,60,,,,,0,,,óÑêÏêÖån,éõíJêÏÅiêMäyêÏçáó¨ÇPÅj
0,-25,345.837,,,,,,,,,,,,,
0,-24.985,345.832,,,,,,,,,,,,,
0,-24.192,345.558,,,,,,,,,,,,,
0,-23.734,345.44,,,,,,,,,,,,,
0,-22.904,345.616,,,,,,,,,,,,,
0,-22.561,345.685,,,,,,,,,,,,,
0,-22.473,345.677,,,,,,,,,,,,,
0,-21.357,345.532,,,,,,,,,,,,,
0,-20.984,345.531,,,,,,,,,,,,,
0,-20.17,345.488,,,,,,,,,,,,,
0,-19.52,345.514,,,,,,,,,,,,,
0,-19.001,345.639,,,,,,,,,,,,,
0,-18.056,345.617,,,,,,,,,,,,,
0,-17.821,345.656,,,,,,,,,,,,,
0,-16.776,345.432,,,,,,,,,,,,,
0,-16.604,345.417,,,,,,,,,,,,,
0,-16.505,345.422,,,,,,,,,,,,,
0,-15.361,345.63,,,,,,,,,,,,,
0,-14.518,345.496,,,,,,,,,,,,,
0,-14.088,345.508,,,,,,,,,,,,,
0,-13.346,345.583,,,,,,,,,,,,,
0,-12.869,345.695,,,,,,,,,,,,,
0,-12.752,345.7,,,,,,,,,,,,,
0,-11.701,345.864,,,,,,,,,,,,,
0,-11.29,345.794,,,,,,,,,,,,,
0,-10.524,345.922,,,,,,,,,,,,,
0,-9.839,345.891,,,,,,,,,,,,,
0,-9.347,345.925,,,,,,,,,,,,,
0,-8.385,346.001,,,,,,,,,,,,,
0,-8.177,346.027,,,,,,,,,,,,,
0,-7.282,346.1,,,,,,,,,,,,,
0,-6.988,346.129,,,,,,,,,,,,,
0,-6.828,346.141,,,,,,,,,,,,,
0,-5.725,346.258,,,,,,,,,,,,,
0,-4.88,346.384,,,,,,,,,,,,,
0,-4.483,346.43,,,,,,,,,,,,,
0,-4.29,346.405,,,,,,,,,,,,,
0,-2.483,346.576,,,,,,,,,,,,,
0,-1.81,346.134,,,,,,,,,,,,,
0,-0.873,345.211,,,,,,,,,,,,,
0,-0.445,344.937,,,,,,,,,,,,,
0,0.149,345.559,,,,,,,,,,,,,
0,0.867,346.255,,,,,,,,,,,,,
0,1.336,346.651,,,,,,,,,,,,,
0,3.429,348.505,,,,,,,,,,,,,
0,5.859,350.246,,,,,,,,,,,,,
0,7.02,350.725,,,,,,,,,,,,,
0,8.015,350.965,,,,,,,,,,,,,
0,10.2,351.495,,,,,,,,,,,,,
0,10.441,351.512,,,,,,,,,,,,,
0,10.69,351.567,,,,,,,,,,,,,
0,11.978,352.274,,,,,,,,,,,,,
0,13.499,353.019,,,,,,,,,,,,,
0,15.461,354.237,,,,,,,,,,,,,
0,17.299,354.554,,,,,,,,,,,,,
0,19.195,355.278,,,,,,,,,,,,,
0,23.415,356.705,,,,,,,,,,,,,
0,23.689,356.791,,,,,,,,,,,,,
0,24.519,357.21,,,,,,,,,,,,,
0,25,357.424,,,,,,,,,,,,,
1.8,18,1800,,,,74,,,,,0,,,óÑêÏêÖån,éõíJêÏÅiêMäyêÏçáó¨ÇPÅj
0,-25,352.196,,,,,,,,,,,,,
0,-24.887,352.215,,,,,,,,,,,,,
0,-23.96,352.318,,,,,,,,,,,,,
0,-23.533,352.378,,,,,,,,,,,,,
0,-22.602,352.206,,,,,,,,,,,,,
0,-22.138,352.057,,,,,,,,,,,,,
0,-21.197,351.593,,,,,,,,,,,,,
0,-20.692,351.349,,,,,,,,,,,,,
0,-19.791,350.908,,,,,,,,,,,,,
0,-19.26,350.655,,,,,,,,,,,,,
0,-18.413,350.508,,,,,,,,,,,,,
0,-17.864,350.394,,,,,,,,,,,,,
0,-17.019,349.94,,,,,,,,,,,,,
0,-16.433,349.631,,,,,,,,,,,,,
0,-15.654,349.607,,,,,,,,,,,,,
0,-15.074,349.624,,,,,,,,,,,,,
0,-14.319,349.641,,,,,,,,,,,,,
0,-13.744,349.646,,,,,,,,,,,,,
0,-12.989,349.634,,,,,,,,,,,,,
0,-12.385,349.634,,,,,,,,,,,,,
0,-11.654,349.618,,,,,,,,,,,,,
0,-11.053,349.605,,,,,,,,,,,,,
0,-10.332,349.631,,,,,,,,,,,,,
0,-9.7,349.626,,,,,,,,,,,,,
0,-9,349.605,,,,,,,,,,,,,
0,-8.373,349.62,,,,,,,,,,,,,
0,-7.679,349.64,,,,,,,,,,,,,
0,-7.021,349.645,,,,,,,,,,,,,
0,-6.347,349.6,,,,,,,,,,,,,
0,-5.716,349.75,,,,,,,,,,,,,
0,-5.062,349.846,,,,,,,,,,,,,
0,-4.407,350.036,,,,,,,,,,,,,
0,-3.77,350.167,,,,,,,,,,,,,
0,-3.091,350.015,,,,,,,,,,,,,
0,-2.445,349.886,,,,,,,,,,,,,
0,-1.668,349.247,,,,,,,,,,,,,
0,-0.995,348.622,,,,,,,,,,,,,
0,-0.249,348.408,,,,,,,,,,,,,
0,0.303,348.664,,,,,,,,,,,,,
0,0.638,349.264,,,,,,,,,,,,,
0,2.162,350.935,,,,,,,,,,,,,
0,3.753,353.017,,,,,,,,,,,,,
0,4.956,354.039,,,,,,,,,,,,,
0,5.698,354.742,,,,,,,,,,,,,
0,6.134,354.913,,,,,,,,,,,,,
0,6.716,355.471,,,,,,,,,,,,,
0,7.278,356.02,,,,,,,,,,,,,
0,8.019,356.865,,,,,,,,,,,,,
0,8.457,357.168,,,,,,,,,,,,,
0,9.024,357.681,,,,,,,,,,,,,
0,9.593,358.49,,,,,,,,,,,,,
0,9.882,358.934,,,,,,,,,,,,,
0,10.683,359.488,,,,,,,,,,,,,
0,11.056,359.863,,,,,,,,,,,,,
0,11.821,360.687,,,,,,,,,,,,,
0,12.183,360.993,,,,,,,,,,,,,
0,12.543,361.315,,,,,,,,,,,,,
0,14.114,362.811,,,,,,,,,,,,,
0,14.665,363.371,,,,,,,,,,,,,
0,15.324,363.794,,,,,,,,,,,,,
0,15.982,364.282,,,,,,,,,,,,,
0,17.44,365.482,,,,,,,,,,,,,
0,18.547,366.653,,,,,,,,,,,,,
0,18.951,366.881,,,,,,,,,,,,,
0,19.386,367.459,,,,,,,,,,,,,
0,19.866,367.7,,,,,,,,,,,,,
0,20.341,367.967,,,,,,,,,,,,,
0,21.747,368.372,,,,,,,,,,,,,
0,22.246,368.538,,,,,,,,,,,,,
0,22.743,368.626,,,,,,,,,,,,,
0,23.444,368.783,,,,,,,,,,,,,
0,23.755,368.815,,,,,,,,,,,,,
0,24.479,368.864,,,,,,,,,,,,,
0,25,368.926,,,,,,,,,,,,,
