0,0,0,FALSE,,,68,,,,,0,,,,âÕêÏä«óùé{ê›ìôç\ë¢óﬂ
0,-25,43.951,,,,,,,,,,,,,
0,-24.266,44.088,,,,,,,,,,,,,
0,-23.565,44.054,,,,,,,,,,,,,
0,-22.942,44.052,,,,,,,,,,,,,
0,-21.915,44.32,,,,,,,,,,,,,
0,-21.641,44.348,,,,,,,,,,,,,
0,-20.622,44.49,,,,,,,,,,,,,
0,-20.374,44.52,,,,,,,,,,,,,
0,-20.337,44.543,,,,,,,,,,,,,
0,-19.285,45.393,,,,,,,,,,,,,
0,-19.08,45.565,,,,,,,,,,,,,
0,-18.16,46.252,,,,,,,,,,,,,
0,-18.058,46.308,,,,,,,,,,,,,
0,-17.966,46.417,,,,,,,,,,,,,
0,-17.03,47.987,,,,,,,,,,,,,
0,-16.657,48.083,,,,,,,,,,,,,
0,-16.453,48.073,,,,,,,,,,,,,
0,-16.321,48.064,,,,,,,,,,,,,
0,-16.12,48.054,,,,,,,,,,,,,
0,-15.997,48.044,,,,,,,,,,,,,
0,-14.976,46.968,,,,,,,,,,,,,
0,-13.788,47.01,,,,,,,,,,,,,
0,-10.453,46.976,,,,,,,,,,,,,
0,-9.299,47.131,,,,,,,,,,,,,
0,-8.851,47.164,,,,,,,,,,,,,
0,-8.437,47.207,,,,,,,,,,,,,
0,-7.653,47.514,,,,,,,,,,,,,
0,-6.344,47.504,,,,,,,,,,,,,
0,-5.132,47.47,,,,,,,,,,,,,
0,-4.86,47.496,,,,,,,,,,,,,
0,-4.434,47.483,,,,,,,,,,,,,
0,-3.226,47.996,,,,,,,,,,,,,
0,-2.676,47.382,,,,,,,,,,,,,
0,-1.871,46.676,,,,,,,,,,,,,
0,-0.932,45.638,,,,,,,,,,,,,
0,-0.6,45.002,,,,,,,,,,,,,
0,-0.318,44.731,,,,,,,,,,,,,
0,-0.107,44.734,,,,,,,,,,,,,
0,0.339,44.481,,,,,,,,,,,,,
0,0.887,44.27,,,,,,,,,,,,,
0,3.248,46.327,,,,,,,,,,,,,
0,3.434,46.414,,,,,,,,,,,,,
0,3.492,46.579,,,,,,,,,,,,,
0,4.313,47.199,,,,,,,,,,,,,
0,4.762,47.363,,,,,,,,,,,,,
0,5.375,47.545,,,,,,,,,,,,,
0,6.094,47.588,,,,,,,,,,,,,
0,6.473,47.597,,,,,,,,,,,,,
0,7.408,47.681,,,,,,,,,,,,,
0,7.542,47.686,,,,,,,,,,,,,
0,8.41,47.757,,,,,,,,,,,,,
0,9.074,47.748,,,,,,,,,,,,,
0,9.343,47.805,,,,,,,,,,,,,
0,10.082,47.826,,,,,,,,,,,,,
0,10.558,47.764,,,,,,,,,,,,,
0,12.249,48.068,,,,,,,,,,,,,
0,12.641,48.101,,,,,,,,,,,,,
0,14.085,48.13,,,,,,,,,,,,,
0,16.401,48.081,,,,,,,,,,,,,
0,16.58,48.082,,,,,,,,,,,,,
0,19.139,48.149,,,,,,,,,,,,,
0,20.741,48.187,,,,,,,,,,,,,
0,22.191,48.087,,,,,,,,,,,,,
0,22.528,48.094,,,,,,,,,,,,,
0,22.836,48.106,,,,,,,,,,,,,
0,23.496,48.063,,,,,,,,,,,,,
0,24.115,48.073,,,,,,,,,,,,,
0,25,48.145,,,,,,,,,,,,,
0.1,1,100,FALSE,,,46,,,,,0,,,,âÕêÏä«óùé{ê›ìôç\ë¢óﬂ
0,-25,48.155,,,,,,,,,,,,,
0,-21.137,47.699,,,,,,,,,,,,,
0,-20.453,47.594,,,,,,,,,,,,,
0,-16.786,47.325,,,,,,,,,,,,,
0,-15.771,47.256,,,,,,,,,,,,,
0,-15.559,47.282,,,,,,,,,,,,,
0,-15.466,47.288,,,,,,,,,,,,,
0,-13.517,47.273,,,,,,,,,,,,,
0,-12.614,47.27,,,,,,,,,,,,,
0,-9.069,47.307,,,,,,,,,,,,,
0,-8.058,47.567,,,,,,,,,,,,,
0,-7.27,47.711,,,,,,,,,,,,,
0,-5.452,47.947,,,,,,,,,,,,,
0,-5.294,47.97,,,,,,,,,,,,,
0,-3.389,48.11,,,,,,,,,,,,,
0,-2.31,46.727,,,,,,,,,,,,,
0,-0.868,45.524,,,,,,,,,,,,,
0,-0.811,45.491,,,,,,,,,,,,,
0,0.062,45.473,,,,,,,,,,,,,
0,0.756,45.473,,,,,,,,,,,,,
0,2.219,46.612,,,,,,,,,,,,,
0,4.661,48.035,,,,,,,,,,,,,
0,4.794,48.076,,,,,,,,,,,,,
0,6.214,48.031,,,,,,,,,,,,,
0,6.706,48.001,,,,,,,,,,,,,
0,11.27,47.7,,,,,,,,,,,,,
0,12.464,47.631,,,,,,,,,,,,,
0,12.537,47.627,,,,,,,,,,,,,
0,12.681,47.634,,,,,,,,,,,,,
0,13.375,47.633,,,,,,,,,,,,,
0,13.521,47.647,,,,,,,,,,,,,
0,13.879,47.649,,,,,,,,,,,,,
0,13.937,47.65,,,,,,,,,,,,,
0,13.989,47.65,,,,,,,,,,,,,
0,16.35,47.822,,,,,,,,,,,,,
0,16.635,47.816,,,,,,,,,,,,,
0,16.91,47.825,,,,,,,,,,,,,
0,17.162,47.825,,,,,,,,,,,,,
0,17.4,47.852,,,,,,,,,,,,,
0,18.743,47.767,,,,,,,,,,,,,
0,19.081,47.789,,,,,,,,,,,,,
0,19.951,47.743,,,,,,,,,,,,,
0,20.332,47.746,,,,,,,,,,,,,
0,21.932,47.856,,,,,,,,,,,,,
0,23.55,47.228,,,,,,,,,,,,,
0,25,47.152,,,,,,,,,,,,,
0.2,2,200,FALSE,,,66,,,,,0,,,,âÕêÏä«óùé{ê›ìôç\ë¢óﬂ
0,-25,49.889,,,,,,,,,,,,,
0,-24.295,49.923,,,,,,,,,,,,,
0,-24.148,49.935,,,,,,,,,,,,,
0,-23.764,49.961,,,,,,,,,,,,,
0,-23.145,50.007,,,,,,,,,,,,,
0,-22.904,50.015,,,,,,,,,,,,,
0,-22.091,50.046,,,,,,,,,,,,,
0,-21.404,50.029,,,,,,,,,,,,,
0,-20.863,50.01,,,,,,,,,,,,,
0,-20.026,49.993,,,,,,,,,,,,,
0,-19.588,49.983,,,,,,,,,,,,,
0,-18.647,49.924,,,,,,,,,,,,,
0,-18.582,49.92,,,,,,,,,,,,,
0,-18.551,49.922,,,,,,,,,,,,,
0,-17.845,49.99,,,,,,,,,,,,,
0,-17.139,50.005,,,,,,,,,,,,,
0,-15.354,50.304,,,,,,,,,,,,,
0,-15.059,50.242,,,,,,,,,,,,,
0,-14.258,50.193,,,,,,,,,,,,,
0,-13.831,50.023,,,,,,,,,,,,,
0,-12.756,50.104,,,,,,,,,,,,,
0,-12.69,50.112,,,,,,,,,,,,,
0,-12.583,50.109,,,,,,,,,,,,,
0,-11.82,50.097,,,,,,,,,,,,,
0,-8.656,50.182,,,,,,,,,,,,,
0,-7.393,50.211,,,,,,,,,,,,,
0,-6.939,50.256,,,,,,,,,,,,,
0,-6.354,50.266,,,,,,,,,,,,,
0,-5.535,50.128,,,,,,,,,,,,,
0,-5.116,50.103,,,,,,,,,,,,,
0,-3.964,50.058,,,,,,,,,,,,,
0,-3.59,50.016,,,,,,,,,,,,,
0,-2.599,49.839,,,,,,,,,,,,,
0,-2.516,49.815,,,,,,,,,,,,,
0,-1.967,49.09,,,,,,,,,,,,,
0,-1.167,48.06,,,,,,,,,,,,,
0,-1.047,47.965,,,,,,,,,,,,,
0,-0.053,47.481,,,,,,,,,,,,,
0,0.33,47.463,,,,,,,,,,,,,
0,1.173,47.59,,,,,,,,,,,,,
0,1.862,47.6,,,,,,,,,,,,,
0,2.48,47.696,,,,,,,,,,,,,
0,2.87,48.125,,,,,,,,,,,,,
0,3.301,48.79,,,,,,,,,,,,,
0,3.638,49.368,,,,,,,,,,,,,
0,4.281,49.624,,,,,,,,,,,,,
0,4.645,49.784,,,,,,,,,,,,,
0,4.838,49.816,,,,,,,,,,,,,
0,6.097,49.755,,,,,,,,,,,,,
0,6.246,49.706,,,,,,,,,,,,,
0,7.308,48.999,,,,,,,,,,,,,
0,7.814,48.757,,,,,,,,,,,,,
0,8.211,48.732,,,,,,,,,,,,,
0,8.559,48.593,,,,,,,,,,,,,
0,9.616,48.114,,,,,,,,,,,,,
0,11.24,48.178,,,,,,,,,,,,,
0,13.008,48.154,,,,,,,,,,,,,
0,15.398,48.381,,,,,,,,,,,,,
0,16.014,48.233,,,,,,,,,,,,,
0,17.122,48.188,,,,,,,,,,,,,
0,18.398,48.19,,,,,,,,,,,,,
0,19.828,48.136,,,,,,,,,,,,,
0,23.346,48.09,,,,,,,,,,,,,
0,23.793,48.072,,,,,,,,,,,,,
0,24.119,48.092,,,,,,,,,,,,,
0,25,48.104,,,,,,,,,,,,,
0.3,3,320,FALSE,,,98,,,,,0,,,,âÕêÏä«óùé{ê›ìôç\ë¢óﬂ
0,-25,50.491,,,,,,,,,,,,,
0,-24.351,50.407,,,,,,,,,,,,,
0,-24.203,50.384,,,,,,,,,,,,,
0,-24.133,50.398,,,,,,,,,,,,,
0,-23.088,50.765,,,,,,,,,,,,,
0,-22.27,50.588,,,,,,,,,,,,,
0,-22.028,50.503,,,,,,,,,,,,,
0,-21.249,50.395,,,,,,,,,,,,,
0,-21.034,50.363,,,,,,,,,,,,,
0,-20.932,50.378,,,,,,,,,,,,,
0,-19.742,50.446,,,,,,,,,,,,,
0,-19.114,50.487,,,,,,,,,,,,,
0,-18.267,50.5,,,,,,,,,,,,,
0,-17.989,50.504,,,,,,,,,,,,,
0,-17.369,50.498,,,,,,,,,,,,,
0,-17.121,50.48,,,,,,,,,,,,,
0,-16.929,50.49,,,,,,,,,,,,,
0,-16.063,50.445,,,,,,,,,,,,,
0,-15.19,50.49,,,,,,,,,,,,,
0,-15.18,50.49,,,,,,,,,,,,,
0,-15.057,50.494,,,,,,,,,,,,,
0,-14.196,50.52,,,,,,,,,,,,,
0,-13.514,50.52,,,,,,,,,,,,,
0,-13.415,50.519,,,,,,,,,,,,,
0,-13.166,50.509,,,,,,,,,,,,,
0,-12.737,50.492,,,,,,,,,,,,,
0,-12.563,50.5,,,,,,,,,,,,,
0,-12.025,50.509,,,,,,,,,,,,,
0,-11.813,50.503,,,,,,,,,,,,,
0,-11.281,50.51,,,,,,,,,,,,,
0,-10.885,50.505,,,,,,,,,,,,,
0,-10.226,50.501,,,,,,,,,,,,,
0,-10.151,50.5,,,,,,,,,,,,,
0,-10.105,50.502,,,,,,,,,,,,,
0,-10.046,50.499,,,,,,,,,,,,,
0,-9.724,50.505,,,,,,,,,,,,,
0,-9.3,50.509,,,,,,,,,,,,,
0,-9.082,50.52,,,,,,,,,,,,,
0,-8.417,50.548,,,,,,,,,,,,,
0,-7.946,50.536,,,,,,,,,,,,,
0,-7.722,50.529,,,,,,,,,,,,,
0,-7.653,50.529,,,,,,,,,,,,,
0,-7.165,50.534,,,,,,,,,,,,,
0,-6.961,50.536,,,,,,,,,,,,,
0,-6.535,50.52,,,,,,,,,,,,,
0,-6.066,50.523,,,,,,,,,,,,,
0,-5.694,50.53,,,,,,,,,,,,,
0,-5.37,50.493,,,,,,,,,,,,,
0,-4.908,50.42,,,,,,,,,,,,,
0,-4.467,50.378,,,,,,,,,,,,,
0,-4.286,50.358,,,,,,,,,,,,,
0,-3.767,50.442,,,,,,,,,,,,,
0,-3.631,50.374,,,,,,,,,,,,,
0,-3.221,49.63,,,,,,,,,,,,,
0,-0.687,48.953,,,,,,,,,,,,,
0,1.213,48.728,,,,,,,,,,,,,
0,1.746,50.11,,,,,,,,,,,,,
0,2.065,50.449,,,,,,,,,,,,,
0,2.264,50.548,,,,,,,,,,,,,
0,4.691,50.149,,,,,,,,,,,,,
0,4.866,50.107,,,,,,,,,,,,,
0,4.914,50.087,,,,,,,,,,,,,
0,5.507,49.745,,,,,,,,,,,,,
0,6.072,49.993,,,,,,,,,,,,,
0,6.506,50.139,,,,,,,,,,,,,
0,6.739,50.182,,,,,,,,,,,,,
0,7.25,50.123,,,,,,,,,,,,,
0,7.885,50.11,,,,,,,,,,,,,
0,8.307,50.118,,,,,,,,,,,,,
0,8.653,50.146,,,,,,,,,,,,,
0,9.384,50.144,,,,,,,,,,,,,
0,9.587,50.143,,,,,,,,,,,,,
0,9.888,50.101,,,,,,,,,,,,,
0,10.422,50.044,,,,,,,,,,,,,
0,10.665,50.019,,,,,,,,,,,,,
0,10.884,50.049,,,,,,,,,,,,,
0,11.675,50.103,,,,,,,,,,,,,
0,12.002,50.089,,,,,,,,,,,,,
0,12.516,50.196,,,,,,,,,,,,,
0,12.633,50.165,,,,,,,,,,,,,
0,12.96,50.005,,,,,,,,,,,,,
0,13.358,49.78,,,,,,,,,,,,,
0,13.498,49.77,,,,,,,,,,,,,
0,14.314,49.721,,,,,,,,,,,,,
0,14.419,49.723,,,,,,,,,,,,,
0,16.553,49.801,,,,,,,,,,,,,
0,17.238,49.776,,,,,,,,,,,,,
0,18.141,49.918,,,,,,,,,,,,,
0,19.347,49.533,,,,,,,,,,,,,
0,19.455,49.522,,,,,,,,,,,,,
0,19.491,49.519,,,,,,,,,,,,,
0,20.456,49.889,,,,,,,,,,,,,
0,20.533,49.921,,,,,,,,,,,,,
0,20.536,49.919,,,,,,,,,,,,,
0,20.538,49.919,,,,,,,,,,,,,
0,20.543,49.919,,,,,,,,,,,,,
0,20.551,49.918,,,,,,,,,,,,,
0,25,49.443,,,,,,,,,,,,,
0.4,4,400,FALSE,,,49,,,,,0,,,,âÕêÏä«óùé{ê›ìôç\ë¢óﬂ
0,-25,51.218,,,,,,,,,,,,,
0,-24.424,51.237,,,,,,,,,,,,,
0,-23.817,51.246,,,,,,,,,,,,,
0,-20.999,51.167,,,,,,,,,,,,,
0,-17.882,51.293,,,,,,,,,,,,,
0,-15.564,51.138,,,,,,,,,,,,,
0,-14.608,51.301,,,,,,,,,,,,,
0,-13.097,51.356,,,,,,,,,,,,,
0,-12.875,51.229,,,,,,,,,,,,,
0,-12.109,51.066,,,,,,,,,,,,,
0,-10.445,51.02,,,,,,,,,,,,,
0,-8.591,51.333,,,,,,,,,,,,,
0,-8.488,51.343,,,,,,,,,,,,,
0,-7.547,51.494,,,,,,,,,,,,,
0,-3.498,51.766,,,,,,,,,,,,,
0,-3.341,51.681,,,,,,,,,,,,,
0,-2.966,51.597,,,,,,,,,,,,,
0,-2.451,51.438,,,,,,,,,,,,,
0,-2.082,50.371,,,,,,,,,,,,,
0,-1.597,48.962,,,,,,,,,,,,,
0,-0.929,48.813,,,,,,,,,,,,,
0,-0.565,48.77,,,,,,,,,,,,,
0,0.363,48.787,,,,,,,,,,,,,
0,0.469,48.79,,,,,,,,,,,,,
0,0.512,48.789,,,,,,,,,,,,,
0,1.885,48.802,,,,,,,,,,,,,
0,2.654,49.805,,,,,,,,,,,,,
0,3.177,50.677,,,,,,,,,,,,,
0,4.078,51.256,,,,,,,,,,,,,
0,4.124,51.3,,,,,,,,,,,,,
0,4.16,51.298,,,,,,,,,,,,,
0,4.454,51.228,,,,,,,,,,,,,
0,5.846,50.896,,,,,,,,,,,,,
0,6.23,50.856,,,,,,,,,,,,,
0,7.093,50.721,,,,,,,,,,,,,
0,8.427,50.598,,,,,,,,,,,,,
0,8.789,50.601,,,,,,,,,,,,,
0,9.395,50.597,,,,,,,,,,,,,
0,16.198,50.759,,,,,,,,,,,,,
0,16.479,50.747,,,,,,,,,,,,,
0,17.392,50.678,,,,,,,,,,,,,
0,20.587,50.168,,,,,,,,,,,,,
0,21.372,50.066,,,,,,,,,,,,,
0,22.001,49.997,,,,,,,,,,,,,
0,22.786,50.007,,,,,,,,,,,,,
0,24.061,50.059,,,,,,,,,,,,,
0,24.155,50.058,,,,,,,,,,,,,
0,24.393,50.032,,,,,,,,,,,,,
0,25,49.975,,,,,,,,,,,,,
0.5,5,500,FALSE,,,53,,,,,0,,,,âÕêÏä«óùé{ê›ìôç\ë¢óﬂ
0,-25,51.892,,,,,,,,,,,,,
0,-24.655,51.893,,,,,,,,,,,,,
0,-24.328,51.834,,,,,,,,,,,,,
0,-24.1,51.862,,,,,,,,,,,,,
0,-22.88,51.888,,,,,,,,,,,,,
0,-20.06,51.792,,,,,,,,,,,,,
0,-18.975,51.81,,,,,,,,,,,,,
0,-16.634,51.9,,,,,,,,,,,,,
0,-14.752,51.859,,,,,,,,,,,,,
0,-13.511,52.09,,,,,,,,,,,,,
0,-12.694,52.11,,,,,,,,,,,,,
0,-11.118,51.849,,,,,,,,,,,,,
0,-9.932,51.886,,,,,,,,,,,,,
0,-9.257,51.941,,,,,,,,,,,,,
0,-8.086,51.904,,,,,,,,,,,,,
0,-6.724,51.782,,,,,,,,,,,,,
0,-6.525,51.752,,,,,,,,,,,,,
0,-5.844,51.746,,,,,,,,,,,,,
0,-5.3,51.692,,,,,,,,,,,,,
0,-4.971,51.632,,,,,,,,,,,,,
0,-4.716,51.665,,,,,,,,,,,,,
0,-3.893,51.736,,,,,,,,,,,,,
0,-2.908,51.64,,,,,,,,,,,,,
0,-2.866,51.64,,,,,,,,,,,,,
0,-2.809,51.612,,,,,,,,,,,,,
0,-1.985,51.297,,,,,,,,,,,,,
0,-1.547,50.68,,,,,,,,,,,,,
0,-1.097,50.115,,,,,,,,,,,,,
0,0.94,50.125,,,,,,,,,,,,,
0,1.078,50.132,,,,,,,,,,,,,
0,1.381,50.375,,,,,,,,,,,,,
0,3.003,52.161,,,,,,,,,,,,,
0,3.245,52.165,,,,,,,,,,,,,
0,4.656,52.136,,,,,,,,,,,,,
0,5.232,52.258,,,,,,,,,,,,,
0,5.555,52.085,,,,,,,,,,,,,
0,5.733,52.116,,,,,,,,,,,,,
0,6.399,52.011,,,,,,,,,,,,,
0,6.794,52.116,,,,,,,,,,,,,
0,7.035,52.159,,,,,,,,,,,,,
0,9.663,52.204,,,,,,,,,,,,,
0,12.096,51.859,,,,,,,,,,,,,
0,12.616,51.948,,,,,,,,,,,,,
0,17.45,51.814,,,,,,,,,,,,,
0,17.964,51.642,,,,,,,,,,,,,
0,18.513,51.633,,,,,,,,,,,,,
0,19.866,51.634,,,,,,,,,,,,,
0,20.321,51.604,,,,,,,,,,,,,
0,20.739,51.61,,,,,,,,,,,,,
0,21.478,51.544,,,,,,,,,,,,,
0,24.705,51.372,,,,,,,,,,,,,
0,24.947,51.367,,,,,,,,,,,,,
0,25,51.364,,,,,,,,,,,,,
0.6,6,600,FALSE,,,61,,,,,0,,,,âÕêÏä«óùé{ê›ìôç\ë¢óﬂ
0,-25,52.94,,,,,,,,,,,,,
0,-12.327,54.063,,,,,,,,,,,,,
0,-12.145,54.204,,,,,,,,,,,,,
0,-11.942,54.077,,,,,,,,,,,,,
0,-10.972,54.013,,,,,,,,,,,,,
0,-10.882,54.032,,,,,,,,,,,,,
0,-10.611,54,,,,,,,,,,,,,
0,-10.044,53.976,,,,,,,,,,,,,
0,-9.668,53.996,,,,,,,,,,,,,
0,-8.335,54.009,,,,,,,,,,,,,
0,-8.28,54.01,,,,,,,,,,,,,
0,-8.266,54.01,,,,,,,,,,,,,
0,-8.132,53.942,,,,,,,,,,,,,
0,-4.306,52.219,,,,,,,,,,,,,
0,-4.215,52.212,,,,,,,,,,,,,
0,-1.905,51.615,,,,,,,,,,,,,
0,-0.015,51.469,,,,,,,,,,,,,
0,1.21,53.578,,,,,,,,,,,,,
0,1.316,53.758,,,,,,,,,,,,,
0,1.383,53.902,,,,,,,,,,,,,
0,1.405,53.916,,,,,,,,,,,,,
0,7.366,53.819,,,,,,,,,,,,,
0,7.366,53.819,,,,,,,,,,,,,
0,9.097,53.892,,,,,,,,,,,,,
0,9.097,53.892,,,,,,,,,,,,,
0,9.397,53.781,,,,,,,,,,,,,
0,9.397,53.781,,,,,,,,,,,,,
0,10.221,53.778,,,,,,,,,,,,,
0,10.221,53.778,,,,,,,,,,,,,
0,10.384,53.777,,,,,,,,,,,,,
0,10.384,53.777,,,,,,,,,,,,,
0,11.008,53.717,,,,,,,,,,,,,
0,11.163,53.715,,,,,,,,,,,,,
0,12.01,53.792,,,,,,,,,,,,,
0,12.845,53.77,,,,,,,,,,,,,
0,13.111,53.748,,,,,,,,,,,,,
0,13.382,53.711,,,,,,,,,,,,,
0,13.846,53.612,,,,,,,,,,,,,
0,14.163,53.62,,,,,,,,,,,,,
0,14.735,53.587,,,,,,,,,,,,,
0,15.432,53.629,,,,,,,,,,,,,
0,15.927,53.661,,,,,,,,,,,,,
0,16.343,53.668,,,,,,,,,,,,,
0,16.858,53.68,,,,,,,,,,,,,
0,17.12,53.683,,,,,,,,,,,,,
0,17.887,53.692,,,,,,,,,,,,,
0,18.701,53.673,,,,,,,,,,,,,
0,19.003,53.668,,,,,,,,,,,,,
0,19.286,53.652,,,,,,,,,,,,,
0,19.733,53.666,,,,,,,,,,,,,
0,20.047,53.679,,,,,,,,,,,,,
0,20.309,53.663,,,,,,,,,,,,,
0,20.902,53.654,,,,,,,,,,,,,
0,21.806,53.63,,,,,,,,,,,,,
0,22.202,53.616,,,,,,,,,,,,,
0,22.745,53.594,,,,,,,,,,,,,
0,22.959,53.603,,,,,,,,,,,,,
0,23.75,53.621,,,,,,,,,,,,,
0,24.628,53.642,,,,,,,,,,,,,
0,24.842,53.648,,,,,,,,,,,,,
0,25,53.661,,,,,,,,,,,,,
0.7,7,700,FALSE,,,75,,,,,0,,,,âÕêÏä«óùé{ê›ìôç\ë¢óﬂ
0,-25,54.252,,,,,,,,,,,,,
0,-24.539,54.243,,,,,,,,,,,,,
0,-24.134,54.381,,,,,,,,,,,,,
0,-22.678,54.355,,,,,,,,,,,,,
0,-20.882,54.364,,,,,,,,,,,,,
0,-18.622,54.33,,,,,,,,,,,,,
0,-18.236,54.414,,,,,,,,,,,,,
0,-17.433,54.395,,,,,,,,,,,,,
0,-16.581,54.403,,,,,,,,,,,,,
0,-14.486,54.439,,,,,,,,,,,,,
0,-13.81,54.427,,,,,,,,,,,,,
0,-13.668,54.428,,,,,,,,,,,,,
0,-13.303,54.45,,,,,,,,,,,,,
0,-12.789,54.426,,,,,,,,,,,,,
0,-12.11,54.457,,,,,,,,,,,,,
0,-11.879,54.441,,,,,,,,,,,,,
0,-11.522,54.418,,,,,,,,,,,,,
0,-11.226,54.435,,,,,,,,,,,,,
0,-11.048,54.427,,,,,,,,,,,,,
0,-10.389,54.41,,,,,,,,,,,,,
0,-9.76,54.455,,,,,,,,,,,,,
0,-9.569,54.459,,,,,,,,,,,,,
0,-9.236,54.437,,,,,,,,,,,,,
0,-8.922,54.43,,,,,,,,,,,,,
0,-8.611,54.473,,,,,,,,,,,,,
0,-8.309,54.472,,,,,,,,,,,,,
0,-8.137,54.48,,,,,,,,,,,,,
0,-7.444,54.475,,,,,,,,,,,,,
0,-6.792,54.508,,,,,,,,,,,,,
0,-6.596,54.517,,,,,,,,,,,,,
0,-6.243,54.504,,,,,,,,,,,,,
0,-5.697,54.524,,,,,,,,,,,,,
0,-5.626,54.532,,,,,,,,,,,,,
0,-4.865,54.572,,,,,,,,,,,,,
0,-4.496,54.606,,,,,,,,,,,,,
0,-4.067,54.631,,,,,,,,,,,,,
0,-3.256,54.609,,,,,,,,,,,,,
0,-3.234,54.608,,,,,,,,,,,,,
0,-3.192,54.615,,,,,,,,,,,,,
0,-3.061,54.626,,,,,,,,,,,,,
0,-2.55,54.682,,,,,,,,,,,,,
0,-2.342,54.693,,,,,,,,,,,,,
0,-0.084,52.949,,,,,,,,,,,,,
0,0.137,52.732,,,,,,,,,,,,,
0,1.13,52.185,,,,,,,,,,,,,
0,1.395,52.173,,,,,,,,,,,,,
0,1.86,52.205,,,,,,,,,,,,,
0,2.146,52.197,,,,,,,,,,,,,
0,3.037,53.649,,,,,,,,,,,,,
0,3.537,54.159,,,,,,,,,,,,,
0,4.021,54.014,,,,,,,,,,,,,
0,4.169,53.99,,,,,,,,,,,,,
0,4.257,54.06,,,,,,,,,,,,,
0,5.176,54.477,,,,,,,,,,,,,
0,5.707,54.478,,,,,,,,,,,,,
0,6.136,54.742,,,,,,,,,,,,,
0,6.329,54.734,,,,,,,,,,,,,
0,7.117,54.675,,,,,,,,,,,,,
0,7.649,54.653,,,,,,,,,,,,,
0,8.702,54.598,,,,,,,,,,,,,
0,11.464,54.749,,,,,,,,,,,,,
0,11.526,54.78,,,,,,,,,,,,,
0,12.151,54.825,,,,,,,,,,,,,
0,12.279,54.77,,,,,,,,,,,,,
0,12.306,54.769,,,,,,,,,,,,,
0,12.406,54.783,,,,,,,,,,,,,
0,12.964,54.681,,,,,,,,,,,,,
0,14.942,54.717,,,,,,,,,,,,,
0,15.901,54.741,,,,,,,,,,,,,
0,16.918,55.097,,,,,,,,,,,,,
0,17.096,55.084,,,,,,,,,,,,,
0,17.955,54.965,,,,,,,,,,,,,
0,18.74,54.727,,,,,,,,,,,,,
0,21.438,54.772,,,,,,,,,,,,,
0,25,54.822,,,,,,,,,,,,,
0.8,8,800,FALSE,,,69,,,,,0,,,,âÕêÏä«óùé{ê›ìôç\ë¢óﬂ
0,-25,55.571,,,,,,,,,,,,,
0,-18.534,55.426,,,,,,,,,,,,,
0,-18.489,55.427,,,,,,,,,,,,,
0,-18.442,55.434,,,,,,,,,,,,,
0,-18.34,55.429,,,,,,,,,,,,,
0,-18.249,55.43,,,,,,,,,,,,,
0,-18.219,55.427,,,,,,,,,,,,,
0,-18.14,55.427,,,,,,,,,,,,,
0,-18.086,55.424,,,,,,,,,,,,,
0,-17.036,55.396,,,,,,,,,,,,,
0,-16.782,55.393,,,,,,,,,,,,,
0,-16.052,55.38,,,,,,,,,,,,,
0,-15.328,55.401,,,,,,,,,,,,,
0,-15.01,55.403,,,,,,,,,,,,,
0,-14.941,55.575,,,,,,,,,,,,,
0,-11.579,55.333,,,,,,,,,,,,,
0,-6.175,54.725,,,,,,,,,,,,,
0,-6.106,54.795,,,,,,,,,,,,,
0,-5.324,54.774,,,,,,,,,,,,,
0,-5.047,54.729,,,,,,,,,,,,,
0,-4.098,54.782,,,,,,,,,,,,,
0,-4.014,54.799,,,,,,,,,,,,,
0,-3.5,54.316,,,,,,,,,,,,,
0,-2.774,53.677,,,,,,,,,,,,,
0,-2.308,53.385,,,,,,,,,,,,,
0,-1.606,52.966,,,,,,,,,,,,,
0,-0.538,52.98,,,,,,,,,,,,,
0,-0.521,52.98,,,,,,,,,,,,,
0,-0.518,52.98,,,,,,,,,,,,,
0,0.5,53.091,,,,,,,,,,,,,
0,1.391,53.623,,,,,,,,,,,,,
0,4.129,55.195,,,,,,,,,,,,,
0,5.177,55.494,,,,,,,,,,,,,
0,6.222,55.003,,,,,,,,,,,,,
0,6.302,54.991,,,,,,,,,,,,,
0,6.828,55,,,,,,,,,,,,,
0,7.556,55.018,,,,,,,,,,,,,
0,8.248,55.112,,,,,,,,,,,,,
0,8.641,55.211,,,,,,,,,,,,,
0,9.873,55.184,,,,,,,,,,,,,
0,10.959,55.307,,,,,,,,,,,,,
0,11.169,55.298,,,,,,,,,,,,,
0,11.465,55.298,,,,,,,,,,,,,
0,11.84,55.125,,,,,,,,,,,,,
0,12.321,55.096,,,,,,,,,,,,,
0,13.117,55.114,,,,,,,,,,,,,
0,14.5,55.121,,,,,,,,,,,,,
0,15.185,55.08,,,,,,,,,,,,,
0,16.052,55.214,,,,,,,,,,,,,
0,16.156,55.21,,,,,,,,,,,,,
0,16.815,55.244,,,,,,,,,,,,,
0,17.078,55.246,,,,,,,,,,,,,
0,17.194,55.254,,,,,,,,,,,,,
0,17.515,55.234,,,,,,,,,,,,,
0,18.442,55.188,,,,,,,,,,,,,
0,18.738,55.179,,,,,,,,,,,,,
0,19.481,55.126,,,,,,,,,,,,,
0,19.57,55.119,,,,,,,,,,,,,
0,19.583,55.119,,,,,,,,,,,,,
0,20.545,55.076,,,,,,,,,,,,,
0,20.697,55.064,,,,,,,,,,,,,
0,21.517,54.958,,,,,,,,,,,,,
0,21.806,54.941,,,,,,,,,,,,,
0,22.448,54.962,,,,,,,,,,,,,
0,22.884,54.976,,,,,,,,,,,,,
0,23.431,54.926,,,,,,,,,,,,,
0,23.985,54.95,,,,,,,,,,,,,
0,24.359,54.955,,,,,,,,,,,,,
0,25,54.956,,,,,,,,,,,,,
0.9,9,900,FALSE,,,42,,,,,0,,,,âÕêÏä«óùé{ê›ìôç\ë¢óﬂ
0,-25,57.793,,,,,,,,,,,,,
0,-24.992,57.793,,,,,,,,,,,,,
0,-21.565,57.516,,,,,,,,,,,,,
0,-11.801,56.776,,,,,,,,,,,,,
0,-11.246,56.707,,,,,,,,,,,,,
0,-10.902,56.685,,,,,,,,,,,,,
0,-10.322,56.767,,,,,,,,,,,,,
0,-9.353,56.758,,,,,,,,,,,,,
0,-9.19,56.773,,,,,,,,,,,,,
0,-8.698,56.814,,,,,,,,,,,,,
0,-8.071,56.857,,,,,,,,,,,,,
0,-7.141,56.804,,,,,,,,,,,,,
0,-6.949,56.79,,,,,,,,,,,,,
0,-6.819,56.781,,,,,,,,,,,,,
0,-5.786,56.732,,,,,,,,,,,,,
0,-5.459,56.749,,,,,,,,,,,,,
0,-4.688,56.845,,,,,,,,,,,,,
0,-3.841,56.264,,,,,,,,,,,,,
0,-3.407,56.086,,,,,,,,,,,,,
0,-2.213,54.789,,,,,,,,,,,,,
0,-2.102,54.663,,,,,,,,,,,,,
0,-1.998,54.641,,,,,,,,,,,,,
0,-1.349,54.566,,,,,,,,,,,,,
0,0.754,54.971,,,,,,,,,,,,,
0,4.931,55.772,,,,,,,,,,,,,
0,7.844,56.122,,,,,,,,,,,,,
0,8.231,55.964,,,,,,,,,,,,,
0,8.753,55.949,,,,,,,,,,,,,
0,9.162,55.944,,,,,,,,,,,,,
0,9.886,56.022,,,,,,,,,,,,,
0,10.073,56.048,,,,,,,,,,,,,
0,10.543,56.07,,,,,,,,,,,,,
0,11.126,56.077,,,,,,,,,,,,,
0,13.888,56.026,,,,,,,,,,,,,
0,16.225,56.005,,,,,,,,,,,,,
0,16.805,56.216,,,,,,,,,,,,,
0,17.471,56.068,,,,,,,,,,,,,
0,18.189,56.04,,,,,,,,,,,,,
0,18.93,56.029,,,,,,,,,,,,,
0,21.005,56.073,,,,,,,,,,,,,
0,21.265,56.062,,,,,,,,,,,,,
0,25,56.053,,,,,,,,,,,,,
1,10,1000,FALSE,,,58,,,,,0,,,,âÕêÏä«óùé{ê›ìôç\ë¢óﬂ
0,-25,57.803,,,,,,,,,,,,,
0,-20.596,57.764,,,,,,,,,,,,,
0,-17.886,57.88,,,,,,,,,,,,,
0,-13.417,57.512,,,,,,,,,,,,,
0,-12.953,57.538,,,,,,,,,,,,,
0,-11.867,57.528,,,,,,,,,,,,,
0,-9.073,57.414,,,,,,,,,,,,,
0,-8.231,57.375,,,,,,,,,,,,,
0,-7.506,57.39,,,,,,,,,,,,,
0,-6.653,57.416,,,,,,,,,,,,,
0,-6.277,57.437,,,,,,,,,,,,,
0,-5.872,57.452,,,,,,,,,,,,,
0,-5.493,57.506,,,,,,,,,,,,,
0,-4.927,57.511,,,,,,,,,,,,,
0,-3.886,57.754,,,,,,,,,,,,,
0,-3.641,57.81,,,,,,,,,,,,,
0,-3.139,57.722,,,,,,,,,,,,,
0,-2.979,57.74,,,,,,,,,,,,,
0,-2.524,57.283,,,,,,,,,,,,,
0,-1.531,56.398,,,,,,,,,,,,,
0,-1.27,56.337,,,,,,,,,,,,,
0,-0.796,56.103,,,,,,,,,,,,,
0,-0.384,55.993,,,,,,,,,,,,,
0,0.248,55.957,,,,,,,,,,,,,
0,0.777,55.931,,,,,,,,,,,,,
0,1.052,55.974,,,,,,,,,,,,,
0,1.518,56.007,,,,,,,,,,,,,
0,2.485,56.377,,,,,,,,,,,,,
0,2.839,56.53,,,,,,,,,,,,,
0,3.049,56.84,,,,,,,,,,,,,
0,3.488,57.342,,,,,,,,,,,,,
0,3.734,57.638,,,,,,,,,,,,,
0,4.011,57.774,,,,,,,,,,,,,
0,4.742,57.894,,,,,,,,,,,,,
0,5.256,57.762,,,,,,,,,,,,,
0,5.916,57.681,,,,,,,,,,,,,
0,5.981,57.677,,,,,,,,,,,,,
0,6.032,57.67,,,,,,,,,,,,,
0,6.124,57.666,,,,,,,,,,,,,
0,6.988,57.611,,,,,,,,,,,,,
0,7.472,57.869,,,,,,,,,,,,,
0,8.072,57.754,,,,,,,,,,,,,
0,8.141,57.7,,,,,,,,,,,,,
0,9.334,57.797,,,,,,,,,,,,,
0,10.121,58.032,,,,,,,,,,,,,
0,10.186,58.053,,,,,,,,,,,,,
0,11.057,57.714,,,,,,,,,,,,,
0,12.728,57.592,,,,,,,,,,,,,
0,13.349,57.603,,,,,,,,,,,,,
0,13.493,57.64,,,,,,,,,,,,,
0,14.512,57.829,,,,,,,,,,,,,
0,14.679,57.799,,,,,,,,,,,,,
0,14.813,57.815,,,,,,,,,,,,,
0,16.273,57.84,,,,,,,,,,,,,
0,18.146,57.915,,,,,,,,,,,,,
0,19.099,57.907,,,,,,,,,,,,,
0,24.915,57.534,,,,,,,,,,,,,
0,25,57.532,,,,,,,,,,,,,
1.1,11,1100,FALSE,,,63,,,,,0,,,,âÕêÏä«óùé{ê›ìôç\ë¢óﬂ
0,-25,59.144,,,,,,,,,,,,,
0,-23.009,59.051,,,,,,,,,,,,,
0,-22.952,59.048,,,,,,,,,,,,,
0,-22.909,59.049,,,,,,,,,,,,,
0,-22.879,59.048,,,,,,,,,,,,,
0,-22.782,59.051,,,,,,,,,,,,,
0,-21.297,59.085,,,,,,,,,,,,,
0,-20.612,59.103,,,,,,,,,,,,,
0,-20.58,59.105,,,,,,,,,,,,,
0,-18.454,59.148,,,,,,,,,,,,,
0,-17.576,59.149,,,,,,,,,,,,,
0,-17.209,59.167,,,,,,,,,,,,,
0,-16.916,59.152,,,,,,,,,,,,,
0,-16.201,59.143,,,,,,,,,,,,,
0,-15.375,59.1,,,,,,,,,,,,,
0,-15.04,59.122,,,,,,,,,,,,,
0,-13.399,59.338,,,,,,,,,,,,,
0,-11.892,59.465,,,,,,,,,,,,,
0,-11.357,59.654,,,,,,,,,,,,,
0,-10.836,59.718,,,,,,,,,,,,,
0,-10.24,59.516,,,,,,,,,,,,,
0,-9.089,59.971,,,,,,,,,,,,,
0,-8.752,59.903,,,,,,,,,,,,,
0,-8.073,59.81,,,,,,,,,,,,,
0,-7.617,59.789,,,,,,,,,,,,,
0,-7.425,59.73,,,,,,,,,,,,,
0,-6.689,59.482,,,,,,,,,,,,,
0,-5.917,59.484,,,,,,,,,,,,,
0,-5.696,59.483,,,,,,,,,,,,,
0,-5.285,59.472,,,,,,,,,,,,,
0,-4.678,59.454,,,,,,,,,,,,,
0,-4.354,59.447,,,,,,,,,,,,,
0,-3.387,59.406,,,,,,,,,,,,,
0,-2.18,57.803,,,,,,,,,,,,,
0,-1.93,57.469,,,,,,,,,,,,,
0,-1.454,57.118,,,,,,,,,,,,,
0,-0.974,56.973,,,,,,,,,,,,,
0,-0.714,56.957,,,,,,,,,,,,,
0,-0.01,56.95,,,,,,,,,,,,,
0,0.592,56.974,,,,,,,,,,,,,
0,0.998,56.988,,,,,,,,,,,,,
0,1.481,57.111,,,,,,,,,,,,,
0,3.178,58.606,,,,,,,,,,,,,
0,3.888,59.201,,,,,,,,,,,,,
0,4.517,59.28,,,,,,,,,,,,,
0,4.703,59.29,,,,,,,,,,,,,
0,5.429,59.055,,,,,,,,,,,,,
0,6.103,58.805,,,,,,,,,,,,,
0,6.397,58.788,,,,,,,,,,,,,
0,8.639,58.975,,,,,,,,,,,,,
0,9.55,59.053,,,,,,,,,,,,,
0,10.315,58.913,,,,,,,,,,,,,
0,15.868,58.744,,,,,,,,,,,,,
0,16.069,58.752,,,,,,,,,,,,,
0,16.766,58.7,,,,,,,,,,,,,
0,16.998,58.848,,,,,,,,,,,,,
0,17.373,58.748,,,,,,,,,,,,,
0,21.612,58.814,,,,,,,,,,,,,
0,21.997,58.768,,,,,,,,,,,,,
0,23.1,58.727,,,,,,,,,,,,,
0,24.109,58.721,,,,,,,,,,,,,
0,24.838,58.722,,,,,,,,,,,,,
0,25,58.739,,,,,,,,,,,,,
1.2,12,1200,FALSE,,,81,,,,,0,,,,âÕêÏä«óùé{ê›ìôç\ë¢óﬂ
0,-25,61.085,,,,,,,,,,,,,
0,-24.819,61.1,,,,,,,,,,,,,
0,-24.726,61.105,,,,,,,,,,,,,
0,-24.65,61.108,,,,,,,,,,,,,
0,-23.932,61.098,,,,,,,,,,,,,
0,-23.42,61.088,,,,,,,,,,,,,
0,-23.366,61.09,,,,,,,,,,,,,
0,-23.292,61.092,,,,,,,,,,,,,
0,-22.444,61.097,,,,,,,,,,,,,
0,-21.828,61.107,,,,,,,,,,,,,
0,-21.382,61.107,,,,,,,,,,,,,
0,-20.6,61.084,,,,,,,,,,,,,
0,-20.119,61.051,,,,,,,,,,,,,
0,-19.627,61.042,,,,,,,,,,,,,
0,-18.977,61.058,,,,,,,,,,,,,
0,-17.393,61.035,,,,,,,,,,,,,
0,-16.096,61.012,,,,,,,,,,,,,
0,-14.844,61.093,,,,,,,,,,,,,
0,-14.05,60.925,,,,,,,,,,,,,
0,-13.685,60.831,,,,,,,,,,,,,
0,-13.244,60.791,,,,,,,,,,,,,
0,-12.69,60.721,,,,,,,,,,,,,
0,-12.039,60.75,,,,,,,,,,,,,
0,-11.716,60.74,,,,,,,,,,,,,
0,-11.191,60.725,,,,,,,,,,,,,
0,-10.694,60.723,,,,,,,,,,,,,
0,-10.386,60.725,,,,,,,,,,,,,
0,-9.491,60.753,,,,,,,,,,,,,
0,-9.127,60.742,,,,,,,,,,,,,
0,-8.497,60.782,,,,,,,,,,,,,
0,-7.771,60.761,,,,,,,,,,,,,
0,-7.623,60.773,,,,,,,,,,,,,
0,-7.49,60.79,,,,,,,,,,,,,
0,-6.453,60.883,,,,,,,,,,,,,
0,-6.358,60.888,,,,,,,,,,,,,
0,-5.442,60.916,,,,,,,,,,,,,
0,-4.589,61.02,,,,,,,,,,,,,
0,-4.281,61.032,,,,,,,,,,,,,
0,-3.392,60.971,,,,,,,,,,,,,
0,-3.073,60.99,,,,,,,,,,,,,
0,-2.535,61.021,,,,,,,,,,,,,
0,-2.035,61.055,,,,,,,,,,,,,
0,-1.734,61.031,,,,,,,,,,,,,
0,-0.948,60.941,,,,,,,,,,,,,
0,-0.456,60.692,,,,,,,,,,,,,
0,0.347,60.041,,,,,,,,,,,,,
0,1.275,59.31,,,,,,,,,,,,,
0,1.546,59.125,,,,,,,,,,,,,
0,2.048,59.104,,,,,,,,,,,,,
0,2.312,59.083,,,,,,,,,,,,,
0,2.452,59.083,,,,,,,,,,,,,
0,3.339,59.066,,,,,,,,,,,,,
0,4.08,59.08,,,,,,,,,,,,,
0,4.447,59.083,,,,,,,,,,,,,
0,5.279,59.169,,,,,,,,,,,,,
0,5.795,59.337,,,,,,,,,,,,,
0,6.619,59.373,,,,,,,,,,,,,
0,7.653,59.401,,,,,,,,,,,,,
0,8.066,59.513,,,,,,,,,,,,,
0,8.716,59.524,,,,,,,,,,,,,
0,9.564,59.446,,,,,,,,,,,,,
0,9.631,59.495,,,,,,,,,,,,,
0,9.688,59.542,,,,,,,,,,,,,
0,10.627,59.846,,,,,,,,,,,,,
0,11.357,60.831,,,,,,,,,,,,,
0,11.798,60.75,,,,,,,,,,,,,
0,12.041,60.762,,,,,,,,,,,,,
0,12.945,60.679,,,,,,,,,,,,,
0,13.427,60.652,,,,,,,,,,,,,
0,13.773,60.679,,,,,,,,,,,,,
0,14.192,60.694,,,,,,,,,,,,,
0,14.667,60.665,,,,,,,,,,,,,
0,21.077,60.94,,,,,,,,,,,,,
0,21.226,60.943,,,,,,,,,,,,,
0,21.329,60.95,,,,,,,,,,,,,
0,21.4,60.95,,,,,,,,,,,,,
0,21.841,60.953,,,,,,,,,,,,,
0,22.886,60.901,,,,,,,,,,,,,
0,23.155,60.905,,,,,,,,,,,,,
0,24.367,60.873,,,,,,,,,,,,,
0,25,60.874,,,,,,,,,,,,,
1.3,13,1300,FALSE,,,79,,,,,0,,,,âÕêÏä«óùé{ê›ìôç\ë¢óﬂ
0,-25,61.793,,,,,,,,,,,,,
0,-24.79,61.779,,,,,,,,,,,,,
0,-24.466,61.764,,,,,,,,,,,,,
0,-24.285,61.759,,,,,,,,,,,,,
0,-23.42,61.79,,,,,,,,,,,,,
0,-23.389,61.791,,,,,,,,,,,,,
0,-22.804,61.802,,,,,,,,,,,,,
0,-22.437,61.809,,,,,,,,,,,,,
0,-22.417,61.81,,,,,,,,,,,,,
0,-22.379,61.809,,,,,,,,,,,,,
0,-21.376,61.77,,,,,,,,,,,,,
0,-20.929,61.779,,,,,,,,,,,,,
0,-20.367,61.776,,,,,,,,,,,,,
0,-19.968,61.739,,,,,,,,,,,,,
0,-19.34,61.699,,,,,,,,,,,,,
0,-18.344,61.527,,,,,,,,,,,,,
0,-18.308,61.52,,,,,,,,,,,,,
0,-17.551,61.65,,,,,,,,,,,,,
0,-17.299,61.671,,,,,,,,,,,,,
0,-16.729,61.698,,,,,,,,,,,,,
0,-16.299,61.765,,,,,,,,,,,,,
0,-15.479,61.709,,,,,,,,,,,,,
0,-15.292,61.703,,,,,,,,,,,,,
0,-14.421,61.809,,,,,,,,,,,,,
0,-8.269,62.453,,,,,,,,,,,,,
0,-7.548,62.468,,,,,,,,,,,,,
0,-5.517,62.381,,,,,,,,,,,,,
0,-4.738,62.241,,,,,,,,,,,,,
0,-4.074,62.136,,,,,,,,,,,,,
0,-3.535,62.146,,,,,,,,,,,,,
0,-3.044,62.16,,,,,,,,,,,,,
0,-2.551,62.137,,,,,,,,,,,,,
0,-1.97,61.348,,,,,,,,,,,,,
0,-1.339,60.615,,,,,,,,,,,,,
0,-0.915,60.337,,,,,,,,,,,,,
0,-0.205,59.907,,,,,,,,,,,,,
0,0.116,59.932,,,,,,,,,,,,,
0,0.972,59.955,,,,,,,,,,,,,
0,1.127,59.939,,,,,,,,,,,,,
0,2.04,60.144,,,,,,,,,,,,,
0,2.186,60.252,,,,,,,,,,,,,
0,2.582,60.387,,,,,,,,,,,,,
0,3.236,60.596,,,,,,,,,,,,,
0,3.437,60.704,,,,,,,,,,,,,
0,4.29,60.69,,,,,,,,,,,,,
0,4.328,60.739,,,,,,,,,,,,,
0,5.292,62.238,,,,,,,,,,,,,
0,5.701,62.433,,,,,,,,,,,,,
0,6.37,62.398,,,,,,,,,,,,,
0,6.848,62.369,,,,,,,,,,,,,
0,7.389,62.337,,,,,,,,,,,,,
0,8.089,62.296,,,,,,,,,,,,,
0,8.448,62.326,,,,,,,,,,,,,
0,9.195,62.304,,,,,,,,,,,,,
0,9.524,62.295,,,,,,,,,,,,,
0,10.269,62.308,,,,,,,,,,,,,
0,10.602,62.327,,,,,,,,,,,,,
0,10.725,62.328,,,,,,,,,,,,,
0,11.617,62.39,,,,,,,,,,,,,
0,11.642,62.389,,,,,,,,,,,,,
0,12.668,62.322,,,,,,,,,,,,,
0,12.83,62.314,,,,,,,,,,,,,
0,13.698,62.318,,,,,,,,,,,,,
0,14.151,62.384,,,,,,,,,,,,,
0,14.875,62.248,,,,,,,,,,,,,
0,15.418,62.203,,,,,,,,,,,,,
0,15.591,62.271,,,,,,,,,,,,,
0,15.756,62.177,,,,,,,,,,,,,
0,16.39,62.139,,,,,,,,,,,,,
0,16.792,62.144,,,,,,,,,,,,,
0,17.528,62.222,,,,,,,,,,,,,
0,17.786,62.212,,,,,,,,,,,,,
0,18.507,62.151,,,,,,,,,,,,,
0,18.842,62.117,,,,,,,,,,,,,
0,18.961,62.115,,,,,,,,,,,,,
0,21.743,62.311,,,,,,,,,,,,,
0,23.892,62.367,,,,,,,,,,,,,
0,24.154,62.371,,,,,,,,,,,,,
0,25,62.358,,,,,,,,,,,,,
1.4,14,1400,FALSE,,,44,,,,,0,,,,âÕêÏä«óùé{ê›ìôç\ë¢óﬂ
0,-25,64.341,,,,,,,,,,,,,
0,-24.782,64.371,,,,,,,,,,,,,
0,-24.546,64.318,,,,,,,,,,,,,
0,-23.368,64.293,,,,,,,,,,,,,
0,-18.611,63.799,,,,,,,,,,,,,
0,-18.346,63.756,,,,,,,,,,,,,
0,-18.321,63.753,,,,,,,,,,,,,
0,-18.233,63.691,,,,,,,,,,,,,
0,-17.032,62.778,,,,,,,,,,,,,
0,-16.793,62.785,,,,,,,,,,,,,
0,-15.736,62.919,,,,,,,,,,,,,
0,-15.323,62.85,,,,,,,,,,,,,
0,-14.447,62.837,,,,,,,,,,,,,
0,-13.889,62.884,,,,,,,,,,,,,
0,-13.146,62.76,,,,,,,,,,,,,
0,-12.422,62.782,,,,,,,,,,,,,
0,-11.853,62.866,,,,,,,,,,,,,
0,-11.409,62.902,,,,,,,,,,,,,
0,-9.867,62.96,,,,,,,,,,,,,
0,-9.533,62.968,,,,,,,,,,,,,
0,-9.272,62.94,,,,,,,,,,,,,
0,-8.084,62.929,,,,,,,,,,,,,
0,-7.989,62.942,,,,,,,,,,,,,
0,-7.204,63.025,,,,,,,,,,,,,
0,-6.669,63.076,,,,,,,,,,,,,
0,-6.4,62.99,,,,,,,,,,,,,
0,-6.055,62.978,,,,,,,,,,,,,
0,-5.375,62.903,,,,,,,,,,,,,
0,-0.634,61.372,,,,,,,,,,,,,
0,-0.176,61.202,,,,,,,,,,,,,
0,0.114,60.962,,,,,,,,,,,,,
0,0.992,60.872,,,,,,,,,,,,,
0,1.479,60.9,,,,,,,,,,,,,
0,2.52,61.866,,,,,,,,,,,,,
0,4.375,63.146,,,,,,,,,,,,,
0,6.504,63.121,,,,,,,,,,,,,
0,8.805,62.798,,,,,,,,,,,,,
0,9.161,62.758,,,,,,,,,,,,,
0,9.907,62.811,,,,,,,,,,,,,
0,10.9,62.789,,,,,,,,,,,,,
0,11.178,62.822,,,,,,,,,,,,,
0,12.384,62.787,,,,,,,,,,,,,
0,23.013,62.74,,,,,,,,,,,,,
0,25,62.718,,,,,,,,,,,,,
1.5,15,1500,FALSE,,,61,,,,,0,,,,âÕêÏä«óùé{ê›ìôç\ë¢óﬂ
0,-25,64.479,,,,,,,,,,,,,
0,-24.569,64.448,,,,,,,,,,,,,
0,-24.093,64.45,,,,,,,,,,,,,
0,-23.579,64.426,,,,,,,,,,,,,
0,-22.994,64.41,,,,,,,,,,,,,
0,-22.794,64.418,,,,,,,,,,,,,
0,-22.599,64.43,,,,,,,,,,,,,
0,-21.54,64.654,,,,,,,,,,,,,
0,-20.191,64.69,,,,,,,,,,,,,
0,-19.131,64.679,,,,,,,,,,,,,
0,-17.297,64.756,,,,,,,,,,,,,
0,-15.388,64.671,,,,,,,,,,,,,
0,-13.095,64.732,,,,,,,,,,,,,
0,-13.022,64.727,,,,,,,,,,,,,
0,-12.835,64.722,,,,,,,,,,,,,
0,-12.63,64.71,,,,,,,,,,,,,
0,-11.682,64.632,,,,,,,,,,,,,
0,-10.973,64.617,,,,,,,,,,,,,
0,-10.627,64.598,,,,,,,,,,,,,
0,-10.454,64.607,,,,,,,,,,,,,
0,-9.672,64.71,,,,,,,,,,,,,
0,-9.578,64.72,,,,,,,,,,,,,
0,-3.665,65.093,,,,,,,,,,,,,
0,-3.115,64.405,,,,,,,,,,,,,
0,-2.688,63.836,,,,,,,,,,,,,
0,-2.233,63.323,,,,,,,,,,,,,
0,-1.904,62.988,,,,,,,,,,,,,
0,-0.975,62.789,,,,,,,,,,,,,
0,-0.73,62.833,,,,,,,,,,,,,
0,-0.095,62.974,,,,,,,,,,,,,
0,0.016,62.986,,,,,,,,,,,,,
0,0.057,62.992,,,,,,,,,,,,,
0,0.111,63.036,,,,,,,,,,,,,
0,0.165,63.133,,,,,,,,,,,,,
0,3.994,64.921,,,,,,,,,,,,,
0,4.427,64.939,,,,,,,,,,,,,
0,4.735,64.914,,,,,,,,,,,,,
0,5.101,64.898,,,,,,,,,,,,,
0,5.419,64.901,,,,,,,,,,,,,
0,6.147,64.914,,,,,,,,,,,,,
0,9.758,64.619,,,,,,,,,,,,,
0,10.452,64.623,,,,,,,,,,,,,
0,16.968,64.668,,,,,,,,,,,,,
0,17.814,64.692,,,,,,,,,,,,,
0,18.98,64.588,,,,,,,,,,,,,
0,19.01,64.59,,,,,,,,,,,,,
0,19.234,64.595,,,,,,,,,,,,,
0,19.471,64.58,,,,,,,,,,,,,
0,20.156,64.571,,,,,,,,,,,,,
0,20.549,64.627,,,,,,,,,,,,,
0,20.926,64.662,,,,,,,,,,,,,
0,21.829,64.66,,,,,,,,,,,,,
0,21.833,64.66,,,,,,,,,,,,,
0,22.511,64.667,,,,,,,,,,,,,
0,22.571,64.665,,,,,,,,,,,,,
0,22.935,64.674,,,,,,,,,,,,,
0,23.478,64.684,,,,,,,,,,,,,
0,23.644,64.693,,,,,,,,,,,,,
0,24.226,64.726,,,,,,,,,,,,,
0,24.735,64.649,,,,,,,,,,,,,
0,25,64.607,,,,,,,,,,,,,
1.6,16,1600,FALSE,,,96,,,,,0,,,,âÕêÏä«óùé{ê›ìôç\ë¢óﬂ
0,-25,65.534,,,,,,,,,,,,,
0,-24.836,65.523,,,,,,,,,,,,,
0,-24.551,65.508,,,,,,,,,,,,,
0,-24.355,65.51,,,,,,,,,,,,,
0,-24.025,65.527,,,,,,,,,,,,,
0,-23.738,65.57,,,,,,,,,,,,,
0,-21,65.637,,,,,,,,,,,,,
0,-20.842,65.642,,,,,,,,,,,,,
0,-20.5,65.666,,,,,,,,,,,,,
0,-19.657,65.72,,,,,,,,,,,,,
0,-19.586,65.721,,,,,,,,,,,,,
0,-19.484,65.725,,,,,,,,,,,,,
0,-18.533,65.71,,,,,,,,,,,,,
0,-18.319,65.708,,,,,,,,,,,,,
0,-17.971,65.633,,,,,,,,,,,,,
0,-17.002,65.769,,,,,,,,,,,,,
0,-15.286,65.738,,,,,,,,,,,,,
0,-14.183,65.811,,,,,,,,,,,,,
0,-13.249,65.829,,,,,,,,,,,,,
0,-12.773,65.827,,,,,,,,,,,,,
0,-12.021,65.813,,,,,,,,,,,,,
0,-9.702,65.832,,,,,,,,,,,,,
0,-6.621,65.901,,,,,,,,,,,,,
0,-6.3,65.835,,,,,,,,,,,,,
0,-5.18,65.827,,,,,,,,,,,,,
0,-4.998,65.858,,,,,,,,,,,,,
0,-4.813,65.83,,,,,,,,,,,,,
0,-4.407,65.804,,,,,,,,,,,,,
0,-4.043,65.791,,,,,,,,,,,,,
0,-3.722,65.812,,,,,,,,,,,,,
0,-2.692,65.03,,,,,,,,,,,,,
0,-2.532,64.962,,,,,,,,,,,,,
0,-2.491,64.901,,,,,,,,,,,,,
0,-2.283,64.597,,,,,,,,,,,,,
0,-1.891,64.036,,,,,,,,,,,,,
0,-1.816,63.979,,,,,,,,,,,,,
0,-1.547,63.952,,,,,,,,,,,,,
0,-0.641,63.768,,,,,,,,,,,,,
0,-0.063,63.805,,,,,,,,,,,,,
0,0.054,63.809,,,,,,,,,,,,,
0,0.27,63.81,,,,,,,,,,,,,
0,1.222,64.005,,,,,,,,,,,,,
0,1.734,64.558,,,,,,,,,,,,,
0,1.907,64.698,,,,,,,,,,,,,
0,2.474,65.455,,,,,,,,,,,,,
0,3.027,66.015,,,,,,,,,,,,,
0,3.203,65.993,,,,,,,,,,,,,
0,3.724,65.745,,,,,,,,,,,,,
0,4.147,65.714,,,,,,,,,,,,,
0,4.858,66.281,,,,,,,,,,,,,
0,4.99,66.477,,,,,,,,,,,,,
0,5.557,66.745,,,,,,,,,,,,,
0,5.859,66.664,,,,,,,,,,,,,
0,6.983,66.308,,,,,,,,,,,,,
0,8.175,66.331,,,,,,,,,,,,,
0,8.458,66.38,,,,,,,,,,,,,
0,8.826,66.368,,,,,,,,,,,,,
0,9.132,66.355,,,,,,,,,,,,,
0,9.427,66.342,,,,,,,,,,,,,
0,10.251,66.316,,,,,,,,,,,,,
0,10.575,66.324,,,,,,,,,,,,,
0,10.934,66.309,,,,,,,,,,,,,
0,11.407,66.299,,,,,,,,,,,,,
0,12.015,66.324,,,,,,,,,,,,,
0,12.506,66.347,,,,,,,,,,,,,
0,12.7,66.352,,,,,,,,,,,,,
0,13.754,66.35,,,,,,,,,,,,,
0,13.777,66.348,,,,,,,,,,,,,
0,13.812,66.347,,,,,,,,,,,,,
0,14.427,66.306,,,,,,,,,,,,,
0,14.848,66.304,,,,,,,,,,,,,
0,15.493,66.285,,,,,,,,,,,,,
0,15.869,66.237,,,,,,,,,,,,,
0,16.145,66.227,,,,,,,,,,,,,
0,17.103,66.661,,,,,,,,,,,,,
0,17.215,66.713,,,,,,,,,,,,,
0,17.804,66.75,,,,,,,,,,,,,
0,17.85,66.754,,,,,,,,,,,,,
0,18.646,66.712,,,,,,,,,,,,,
0,18.89,66.7,,,,,,,,,,,,,
0,18.915,66.704,,,,,,,,,,,,,
0,19.546,66.778,,,,,,,,,,,,,
0,19.967,66.718,,,,,,,,,,,,,
0,20.595,66.699,,,,,,,,,,,,,
0,20.781,66.744,,,,,,,,,,,,,
0,21.071,66.573,,,,,,,,,,,,,
0,21.972,66.217,,,,,,,,,,,,,
0,22.191,66.14,,,,,,,,,,,,,
0,22.291,66.099,,,,,,,,,,,,,
0,22.458,66.087,,,,,,,,,,,,,
0,22.944,66.094,,,,,,,,,,,,,
0,23.29,66.053,,,,,,,,,,,,,
0,23.996,66.06,,,,,,,,,,,,,
0,24.275,66.056,,,,,,,,,,,,,
0,24.634,66.014,,,,,,,,,,,,,
0,25,65.994,,,,,,,,,,,,,
1.7,17,1700,FALSE,,,78,,,,,0,,,,âÕêÏä«óùé{ê›ìôç\ë¢óﬂ
0,-25,67.867,,,,,,,,,,,,,
0,-24.997,67.867,,,,,,,,,,,,,
0,-24.421,67.921,,,,,,,,,,,,,
0,-24.086,67.928,,,,,,,,,,,,,
0,-23.197,67.994,,,,,,,,,,,,,
0,-22.982,68.006,,,,,,,,,,,,,
0,-22.899,68.005,,,,,,,,,,,,,
0,-22.805,67.994,,,,,,,,,,,,,
0,-22.264,67.913,,,,,,,,,,,,,
0,-21.544,67.886,,,,,,,,,,,,,
0,-21.116,67.873,,,,,,,,,,,,,
0,-20.725,67.885,,,,,,,,,,,,,
0,-20.173,67.916,,,,,,,,,,,,,
0,-20.123,67.92,,,,,,,,,,,,,
0,-20.086,67.92,,,,,,,,,,,,,
0,-20.039,67.92,,,,,,,,,,,,,
0,-19.261,67.928,,,,,,,,,,,,,
0,-18.639,67.912,,,,,,,,,,,,,
0,-18.279,67.882,,,,,,,,,,,,,
0,-18.001,67.862,,,,,,,,,,,,,
0,-16.906,67.855,,,,,,,,,,,,,
0,-16.717,67.863,,,,,,,,,,,,,
0,-16.508,67.853,,,,,,,,,,,,,
0,-16.074,67.898,,,,,,,,,,,,,
0,-14.466,67.918,,,,,,,,,,,,,
0,-14.372,67.913,,,,,,,,,,,,,
0,-13.828,67.915,,,,,,,,,,,,,
0,-13.73,67.903,,,,,,,,,,,,,
0,-13.012,67.808,,,,,,,,,,,,,
0,-12.213,67.815,,,,,,,,,,,,,
0,-12.157,67.816,,,,,,,,,,,,,
0,-11.94,67.824,,,,,,,,,,,,,
0,-11.676,67.837,,,,,,,,,,,,,
0,-11.607,67.827,,,,,,,,,,,,,
0,-10.338,67.717,,,,,,,,,,,,,
0,-10.08,67.7,,,,,,,,,,,,,
0,-9.444,67.808,,,,,,,,,,,,,
0,-9.437,67.809,,,,,,,,,,,,,
0,-8.204,68.126,,,,,,,,,,,,,
0,-7.96,68.081,,,,,,,,,,,,,
0,-7.793,68.036,,,,,,,,,,,,,
0,-7.004,67.62,,,,,,,,,,,,,
0,-5.832,67.566,,,,,,,,,,,,,
0,-5.735,67.575,,,,,,,,,,,,,
0,-5.049,67.664,,,,,,,,,,,,,
0,-4.582,67.665,,,,,,,,,,,,,
0,-3.414,67.636,,,,,,,,,,,,,
0,-3.112,67.72,,,,,,,,,,,,,
0,-2.38,67.41,,,,,,,,,,,,,
0,-1.606,66.658,,,,,,,,,,,,,
0,-1.424,66.498,,,,,,,,,,,,,
0,-0.962,65.902,,,,,,,,,,,,,
0,-0.893,65.826,,,,,,,,,,,,,
0,-0.316,65.49,,,,,,,,,,,,,
0,0.685,65.45,,,,,,,,,,,,,
0,1.725,65.461,,,,,,,,,,,,,
0,2.336,65.567,,,,,,,,,,,,,
0,2.511,65.673,,,,,,,,,,,,,
0,3.144,66.438,,,,,,,,,,,,,
0,3.165,66.481,,,,,,,,,,,,,
0,4.35,67.736,,,,,,,,,,,,,
0,4.571,67.62,,,,,,,,,,,,,
0,5.065,67.406,,,,,,,,,,,,,
0,5.194,67.409,,,,,,,,,,,,,
0,6.161,67.333,,,,,,,,,,,,,
0,6.612,67.32,,,,,,,,,,,,,
0,7.021,67.32,,,,,,,,,,,,,
0,7.232,67.283,,,,,,,,,,,,,
0,7.703,67.191,,,,,,,,,,,,,
0,8.257,67.259,,,,,,,,,,,,,
0,13.781,67.59,,,,,,,,,,,,,
0,14.857,67.575,,,,,,,,,,,,,
0,18.561,67.583,,,,,,,,,,,,,
0,21.844,67.648,,,,,,,,,,,,,
0,22.369,67.562,,,,,,,,,,,,,
0,22.966,67.574,,,,,,,,,,,,,
0,23.384,67.758,,,,,,,,,,,,,
0,25,67.612,,,,,,,,,,,,,
1.8,18,1800,FALSE,,,96,,,,,0,,,,âÕêÏä«óùé{ê›ìôç\ë¢óﬂ
0,-25,68.778,,,,,,,,,,,,,
0,-23.782,68.818,,,,,,,,,,,,,
0,-22.49,68.752,,,,,,,,,,,,,
0,-21.836,68.731,,,,,,,,,,,,,
0,-21.594,68.723,,,,,,,,,,,,,
0,-21.195,68.749,,,,,,,,,,,,,
0,-20.977,68.76,,,,,,,,,,,,,
0,-20.75,68.774,,,,,,,,,,,,,
0,-19.856,68.777,,,,,,,,,,,,,
0,-19.411,68.783,,,,,,,,,,,,,
0,-19.298,68.784,,,,,,,,,,,,,
0,-19.073,68.829,,,,,,,,,,,,,
0,-18.7,68.896,,,,,,,,,,,,,
0,-18.293,68.932,,,,,,,,,,,,,
0,-15.97,69.008,,,,,,,,,,,,,
0,-15.425,69.044,,,,,,,,,,,,,
0,-14.509,69.04,,,,,,,,,,,,,
0,-14.179,68.977,,,,,,,,,,,,,
0,-13.581,69.044,,,,,,,,,,,,,
0,-12.535,68.876,,,,,,,,,,,,,
0,-12.513,68.874,,,,,,,,,,,,,
0,-11.934,68.958,,,,,,,,,,,,,
0,-10.603,68.937,,,,,,,,,,,,,
0,-10.246,68.928,,,,,,,,,,,,,
0,-10.199,68.935,,,,,,,,,,,,,
0,-9.477,68.871,,,,,,,,,,,,,
0,-9.081,68.853,,,,,,,,,,,,,
0,-8.16,68.857,,,,,,,,,,,,,
0,-7.814,68.865,,,,,,,,,,,,,
0,-7.613,68.883,,,,,,,,,,,,,
0,-6.623,68.903,,,,,,,,,,,,,
0,-6.083,68.921,,,,,,,,,,,,,
0,-5.628,68.905,,,,,,,,,,,,,
0,-5.561,68.902,,,,,,,,,,,,,
0,-4.73,68.887,,,,,,,,,,,,,
0,-4.035,68.897,,,,,,,,,,,,,
0,-3.843,68.906,,,,,,,,,,,,,
0,-3.503,68.924,,,,,,,,,,,,,
0,-2.976,69.046,,,,,,,,,,,,,
0,-2.032,69.157,,,,,,,,,,,,,
0,-1.698,68.783,,,,,,,,,,,,,
0,-0.138,67.051,,,,,,,,,,,,,
0,0.272,67.283,,,,,,,,,,,,,
0,0.345,67.299,,,,,,,,,,,,,
0,1.357,71.281,,,,,,,,,,,,,
0,2.007,74.017,,,,,,,,,,,,,
0,2.196,73.994,,,,,,,,,,,,,
0,2.488,74.002,,,,,,,,,,,,,
0,3.198,74.088,,,,,,,,,,,,,
0,3.946,74.15,,,,,,,,,,,,,
0,4.344,74.014,,,,,,,,,,,,,
0,4.417,73.992,,,,,,,,,,,,,
0,4.83,73.987,,,,,,,,,,,,,
0,5.852,73.999,,,,,,,,,,,,,
0,5.967,73.996,,,,,,,,,,,,,
0,6.342,74.012,,,,,,,,,,,,,
0,6.688,74.413,,,,,,,,,,,,,
0,7.819,75.752,,,,,,,,,,,,,
0,7.906,75.752,,,,,,,,,,,,,
0,8.302,75.751,,,,,,,,,,,,,
0,8.388,75.765,,,,,,,,,,,,,
0,9.768,75.874,,,,,,,,,,,,,
0,9.788,75.868,,,,,,,,,,,,,
0,10.246,75.796,,,,,,,,,,,,,
0,10.642,75.757,,,,,,,,,,,,,
0,11.248,75.79,,,,,,,,,,,,,
0,11.733,75.811,,,,,,,,,,,,,
0,12.084,75.807,,,,,,,,,,,,,
0,12.22,75.758,,,,,,,,,,,,,
0,12.915,75.563,,,,,,,,,,,,,
0,13.655,75.731,,,,,,,,,,,,,
0,13.72,75.795,,,,,,,,,,,,,
0,14.078,74.341,,,,,,,,,,,,,
0,14.744,73.691,,,,,,,,,,,,,
0,15.572,73.951,,,,,,,,,,,,,
0,15.908,74.113,,,,,,,,,,,,,
0,16.076,74.157,,,,,,,,,,,,,
0,17.067,74.056,,,,,,,,,,,,,
0,17.523,74.012,,,,,,,,,,,,,
0,17.785,74.001,,,,,,,,,,,,,
0,17.99,73.973,,,,,,,,,,,,,
0,18.284,73.97,,,,,,,,,,,,,
0,18.688,74.006,,,,,,,,,,,,,
0,19.545,74.058,,,,,,,,,,,,,
0,19.82,74.112,,,,,,,,,,,,,
0,20.034,74.154,,,,,,,,,,,,,
0,20.557,74.104,,,,,,,,,,,,,
0,21.536,73.989,,,,,,,,,,,,,
0,21.748,73.976,,,,,,,,,,,,,
0,22.016,73.965,,,,,,,,,,,,,
0,22.868,73.888,,,,,,,,,,,,,
0,23.545,73.787,,,,,,,,,,,,,
0,23.75,73.726,,,,,,,,,,,,,
0,23.978,73.631,,,,,,,,,,,,,
0,24.341,73.584,,,,,,,,,,,,,
0,25,73.544,,,,,,,,,,,,,
19,19,1900,TRUE,,,97,,,,,0,,,,âÕêÏä«óùé{ê›ìôç\ë¢óﬂ
0,-21.158,70.715,,,,,,,,,,,,,
0,-20.541,70.765,,,,,,,,,,,,,
0,-20.379,70.763,,,,,,,,,,,,,
0,-20.168,70.785,,,,,,,,,,,,,
0,-20.002,70.807,,,,,,,,,,,,,
0,-19.651,70.892,,,,,,,,,,,,,
0,-18.002,71.116,,,,,,,,,,,,,
0,-17.92,71.138,,,,,,,,,,,,,
0,-16.195,71.06,,,,,,,,,,,,,
0,-12.692,71.046,,,,,,,,,,,,,
0,-7.795,70.764,,,,,,,,,,,,,
0,-7.498,70.873,,,,,,,,,,,,,
0,-7.056,70.609,,,,,,,,,,,,,
0,-6.767,70.386,,,,,,,,,,,,,
0,-6.17,70.253,,,,,,,,,,,,,
0,-5.7,70.232,,,,,,,,,,,,,
0,-5.634,70.237,,,,,,,,,,,,,
0,-5.424,70.27,,,,,,,,,,,,,
0,-4.747,70.391,,,,,,,,,,,,,
0,-4.532,70.39,,,,,,,,,,,,,
0,-4.154,70.398,,,,,,,,,,,,,
0,-3.942,70.412,,,,,,,,,,,,,
0,-3.268,70.437,,,,,,,,,,,,,
0,-2.857,70.431,,,,,,,,,,,,,
0,-2.521,70.408,,,,,,,,,,,,,
0,-2.251,70.385,,,,,,,,,,,,,
0,-1.35,70.395,,,,,,,,,,,,,
0,-1.273,70.398,,,,,,,,,,,,,
0,-1.244,70.399,,,,,,,,,,,,,
0,-0.771,70.369,,,,,,,,,,,,,
0,-0.367,70.36,,,,,,,,,,,,,
0,0.118,70.387,,,,,,,,,,,,,
0,0.773,70.526,,,,,,,,,,,,,
0,1.097,70.495,,,,,,,,,,,,,
0,1.418,70.575,,,,,,,,,,,,,
0,1.615,70.672,,,,,,,,,,,,,
0,1.844,70.503,,,,,,,,,,,,,
0,2.199,70.686,,,,,,,,,,,,,
0,2.747,74.722,,,,,,,,,,,,,
0,2.842,75.063,,,,,,,,,,,,,
0,3.153,74.998,,,,,,,,,,,,,
0,3.757,75.112,,,,,,,,,,,,,
0,3.978,75.16,,,,,,,,,,,,,
0,4.475,75.193,,,,,,,,,,,,,
0,4.944,75.096,,,,,,,,,,,,,
0,5.158,75.138,,,,,,,,,,,,,
0,5.357,75.123,,,,,,,,,,,,,
0,5.817,75.041,,,,,,,,,,,,,
0,6.378,75.066,,,,,,,,,,,,,
0,6.731,75.06,,,,,,,,,,,,,
0,7.192,74.955,,,,,,,,,,,,,
0,7.588,74.889,,,,,,,,,,,,,
0,8.061,74.956,,,,,,,,,,,,,
0,8.356,74.911,,,,,,,,,,,,,
0,8.558,75.754,,,,,,,,,,,,,
0,8.73,75.803,,,,,,,,,,,,,
0,9.087,77.352,,,,,,,,,,,,,
0,9.523,77.388,,,,,,,,,,,,,
0,9.926,77.544,,,,,,,,,,,,,
0,10.238,77.586,,,,,,,,,,,,,
0,10.389,77.634,,,,,,,,,,,,,
0,10.585,77.637,,,,,,,,,,,,,
0,11.283,77.518,,,,,,,,,,,,,
0,11.591,77.418,,,,,,,,,,,,,
0,11.779,77.384,,,,,,,,,,,,,
0,12.101,77.422,,,,,,,,,,,,,
0,12.691,77.5,,,,,,,,,,,,,
0,13.069,77.439,,,,,,,,,,,,,
0,13.185,77.392,,,,,,,,,,,,,
0,14.103,77.014,,,,,,,,,,,,,
0,14.125,77.02,,,,,,,,,,,,,
0,14.139,76.934,,,,,,,,,,,,,
0,15.356,74.576,,,,,,,,,,,,,
0,15.569,74.62,,,,,,,,,,,,,
0,15.784,74.733,,,,,,,,,,,,,
0,16.136,74.922,,,,,,,,,,,,,
0,16.45,75.018,,,,,,,,,,,,,
0,17.208,75.096,,,,,,,,,,,,,
0,17.411,75.101,,,,,,,,,,,,,
0,17.772,75.054,,,,,,,,,,,,,
0,18.84,75.07,,,,,,,,,,,,,
0,18.85,75.07,,,,,,,,,,,,,
0,18.854,75.069,,,,,,,,,,,,,
0,19.41,74.943,,,,,,,,,,,,,
0,19.954,75.018,,,,,,,,,,,,,
0,20.536,75.138,,,,,,,,,,,,,
0,21.055,75.1,,,,,,,,,,,,,
0,21.167,75.105,,,,,,,,,,,,,
0,21.253,75.091,,,,,,,,,,,,,
0,22.325,75.048,,,,,,,,,,,,,
0,22.447,75.062,,,,,,,,,,,,,
0,22.941,75.01,,,,,,,,,,,,,
0,23.661,74.874,,,,,,,,,,,,,
0,24.067,74.794,,,,,,,,,,,,,
0,24.608,74.665,,,,,,,,,,,,,
0,24.682,74.659,,,,,,,,,,,,,
0,25,74.665,,,,,,,,,,,,,
20,20,2000,TRUE,,,79,,,,,0,,,,âÕêÏä«óùé{ê›ìôç\ë¢óﬂ
0,-18.612,71.622,,,,,,,,,,,,,
0,-17.715,71.753,,,,,,,,,,,,,
0,-16.234,71.632,,,,,,,,,,,,,
0,-16.096,71.63,,,,,,,,,,,,,
0,-16.016,71.61,,,,,,,,,,,,,
0,-15.244,71.631,,,,,,,,,,,,,
0,-14.92,71.555,,,,,,,,,,,,,
0,-13.961,71.28,,,,,,,,,,,,,
0,-13.377,71.187,,,,,,,,,,,,,
0,-12.327,71.3,,,,,,,,,,,,,
0,-12.325,71.3,,,,,,,,,,,,,
0,-12.324,71.3,,,,,,,,,,,,,
0,-11.469,71.189,,,,,,,,,,,,,
0,-11.383,71.184,,,,,,,,,,,,,
0,-10.889,71.201,,,,,,,,,,,,,
0,-10.461,71.22,,,,,,,,,,,,,
0,-10.388,71.216,,,,,,,,,,,,,
0,-10.211,71.248,,,,,,,,,,,,,
0,-9.499,71.299,,,,,,,,,,,,,
0,-9.037,71.474,,,,,,,,,,,,,
0,-8.776,71.548,,,,,,,,,,,,,
0,-8.409,71.609,,,,,,,,,,,,,
0,-8.179,71.601,,,,,,,,,,,,,
0,-7.87,71.604,,,,,,,,,,,,,
0,-4.504,71.44,,,,,,,,,,,,,
0,0.253,71.45,,,,,,,,,,,,,
0,1.199,71.45,,,,,,,,,,,,,
0,2.33,71.385,,,,,,,,,,,,,
0,3.127,71.356,,,,,,,,,,,,,
0,3.659,71.257,,,,,,,,,,,,,
0,3.969,71.233,,,,,,,,,,,,,
0,4.605,71.265,,,,,,,,,,,,,
0,5.494,72.162,,,,,,,,,,,,,
0,5.859,73.327,,,,,,,,,,,,,
0,6.434,76.014,,,,,,,,,,,,,
0,6.882,76.03,,,,,,,,,,,,,
0,7.256,76.098,,,,,,,,,,,,,
0,8.038,76.072,,,,,,,,,,,,,
0,8.216,76.042,,,,,,,,,,,,,
0,8.919,75.982,,,,,,,,,,,,,
0,9.717,76.025,,,,,,,,,,,,,
0,10.07,76.045,,,,,,,,,,,,,
0,10.504,75.997,,,,,,,,,,,,,
0,10.972,75.9,,,,,,,,,,,,,
0,11.684,75.742,,,,,,,,,,,,,
0,12.2,77.749,,,,,,,,,,,,,
0,12.939,79.035,,,,,,,,,,,,,
0,13.155,79.068,,,,,,,,,,,,,
0,13.831,79.028,,,,,,,,,,,,,
0,14.28,79.007,,,,,,,,,,,,,
0,14.327,79.005,,,,,,,,,,,,,
0,14.661,78.991,,,,,,,,,,,,,
0,15.107,78.977,,,,,,,,,,,,,
0,15.172,78.985,,,,,,,,,,,,,
0,16.141,79.031,,,,,,,,,,,,,
0,16.296,79.026,,,,,,,,,,,,,
0,16.881,78.917,,,,,,,,,,,,,
0,17.137,78.774,,,,,,,,,,,,,
0,17.998,78.956,,,,,,,,,,,,,
0,18.274,78.934,,,,,,,,,,,,,
0,18.363,78.61,,,,,,,,,,,,,
0,19.003,75.914,,,,,,,,,,,,,
0,19.06,75.639,,,,,,,,,,,,,
0,19.068,75.644,,,,,,,,,,,,,
0,19.976,76.066,,,,,,,,,,,,,
0,20.198,76.095,,,,,,,,,,,,,
0,20.993,76.071,,,,,,,,,,,,,
0,21.05,76.07,,,,,,,,,,,,,
0,21.067,76.07,,,,,,,,,,,,,
0,21.28,76.081,,,,,,,,,,,,,
0,22.078,76.115,,,,,,,,,,,,,
0,22.143,76.112,,,,,,,,,,,,,
0,22.346,76.084,,,,,,,,,,,,,
0,22.983,75.978,,,,,,,,,,,,,
0,23.214,75.968,,,,,,,,,,,,,
0,24.085,76.113,,,,,,,,,,,,,
0,24.482,76.121,,,,,,,,,,,,,
0,24.903,76.062,,,,,,,,,,,,,
0,25,76.058,,,,,,,,,,,,,
21,21,2100,TRUE,,,88,,,,,0,,,,âÕêÏä«óùé{ê›ìôç\ë¢óﬂ
0,-23.742,73.385,,,,,,,,,,,,,
0,-23.614,73.385,,,,,,,,,,,,,
0,-20.693,73.227,,,,,,,,,,,,,
0,-20.101,73.21,,,,,,,,,,,,,
0,-20.06,73.221,,,,,,,,,,,,,
0,-19.05,73.315,,,,,,,,,,,,,
0,-18.932,73.32,,,,,,,,,,,,,
0,-18.26,73.4,,,,,,,,,,,,,
0,-16.455,73.511,,,,,,,,,,,,,
0,-13.898,73.308,,,,,,,,,,,,,
0,-10.27,72.911,,,,,,,,,,,,,
0,-9.762,72.826,,,,,,,,,,,,,
0,-9.552,72.825,,,,,,,,,,,,,
0,-8.817,72.856,,,,,,,,,,,,,
0,-8.62,72.858,,,,,,,,,,,,,
0,-8.515,72.863,,,,,,,,,,,,,
0,-7.543,72.854,,,,,,,,,,,,,
0,-7.186,72.859,,,,,,,,,,,,,
0,-6.576,73.068,,,,,,,,,,,,,
0,-5.794,72.91,,,,,,,,,,,,,
0,-5.67,72.78,,,,,,,,,,,,,
0,-4.363,72.982,,,,,,,,,,,,,
0,-3.676,73.015,,,,,,,,,,,,,
0,-2.173,73.1,,,,,,,,,,,,,
0,-1.271,73.096,,,,,,,,,,,,,
0,-0.361,73.216,,,,,,,,,,,,,
0,0.191,73.105,,,,,,,,,,,,,
0,0.739,73.137,,,,,,,,,,,,,
0,1.501,73.503,,,,,,,,,,,,,
0,1.701,73.767,,,,,,,,,,,,,
0,2.405,74.763,,,,,,,,,,,,,
0,2.776,75.673,,,,,,,,,,,,,
0,3.677,76.83,,,,,,,,,,,,,
0,3.773,77.059,,,,,,,,,,,,,
0,3.813,77.063,,,,,,,,,,,,,
0,4.002,77.08,,,,,,,,,,,,,
0,4.674,77.155,,,,,,,,,,,,,
0,4.812,77.142,,,,,,,,,,,,,
0,5.419,77.093,,,,,,,,,,,,,
0,5.733,77.061,,,,,,,,,,,,,
0,6.43,76.985,,,,,,,,,,,,,
0,6.727,76.993,,,,,,,,,,,,,
0,7.473,76.986,,,,,,,,,,,,,
0,7.664,76.997,,,,,,,,,,,,,
0,7.729,76.976,,,,,,,,,,,,,
0,8.725,80.321,,,,,,,,,,,,,
0,8.865,80.677,,,,,,,,,,,,,
0,9.569,80.555,,,,,,,,,,,,,
0,9.941,80.597,,,,,,,,,,,,,
0,10.49,80.719,,,,,,,,,,,,,
0,10.845,80.742,,,,,,,,,,,,,
0,11.355,80.662,,,,,,,,,,,,,
0,11.752,80.601,,,,,,,,,,,,,
0,12.287,80.546,,,,,,,,,,,,,
0,12.554,80.539,,,,,,,,,,,,,
0,13.148,80.611,,,,,,,,,,,,,
0,13.819,80.401,,,,,,,,,,,,,
0,14.046,80.343,,,,,,,,,,,,,
0,14.607,80.481,,,,,,,,,,,,,
0,14.79,79.194,,,,,,,,,,,,,
0,15.142,78.645,,,,,,,,,,,,,
0,15.485,76.555,,,,,,,,,,,,,
0,15.985,76.761,,,,,,,,,,,,,
0,16.265,76.906,,,,,,,,,,,,,
0,17.023,77.223,,,,,,,,,,,,,
0,17.107,77.226,,,,,,,,,,,,,
0,17.214,77.216,,,,,,,,,,,,,
0,17.863,77.152,,,,,,,,,,,,,
0,18.251,77.111,,,,,,,,,,,,,
0,18.676,77.084,,,,,,,,,,,,,
0,19.315,77.089,,,,,,,,,,,,,
0,19.419,77.088,,,,,,,,,,,,,
0,19.528,77.071,,,,,,,,,,,,,
0,20.18,76.987,,,,,,,,,,,,,
0,20.386,76.97,,,,,,,,,,,,,
0,20.832,77.146,,,,,,,,,,,,,
0,20.985,77.193,,,,,,,,,,,,,
0,21.194,77.183,,,,,,,,,,,,,
0,21.827,77.178,,,,,,,,,,,,,
0,22.255,77.122,,,,,,,,,,,,,
0,22.923,77.114,,,,,,,,,,,,,
0,23.004,77.114,,,,,,,,,,,,,
0,23.288,77.1,,,,,,,,,,,,,
0,23.725,77.079,,,,,,,,,,,,,
0,23.853,77.066,,,,,,,,,,,,,
0,24.445,76.897,,,,,,,,,,,,,
0,24.767,76.724,,,,,,,,,,,,,
0,25,76.692,,,,,,,,,,,,,
2.2,22,2200,FALSE,,,63,,,,,0,,,,âÕêÏä«óùé{ê›ìôç\ë¢óﬂ
0,-25,75.574,,,,,,,,,,,,,
0,-23.121,75.736,,,,,,,,,,,,,
0,-22.936,75.743,,,,,,,,,,,,,
0,-22.443,75.57,,,,,,,,,,,,,
0,-21.67,75.497,,,,,,,,,,,,,
0,-21.403,75.485,,,,,,,,,,,,,
0,-21.174,75.489,,,,,,,,,,,,,
0,-20.733,75.401,,,,,,,,,,,,,
0,-20.283,75.432,,,,,,,,,,,,,
0,-19.689,75.488,,,,,,,,,,,,,
0,-19.068,75.513,,,,,,,,,,,,,
0,-18.991,75.517,,,,,,,,,,,,,
0,-18.917,75.519,,,,,,,,,,,,,
0,-17.917,75.547,,,,,,,,,,,,,
0,-17.841,75.548,,,,,,,,,,,,,
0,-17.228,75.565,,,,,,,,,,,,,
0,-16.177,75.586,,,,,,,,,,,,,
0,-16.107,75.588,,,,,,,,,,,,,
0,-16.062,75.589,,,,,,,,,,,,,
0,-15.414,75.655,,,,,,,,,,,,,
0,-14.832,75.637,,,,,,,,,,,,,
0,-14.296,75.675,,,,,,,,,,,,,
0,-13.856,75.707,,,,,,,,,,,,,
0,-13.448,75.688,,,,,,,,,,,,,
0,-13.331,75.702,,,,,,,,,,,,,
0,-4.615,75.652,,,,,,,,,,,,,
0,-3.775,75.57,,,,,,,,,,,,,
0,-3.415,75.534,,,,,,,,,,,,,
0,-3.178,75.516,,,,,,,,,,,,,
0,-2.753,75.392,,,,,,,,,,,,,
0,-2.503,75.097,,,,,,,,,,,,,
0,-1.526,74.028,,,,,,,,,,,,,
0,-1.46,73.941,,,,,,,,,,,,,
0,-1.438,73.938,,,,,,,,,,,,,
0,-0.764,73.949,,,,,,,,,,,,,
0,-0.468,73.853,,,,,,,,,,,,,
0,0.263,73.53,,,,,,,,,,,,,
0,0.417,73.538,,,,,,,,,,,,,
0,2.462,73.366,,,,,,,,,,,,,
0,3.768,73.263,,,,,,,,,,,,,
0,4.172,73.414,,,,,,,,,,,,,
0,4.253,73.508,,,,,,,,,,,,,
0,4.774,74.178,,,,,,,,,,,,,
0,5.124,74.66,,,,,,,,,,,,,
0,5.18,74.726,,,,,,,,,,,,,
0,6.222,74.755,,,,,,,,,,,,,
0,15.528,75.334,,,,,,,,,,,,,
0,15.622,75.446,,,,,,,,,,,,,
0,15.965,75.366,,,,,,,,,,,,,
0,16.189,75.345,,,,,,,,,,,,,
0,16.586,75.225,,,,,,,,,,,,,
0,16.709,75.228,,,,,,,,,,,,,
0,17.007,75.199,,,,,,,,,,,,,
0,17.57,75.149,,,,,,,,,,,,,
0,17.958,75.154,,,,,,,,,,,,,
0,18.12,75.168,,,,,,,,,,,,,
0,18.865,75.225,,,,,,,,,,,,,
0,19.028,75.228,,,,,,,,,,,,,
0,19.205,75.242,,,,,,,,,,,,,
0,19.596,75.25,,,,,,,,,,,,,
0,21.201,75.314,,,,,,,,,,,,,
0,22.226,75.324,,,,,,,,,,,,,
0,25,75.373,,,,,,,,,,,,,
2.3,23,2310,FALSE,,,91,,,,,0,,,,âÕêÏä«óùé{ê›ìôç\ë¢óﬂ
0,-25,77.091,,,,,,,,,,,,,
0,-24.896,77.086,,,,,,,,,,,,,
0,-24.671,77.105,,,,,,,,,,,,,
0,-24.451,77.118,,,,,,,,,,,,,
0,-23.625,77.13,,,,,,,,,,,,,
0,-23.404,77.129,,,,,,,,,,,,,
0,-23.314,77.134,,,,,,,,,,,,,
0,-22.943,77.153,,,,,,,,,,,,,
0,-22.439,77.16,,,,,,,,,,,,,
0,-21.888,77.166,,,,,,,,,,,,,
0,-21.654,77.175,,,,,,,,,,,,,
0,-21.44,77.17,,,,,,,,,,,,,
0,-20.515,77.142,,,,,,,,,,,,,
0,-20.327,77.136,,,,,,,,,,,,,
0,-20.171,77.146,,,,,,,,,,,,,
0,-19.834,77.151,,,,,,,,,,,,,
0,-19.468,77.157,,,,,,,,,,,,,
0,-18.707,77.126,,,,,,,,,,,,,
0,-18.276,77.101,,,,,,,,,,,,,
0,-18.224,77.101,,,,,,,,,,,,,
0,-18.099,77.099,,,,,,,,,,,,,
0,-17.105,77.083,,,,,,,,,,,,,
0,-16.658,77.118,,,,,,,,,,,,,
0,-16.619,77.12,,,,,,,,,,,,,
0,-16.457,77.119,,,,,,,,,,,,,
0,-15.441,77.12,,,,,,,,,,,,,
0,-15.171,77.11,,,,,,,,,,,,,
0,-14.932,77.108,,,,,,,,,,,,,
0,-14.116,77.103,,,,,,,,,,,,,
0,-13.745,77.101,,,,,,,,,,,,,
0,-13.694,77.096,,,,,,,,,,,,,
0,-13.237,77.074,,,,,,,,,,,,,
0,-12.309,77.103,,,,,,,,,,,,,
0,-12.017,77.114,,,,,,,,,,,,,
0,-11.898,77.101,,,,,,,,,,,,,
0,-11.492,77.073,,,,,,,,,,,,,
0,-11.068,77.08,,,,,,,,,,,,,
0,-10.282,77.094,,,,,,,,,,,,,
0,-9.852,77.084,,,,,,,,,,,,,
0,-9.753,77.079,,,,,,,,,,,,,
0,-9.582,77.084,,,,,,,,,,,,,
0,-8.491,77.127,,,,,,,,,,,,,
0,-8.363,77.118,,,,,,,,,,,,,
0,-7.969,77.069,,,,,,,,,,,,,
0,-6.953,77.06,,,,,,,,,,,,,
0,-6.715,77.063,,,,,,,,,,,,,
0,-6.65,77.07,,,,,,,,,,,,,
0,-6.184,77.117,,,,,,,,,,,,,
0,-5.038,77.149,,,,,,,,,,,,,
0,-4.951,77.151,,,,,,,,,,,,,
0,-4.911,77.132,,,,,,,,,,,,,
0,-4.436,77.043,,,,,,,,,,,,,
0,-3.446,77.074,,,,,,,,,,,,,
0,-3.193,77.039,,,,,,,,,,,,,
0,-3.077,77.076,,,,,,,,,,,,,
0,-2.66,77.035,,,,,,,,,,,,,
0,-2.278,76.949,,,,,,,,,,,,,
0,-1.444,76.648,,,,,,,,,,,,,
0,-1.184,76.459,,,,,,,,,,,,,
0,-0.926,76.346,,,,,,,,,,,,,
0,-0.015,76.68,,,,,,,,,,,,,
0,0.838,77.109,,,,,,,,,,,,,
0,1.463,77.251,,,,,,,,,,,,,
0,2.067,77.378,,,,,,,,,,,,,
0,2.431,77.447,,,,,,,,,,,,,
0,2.586,77.436,,,,,,,,,,,,,
0,3.184,77.371,,,,,,,,,,,,,
0,3.791,77.392,,,,,,,,,,,,,
0,3.99,77.398,,,,,,,,,,,,,
0,4.333,77.567,,,,,,,,,,,,,
0,5.466,79.42,,,,,,,,,,,,,
0,5.564,79.582,,,,,,,,,,,,,
0,5.64,79.556,,,,,,,,,,,,,
0,6.059,79.37,,,,,,,,,,,,,
0,6.465,79.441,,,,,,,,,,,,,
0,8.138,79.588,,,,,,,,,,,,,
0,8.87,79.629,,,,,,,,,,,,,
0,9.47,79.64,,,,,,,,,,,,,
0,9.92,79.621,,,,,,,,,,,,,
0,11.61,79.542,,,,,,,,,,,,,
0,12.326,79.526,,,,,,,,,,,,,
0,12.793,79.499,,,,,,,,,,,,,
0,13.135,79.468,,,,,,,,,,,,,
0,13.715,79.438,,,,,,,,,,,,,
0,14.009,79.513,,,,,,,,,,,,,
0,14.19,79.538,,,,,,,,,,,,,
0,14.293,79.577,,,,,,,,,,,,,
0,15.696,79.61,,,,,,,,,,,,,
0,15.902,79.602,,,,,,,,,,,,,
0,23.089,79.57,,,,,,,,,,,,,
0,25,79.592,,,,,,,,,,,,,
2.4,24,2400,FALSE,,,63,,,,,0,,,,âÕêÏä«óùé{ê›ìôç\ë¢óﬂ
0,-25,79.771,,,,,,,,,,,,,
0,-22.311,79.651,,,,,,,,,,,,,
0,-21.24,79.911,,,,,,,,,,,,,
0,-20.676,79.807,,,,,,,,,,,,,
0,-20.406,79.721,,,,,,,,,,,,,
0,-19.579,79.525,,,,,,,,,,,,,
0,-18.899,79.678,,,,,,,,,,,,,
0,-18.558,79.886,,,,,,,,,,,,,
0,-18.448,79.958,,,,,,,,,,,,,
0,-18.019,80.077,,,,,,,,,,,,,
0,-16.661,79.641,,,,,,,,,,,,,
0,-15.13,79.521,,,,,,,,,,,,,
0,-14.068,79.491,,,,,,,,,,,,,
0,-13.906,79.421,,,,,,,,,,,,,
0,-13.52,79.574,,,,,,,,,,,,,
0,-11.287,79.735,,,,,,,,,,,,,
0,-9.162,79.786,,,,,,,,,,,,,
0,-8.57,79.674,,,,,,,,,,,,,
0,-8.254,79.716,,,,,,,,,,,,,
0,-6.728,79.335,,,,,,,,,,,,,
0,-6.662,79.334,,,,,,,,,,,,,
0,-6.242,79.312,,,,,,,,,,,,,
0,-6.228,79.31,,,,,,,,,,,,,
0,-5.071,79.26,,,,,,,,,,,,,
0,-4.681,79.27,,,,,,,,,,,,,
0,-4.49,79.3,,,,,,,,,,,,,
0,-3.221,79.411,,,,,,,,,,,,,
0,-2.697,79.375,,,,,,,,,,,,,
0,-2.373,79.011,,,,,,,,,,,,,
0,-2.285,78.821,,,,,,,,,,,,,
0,0.382,77.793,,,,,,,,,,,,,
0,0.982,77.636,,,,,,,,,,,,,
0,1.14,77.815,,,,,,,,,,,,,
0,1.366,78.076,,,,,,,,,,,,,
0,1.547,78.332,,,,,,,,,,,,,
0,1.716,78.494,,,,,,,,,,,,,
0,2.073,79.58,,,,,,,,,,,,,
0,2.334,79.385,,,,,,,,,,,,,
0,4.69,79.474,,,,,,,,,,,,,
0,6.778,79.691,,,,,,,,,,,,,
0,7.286,79.779,,,,,,,,,,,,,
0,8.846,79.882,,,,,,,,,,,,,
0,9.053,79.863,,,,,,,,,,,,,
0,10.427,79.854,,,,,,,,,,,,,
0,10.538,79.844,,,,,,,,,,,,,
0,11.288,79.781,,,,,,,,,,,,,
0,11.457,79.76,,,,,,,,,,,,,
0,11.548,79.761,,,,,,,,,,,,,
0,14.387,79.846,,,,,,,,,,,,,
0,15.553,79.79,,,,,,,,,,,,,
0,15.772,79.83,,,,,,,,,,,,,
0,15.846,79.858,,,,,,,,,,,,,
0,16.874,79.908,,,,,,,,,,,,,
0,17.171,79.845,,,,,,,,,,,,,
0,17.644,79.751,,,,,,,,,,,,,
0,19.863,79.764,,,,,,,,,,,,,
0,20.383,79.869,,,,,,,,,,,,,
0,21.474,79.86,,,,,,,,,,,,,
0,22.091,79.874,,,,,,,,,,,,,
0,23.162,79.903,,,,,,,,,,,,,
0,23.858,79.893,,,,,,,,,,,,,
0,24.884,79.879,,,,,,,,,,,,,
0,25,79.879,,,,,,,,,,,,,
2.5,25,2500,FALSE,,,70,,,,,0,,,,âÕêÏä«óùé{ê›ìôç\ë¢óﬂ
0,-25,82.313,,,,,,,,,,,,,
0,-24.184,82.387,,,,,,,,,,,,,
0,-22.678,81.607,,,,,,,,,,,,,
0,-21.494,81.373,,,,,,,,,,,,,
0,-20.584,81.192,,,,,,,,,,,,,
0,-20.346,81.182,,,,,,,,,,,,,
0,-20.162,81.198,,,,,,,,,,,,,
0,-19.112,81.229,,,,,,,,,,,,,
0,-17.631,81.319,,,,,,,,,,,,,
0,-16.373,82.289,,,,,,,,,,,,,
0,-10.808,82.03,,,,,,,,,,,,,
0,-9.746,81.599,,,,,,,,,,,,,
0,-8.384,81.605,,,,,,,,,,,,,
0,-7.767,81.702,,,,,,,,,,,,,
0,-6.762,81.661,,,,,,,,,,,,,
0,-6.193,81.57,,,,,,,,,,,,,
0,-6.193,81.57,,,,,,,,,,,,,
0,-6.189,81.57,,,,,,,,,,,,,
0,-4.878,81.586,,,,,,,,,,,,,
0,-4.585,81.606,,,,,,,,,,,,,
0,-4.312,81.621,,,,,,,,,,,,,
0,-3.972,81.658,,,,,,,,,,,,,
0,-0.136,80.507,,,,,,,,,,,,,
0,1.562,80.106,,,,,,,,,,,,,
0,1.915,80.427,,,,,,,,,,,,,
0,2.088,80.509,,,,,,,,,,,,,
0,2.614,81.934,,,,,,,,,,,,,
0,3.011,81.728,,,,,,,,,,,,,
0,3.153,81.928,,,,,,,,,,,,,
0,3.316,82.085,,,,,,,,,,,,,
0,5.801,81.901,,,,,,,,,,,,,
0,8.601,81.848,,,,,,,,,,,,,
0,8.657,81.848,,,,,,,,,,,,,
0,8.891,81.848,,,,,,,,,,,,,
0,8.92,81.851,,,,,,,,,,,,,
0,10.069,81.9,,,,,,,,,,,,,
0,10.541,81.88,,,,,,,,,,,,,
0,10.614,81.855,,,,,,,,,,,,,
0,11.606,81.748,,,,,,,,,,,,,
0,11.994,81.667,,,,,,,,,,,,,
0,12.302,81.647,,,,,,,,,,,,,
0,12.527,81.602,,,,,,,,,,,,,
0,13.784,81.786,,,,,,,,,,,,,
0,13.864,81.79,,,,,,,,,,,,,
0,13.885,81.793,,,,,,,,,,,,,
0,14.444,81.98,,,,,,,,,,,,,
0,14.868,82.022,,,,,,,,,,,,,
0,15.799,81.935,,,,,,,,,,,,,
0,16.169,82.144,,,,,,,,,,,,,
0,16.322,82.147,,,,,,,,,,,,,
0,16.477,82.148,,,,,,,,,,,,,
0,17.509,82.235,,,,,,,,,,,,,
0,17.663,82.235,,,,,,,,,,,,,
0,17.684,82.246,,,,,,,,,,,,,
0,18.196,82.264,,,,,,,,,,,,,
0,18.273,82.271,,,,,,,,,,,,,
0,19.545,82.311,,,,,,,,,,,,,
0,19.666,82.275,,,,,,,,,,,,,
0,20.174,82.276,,,,,,,,,,,,,
0,20.23,82.255,,,,,,,,,,,,,
0,20.833,82.244,,,,,,,,,,,,,
0,21.595,82.157,,,,,,,,,,,,,
0,21.728,82.183,,,,,,,,,,,,,
0,22.166,82.01,,,,,,,,,,,,,
0,23.44,81.352,,,,,,,,,,,,,
0,23.549,81.344,,,,,,,,,,,,,
0,23.591,81.343,,,,,,,,,,,,,
0,24.105,81.297,,,,,,,,,,,,,
0,24.632,81.287,,,,,,,,,,,,,
0,25,81.267,,,,,,,,,,,,,
2.6,26,2600,FALSE,,,94,,,,,0,,,,âÕêÏä«óùé{ê›ìôç\ë¢óﬂ
0,-25,83.965,,,,,,,,,,,,,
0,-24.895,83.968,,,,,,,,,,,,,
0,-24.746,83.925,,,,,,,,,,,,,
0,-24.14,83.997,,,,,,,,,,,,,
0,-23.617,84.019,,,,,,,,,,,,,
0,-23.531,84.019,,,,,,,,,,,,,
0,-22.896,83.899,,,,,,,,,,,,,
0,-22.696,83.902,,,,,,,,,,,,,
0,-21.79,84.003,,,,,,,,,,,,,
0,-21.754,83.997,,,,,,,,,,,,,
0,-21.123,84.078,,,,,,,,,,,,,
0,-20.719,84.039,,,,,,,,,,,,,
0,-20.006,83.962,,,,,,,,,,,,,
0,-19.88,83.95,,,,,,,,,,,,,
0,-19.307,83.964,,,,,,,,,,,,,
0,-18.919,83.952,,,,,,,,,,,,,
0,-18.212,83.977,,,,,,,,,,,,,
0,-17.725,83.988,,,,,,,,,,,,,
0,-17.514,83.983,,,,,,,,,,,,,
0,-17.042,83.974,,,,,,,,,,,,,
0,-16.431,83.969,,,,,,,,,,,,,
0,-15.967,83.952,,,,,,,,,,,,,
0,-15.756,83.935,,,,,,,,,,,,,
0,-15.165,83.897,,,,,,,,,,,,,
0,-14.659,83.864,,,,,,,,,,,,,
0,-14.147,83.889,,,,,,,,,,,,,
0,-13.957,83.898,,,,,,,,,,,,,
0,-13.917,83.898,,,,,,,,,,,,,
0,-13.321,83.923,,,,,,,,,,,,,
0,-12.879,83.94,,,,,,,,,,,,,
0,-12.849,83.94,,,,,,,,,,,,,
0,-12.225,83.939,,,,,,,,,,,,,
0,-12.157,83.946,,,,,,,,,,,,,
0,-11.997,83.953,,,,,,,,,,,,,
0,-11.059,84.024,,,,,,,,,,,,,
0,-10.45,84.004,,,,,,,,,,,,,
0,-10.354,84.003,,,,,,,,,,,,,
0,-10.081,84.015,,,,,,,,,,,,,
0,-9.232,84.045,,,,,,,,,,,,,
0,-8.892,84.015,,,,,,,,,,,,,
0,-8.549,83.976,,,,,,,,,,,,,
0,-7.493,83.97,,,,,,,,,,,,,
0,-7.481,83.97,,,,,,,,,,,,,
0,-7.44,83.972,,,,,,,,,,,,,
0,-6.73,84.001,,,,,,,,,,,,,
0,-6.622,84.014,,,,,,,,,,,,,
0,-5.158,84.016,,,,,,,,,,,,,
0,-4.299,83.964,,,,,,,,,,,,,
0,-3.877,83.945,,,,,,,,,,,,,
0,-3.49,83.949,,,,,,,,,,,,,
0,-2.737,83.947,,,,,,,,,,,,,
0,-2.061,83.258,,,,,,,,,,,,,
0,-1.287,82.717,,,,,,,,,,,,,
0,-0.725,82.634,,,,,,,,,,,,,
0,0.577,82.298,,,,,,,,,,,,,
0,1.284,82.901,,,,,,,,,,,,,
0,1.675,83.143,,,,,,,,,,,,,
0,2.105,83.484,,,,,,,,,,,,,
0,2.378,83.648,,,,,,,,,,,,,
0,2.695,83.914,,,,,,,,,,,,,
0,3.387,84.306,,,,,,,,,,,,,
0,4.012,84.698,,,,,,,,,,,,,
0,4.176,84.853,,,,,,,,,,,,,
0,4.759,84.887,,,,,,,,,,,,,
0,5.308,84.96,,,,,,,,,,,,,
0,5.49,84.953,,,,,,,,,,,,,
0,6.932,84.986,,,,,,,,,,,,,
0,7.087,84.992,,,,,,,,,,,,,
0,7.174,84.998,,,,,,,,,,,,,
0,9.85,85.188,,,,,,,,,,,,,
0,10.309,85.185,,,,,,,,,,,,,
0,11.51,85.306,,,,,,,,,,,,,
0,11.728,85.298,,,,,,,,,,,,,
0,11.879,85.294,,,,,,,,,,,,,
0,13.757,85.308,,,,,,,,,,,,,
0,14.837,85.295,,,,,,,,,,,,,
0,15.427,85.318,,,,,,,,,,,,,
0,15.753,85.381,,,,,,,,,,,,,
0,17.994,85.254,,,,,,,,,,,,,
0,18.166,85.255,,,,,,,,,,,,,
0,18.432,85.239,,,,,,,,,,,,,
0,18.88,85.231,,,,,,,,,,,,,
0,19.867,85.236,,,,,,,,,,,,,
0,20.013,85.22,,,,,,,,,,,,,
0,20.123,85.246,,,,,,,,,,,,,
0,20.778,85.208,,,,,,,,,,,,,
0,21.208,85.187,,,,,,,,,,,,,
0,21.93,85.266,,,,,,,,,,,,,
0,22.574,85.317,,,,,,,,,,,,,
0,22.628,85.32,,,,,,,,,,,,,
0,22.663,85.317,,,,,,,,,,,,,
0,22.868,85.304,,,,,,,,,,,,,
0,24.34,85.201,,,,,,,,,,,,,
0,25,85.217,,,,,,,,,,,,,
2.7,27,2700,FALSE,,,72,,,,,0,,,,âÕêÏä«óùé{ê›ìôç\ë¢óﬂ
0,-25,87.03,,,,,,,,,,,,,
0,-23.421,86.937,,,,,,,,,,,,,
0,-23.068,86.955,,,,,,,,,,,,,
0,-13.008,87.951,,,,,,,,,,,,,
0,-11.336,88.203,,,,,,,,,,,,,
0,-10.126,88.146,,,,,,,,,,,,,
0,-8.555,88.543,,,,,,,,,,,,,
0,-7.205,88.094,,,,,,,,,,,,,
0,-6.896,88.186,,,,,,,,,,,,,
0,-6.408,88.092,,,,,,,,,,,,,
0,-5.637,87.535,,,,,,,,,,,,,
0,-5.19,87.627,,,,,,,,,,,,,
0,-4.641,87.616,,,,,,,,,,,,,
0,-3.978,87.896,,,,,,,,,,,,,
0,-3.559,88.113,,,,,,,,,,,,,
0,-2.635,88.019,,,,,,,,,,,,,
0,-2.584,88.009,,,,,,,,,,,,,
0,-1.507,87.381,,,,,,,,,,,,,
0,-1.452,87.348,,,,,,,,,,,,,
0,-1.326,87.256,,,,,,,,,,,,,
0,-0.469,86.596,,,,,,,,,,,,,
0,-0.153,86.396,,,,,,,,,,,,,
0,0.696,84.75,,,,,,,,,,,,,
0,0.788,84.86,,,,,,,,,,,,,
0,1.588,86.597,,,,,,,,,,,,,
0,1.78,86.647,,,,,,,,,,,,,
0,2.634,87.218,,,,,,,,,,,,,
0,2.745,87.306,,,,,,,,,,,,,
0,3.524,87.967,,,,,,,,,,,,,
0,4.04,88.09,,,,,,,,,,,,,
0,4.557,88.218,,,,,,,,,,,,,
0,5.455,88.009,,,,,,,,,,,,,
0,5.529,88.001,,,,,,,,,,,,,
0,5.665,87.988,,,,,,,,,,,,,
0,6.587,87.931,,,,,,,,,,,,,
0,7.2,87.917,,,,,,,,,,,,,
0,7.528,87.924,,,,,,,,,,,,,
0,7.747,87.933,,,,,,,,,,,,,
0,8.551,87.96,,,,,,,,,,,,,
0,8.938,87.942,,,,,,,,,,,,,
0,9.479,87.985,,,,,,,,,,,,,
0,10.492,88.046,,,,,,,,,,,,,
0,10.523,88.049,,,,,,,,,,,,,
0,10.54,88.049,,,,,,,,,,,,,
0,11.484,87.986,,,,,,,,,,,,,
0,11.82,87.999,,,,,,,,,,,,,
0,12.527,88.027,,,,,,,,,,,,,
0,13.084,88.016,,,,,,,,,,,,,
0,13.472,87.996,,,,,,,,,,,,,
0,14.161,87.955,,,,,,,,,,,,,
0,14.524,87.935,,,,,,,,,,,,,
0,14.694,87.906,,,,,,,,,,,,,
0,15.491,87.636,,,,,,,,,,,,,
0,15.541,87.628,,,,,,,,,,,,,
0,16.554,87.627,,,,,,,,,,,,,
0,16.933,87.611,,,,,,,,,,,,,
0,17.485,87.569,,,,,,,,,,,,,
0,18.102,87.682,,,,,,,,,,,,,
0,18.492,87.753,,,,,,,,,,,,,
0,19.207,87.783,,,,,,,,,,,,,
0,19.48,87.811,,,,,,,,,,,,,
0,20.355,87.89,,,,,,,,,,,,,
0,20.493,87.898,,,,,,,,,,,,,
0,20.666,87.903,,,,,,,,,,,,,
0,21.423,87.965,,,,,,,,,,,,,
0,22.078,88.047,,,,,,,,,,,,,
0,22.638,88.18,,,,,,,,,,,,,
0,23.119,88.131,,,,,,,,,,,,,
0,23.432,88.179,,,,,,,,,,,,,
0,24.336,88.328,,,,,,,,,,,,,
0,24.476,88.321,,,,,,,,,,,,,
0,25,88.326,,,,,,,,,,,,,
