0,0,0,FALSE,,,110,,,,,0,,,,âÕêÏä«óùé{ê›ìôç\ë¢óﬂ
0,-35,177.794,,,,,,,,,,,,,
0,-34.891,177.741,,,,,,,,,,,,,
0,-34.641,177.668,,,,,,,,,,,,,
0,-32.028,176.624,,,,,,,,,,,,,
0,-31.301,176.35,,,,,,,,,,,,,
0,-30.78,176.341,,,,,,,,,,,,,
0,-30.116,176.717,,,,,,,,,,,,,
0,-29.418,177.291,,,,,,,,,,,,,
0,-28.738,177.883,,,,,,,,,,,,,
0,-28.421,177.909,,,,,,,,,,,,,
0,-27.603,177.885,,,,,,,,,,,,,
0,-27.327,177.865,,,,,,,,,,,,,
0,-26.416,177.383,,,,,,,,,,,,,
0,-26.119,177.418,,,,,,,,,,,,,
0,-25.101,177.547,,,,,,,,,,,,,
0,-24.637,177.52,,,,,,,,,,,,,
0,-24.089,177.503,,,,,,,,,,,,,
0,-23.394,177.341,,,,,,,,,,,,,
0,-23.2,177.264,,,,,,,,,,,,,
0,-21.939,177.246,,,,,,,,,,,,,
0,-21.812,177.263,,,,,,,,,,,,,
0,-21.315,177.19,,,,,,,,,,,,,
0,-20.813,177.169,,,,,,,,,,,,,
0,-20.682,177.153,,,,,,,,,,,,,
0,-19.73,177.258,,,,,,,,,,,,,
0,-19.219,177.017,,,,,,,,,,,,,
0,-18.725,176.613,,,,,,,,,,,,,
0,-18.049,175.012,,,,,,,,,,,,,
0,-17.731,174.43,,,,,,,,,,,,,
0,-16.748,174.224,,,,,,,,,,,,,
0,-16.62,174.198,,,,,,,,,,,,,
0,-16.578,174.194,,,,,,,,,,,,,
0,-15.8,174.155,,,,,,,,,,,,,
0,-14.784,175.949,,,,,,,,,,,,,
0,-14.228,176.72,,,,,,,,,,,,,
0,-13.832,176.892,,,,,,,,,,,,,
0,-13.302,176.832,,,,,,,,,,,,,
0,-12.603,176.534,,,,,,,,,,,,,
0,-12.159,176.504,,,,,,,,,,,,,
0,-11.105,176.439,,,,,,,,,,,,,
0,-10.991,176.42,,,,,,,,,,,,,
0,-10.396,176.297,,,,,,,,,,,,,
0,-9.983,176.22,,,,,,,,,,,,,
0,-8.986,175.868,,,,,,,,,,,,,
0,-8.636,175.589,,,,,,,,,,,,,
0,-8.211,175.326,,,,,,,,,,,,,
0,-7.283,174.658,,,,,,,,,,,,,
0,-5.878,173.444,,,,,,,,,,,,,
0,-5.756,173.299,,,,,,,,,,,,,
0,-5.698,173.308,,,,,,,,,,,,,
0,-4.608,173.347,,,,,,,,,,,,,
0,-4.39,173.321,,,,,,,,,,,,,
0,-4.294,173.326,,,,,,,,,,,,,
0,-4.24,173.377,,,,,,,,,,,,,
0,1.836,173.976,,,,,,,,,,,,,
0,2.282,174.024,,,,,,,,,,,,,
0,2.339,174.025,,,,,,,,,,,,,
0,2.347,174.025,,,,,,,,,,,,,
0,2.369,174.049,,,,,,,,,,,,,
0,3.391,174.157,,,,,,,,,,,,,
0,4.592,175.16,,,,,,,,,,,,,
0,5.163,175.231,,,,,,,,,,,,,
0,5.739,175.325,,,,,,,,,,,,,
0,7.853,174.653,,,,,,,,,,,,,
0,8.028,174.608,,,,,,,,,,,,,
0,8.253,174.758,,,,,,,,,,,,,
0,9.62,174.107,,,,,,,,,,,,,
0,10.228,173.385,,,,,,,,,,,,,
0,10.597,173.359,,,,,,,,,,,,,
0,11.44,173.257,,,,,,,,,,,,,
0,11.786,173.332,,,,,,,,,,,,,
0,11.873,173.288,,,,,,,,,,,,,
0,12.02,173.105,,,,,,,,,,,,,
0,12.816,172.852,,,,,,,,,,,,,
0,13.323,172.804,,,,,,,,,,,,,
0,14.099,172.677,,,,,,,,,,,,,
0,14.325,172.664,,,,,,,,,,,,,
0,15.661,172.534,,,,,,,,,,,,,
0,15.872,172.471,,,,,,,,,,,,,
0,16.072,172.472,,,,,,,,,,,,,
0,16.682,172.506,,,,,,,,,,,,,
0,17.241,172.877,,,,,,,,,,,,,
0,17.578,173.006,,,,,,,,,,,,,
0,17.916,172.904,,,,,,,,,,,,,
0,18.454,172.777,,,,,,,,,,,,,
0,18.8,172.794,,,,,,,,,,,,,
0,19.263,172.92,,,,,,,,,,,,,
0,19.989,172.468,,,,,,,,,,,,,
0,20.022,172.459,,,,,,,,,,,,,
0,21.64,172.457,,,,,,,,,,,,,
0,21.76,172.468,,,,,,,,,,,,,
0,23.161,172.873,,,,,,,,,,,,,
0,24.521,172.857,,,,,,,,,,,,,
0,25.232,172.988,,,,,,,,,,,,,
0,25.49,172.991,,,,,,,,,,,,,
0,26.647,172.728,,,,,,,,,,,,,
0,27.041,172.838,,,,,,,,,,,,,
0,28.204,173.092,,,,,,,,,,,,,
0,28.227,173.095,,,,,,,,,,,,,
0,28.988,173.323,,,,,,,,,,,,,
0,29.716,173.404,,,,,,,,,,,,,
0,30.969,172.794,,,,,,,,,,,,,
0,31.326,172.606,,,,,,,,,,,,,
0,32.57,172.547,,,,,,,,,,,,,
0,32.701,172.55,,,,,,,,,,,,,
0,32.91,172.589,,,,,,,,,,,,,
0,33.433,172.602,,,,,,,,,,,,,
0,33.739,172.563,,,,,,,,,,,,,
0,34.343,172.469,,,,,,,,,,,,,
0,35,172.463,,,,,,,,,,,,,
0.1,1,100,FALSE,,,77,,,,,0,,,,âÕêÏä«óùé{ê›ìôç\ë¢óﬂ
0,-35,191.814,,,,,,,,,,,,,
0,-34.937,191.777,,,,,,,,,,,,,
0,-34.511,191.824,,,,,,,,,,,,,
0,-33.797,191.687,,,,,,,,,,,,,
0,-32.133,191.289,,,,,,,,,,,,,
0,-31.86,191.413,,,,,,,,,,,,,
0,-31.716,191.448,,,,,,,,,,,,,
0,-30.045,191.881,,,,,,,,,,,,,
0,-25.882,191.469,,,,,,,,,,,,,
0,-25.172,191.465,,,,,,,,,,,,,
0,-24.934,191.467,,,,,,,,,,,,,
0,-24.081,191.481,,,,,,,,,,,,,
0,-23.155,191.489,,,,,,,,,,,,,
0,-23.042,191.491,,,,,,,,,,,,,
0,-22.922,191.485,,,,,,,,,,,,,
0,-22.134,191.471,,,,,,,,,,,,,
0,-21.158,191.54,,,,,,,,,,,,,
0,-19.46,190.814,,,,,,,,,,,,,
0,-18.828,190.789,,,,,,,,,,,,,
0,-17.13,189.262,,,,,,,,,,,,,
0,-16.879,188.905,,,,,,,,,,,,,
0,-16.292,188.177,,,,,,,,,,,,,
0,-15.828,187.394,,,,,,,,,,,,,
0,-15.166,186.914,,,,,,,,,,,,,
0,-14.576,186.207,,,,,,,,,,,,,
0,-13.596,186.091,,,,,,,,,,,,,
0,-13.547,186.085,,,,,,,,,,,,,
0,-13.474,186.081,,,,,,,,,,,,,
0,-12.343,186.008,,,,,,,,,,,,,
0,-11.584,185.816,,,,,,,,,,,,,
0,-11.223,185.74,,,,,,,,,,,,,
0,-10.889,185.427,,,,,,,,,,,,,
0,-10.286,185.017,,,,,,,,,,,,,
0,-9.597,185.03,,,,,,,,,,,,,
0,-9.326,185.035,,,,,,,,,,,,,
0,-9.085,185.045,,,,,,,,,,,,,
0,-8.366,185.055,,,,,,,,,,,,,
0,-7.559,185.099,,,,,,,,,,,,,
0,-7.429,185.102,,,,,,,,,,,,,
0,-7.327,185.105,,,,,,,,,,,,,
0,-6.562,185.072,,,,,,,,,,,,,
0,-5.77,184.963,,,,,,,,,,,,,
0,-5.699,184.96,,,,,,,,,,,,,
0,-5.608,184.95,,,,,,,,,,,,,
0,-4.77,184.972,,,,,,,,,,,,,
0,-4.011,184.589,,,,,,,,,,,,,
0,-3.85,184.469,,,,,,,,,,,,,
0,-3.683,184.243,,,,,,,,,,,,,
0,-2.794,183.458,,,,,,,,,,,,,
0,-1.808,181.391,,,,,,,,,,,,,
0,-1.717,181.196,,,,,,,,,,,,,
0,-1.591,181.102,,,,,,,,,,,,,
0,-0.661,180.86,,,,,,,,,,,,,
0,0.101,180.921,,,,,,,,,,,,,
0,0.393,180.934,,,,,,,,,,,,,
0,0.556,180.943,,,,,,,,,,,,,
0,1.189,181.362,,,,,,,,,,,,,
0,8.34,186.199,,,,,,,,,,,,,
0,9.028,186.783,,,,,,,,,,,,,
0,10.732,186.821,,,,,,,,,,,,,
0,11.127,187.043,,,,,,,,,,,,,
0,13.341,187.062,,,,,,,,,,,,,
0,16.941,187.169,,,,,,,,,,,,,
0,17.995,187.129,,,,,,,,,,,,,
0,18.475,187.286,,,,,,,,,,,,,
0,22.535,189.352,,,,,,,,,,,,,
0,23.018,189.751,,,,,,,,,,,,,
0,23.628,190.668,,,,,,,,,,,,,
0,25.476,192.943,,,,,,,,,,,,,
0,25.949,193.202,,,,,,,,,,,,,
0,26.803,193.648,,,,,,,,,,,,,
0,28.53,194.712,,,,,,,,,,,,,
0,29.039,195.163,,,,,,,,,,,,,
0,30.934,195.718,,,,,,,,,,,,,
0,31.271,195.764,,,,,,,,,,,,,
0,32.344,195.893,,,,,,,,,,,,,
0,35,196.312,,,,,,,,,,,,,
0.2,2,200,FALSE,,,126,,,,,0,,,,âÕêÏä«óùé{ê›ìôç\ë¢óﬂ
0,-35,194.677,,,,,,,,,,,,,
0,-34.89,194.681,,,,,,,,,,,,,
0,-34.493,194.739,,,,,,,,,,,,,
0,-34.076,194.673,,,,,,,,,,,,,
0,-33.647,194.858,,,,,,,,,,,,,
0,-33.005,194.854,,,,,,,,,,,,,
0,-32.404,195.078,,,,,,,,,,,,,
0,-32.182,195.189,,,,,,,,,,,,,
0,-31.154,195.679,,,,,,,,,,,,,
0,-31.117,195.697,,,,,,,,,,,,,
0,-31.098,195.704,,,,,,,,,,,,,
0,-30.289,195.987,,,,,,,,,,,,,
0,-29.391,196.283,,,,,,,,,,,,,
0,-29.241,196.281,,,,,,,,,,,,,
0,-29.092,196.285,,,,,,,,,,,,,
0,-28.396,196.322,,,,,,,,,,,,,
0,-27.586,196.299,,,,,,,,,,,,,
0,-27.367,196.285,,,,,,,,,,,,,
0,-27.103,196.313,,,,,,,,,,,,,
0,-26.565,196.332,,,,,,,,,,,,,
0,-26.339,196.36,,,,,,,,,,,,,
0,-25.519,196.266,,,,,,,,,,,,,
0,-25.385,196.278,,,,,,,,,,,,,
0,-24.676,196.294,,,,,,,,,,,,,
0,-24.061,196.254,,,,,,,,,,,,,
0,-23.623,196.257,,,,,,,,,,,,,
0,-22.921,196.423,,,,,,,,,,,,,
0,-22.822,196.427,,,,,,,,,,,,,
0,-22.678,196.372,,,,,,,,,,,,,
0,-21.769,196.132,,,,,,,,,,,,,
0,-21.186,195.729,,,,,,,,,,,,,
0,-20.972,195.596,,,,,,,,,,,,,
0,-20.654,195.435,,,,,,,,,,,,,
0,-19.958,195.038,,,,,,,,,,,,,
0,-19.215,194.485,,,,,,,,,,,,,
0,-19.146,194.424,,,,,,,,,,,,,
0,-18.136,193.704,,,,,,,,,,,,,
0,-18.103,193.685,,,,,,,,,,,,,
0,-17.309,193.248,,,,,,,,,,,,,
0,-17.295,193.24,,,,,,,,,,,,,
0,-17.293,193.238,,,,,,,,,,,,,
0,-16.272,192.562,,,,,,,,,,,,,
0,-15.511,192.742,,,,,,,,,,,,,
0,-15.433,192.758,,,,,,,,,,,,,
0,-15.258,192.76,,,,,,,,,,,,,
0,-14.382,192.796,,,,,,,,,,,,,
0,-14.067,192.79,,,,,,,,,,,,,
0,-13.532,192.814,,,,,,,,,,,,,
0,-12.617,192.726,,,,,,,,,,,,,
0,-12.484,192.727,,,,,,,,,,,,,
0,-12.367,192.724,,,,,,,,,,,,,
0,-11.618,192.709,,,,,,,,,,,,,
0,-10.911,192.764,,,,,,,,,,,,,
0,-10.536,192.798,,,,,,,,,,,,,
0,-10.155,192.625,,,,,,,,,,,,,
0,-9.699,192.414,,,,,,,,,,,,,
0,-9.343,192.122,,,,,,,,,,,,,
0,-8.632,191.575,,,,,,,,,,,,,
0,-7.921,191.212,,,,,,,,,,,,,
0,-7.776,191.127,,,,,,,,,,,,,
0,-7.621,191.05,,,,,,,,,,,,,
0,-6.671,190.51,,,,,,,,,,,,,
0,-5.954,190.486,,,,,,,,,,,,,
0,-5.805,190.474,,,,,,,,,,,,,
0,-5.607,190.454,,,,,,,,,,,,,
0,-4.715,190.355,,,,,,,,,,,,,
0,-4.193,189.963,,,,,,,,,,,,,
0,-3.844,189.614,,,,,,,,,,,,,
0,-3.463,189.094,,,,,,,,,,,,,
0,-2.773,187.971,,,,,,,,,,,,,
0,-2.242,187.962,,,,,,,,,,,,,
0,-1.872,187.956,,,,,,,,,,,,,
0,-0.998,188.008,,,,,,,,,,,,,
0,-0.735,188.024,,,,,,,,,,,,,
0,-0.048,189.055,,,,,,,,,,,,,
0,0.216,189.535,,,,,,,,,,,,,
0,0.849,189.916,,,,,,,,,,,,,
0,1.402,190.325,,,,,,,,,,,,,
0,1.869,190.36,,,,,,,,,,,,,
0,2.333,190.39,,,,,,,,,,,,,
0,3.404,190.446,,,,,,,,,,,,,
0,3.488,190.45,,,,,,,,,,,,,
0,3.542,190.478,,,,,,,,,,,,,
0,4.461,190.991,,,,,,,,,,,,,
0,5.612,191.82,,,,,,,,,,,,,
0,5.679,191.869,,,,,,,,,,,,,
0,5.716,191.892,,,,,,,,,,,,,
0,6.64,192.397,,,,,,,,,,,,,
0,7.587,192.531,,,,,,,,,,,,,
0,7.845,192.557,,,,,,,,,,,,,
0,8.108,192.567,,,,,,,,,,,,,
0,8.834,192.565,,,,,,,,,,,,,
0,9.545,192.542,,,,,,,,,,,,,
0,10.06,192.499,,,,,,,,,,,,,
0,10.76,192.42,,,,,,,,,,,,,
0,11.028,192.39,,,,,,,,,,,,,
0,11.19,192.397,,,,,,,,,,,,,
0,12.266,192.317,,,,,,,,,,,,,
0,12.627,192.37,,,,,,,,,,,,,
0,13.262,192.413,,,,,,,,,,,,,
0,13.729,192.477,,,,,,,,,,,,,
0,14.52,192.41,,,,,,,,,,,,,
0,15.254,192.148,,,,,,,,,,,,,
0,15.504,191.906,,,,,,,,,,,,,
0,15.615,191.774,,,,,,,,,,,,,
0,17.545,188.105,,,,,,,,,,,,,
0,18.831,188.14,,,,,,,,,,,,,
0,18.912,188.21,,,,,,,,,,,,,
0,18.944,188.253,,,,,,,,,,,,,
0,19.137,188.171,,,,,,,,,,,,,
0,19.922,188.269,,,,,,,,,,,,,
0,20.123,188.277,,,,,,,,,,,,,
0,21.286,190.723,,,,,,,,,,,,,
0,22.406,190.234,,,,,,,,,,,,,
0,23.582,191.268,,,,,,,,,,,,,
0,24.858,192.226,,,,,,,,,,,,,
0,25.231,192.277,,,,,,,,,,,,,
0,25.904,192.465,,,,,,,,,,,,,
0,26.484,192.665,,,,,,,,,,,,,
0,27.5,192.822,,,,,,,,,,,,,
0,28.202,192.868,,,,,,,,,,,,,
0,28.609,192.99,,,,,,,,,,,,,
0,29.24,193.196,,,,,,,,,,,,,
0,30.107,193.133,,,,,,,,,,,,,
0,30.831,193.286,,,,,,,,,,,,,
0,31.35,193.371,,,,,,,,,,,,,
0.3,3,300,FALSE,,,123,,,,,0,,,,âÕêÏä«óùé{ê›ìôç\ë¢óﬂ
0,-32.976,200.218,,,,,,,,,,,,,
0,-32.832,200.24,,,,,,,,,,,,,
0,-32.735,200.219,,,,,,,,,,,,,
0,-32.371,200.21,,,,,,,,,,,,,
0,-31.461,200.21,,,,,,,,,,,,,
0,-31.192,200.218,,,,,,,,,,,,,
0,-30.478,200.219,,,,,,,,,,,,,
0,-29.954,200.213,,,,,,,,,,,,,
0,-28.595,200.228,,,,,,,,,,,,,
0,-28.398,200.234,,,,,,,,,,,,,
0,-27.626,200.221,,,,,,,,,,,,,
0,-27.584,200.221,,,,,,,,,,,,,
0,-27.503,200.223,,,,,,,,,,,,,
0,-26.324,200.264,,,,,,,,,,,,,
0,-25.738,200.251,,,,,,,,,,,,,
0,-25.227,200.255,,,,,,,,,,,,,
0,-24.731,200.275,,,,,,,,,,,,,
0,-24.225,200.259,,,,,,,,,,,,,
0,-23.631,200.259,,,,,,,,,,,,,
0,-23.187,200.25,,,,,,,,,,,,,
0,-22.814,200.229,,,,,,,,,,,,,
0,-22.193,200.221,,,,,,,,,,,,,
0,-21.822,200.224,,,,,,,,,,,,,
0,-21.109,200.2,,,,,,,,,,,,,
0,-19.982,200.285,,,,,,,,,,,,,
0,-19.919,200.288,,,,,,,,,,,,,
0,-19.878,200.297,,,,,,,,,,,,,
0,-18.84,200.48,,,,,,,,,,,,,
0,-18.828,200.474,,,,,,,,,,,,,
0,-17.514,199.505,,,,,,,,,,,,,
0,-16.931,199.039,,,,,,,,,,,,,
0,-16.216,198.536,,,,,,,,,,,,,
0,-15.941,198.33,,,,,,,,,,,,,
0,-15.157,197.735,,,,,,,,,,,,,
0,-14.278,197.047,,,,,,,,,,,,,
0,-14.147,196.949,,,,,,,,,,,,,
0,-14.027,196.88,,,,,,,,,,,,,
0,-13.699,196.82,,,,,,,,,,,,,
0,-12.993,196.585,,,,,,,,,,,,,
0,-12.708,196.596,,,,,,,,,,,,,
0,-12.27,196.609,,,,,,,,,,,,,
0,-11.507,196.66,,,,,,,,,,,,,
0,-11.01,196.702,,,,,,,,,,,,,
0,-10.579,196.756,,,,,,,,,,,,,
0,-9.982,196.742,,,,,,,,,,,,,
0,-9.763,196.741,,,,,,,,,,,,,
0,-9.505,196.733,,,,,,,,,,,,,
0,-8.668,196.692,,,,,,,,,,,,,
0,-7.953,196.684,,,,,,,,,,,,,
0,-7.563,196.677,,,,,,,,,,,,,
0,-6.884,196.678,,,,,,,,,,,,,
0,-6.297,196.588,,,,,,,,,,,,,
0,-4.979,196.102,,,,,,,,,,,,,
0,-4.799,196.038,,,,,,,,,,,,,
0,-3.933,195.282,,,,,,,,,,,,,
0,-3.601,194.822,,,,,,,,,,,,,
0,-3.267,194.421,,,,,,,,,,,,,
0,-2.672,193.539,,,,,,,,,,,,,
0,-2.026,193.476,,,,,,,,,,,,,
0,-1.431,193.465,,,,,,,,,,,,,
0,-0.941,193.526,,,,,,,,,,,,,
0,-0.045,194.217,,,,,,,,,,,,,
0,1.07,195.605,,,,,,,,,,,,,
0,1.44,195.823,,,,,,,,,,,,,
0,2.196,196.027,,,,,,,,,,,,,
0,2.691,196.24,,,,,,,,,,,,,
0,3.17,196.263,,,,,,,,,,,,,
0,3.677,196.333,,,,,,,,,,,,,
0,4.182,196.367,,,,,,,,,,,,,
0,4.529,196.41,,,,,,,,,,,,,
0,5.244,196.459,,,,,,,,,,,,,
0,5.293,196.461,,,,,,,,,,,,,
0,5.357,196.457,,,,,,,,,,,,,
0,6.412,196.402,,,,,,,,,,,,,
0,7.186,196.298,,,,,,,,,,,,,
0,7.553,196.161,,,,,,,,,,,,,
0,8.269,195.828,,,,,,,,,,,,,
0,8.684,195.718,,,,,,,,,,,,,
0,9.225,195.69,,,,,,,,,,,,,
0,9.773,195.662,,,,,,,,,,,,,
0,10.206,195.688,,,,,,,,,,,,,
0,10.658,195.717,,,,,,,,,,,,,
0,11.272,195.716,,,,,,,,,,,,,
0,11.478,195.711,,,,,,,,,,,,,
0,11.701,195.724,,,,,,,,,,,,,
0,12.471,195.729,,,,,,,,,,,,,
0,13.163,195.754,,,,,,,,,,,,,
0,13.574,195.753,,,,,,,,,,,,,
0,14.28,195.745,,,,,,,,,,,,,
0,14.79,195.742,,,,,,,,,,,,,
0,15.343,195.733,,,,,,,,,,,,,
0,15.763,195.726,,,,,,,,,,,,,
0,16.144,195.72,,,,,,,,,,,,,
0,16.632,195.734,,,,,,,,,,,,,
0,17.216,195.705,,,,,,,,,,,,,
0,17.671,195.69,,,,,,,,,,,,,
0,19.031,195.726,,,,,,,,,,,,,
0,19.247,195.734,,,,,,,,,,,,,
0,19.834,195.71,,,,,,,,,,,,,
0,20.018,195.701,,,,,,,,,,,,,
0,20.089,195.703,,,,,,,,,,,,,
0,21.704,195.684,,,,,,,,,,,,,
0,21.84,195.68,,,,,,,,,,,,,
0,22.534,195.749,,,,,,,,,,,,,
0,22.848,195.738,,,,,,,,,,,,,
0,23.868,195.769,,,,,,,,,,,,,
0,24.573,195.802,,,,,,,,,,,,,
0,25.035,195.998,,,,,,,,,,,,,
0,25.573,196.076,,,,,,,,,,,,,
0,25.893,196.12,,,,,,,,,,,,,
0,26.658,196.285,,,,,,,,,,,,,
0,27.072,196.364,,,,,,,,,,,,,
0,27.108,196.4,,,,,,,,,,,,,
0,27.139,196.429,,,,,,,,,,,,,
0,27.147,196.429,,,,,,,,,,,,,
0,27.78,196.645,,,,,,,,,,,,,
0,28.094,196.805,,,,,,,,,,,,,
0,29.014,196.541,,,,,,,,,,,,,
0,31.435,196.839,,,,,,,,,,,,,
0,32.219,196.776,,,,,,,,,,,,,
0,33.037,196.42,,,,,,,,,,,,,
0,34.046,196.305,,,,,,,,,,,,,
0,35,196.281,,,,,,,,,,,,,
0.4,4,400,FALSE,,,152,,,,,0,,,,âÕêÏä«óùé{ê›ìôç\ë¢óﬂ
0,-31.687,202.32,,,,,,,,,,,,,
0,-31.624,202.293,,,,,,,,,,,,,
0,-31.445,202.32,,,,,,,,,,,,,
0,-31.028,202.304,,,,,,,,,,,,,
0,-30.99,202.301,,,,,,,,,,,,,
0,-30.933,202.296,,,,,,,,,,,,,
0,-30.218,202.304,,,,,,,,,,,,,
0,-29.922,202.335,,,,,,,,,,,,,
0,-29.518,202.304,,,,,,,,,,,,,
0,-29.432,202.302,,,,,,,,,,,,,
0,-28.875,202.349,,,,,,,,,,,,,
0,-28.808,202.347,,,,,,,,,,,,,
0,-28.712,202.35,,,,,,,,,,,,,
0,-27.802,202.315,,,,,,,,,,,,,
0,-26.862,202.297,,,,,,,,,,,,,
0,-26.764,202.296,,,,,,,,,,,,,
0,-26.704,202.301,,,,,,,,,,,,,
0,-25.957,202.31,,,,,,,,,,,,,
0,-25.746,202.303,,,,,,,,,,,,,
0,-25.429,202.302,,,,,,,,,,,,,
0,-25.09,202.28,,,,,,,,,,,,,
0,-24.349,202.271,,,,,,,,,,,,,
0,-24.249,202.276,,,,,,,,,,,,,
0,-23.668,202.289,,,,,,,,,,,,,
0,-23.425,202.285,,,,,,,,,,,,,
0,-23.358,202.284,,,,,,,,,,,,,
0,-23.241,202.28,,,,,,,,,,,,,
0,-22.585,202.271,,,,,,,,,,,,,
0,-22.266,202.26,,,,,,,,,,,,,
0,-21.743,202.28,,,,,,,,,,,,,
0,-21.68,202.284,,,,,,,,,,,,,
0,-21.163,202.32,,,,,,,,,,,,,
0,-21.12,202.319,,,,,,,,,,,,,
0,-21.062,202.316,,,,,,,,,,,,,
0,-20.038,202.285,,,,,,,,,,,,,
0,-19.126,202.274,,,,,,,,,,,,,
0,-18.912,202.262,,,,,,,,,,,,,
0,-18.32,202.211,,,,,,,,,,,,,
0,-17.914,202.19,,,,,,,,,,,,,
0,-17.575,202.008,,,,,,,,,,,,,
0,-17.023,201.703,,,,,,,,,,,,,
0,-16.398,201.274,,,,,,,,,,,,,
0,-16.278,201.189,,,,,,,,,,,,,
0,-16.078,201.065,,,,,,,,,,,,,
0,-15.839,200.928,,,,,,,,,,,,,
0,-15.703,200.843,,,,,,,,,,,,,
0,-15.167,200.516,,,,,,,,,,,,,
0,-14.825,200.329,,,,,,,,,,,,,
0,-14.409,200.095,,,,,,,,,,,,,
0,-13.731,199.724,,,,,,,,,,,,,
0,-13.644,199.669,,,,,,,,,,,,,
0,-13.263,199.531,,,,,,,,,,,,,
0,-13.032,199.459,,,,,,,,,,,,,
0,-12.975,199.463,,,,,,,,,,,,,
0,-12.181,199.462,,,,,,,,,,,,,
0,-11.647,199.555,,,,,,,,,,,,,
0,-11.285,199.58,,,,,,,,,,,,,
0,-10.755,199.564,,,,,,,,,,,,,
0,-10.526,199.561,,,,,,,,,,,,,
0,-10.039,199.615,,,,,,,,,,,,,
0,-9.945,199.623,,,,,,,,,,,,,
0,-9.898,199.623,,,,,,,,,,,,,
0,-9.134,199.569,,,,,,,,,,,,,
0,-8.721,199.525,,,,,,,,,,,,,
0,-8.301,199.507,,,,,,,,,,,,,
0,-7.561,199.493,,,,,,,,,,,,,
0,-7.447,199.489,,,,,,,,,,,,,
0,-6.675,199.41,,,,,,,,,,,,,
0,-6.572,199.406,,,,,,,,,,,,,
0,-6.516,199.36,,,,,,,,,,,,,
0,-5.816,198.738,,,,,,,,,,,,,
0,-5.309,198.398,,,,,,,,,,,,,
0,-5.037,198.217,,,,,,,,,,,,,
0,-4.557,197.984,,,,,,,,,,,,,
0,-4.182,197.792,,,,,,,,,,,,,
0,-3.718,197.104,,,,,,,,,,,,,
0,-3.428,196.714,,,,,,,,,,,,,
0,-3.278,196.433,,,,,,,,,,,,,
0,-2.717,195.68,,,,,,,,,,,,,
0,-2.07,195.492,,,,,,,,,,,,,
0,-1.878,195.473,,,,,,,,,,,,,
0,-1.54,195.474,,,,,,,,,,,,,
0,-1.142,195.46,,,,,,,,,,,,,
0,-0.516,195.532,,,,,,,,,,,,,
0,-0.449,195.537,,,,,,,,,,,,,
0,-0.403,195.577,,,,,,,,,,,,,
0,0.306,196.38,,,,,,,,,,,,,
0,1.271,197.445,,,,,,,,,,,,,
0,1.633,197.848,,,,,,,,,,,,,
0,1.751,197.939,,,,,,,,,,,,,
0,2.346,198.266,,,,,,,,,,,,,
0,2.594,198.419,,,,,,,,,,,,,
0,2.918,198.642,,,,,,,,,,,,,
0,3.235,198.861,,,,,,,,,,,,,
0,3.46,198.977,,,,,,,,,,,,,
0,4.218,199.385,,,,,,,,,,,,,
0,4.726,199.423,,,,,,,,,,,,,
0,5.286,199.451,,,,,,,,,,,,,
0,6.076,199.47,,,,,,,,,,,,,
0,6.275,199.483,,,,,,,,,,,,,
0,6.758,199.489,,,,,,,,,,,,,
0,7.031,199.508,,,,,,,,,,,,,
0,7.149,199.557,,,,,,,,,,,,,
0,8.022,199.842,,,,,,,,,,,,,
0,8.569,200.132,,,,,,,,,,,,,
0,9.101,200.355,,,,,,,,,,,,,
0,9.903,200.221,,,,,,,,,,,,,
0,10.04,200.189,,,,,,,,,,,,,
0,10.412,200.194,,,,,,,,,,,,,
0,10.889,200.203,,,,,,,,,,,,,
0,11.069,200.21,,,,,,,,,,,,,
0,12.046,200.235,,,,,,,,,,,,,
0,12.796,200.237,,,,,,,,,,,,,
0,13.226,200.222,,,,,,,,,,,,,
0,13.767,200.203,,,,,,,,,,,,,
0,14.104,200.192,,,,,,,,,,,,,
0,14.534,200.184,,,,,,,,,,,,,
0,14.731,200.196,,,,,,,,,,,,,
0,14.884,200.202,,,,,,,,,,,,,
0,15.601,200.229,,,,,,,,,,,,,
0,15.991,200.227,,,,,,,,,,,,,
0,16.522,200.225,,,,,,,,,,,,,
0,17.409,200.212,,,,,,,,,,,,,
0,17.446,200.211,,,,,,,,,,,,,
0,17.513,200.209,,,,,,,,,,,,,
0,18.206,200.195,,,,,,,,,,,,,
0,18.824,200.2,,,,,,,,,,,,,
0,19.007,200.199,,,,,,,,,,,,,
0,19.106,200.198,,,,,,,,,,,,,
0,20.002,200.198,,,,,,,,,,,,,
0,20.648,200.216,,,,,,,,,,,,,
0,21.003,200.213,,,,,,,,,,,,,
0,21.642,200.2,,,,,,,,,,,,,
0,21.863,200.192,,,,,,,,,,,,,
0,22.113,200.186,,,,,,,,,,,,,
0,22.505,200.186,,,,,,,,,,,,,
0,22.849,200.175,,,,,,,,,,,,,
0,23.373,200.172,,,,,,,,,,,,,
0,23.748,200.189,,,,,,,,,,,,,
0,24.541,200.226,,,,,,,,,,,,,
0,25.642,200.182,,,,,,,,,,,,,
0,25.665,200.181,,,,,,,,,,,,,
0,25.693,200.18,,,,,,,,,,,,,
0,26.383,200.184,,,,,,,,,,,,,
0,26.935,200.195,,,,,,,,,,,,,
0,27.19,200.199,,,,,,,,,,,,,
0,27.342,200.201,,,,,,,,,,,,,
0,28.24,200.226,,,,,,,,,,,,,
0,28.373,200.247,,,,,,,,,,,,,
0,28.693,200.234,,,,,,,,,,,,,
0,28.908,200.2,,,,,,,,,,,,,
0,29.022,200.076,,,,,,,,,,,,,
0.5,5,500,FALSE,,,129,,,,,0,,,,âÕêÏä«óùé{ê›ìôç\ë¢óﬂ
0,-35,204.815,,,,,,,,,,,,,
0,-34.653,204.715,,,,,,,,,,,,,
0,-34.458,204.593,,,,,,,,,,,,,
0,-32.789,204.379,,,,,,,,,,,,,
0,-31.997,204.314,,,,,,,,,,,,,
0,-31.814,203.839,,,,,,,,,,,,,
0,-31.166,203.866,,,,,,,,,,,,,
0,-30.448,203.895,,,,,,,,,,,,,
0,-29.248,203.938,,,,,,,,,,,,,
0,-29.031,203.949,,,,,,,,,,,,,
0,-25.96,203.847,,,,,,,,,,,,,
0,-24.392,203.796,,,,,,,,,,,,,
0,-23.84,203.812,,,,,,,,,,,,,
0,-23.395,203.8,,,,,,,,,,,,,
0,-22.719,203.797,,,,,,,,,,,,,
0,-22.363,203.786,,,,,,,,,,,,,
0,-21.433,203.778,,,,,,,,,,,,,
0,-21.349,203.779,,,,,,,,,,,,,
0,-21.028,203.777,,,,,,,,,,,,,
0,-20.564,203.758,,,,,,,,,,,,,
0,-20.21,203.749,,,,,,,,,,,,,
0,-19.873,203.741,,,,,,,,,,,,,
0,-19.446,203.749,,,,,,,,,,,,,
0,-19.114,203.755,,,,,,,,,,,,,
0,-19.035,203.748,,,,,,,,,,,,,
0,-18.134,203.679,,,,,,,,,,,,,
0,-17.827,203.671,,,,,,,,,,,,,
0,-17.177,203.605,,,,,,,,,,,,,
0,-16.663,203.606,,,,,,,,,,,,,
0,-16.25,203.628,,,,,,,,,,,,,
0,-15.505,203.644,,,,,,,,,,,,,
0,-15.296,203.635,,,,,,,,,,,,,
0,-14.371,203.298,,,,,,,,,,,,,
0,-14.289,203.246,,,,,,,,,,,,,
0,-13.491,202.642,,,,,,,,,,,,,
0,-12.807,202.788,,,,,,,,,,,,,
0,-12.792,202.789,,,,,,,,,,,,,
0,-12.774,202.79,,,,,,,,,,,,,
0,-11.954,202.822,,,,,,,,,,,,,
0,-11.792,202.806,,,,,,,,,,,,,
0,-11.095,202.783,,,,,,,,,,,,,
0,-10.774,202.806,,,,,,,,,,,,,
0,-10.255,202.808,,,,,,,,,,,,,
0,-9.732,202.734,,,,,,,,,,,,,
0,-9.378,202.713,,,,,,,,,,,,,
0,-8.737,202.711,,,,,,,,,,,,,
0,-8.541,202.695,,,,,,,,,,,,,
0,-7.703,202.609,,,,,,,,,,,,,
0,-7.675,202.608,,,,,,,,,,,,,
0,-7.531,202.633,,,,,,,,,,,,,
0,-6.993,202.707,,,,,,,,,,,,,
0,-6.517,202.563,,,,,,,,,,,,,
0,-6.294,202.477,,,,,,,,,,,,,
0,-6.055,202.297,,,,,,,,,,,,,
0,-5.442,201.96,,,,,,,,,,,,,
0,-5.305,201.869,,,,,,,,,,,,,
0,-4.544,201.516,,,,,,,,,,,,,
0,-3.608,200.563,,,,,,,,,,,,,
0,-2.515,199.402,,,,,,,,,,,,,
0,-1.853,199.3,,,,,,,,,,,,,
0,-1.681,199.287,,,,,,,,,,,,,
0,-1.072,199.124,,,,,,,,,,,,,
0,-0.882,199.121,,,,,,,,,,,,,
0,-0.059,199.149,,,,,,,,,,,,,
0,-0.052,199.155,,,,,,,,,,,,,
0,0.441,199.546,,,,,,,,,,,,,
0,1.179,200.222,,,,,,,,,,,,,
0,2.101,201.293,,,,,,,,,,,,,
0,2.355,201.36,,,,,,,,,,,,,
0,2.688,201.625,,,,,,,,,,,,,
0,2.813,201.712,,,,,,,,,,,,,
0,3.734,202.247,,,,,,,,,,,,,
0,4.066,202.275,,,,,,,,,,,,,
0,4.677,202.347,,,,,,,,,,,,,
0,5.231,202.486,,,,,,,,,,,,,
0,5.635,202.556,,,,,,,,,,,,,
0,6.36,202.554,,,,,,,,,,,,,
0,6.537,202.55,,,,,,,,,,,,,
0,7.233,202.475,,,,,,,,,,,,,
0,7.4,202.464,,,,,,,,,,,,,
0,7.558,202.477,,,,,,,,,,,,,
0,8.186,202.644,,,,,,,,,,,,,
0,8.959,202.875,,,,,,,,,,,,,
0,9.012,202.89,,,,,,,,,,,,,
0,9.025,202.887,,,,,,,,,,,,,
0,9.978,202.666,,,,,,,,,,,,,
0,10.263,202.676,,,,,,,,,,,,,
0,10.994,202.713,,,,,,,,,,,,,
0,11.55,202.741,,,,,,,,,,,,,
0,12.019,202.761,,,,,,,,,,,,,
0,12.829,202.699,,,,,,,,,,,,,
0,13.018,202.689,,,,,,,,,,,,,
0,13.738,202.659,,,,,,,,,,,,,
0,13.949,202.659,,,,,,,,,,,,,
0,14.095,202.681,,,,,,,,,,,,,
0,14.655,202.753,,,,,,,,,,,,,
0,15.252,202.776,,,,,,,,,,,,,
0,15.359,202.784,,,,,,,,,,,,,
0,15.51,202.781,,,,,,,,,,,,,
0,16.365,202.737,,,,,,,,,,,,,
0,17.063,202.7,,,,,,,,,,,,,
0,17.434,202.697,,,,,,,,,,,,,
0,17.946,202.699,,,,,,,,,,,,,
0,18.512,202.707,,,,,,,,,,,,,
0,18.821,202.694,,,,,,,,,,,,,
0,19.606,202.689,,,,,,,,,,,,,
0,19.71,202.7,,,,,,,,,,,,,
0,20.157,202.685,,,,,,,,,,,,,
0,20.655,202.677,,,,,,,,,,,,,
0,21.41,202.702,,,,,,,,,,,,,
0,21.702,202.711,,,,,,,,,,,,,
0,21.896,202.719,,,,,,,,,,,,,
0,22.682,202.747,,,,,,,,,,,,,
0,22.888,202.749,,,,,,,,,,,,,
0,23.658,202.722,,,,,,,,,,,,,
0,24.125,202.72,,,,,,,,,,,,,
0,24.636,202.71,,,,,,,,,,,,,
0,25.354,202.68,,,,,,,,,,,,,
0,25.605,202.678,,,,,,,,,,,,,
0,26.557,202.699,,,,,,,,,,,,,
0,26.594,202.7,,,,,,,,,,,,,
0,26.627,202.7,,,,,,,,,,,,,
0,27.411,202.685,,,,,,,,,,,,,
0,28.174,202.688,,,,,,,,,,,,,
0,28.239,202.69,,,,,,,,,,,,,
0,28.616,202.697,,,,,,,,,,,,,
0,28.708,202.731,,,,,,,,,,,,,
0,28.959,202.789,,,,,,,,,,,,,
0,29.146,202.866,,,,,,,,,,,,,
0.6,6,600,FALSE,,,118,,,,,0,,,,âÕêÏä«óùé{ê›ìôç\ë¢óﬂ
0,-35,212.302,,,,,,,,,,,,,
0,-34.767,212.3,,,,,,,,,,,,,
0,-34.558,212.323,,,,,,,,,,,,,
0,-33.68,212.384,,,,,,,,,,,,,
0,-32.588,212.285,,,,,,,,,,,,,
0,-32.554,212.279,,,,,,,,,,,,,
0,-32.239,212.27,,,,,,,,,,,,,
0,-31.584,212.253,,,,,,,,,,,,,
0,-31.515,212.25,,,,,,,,,,,,,
0,-29.836,212.264,,,,,,,,,,,,,
0,-29.521,212.268,,,,,,,,,,,,,
0,-29.086,212.262,,,,,,,,,,,,,
0,-28.525,212.265,,,,,,,,,,,,,
0,-27.981,212.263,,,,,,,,,,,,,
0,-27.315,212.247,,,,,,,,,,,,,
0,-26.047,212.282,,,,,,,,,,,,,
0,-25.738,212.289,,,,,,,,,,,,,
0,-25.576,212.287,,,,,,,,,,,,,
0,-24.707,212.268,,,,,,,,,,,,,
0,-24.499,212.281,,,,,,,,,,,,,
0,-23.556,212.289,,,,,,,,,,,,,
0,-22.553,212.272,,,,,,,,,,,,,
0,-22.31,212.263,,,,,,,,,,,,,
0,-22.086,212.256,,,,,,,,,,,,,
0,-21.452,212.246,,,,,,,,,,,,,
0,-21.013,212.404,,,,,,,,,,,,,
0,-20.544,212.459,,,,,,,,,,,,,
0,-20.037,212.496,,,,,,,,,,,,,
0,-19.262,212.429,,,,,,,,,,,,,
0,-18.578,212.295,,,,,,,,,,,,,
0,-18.088,212.04,,,,,,,,,,,,,
0,-17.49,211.609,,,,,,,,,,,,,
0,-16.805,211.228,,,,,,,,,,,,,
0,-15.933,211.036,,,,,,,,,,,,,
0,-15.435,210.857,,,,,,,,,,,,,
0,-15.056,210.867,,,,,,,,,,,,,
0,-14.442,210.943,,,,,,,,,,,,,
0,-14.012,210.909,,,,,,,,,,,,,
0,-13.146,210.904,,,,,,,,,,,,,
0,-11.66,210.974,,,,,,,,,,,,,
0,-11.5,210.982,,,,,,,,,,,,,
0,-10.629,210.977,,,,,,,,,,,,,
0,-10.422,210.963,,,,,,,,,,,,,
0,-9.838,210.814,,,,,,,,,,,,,
0,-8.661,210.571,,,,,,,,,,,,,
0,-8.235,210.379,,,,,,,,,,,,,
0,-7.416,209.902,,,,,,,,,,,,,
0,-7.223,209.88,,,,,,,,,,,,,
0,-6.16,209.746,,,,,,,,,,,,,
0,-5.697,209.687,,,,,,,,,,,,,
0,-4.865,209.175,,,,,,,,,,,,,
0,-3.871,207.979,,,,,,,,,,,,,
0,-3.839,207.947,,,,,,,,,,,,,
0,-2.685,207.625,,,,,,,,,,,,,
0,-1.557,207.649,,,,,,,,,,,,,
0,-1.545,207.649,,,,,,,,,,,,,
0,-1.532,207.649,,,,,,,,,,,,,
0,-1.498,207.654,,,,,,,,,,,,,
0,-0.587,207.751,,,,,,,,,,,,,
0,-0.148,208.04,,,,,,,,,,,,,
0,0.51,208.722,,,,,,,,,,,,,
0,1.145,209.559,,,,,,,,,,,,,
0,1.613,209.698,,,,,,,,,,,,,
0,2.501,209.809,,,,,,,,,,,,,
0,2.515,209.814,,,,,,,,,,,,,
0,3.789,210.546,,,,,,,,,,,,,
0,4.702,210.758,,,,,,,,,,,,,
0,5.011,210.768,,,,,,,,,,,,,
0,5.566,210.776,,,,,,,,,,,,,
0,6.179,210.748,,,,,,,,,,,,,
0,7.767,210.267,,,,,,,,,,,,,
0,7.823,210.232,,,,,,,,,,,,,
0,7.961,210.1,,,,,,,,,,,,,
0,8.433,209.664,,,,,,,,,,,,,
0,8.623,209.593,,,,,,,,,,,,,
0,9.488,209.348,,,,,,,,,,,,,
0,10.691,209.284,,,,,,,,,,,,,
0,10.719,209.282,,,,,,,,,,,,,
0,10.808,209.283,,,,,,,,,,,,,
0,11.325,209.296,,,,,,,,,,,,,
0,11.488,209.297,,,,,,,,,,,,,
0,12.596,209.339,,,,,,,,,,,,,
0,13.51,209.313,,,,,,,,,,,,,
0,13.736,209.264,,,,,,,,,,,,,
0,14.315,209.27,,,,,,,,,,,,,
0,14.319,209.27,,,,,,,,,,,,,
0,14.323,209.27,,,,,,,,,,,,,
0,14.382,209.271,,,,,,,,,,,,,
0,16.034,209.286,,,,,,,,,,,,,
0,16.242,209.29,,,,,,,,,,,,,
0,16.713,209.277,,,,,,,,,,,,,
0,16.958,209.252,,,,,,,,,,,,,
0,17.522,209.239,,,,,,,,,,,,,
0,18.186,209.29,,,,,,,,,,,,,
0,18.524,209.318,,,,,,,,,,,,,
0,18.808,209.312,,,,,,,,,,,,,
0,19.394,209.282,,,,,,,,,,,,,
0,19.55,209.288,,,,,,,,,,,,,
0,20.875,209.298,,,,,,,,,,,,,
0,21.325,209.29,,,,,,,,,,,,,
0,21.819,209.282,,,,,,,,,,,,,
0,21.989,209.278,,,,,,,,,,,,,
0,22.958,209.286,,,,,,,,,,,,,
0,23.74,209.349,,,,,,,,,,,,,
0,24.079,209.329,,,,,,,,,,,,,
0,24.409,209.284,,,,,,,,,,,,,
0,24.97,209.334,,,,,,,,,,,,,
0,25.615,209.347,,,,,,,,,,,,,
0,25.87,209.363,,,,,,,,,,,,,
0,26.098,209.375,,,,,,,,,,,,,
0,26.692,209.326,,,,,,,,,,,,,
0,26.746,209.317,,,,,,,,,,,,,
0,27.754,209.495,,,,,,,,,,,,,
0,28.325,209.59,,,,,,,,,,,,,
0,28.737,209.748,,,,,,,,,,,,,
0,28.832,209.784,,,,,,,,,,,,,
0,29.293,210.029,,,,,,,,,,,,,
0,29.347,210.013,,,,,,,,,,,,,
0.7,7,700,FALSE,,,125,,,,,0,,,,âÕêÏä«óùé{ê›ìôç\ë¢óﬂ
0,-33.3,219.261,,,,,,,,,,,,,
0,-33.269,219.01,,,,,,,,,,,,,
0,-33.115,219.022,,,,,,,,,,,,,
0,-33.041,219.091,,,,,,,,,,,,,
0,-32.766,219.144,,,,,,,,,,,,,
0,-32.67,219.157,,,,,,,,,,,,,
0,-32.234,219.254,,,,,,,,,,,,,
0,-31.921,219.322,,,,,,,,,,,,,
0,-31.879,219.323,,,,,,,,,,,,,
0,-31.682,219.33,,,,,,,,,,,,,
0,-30.942,219.328,,,,,,,,,,,,,
0,-30.598,219.365,,,,,,,,,,,,,
0,-30.359,219.373,,,,,,,,,,,,,
0,-30.134,219.394,,,,,,,,,,,,,
0,-29.883,219.425,,,,,,,,,,,,,
0,-29.439,219.451,,,,,,,,,,,,,
0,-29.032,219.441,,,,,,,,,,,,,
0,-28.511,219.43,,,,,,,,,,,,,
0,-27.588,219.54,,,,,,,,,,,,,
0,-27.39,219.548,,,,,,,,,,,,,
0,-26.865,219.584,,,,,,,,,,,,,
0,-26.718,219.575,,,,,,,,,,,,,
0,-26.664,219.586,,,,,,,,,,,,,
0,-25.636,219.502,,,,,,,,,,,,,
0,-24.952,219.451,,,,,,,,,,,,,
0,-24.635,219.459,,,,,,,,,,,,,
0,-23.863,219.544,,,,,,,,,,,,,
0,-23.839,219.545,,,,,,,,,,,,,
0,-23.829,219.547,,,,,,,,,,,,,
0,-22.526,219.611,,,,,,,,,,,,,
0,-21.954,219.623,,,,,,,,,,,,,
0,-21.502,219.603,,,,,,,,,,,,,
0,-20.737,219.635,,,,,,,,,,,,,
0,-20.703,219.641,,,,,,,,,,,,,
0,-20.658,219.641,,,,,,,,,,,,,
0,-19.478,219.702,,,,,,,,,,,,,
0,-18.549,219.742,,,,,,,,,,,,,
0,-18.27,219.742,,,,,,,,,,,,,
0,-17.412,219.612,,,,,,,,,,,,,
0,-17.238,219.593,,,,,,,,,,,,,
0,-17.18,219.586,,,,,,,,,,,,,
0,-16.129,219.411,,,,,,,,,,,,,
0,-15.133,218.824,,,,,,,,,,,,,
0,-14.976,218.728,,,,,,,,,,,,,
0,-14.809,218.634,,,,,,,,,,,,,
0,-14.003,218.091,,,,,,,,,,,,,
0,-13.321,217.954,,,,,,,,,,,,,
0,-12.917,217.901,,,,,,,,,,,,,
0,-12.431,217.922,,,,,,,,,,,,,
0,-11.539,217.997,,,,,,,,,,,,,
0,-10.784,218,,,,,,,,,,,,,
0,-10.421,218.035,,,,,,,,,,,,,
0,-9.988,218.021,,,,,,,,,,,,,
0,-9.603,218.025,,,,,,,,,,,,,
0,-9.275,218.04,,,,,,,,,,,,,
0,-8.579,218.027,,,,,,,,,,,,,
0,-8.035,218.007,,,,,,,,,,,,,
0,-7.403,218.008,,,,,,,,,,,,,
0,-6.627,217.573,,,,,,,,,,,,,
0,-6.32,217.426,,,,,,,,,,,,,
0,-5.989,217.177,,,,,,,,,,,,,
0,-5.507,216.889,,,,,,,,,,,,,
0,-5.046,216.843,,,,,,,,,,,,,
0,-4.692,216.782,,,,,,,,,,,,,
0,-4.092,216.276,,,,,,,,,,,,,
0,-3.28,215.493,,,,,,,,,,,,,
0,-2.4,214.932,,,,,,,,,,,,,
0,-1.998,214.773,,,,,,,,,,,,,
0,-0.819,214.828,,,,,,,,,,,,,
0,-0.649,214.863,,,,,,,,,,,,,
0,-0.515,215.032,,,,,,,,,,,,,
0,0.635,216.242,,,,,,,,,,,,,
0,1.832,217.236,,,,,,,,,,,,,
0,1.931,217.337,,,,,,,,,,,,,
0,2.058,217.409,,,,,,,,,,,,,
0,2.771,217.875,,,,,,,,,,,,,
0,3.529,218.043,,,,,,,,,,,,,
0,3.563,218.05,,,,,,,,,,,,,
0,3.593,218.053,,,,,,,,,,,,,
0,4.58,218.152,,,,,,,,,,,,,
0,5.151,218.17,,,,,,,,,,,,,
0,5.587,218.186,,,,,,,,,,,,,
0,6.368,218.511,,,,,,,,,,,,,
0,6.542,218.574,,,,,,,,,,,,,
0,6.717,218.698,,,,,,,,,,,,,
0,7.301,219.105,,,,,,,,,,,,,
0,7.895,219.337,,,,,,,,,,,,,
0,8.123,219.425,,,,,,,,,,,,,
0,8.264,219.414,,,,,,,,,,,,,
0,9.159,219.278,,,,,,,,,,,,,
0,9.952,219.258,,,,,,,,,,,,,
0,10.189,219.282,,,,,,,,,,,,,
0,10.585,219.237,,,,,,,,,,,,,
0,11.46,219.217,,,,,,,,,,,,,
0,12.133,219.293,,,,,,,,,,,,,
0,12.824,219.335,,,,,,,,,,,,,
0,13.506,219.305,,,,,,,,,,,,,
0,14.197,219.253,,,,,,,,,,,,,
0,14.902,219.25,,,,,,,,,,,,,
0,15.288,219.247,,,,,,,,,,,,,
0,15.767,219.238,,,,,,,,,,,,,
0,16.1,219.234,,,,,,,,,,,,,
0,16.351,219.233,,,,,,,,,,,,,
0,17.304,219.222,,,,,,,,,,,,,
0,18.41,219.217,,,,,,,,,,,,,
0,18.735,219.213,,,,,,,,,,,,,
0,19.018,219.212,,,,,,,,,,,,,
0,19.734,219.2,,,,,,,,,,,,,
0,20.425,219.203,,,,,,,,,,,,,
0,20.742,219.212,,,,,,,,,,,,,
0,21.092,219.208,,,,,,,,,,,,,
0,22.151,219.214,,,,,,,,,,,,,
0,23.146,219.266,,,,,,,,,,,,,
0,23.431,219.284,,,,,,,,,,,,,
0,24.516,219.23,,,,,,,,,,,,,
0,24.519,219.23,,,,,,,,,,,,,
0,24.521,219.23,,,,,,,,,,,,,
0,25.596,219.228,,,,,,,,,,,,,
0,26.33,219.248,,,,,,,,,,,,,
0,26.662,219.247,,,,,,,,,,,,,
0,26.763,219.19,,,,,,,,,,,,,
0,26.895,219.245,,,,,,,,,,,,,
0,26.948,219.119,,,,,,,,,,,,,
0,27.139,218.983,,,,,,,,,,,,,
0,27.774,218.874,,,,,,,,,,,,,
0.8,8,800,FALSE,,,115,,,,,0,,,,âÕêÏä«óùé{ê›ìôç\ë¢óﬂ
0,-31.105,225.901,,,,,,,,,,,,,
0,-30.831,225.97,,,,,,,,,,,,,
0,-30.825,225.97,,,,,,,,,,,,,
0,-30.802,225.972,,,,,,,,,,,,,
0,-29.822,225.988,,,,,,,,,,,,,
0,-29.256,225.987,,,,,,,,,,,,,
0,-28.815,225.985,,,,,,,,,,,,,
0,-27.974,225.983,,,,,,,,,,,,,
0,-27.826,225.977,,,,,,,,,,,,,
0,-27.7,225.979,,,,,,,,,,,,,
0,-26.889,225.951,,,,,,,,,,,,,
0,-26.021,225.949,,,,,,,,,,,,,
0,-25.973,225.949,,,,,,,,,,,,,
0,-25.916,225.946,,,,,,,,,,,,,
0,-24.789,225.897,,,,,,,,,,,,,
0,-23.904,225.932,,,,,,,,,,,,,
0,-23.597,225.943,,,,,,,,,,,,,
0,-23.195,225.933,,,,,,,,,,,,,
0,-22.615,225.894,,,,,,,,,,,,,
0,-22.194,225.914,,,,,,,,,,,,,
0,-21.738,225.927,,,,,,,,,,,,,
0,-21.14,225.897,,,,,,,,,,,,,
0,-20.668,225.884,,,,,,,,,,,,,
0,-20.14,225.861,,,,,,,,,,,,,
0,-19.28,225.851,,,,,,,,,,,,,
0,-18.503,225.494,,,,,,,,,,,,,
0,-17.947,225.195,,,,,,,,,,,,,
0,-16.703,224.414,,,,,,,,,,,,,
0,-16.657,224.386,,,,,,,,,,,,,
0,-16.629,224.369,,,,,,,,,,,,,
0,-15.668,223.731,,,,,,,,,,,,,
0,-15.028,223.348,,,,,,,,,,,,,
0,-14.67,223.146,,,,,,,,,,,,,
0,-14.075,222.763,,,,,,,,,,,,,
0,-13.718,222.529,,,,,,,,,,,,,
0,-13.426,222.331,,,,,,,,,,,,,
0,-12.895,221.989,,,,,,,,,,,,,
0,-12.256,221.785,,,,,,,,,,,,,
0,-12.027,221.683,,,,,,,,,,,,,
0,-11.897,221.685,,,,,,,,,,,,,
0,-11.419,221.729,,,,,,,,,,,,,
0,-10.455,221.818,,,,,,,,,,,,,
0,-10.186,221.835,,,,,,,,,,,,,
0,-9.697,221.777,,,,,,,,,,,,,
0,-9.095,221.739,,,,,,,,,,,,,
0,-7.849,221.79,,,,,,,,,,,,,
0,-7.839,221.79,,,,,,,,,,,,,
0,-7.832,221.79,,,,,,,,,,,,,
0,-6.825,221.73,,,,,,,,,,,,,
0,-6.148,221.71,,,,,,,,,,,,,
0,-5.813,221.636,,,,,,,,,,,,,
0,-5.31,221.194,,,,,,,,,,,,,
0,-4.798,220.749,,,,,,,,,,,,,
0,-4.111,220.259,,,,,,,,,,,,,
0,-3.836,220.114,,,,,,,,,,,,,
0,-3.626,219.903,,,,,,,,,,,,,
0,-2.238,218.62,,,,,,,,,,,,,
0,-1.786,218.175,,,,,,,,,,,,,
0,-1.13,218.217,,,,,,,,,,,,,
0,-0.756,218.209,,,,,,,,,,,,,
0,-0.11,218.184,,,,,,,,,,,,,
0,0.333,218.157,,,,,,,,,,,,,
0,0.597,218.589,,,,,,,,,,,,,
0,1.173,219.47,,,,,,,,,,,,,
0,1.559,219.946,,,,,,,,,,,,,
0,2.049,220.314,,,,,,,,,,,,,
0,2.577,220.739,,,,,,,,,,,,,
0,3.255,221.198,,,,,,,,,,,,,
0,3.646,221.484,,,,,,,,,,,,,
0,4.107,221.62,,,,,,,,,,,,,
0,4.574,221.679,,,,,,,,,,,,,
0,4.953,221.669,,,,,,,,,,,,,
0,5.778,221.603,,,,,,,,,,,,,
0,6.729,221.625,,,,,,,,,,,,,
0,7.119,221.633,,,,,,,,,,,,,
0,7.47,221.711,,,,,,,,,,,,,
0,8.376,222.017,,,,,,,,,,,,,
0,9.09,222.629,,,,,,,,,,,,,
0,9.57,222.981,,,,,,,,,,,,,
0,10.039,223.056,,,,,,,,,,,,,
0,10.827,223.111,,,,,,,,,,,,,
0,11.587,222.987,,,,,,,,,,,,,
0,11.916,222.837,,,,,,,,,,,,,
0,12.245,222.834,,,,,,,,,,,,,
0,12.674,222.829,,,,,,,,,,,,,
0,13.101,222.857,,,,,,,,,,,,,
0,13.67,222.855,,,,,,,,,,,,,
0,14.369,222.881,,,,,,,,,,,,,
0,14.961,222.876,,,,,,,,,,,,,
0,15.439,222.868,,,,,,,,,,,,,
0,16.122,222.844,,,,,,,,,,,,,
0,16.944,222.845,,,,,,,,,,,,,
0,17.273,222.825,,,,,,,,,,,,,
0,17.822,222.812,,,,,,,,,,,,,
0,18.657,222.777,,,,,,,,,,,,,
0,19.155,222.774,,,,,,,,,,,,,
0,19.763,222.767,,,,,,,,,,,,,
0,20.54,222.766,,,,,,,,,,,,,
0,20.73,222.774,,,,,,,,,,,,,
0,20.866,222.773,,,,,,,,,,,,,
0,21.634,222.8,,,,,,,,,,,,,
0,22.407,222.768,,,,,,,,,,,,,
0,22.547,222.763,,,,,,,,,,,,,
0,22.738,222.773,,,,,,,,,,,,,
0,23.591,222.787,,,,,,,,,,,,,
0,24.015,222.774,,,,,,,,,,,,,
0,24.542,222.78,,,,,,,,,,,,,
0,24.902,222.806,,,,,,,,,,,,,
0,25.381,222.83,,,,,,,,,,,,,
0,26.067,222.768,,,,,,,,,,,,,
0,26.248,222.756,,,,,,,,,,,,,
0,26.665,222.75,,,,,,,,,,,,,
0,27.128,222.753,,,,,,,,,,,,,
0,27.329,222.755,,,,,,,,,,,,,
0,28.181,222.783,,,,,,,,,,,,,
0.9,9,900,FALSE,,,145,,,,,0,,,,âÕêÏä«óùé{ê›ìôç\ë¢óﬂ
0,-32.071,229.472,,,,,,,,,,,,,
0,-31.98,229.459,,,,,,,,,,,,,
0,-31.893,229.48,,,,,,,,,,,,,
0,-31.75,229.434,,,,,,,,,,,,,
0,-31.71,229.452,,,,,,,,,,,,,
0,-31.08,229.523,,,,,,,,,,,,,
0,-30.814,229.484,,,,,,,,,,,,,
0,-30.307,229.414,,,,,,,,,,,,,
0,-29.92,229.373,,,,,,,,,,,,,
0,-29.782,229.334,,,,,,,,,,,,,
0,-29.18,229.183,,,,,,,,,,,,,
0,-28.704,229.074,,,,,,,,,,,,,
0,-28.646,229.075,,,,,,,,,,,,,
0,-27.979,229.031,,,,,,,,,,,,,
0,-27.648,229.011,,,,,,,,,,,,,
0,-27.613,229.018,,,,,,,,,,,,,
0,-27.578,229.02,,,,,,,,,,,,,
0,-27.462,229.022,,,,,,,,,,,,,
0,-26.317,229.075,,,,,,,,,,,,,
0,-25.264,229.02,,,,,,,,,,,,,
0,-25.246,229.02,,,,,,,,,,,,,
0,-25.005,229.077,,,,,,,,,,,,,
0,-24.623,229.083,,,,,,,,,,,,,
0,-24.299,229.073,,,,,,,,,,,,,
0,-24.065,229.072,,,,,,,,,,,,,
0,-23.823,229.06,,,,,,,,,,,,,
0,-23.494,229.09,,,,,,,,,,,,,
0,-23.493,229.09,,,,,,,,,,,,,
0,-23.473,229.088,,,,,,,,,,,,,
0,-22.717,229,,,,,,,,,,,,,
0,-22.701,229.005,,,,,,,,,,,,,
0,-21.96,228.973,,,,,,,,,,,,,
0,-21.939,228.97,,,,,,,,,,,,,
0,-21.144,228.919,,,,,,,,,,,,,
0,-21.051,228.922,,,,,,,,,,,,,
0,-20.612,228.995,,,,,,,,,,,,,
0,-20.359,229.21,,,,,,,,,,,,,
0,-19.256,229.603,,,,,,,,,,,,,
0,-19.105,229.594,,,,,,,,,,,,,
0,-18.956,229.569,,,,,,,,,,,,,
0,-17.646,229.288,,,,,,,,,,,,,
0,-17.349,229.097,,,,,,,,,,,,,
0,-16.948,229.019,,,,,,,,,,,,,
0,-16.357,228.91,,,,,,,,,,,,,
0,-16.152,228.895,,,,,,,,,,,,,
0,-15.452,228.744,,,,,,,,,,,,,
0,-14.979,228.48,,,,,,,,,,,,,
0,-14.691,228.308,,,,,,,,,,,,,
0,-14.59,228.245,,,,,,,,,,,,,
0,-14.448,228.157,,,,,,,,,,,,,
0,-13.712,227.622,,,,,,,,,,,,,
0,-13.412,227.404,,,,,,,,,,,,,
0,-13.327,227.337,,,,,,,,,,,,,
0,-13.303,227.321,,,,,,,,,,,,,
0,-12.093,226.5,,,,,,,,,,,,,
0,-11.219,226.323,,,,,,,,,,,,,
0,-11.082,226.33,,,,,,,,,,,,,
0,-10.61,226.388,,,,,,,,,,,,,
0,-10.43,226.4,,,,,,,,,,,,,
0,-10.264,226.402,,,,,,,,,,,,,
0,-9.389,226.44,,,,,,,,,,,,,
0,-8.461,226.483,,,,,,,,,,,,,
0,-8.396,226.488,,,,,,,,,,,,,
0,-7.837,226.446,,,,,,,,,,,,,
0,-7.636,226.434,,,,,,,,,,,,,
0,-7.44,226.444,,,,,,,,,,,,,
0,-6.573,226.456,,,,,,,,,,,,,
0,-5.692,226.426,,,,,,,,,,,,,
0,-5.619,226.42,,,,,,,,,,,,,
0,-5.246,226.332,,,,,,,,,,,,,
0,-5.112,226.303,,,,,,,,,,,,,
0,-5.087,226.285,,,,,,,,,,,,,
0,-3.745,225.4,,,,,,,,,,,,,
0,-2.945,224.9,,,,,,,,,,,,,
0,-2.61,224.72,,,,,,,,,,,,,
0,-2.362,224.521,,,,,,,,,,,,,
0,-1.512,223.633,,,,,,,,,,,,,
0,-0.226,222.822,,,,,,,,,,,,,
0,-0.192,222.826,,,,,,,,,,,,,
0,-0.094,222.832,,,,,,,,,,,,,
0,0.27,222.852,,,,,,,,,,,,,
0,0.395,222.851,,,,,,,,,,,,,
0,1.391,223.685,,,,,,,,,,,,,
0,2.627,225.034,,,,,,,,,,,,,
0,2.71,225.088,,,,,,,,,,,,,
0,3.1,225.41,,,,,,,,,,,,,
0,3.24,225.531,,,,,,,,,,,,,
0,3.269,225.543,,,,,,,,,,,,,
0,4.636,226.225,,,,,,,,,,,,,
0,5.408,226.451,,,,,,,,,,,,,
0,6.041,226.517,,,,,,,,,,,,,
0,6.054,226.518,,,,,,,,,,,,,
0,6.064,226.52,,,,,,,,,,,,,
0,6.072,226.519,,,,,,,,,,,,,
0,6.973,226.447,,,,,,,,,,,,,
0,7.671,226.468,,,,,,,,,,,,,
0,7.897,226.48,,,,,,,,,,,,,
0,8.187,226.576,,,,,,,,,,,,,
0,8.532,226.765,,,,,,,,,,,,,
0,8.781,226.88,,,,,,,,,,,,,
0,8.992,227.03,,,,,,,,,,,,,
0,9.099,227.08,,,,,,,,,,,,,
0,9.399,227.208,,,,,,,,,,,,,
0,10.511,227.786,,,,,,,,,,,,,
0,11.3,227.956,,,,,,,,,,,,,
0,11.614,227.85,,,,,,,,,,,,,
0,11.759,227.837,,,,,,,,,,,,,
0,11.895,227.831,,,,,,,,,,,,,
0,12.793,227.883,,,,,,,,,,,,,
0,13.709,227.9,,,,,,,,,,,,,
0,13.765,227.905,,,,,,,,,,,,,
0,13.963,227.866,,,,,,,,,,,,,
0,14.235,227.829,,,,,,,,,,,,,
0,14.311,227.826,,,,,,,,,,,,,
0,15.156,227.93,,,,,,,,,,,,,
0,15.856,227.874,,,,,,,,,,,,,
0,16.136,227.874,,,,,,,,,,,,,
0,16.464,227.921,,,,,,,,,,,,,
0,16.806,227.929,,,,,,,,,,,,,
0,17.084,227.936,,,,,,,,,,,,,
0,17.36,227.986,,,,,,,,,,,,,
0,17.613,227.96,,,,,,,,,,,,,
0,18.356,227.876,,,,,,,,,,,,,
0,19.152,227.945,,,,,,,,,,,,,
0,19.293,227.925,,,,,,,,,,,,,
0,19.852,228.065,,,,,,,,,,,,,
0,19.969,228.088,,,,,,,,,,,,,
0,20.11,228.067,,,,,,,,,,,,,
0,21.112,227.876,,,,,,,,,,,,,
0,21.935,227.872,,,,,,,,,,,,,
0,22.087,227.868,,,,,,,,,,,,,
0,22.56,227.862,,,,,,,,,,,,,
0,22.643,227.865,,,,,,,,,,,,,
0,22.725,227.862,,,,,,,,,,,,,
0,23.717,227.885,,,,,,,,,,,,,
0,24.66,227.907,,,,,,,,,,,,,
0,24.76,227.958,,,,,,,,,,,,,
0,25.356,228.012,,,,,,,,,,,,,
0,25.74,227.874,,,,,,,,,,,,,
0,26.288,227.875,,,,,,,,,,,,,
0,26.918,227.865,,,,,,,,,,,,,
0,27.38,227.893,,,,,,,,,,,,,
0,27.862,227.937,,,,,,,,,,,,,
0,28.116,227.916,,,,,,,,,,,,,
0,28.542,227.918,,,,,,,,,,,,,
1,10,1000,FALSE,,,120,,,,,0,,,,âÕêÏä«óùé{ê›ìôç\ë¢óﬂ
0,-32.078,232.506,,,,,,,,,,,,,
0,-31.402,232.484,,,,,,,,,,,,,
0,-31.314,232.479,,,,,,,,,,,,,
0,-30.591,232.507,,,,,,,,,,,,,
0,-30.2,232.532,,,,,,,,,,,,,
0,-29.857,232.572,,,,,,,,,,,,,
0,-28.502,232.44,,,,,,,,,,,,,
0,-28.291,232.263,,,,,,,,,,,,,
0,-27.692,231.647,,,,,,,,,,,,,
0,-27.341,231.536,,,,,,,,,,,,,
0,-26.734,231.553,,,,,,,,,,,,,
0,-26.047,231.59,,,,,,,,,,,,,
0,-25.653,231.581,,,,,,,,,,,,,
0,-24.859,231.513,,,,,,,,,,,,,
0,-24.805,231.505,,,,,,,,,,,,,
0,-23.802,231.281,,,,,,,,,,,,,
0,-22.785,231.092,,,,,,,,,,,,,
0,-22.754,231.086,,,,,,,,,,,,,
0,-21.974,230.963,,,,,,,,,,,,,
0,-21.818,230.955,,,,,,,,,,,,,
0,-21.621,230.965,,,,,,,,,,,,,
0,-20.691,230.994,,,,,,,,,,,,,
0,-19.924,230.976,,,,,,,,,,,,,
0,-19.686,230.964,,,,,,,,,,,,,
0,-19.092,230.934,,,,,,,,,,,,,
0,-18.866,230.938,,,,,,,,,,,,,
0,-18.654,230.951,,,,,,,,,,,,,
0,-17.845,230.985,,,,,,,,,,,,,
0,-16.997,231.005,,,,,,,,,,,,,
0,-16.695,230.981,,,,,,,,,,,,,
0,-16.191,230.939,,,,,,,,,,,,,
0,-15.446,230.94,,,,,,,,,,,,,
0,-14.624,230.957,,,,,,,,,,,,,
0,-14.387,230.97,,,,,,,,,,,,,
0,-14.176,230.982,,,,,,,,,,,,,
0,-13.484,230.995,,,,,,,,,,,,,
0,-13.354,231,,,,,,,,,,,,,
0,-13.31,230.997,,,,,,,,,,,,,
0,-13.287,230.966,,,,,,,,,,,,,
0,-11.304,229.338,,,,,,,,,,,,,
0,-11.181,229.261,,,,,,,,,,,,,
0,-10.572,229.283,,,,,,,,,,,,,
0,-10.015,229.397,,,,,,,,,,,,,
0,-9.137,229.48,,,,,,,,,,,,,
0,-8.783,229.521,,,,,,,,,,,,,
0,-8.566,229.529,,,,,,,,,,,,,
0,-8.041,229.557,,,,,,,,,,,,,
0,-7.739,229.574,,,,,,,,,,,,,
0,-7.177,229.586,,,,,,,,,,,,,
0,-6.523,229.52,,,,,,,,,,,,,
0,-6.115,229.486,,,,,,,,,,,,,
0,-5.768,229.54,,,,,,,,,,,,,
0,-5.312,229.505,,,,,,,,,,,,,
0,-4.98,229.539,,,,,,,,,,,,,
0,-4.612,229.393,,,,,,,,,,,,,
0,-3.333,228.5,,,,,,,,,,,,,
0,-3.11,228.345,,,,,,,,,,,,,
0,-3.046,228.308,,,,,,,,,,,,,
0,-2.967,228.278,,,,,,,,,,,,,
0,-2.223,227.98,,,,,,,,,,,,,
0,-1.817,227.638,,,,,,,,,,,,,
0,-1.373,227.101,,,,,,,,,,,,,
0,-0.838,226.325,,,,,,,,,,,,,
0,-0.323,226.185,,,,,,,,,,,,,
0,0.127,226.282,,,,,,,,,,,,,
0,0.535,226.35,,,,,,,,,,,,,
0,1.383,226.762,,,,,,,,,,,,,
0,2.53,227.801,,,,,,,,,,,,,
0,2.803,228.088,,,,,,,,,,,,,
0,3.396,228.5,,,,,,,,,,,,,
0,3.552,228.62,,,,,,,,,,,,,
0,3.888,228.788,,,,,,,,,,,,,
0,4.92,229.4,,,,,,,,,,,,,
0,5.38,229.461,,,,,,,,,,,,,
0,6.019,229.51,,,,,,,,,,,,,
0,6.233,229.51,,,,,,,,,,,,,
0,6.393,229.525,,,,,,,,,,,,,
0,6.765,229.511,,,,,,,,,,,,,
0,7.723,229.473,,,,,,,,,,,,,
0,8.148,229.52,,,,,,,,,,,,,
0,8.761,229.699,,,,,,,,,,,,,
0,9.021,229.876,,,,,,,,,,,,,
0,9.771,230.392,,,,,,,,,,,,,
0,10.524,230.657,,,,,,,,,,,,,
0,10.984,230.73,,,,,,,,,,,,,
0,11.739,230.491,,,,,,,,,,,,,
0,11.815,230.489,,,,,,,,,,,,,
0,13.252,230.607,,,,,,,,,,,,,
0,13.79,230.61,,,,,,,,,,,,,
0,14.281,230.598,,,,,,,,,,,,,
0,14.645,230.6,,,,,,,,,,,,,
0,15.187,230.619,,,,,,,,,,,,,
0,15.9,230.63,,,,,,,,,,,,,
0,16.26,230.643,,,,,,,,,,,,,
0,16.533,230.632,,,,,,,,,,,,,
0,17.09,230.585,,,,,,,,,,,,,
0,17.419,230.579,,,,,,,,,,,,,
0,18.045,230.593,,,,,,,,,,,,,
0,18.95,230.598,,,,,,,,,,,,,
0,19.168,230.599,,,,,,,,,,,,,
0,19.314,230.6,,,,,,,,,,,,,
0,19.911,230.593,,,,,,,,,,,,,
0,20.176,230.582,,,,,,,,,,,,,
0,20.905,230.59,,,,,,,,,,,,,
0,22.044,230.649,,,,,,,,,,,,,
0,22.079,230.646,,,,,,,,,,,,,
0,22.954,230.586,,,,,,,,,,,,,
0,23.31,230.606,,,,,,,,,,,,,
0,24.81,230.63,,,,,,,,,,,,,
0,24.828,230.628,,,,,,,,,,,,,
0,25.697,230.614,,,,,,,,,,,,,
0,25.818,230.619,,,,,,,,,,,,,
0,26.073,230.614,,,,,,,,,,,,,
0,27.092,230.59,,,,,,,,,,,,,
0,27.564,230.59,,,,,,,,,,,,,
0,28.006,230.585,,,,,,,,,,,,,
0,28.5,230.608,,,,,,,,,,,,,
0,28.801,230.617,,,,,,,,,,,,,
0,28.975,230.595,,,,,,,,,,,,,
0,29.194,230.608,,,,,,,,,,,,,
1.1,11,1100,FALSE,,,107,,,,,0,,,,âÕêÏä«óùé{ê›ìôç\ë¢óﬂ
0,-32.847,233.717,,,,,,,,,,,,,
0,-32.826,233.721,,,,,,,,,,,,,
0,-32.785,233.725,,,,,,,,,,,,,
0,-32.728,233.693,,,,,,,,,,,,,
0,-32.637,233.681,,,,,,,,,,,,,
0,-31.746,233.606,,,,,,,,,,,,,
0,-31.061,233.611,,,,,,,,,,,,,
0,-30.755,233.62,,,,,,,,,,,,,
0,-30.354,233.644,,,,,,,,,,,,,
0,-29.598,233.628,,,,,,,,,,,,,
0,-29.19,233.603,,,,,,,,,,,,,
0,-28.219,233.614,,,,,,,,,,,,,
0,-26.916,233.674,,,,,,,,,,,,,
0,-26.838,233.677,,,,,,,,,,,,,
0,-26.635,233.665,,,,,,,,,,,,,
0,-26.001,233.626,,,,,,,,,,,,,
0,-25.75,233.623,,,,,,,,,,,,,
0,-24.572,233.646,,,,,,,,,,,,,
0,-23.501,233.68,,,,,,,,,,,,,
0,-23.208,233.665,,,,,,,,,,,,,
0,-22.46,233.638,,,,,,,,,,,,,
0,-22.336,233.63,,,,,,,,,,,,,
0,-22.288,233.632,,,,,,,,,,,,,
0,-21.114,233.644,,,,,,,,,,,,,
0,-20.068,233.639,,,,,,,,,,,,,
0,-19.819,233.632,,,,,,,,,,,,,
0,-18.847,233.594,,,,,,,,,,,,,
0,-18.146,233.593,,,,,,,,,,,,,
0,-16.641,233.628,,,,,,,,,,,,,
0,-16.549,233.629,,,,,,,,,,,,,
0,-15.497,233.64,,,,,,,,,,,,,
0,-15.016,233.611,,,,,,,,,,,,,
0,-14.296,233.263,,,,,,,,,,,,,
0,-13.71,233.033,,,,,,,,,,,,,
0,-13.321,232.964,,,,,,,,,,,,,
0,-12.519,233.013,,,,,,,,,,,,,
0,-12.068,233.077,,,,,,,,,,,,,
0,-11.423,233.16,,,,,,,,,,,,,
0,-10.797,233.131,,,,,,,,,,,,,
0,-10.349,233.112,,,,,,,,,,,,,
0,-9.898,233.126,,,,,,,,,,,,,
0,-9.029,233.086,,,,,,,,,,,,,
0,-8.681,233.062,,,,,,,,,,,,,
0,-7.666,233.121,,,,,,,,,,,,,
0,-6.532,232.675,,,,,,,,,,,,,
0,-6.43,232.612,,,,,,,,,,,,,
0,-5.834,232.189,,,,,,,,,,,,,
0,-5.38,231.866,,,,,,,,,,,,,
0,-5.301,231.825,,,,,,,,,,,,,
0,-4.16,231.117,,,,,,,,,,,,,
0,-3.247,229.882,,,,,,,,,,,,,
0,-2.96,229.589,,,,,,,,,,,,,
0,-1.979,229.753,,,,,,,,,,,,,
0,-1.41,230.015,,,,,,,,,,,,,
0,-0.164,230.783,,,,,,,,,,,,,
0,0.121,230.922,,,,,,,,,,,,,
0,0.254,231.043,,,,,,,,,,,,,
0,1.111,231.517,,,,,,,,,,,,,
0,1.521,231.749,,,,,,,,,,,,,
0,1.563,231.771,,,,,,,,,,,,,
0,1.599,231.795,,,,,,,,,,,,,
0,2.595,232.427,,,,,,,,,,,,,
0,3.499,232.948,,,,,,,,,,,,,
0,3.629,233.029,,,,,,,,,,,,,
0,3.777,233.055,,,,,,,,,,,,,
0,4.778,233.153,,,,,,,,,,,,,
0,5.051,233.14,,,,,,,,,,,,,
0,6.146,233.119,,,,,,,,,,,,,
0,7.12,233.425,,,,,,,,,,,,,
0,7.415,233.553,,,,,,,,,,,,,
0,7.933,233.78,,,,,,,,,,,,,
0,8.282,233.916,,,,,,,,,,,,,
0,8.477,233.889,,,,,,,,,,,,,
0,9.481,233.797,,,,,,,,,,,,,
0,10.624,233.77,,,,,,,,,,,,,
0,10.816,233.77,,,,,,,,,,,,,
0,11.933,233.727,,,,,,,,,,,,,
0,12.256,233.725,,,,,,,,,,,,,
0,12.633,233.742,,,,,,,,,,,,,
0,13.428,233.807,,,,,,,,,,,,,
0,14.095,233.816,,,,,,,,,,,,,
0,14.485,233.802,,,,,,,,,,,,,
0,15.394,233.828,,,,,,,,,,,,,
0,15.439,233.83,,,,,,,,,,,,,
0,15.506,233.832,,,,,,,,,,,,,
0,16.739,233.844,,,,,,,,,,,,,
0,17.515,233.833,,,,,,,,,,,,,
0,17.951,233.813,,,,,,,,,,,,,
0,18.84,233.796,,,,,,,,,,,,,
0,19.213,233.786,,,,,,,,,,,,,
0,20.951,233.809,,,,,,,,,,,,,
0,20.976,233.809,,,,,,,,,,,,,
0,21.026,233.811,,,,,,,,,,,,,
0,21.887,233.817,,,,,,,,,,,,,
0,22.331,233.81,,,,,,,,,,,,,
0,22.921,233.808,,,,,,,,,,,,,
0,23.689,233.819,,,,,,,,,,,,,
0,24.109,233.825,,,,,,,,,,,,,
0,24.428,233.833,,,,,,,,,,,,,
0,25.027,233.792,,,,,,,,,,,,,
0,25.795,233.748,,,,,,,,,,,,,
0,25.899,233.753,,,,,,,,,,,,,
0,26.078,233.758,,,,,,,,,,,,,
0,27.241,233.807,,,,,,,,,,,,,
0,27.501,233.81,,,,,,,,,,,,,
0,27.72,233.816,,,,,,,,,,,,,
0,27.854,233.806,,,,,,,,,,,,,
1.2,12,1200,FALSE,,,106,,,,,0,,,,âÕêÏä«óùé{ê›ìôç\ë¢óﬂ
0,-35,238.083,,,,,,,,,,,,,
0,-34.144,238.109,,,,,,,,,,,,,
0,-34.119,238.11,,,,,,,,,,,,,
0,-34.105,238.112,,,,,,,,,,,,,
0,-34.051,238.11,,,,,,,,,,,,,
0,-32.889,238.085,,,,,,,,,,,,,
0,-32.604,238.097,,,,,,,,,,,,,
0,-32.142,238.083,,,,,,,,,,,,,
0,-31.492,238.06,,,,,,,,,,,,,
0,-31.079,238.071,,,,,,,,,,,,,
0,-30.556,238.073,,,,,,,,,,,,,
0,-29.858,238.084,,,,,,,,,,,,,
0,-29.589,238.093,,,,,,,,,,,,,
0,-28.025,238.119,,,,,,,,,,,,,
0,-27.922,238.114,,,,,,,,,,,,,
0,-27.308,238.079,,,,,,,,,,,,,
0,-26.882,238.051,,,,,,,,,,,,,
0,-26.809,238.051,,,,,,,,,,,,,
0,-25.651,238.064,,,,,,,,,,,,,
0,-24.986,238.13,,,,,,,,,,,,,
0,-24.516,238.172,,,,,,,,,,,,,
0,-23.702,238.156,,,,,,,,,,,,,
0,-23.463,238.161,,,,,,,,,,,,,
0,-23.077,238.146,,,,,,,,,,,,,
0,-22.334,238.117,,,,,,,,,,,,,
0,-21.876,238.112,,,,,,,,,,,,,
0,-21.327,238.109,,,,,,,,,,,,,
0,-20.595,238.41,,,,,,,,,,,,,
0,-20.246,238.466,,,,,,,,,,,,,
0,-18.804,237.901,,,,,,,,,,,,,
0,-18.803,237.9,,,,,,,,,,,,,
0,-18.8,237.898,,,,,,,,,,,,,
0,-17.966,237.514,,,,,,,,,,,,,
0,-17.532,237.593,,,,,,,,,,,,,
0,-16.678,237.674,,,,,,,,,,,,,
0,-15.709,237.65,,,,,,,,,,,,,
0,-15.087,237.661,,,,,,,,,,,,,
0,-14.42,237.635,,,,,,,,,,,,,
0,-13.498,237.625,,,,,,,,,,,,,
0,-12.603,237.62,,,,,,,,,,,,,
0,-12.114,237.597,,,,,,,,,,,,,
0,-11.319,237.568,,,,,,,,,,,,,
0,-11.064,237.556,,,,,,,,,,,,,
0,-10.629,237.551,,,,,,,,,,,,,
0,-9.905,237.571,,,,,,,,,,,,,
0,-9.489,237.323,,,,,,,,,,,,,
0,-8.3,236.869,,,,,,,,,,,,,
0,-8.215,236.817,,,,,,,,,,,,,
0,-6.694,235.691,,,,,,,,,,,,,
0,-6.458,235.599,,,,,,,,,,,,,
0,-5.572,235.292,,,,,,,,,,,,,
0,-5.176,234.884,,,,,,,,,,,,,
0,-4.422,234.091,,,,,,,,,,,,,
0,-3.319,233.755,,,,,,,,,,,,,
0,-3.243,233.751,,,,,,,,,,,,,
0,-2.102,233.775,,,,,,,,,,,,,
0,-1.697,233.954,,,,,,,,,,,,,
0,-0.207,235.117,,,,,,,,,,,,,
0,-0.148,235.148,,,,,,,,,,,,,
0,1.204,235.904,,,,,,,,,,,,,
0,1.421,236.038,,,,,,,,,,,,,
0,1.76,236.272,,,,,,,,,,,,,
0,2.507,236.796,,,,,,,,,,,,,
0,2.996,237.146,,,,,,,,,,,,,
0,3.825,237.624,,,,,,,,,,,,,
0,4.365,237.654,,,,,,,,,,,,,
0,4.982,237.663,,,,,,,,,,,,,
0,5.698,237.643,,,,,,,,,,,,,
0,5.946,237.631,,,,,,,,,,,,,
0,6.164,237.825,,,,,,,,,,,,,
0,7.186,238.378,,,,,,,,,,,,,
0,7.571,238.573,,,,,,,,,,,,,
0,7.654,238.655,,,,,,,,,,,,,
0,7.755,238.694,,,,,,,,,,,,,
0,8.654,239.052,,,,,,,,,,,,,
0,9.352,239,,,,,,,,,,,,,
0,9.738,238.986,,,,,,,,,,,,,
0,10.745,239.163,,,,,,,,,,,,,
0,11.059,239.198,,,,,,,,,,,,,
0,11.663,239.194,,,,,,,,,,,,,
0,12.243,239.158,,,,,,,,,,,,,
0,12.538,239.177,,,,,,,,,,,,,
0,13.239,239.153,,,,,,,,,,,,,
0,13.88,239.212,,,,,,,,,,,,,
0,14.388,239.208,,,,,,,,,,,,,
0,15.62,239.256,,,,,,,,,,,,,
0,15.963,239.27,,,,,,,,,,,,,
0,16.955,239.287,,,,,,,,,,,,,
0,17.317,239.303,,,,,,,,,,,,,
0,18.729,239.237,,,,,,,,,,,,,
0,18.918,239.236,,,,,,,,,,,,,
0,20.106,239.227,,,,,,,,,,,,,
0,20.758,239.255,,,,,,,,,,,,,
0,21.816,239.271,,,,,,,,,,,,,
0,22.207,239.286,,,,,,,,,,,,,
0,23.021,239.291,,,,,,,,,,,,,
0,23.15,239.29,,,,,,,,,,,,,
0,23.211,239.288,,,,,,,,,,,,,
0,24.266,239.31,,,,,,,,,,,,,
0,24.909,239.346,,,,,,,,,,,,,
0,25.595,239.345,,,,,,,,,,,,,
0,26.313,239.349,,,,,,,,,,,,,
0,26.969,239.372,,,,,,,,,,,,,
0,28.001,239.277,,,,,,,,,,,,,
0,28.105,239.267,,,,,,,,,,,,,
0,28.13,239.261,,,,,,,,,,,,,
