0,0,0,FALSE,,,78,,,,,0,,,óÑêÏêÖån,ëÂì˙êÏ
0,-25,216.134,,,,,,,,,,,,,
0,-23.979,216.022,,,,,,,,,,,,,
0,-23.833,216.022,,,,,,,,,,,,,
0,-23.723,216.021,,,,,,,,,,,,,
0,-23.456,216.016,,,,,,,,,,,,,
0,-22.979,216.006,,,,,,,,,,,,,
0,-22.716,216.069,,,,,,,,,,,,,
0,-22.326,216.091,,,,,,,,,,,,,
0,-21.555,216.201,,,,,,,,,,,,,
0,-20.711,216.311,,,,,,,,,,,,,
0,-20.582,216.33,,,,,,,,,,,,,
0,-20.234,216.315,,,,,,,,,,,,,
0,-18.429,216.148,,,,,,,,,,,,,
0,-16.481,216.23,,,,,,,,,,,,,
0,-16.466,216.229,,,,,,,,,,,,,
0,-16.459,216.231,,,,,,,,,,,,,
0,-16.453,216.233,,,,,,,,,,,,,
0,-15.498,216.63,,,,,,,,,,,,,
0,-15.06,216.494,,,,,,,,,,,,,
0,-14.04,216.259,,,,,,,,,,,,,
0,-13.507,216.061,,,,,,,,,,,,,
0,-11.86,214.315,,,,,,,,,,,,,
0,-9.023,211.915,,,,,,,,,,,,,
0,-1.957,205.43,,,,,,,,,,,,,
0,-1.768,205.438,,,,,,,,,,,,,
0,-1.364,205.448,,,,,,,,,,,,,
0,-1.204,205.362,,,,,,,,,,,,,
0,-0.987,205.342,,,,,,,,,,,,,
0,-0.033,205.309,,,,,,,,,,,,,
0,0.295,205.245,,,,,,,,,,,,,
0,0.691,205.291,,,,,,,,,,,,,
0,1.247,205.296,,,,,,,,,,,,,
0,2.412,205.184,,,,,,,,,,,,,
0,2.481,205.179,,,,,,,,,,,,,
0,3.155,205.144,,,,,,,,,,,,,
0,3.276,205.176,,,,,,,,,,,,,
0,3.49,205.607,,,,,,,,,,,,,
0,4.646,207.2,,,,,,,,,,,,,
0,5.124,208.081,,,,,,,,,,,,,
0,5.474,208.469,,,,,,,,,,,,,
0,5.922,208.854,,,,,,,,,,,,,
0,6.131,209.027,,,,,,,,,,,,,
0,6.39,209.251,,,,,,,,,,,,,
0,7.146,209.935,,,,,,,,,,,,,
0,7.77,210.475,,,,,,,,,,,,,
0,8.02,210.694,,,,,,,,,,,,,
0,8.55,210.682,,,,,,,,,,,,,
0,8.715,210.663,,,,,,,,,,,,,
0,8.939,210.638,,,,,,,,,,,,,
0,9.727,210.529,,,,,,,,,,,,,
0,10.307,210.502,,,,,,,,,,,,,
0,10.999,210.759,,,,,,,,,,,,,
0,11.073,210.783,,,,,,,,,,,,,
0,12.375,211.259,,,,,,,,,,,,,
0,12.863,211.594,,,,,,,,,,,,,
0,13.382,212.1,,,,,,,,,,,,,
0,13.613,212.266,,,,,,,,,,,,,
0,14.901,213.16,,,,,,,,,,,,,
0,15.465,213.636,,,,,,,,,,,,,
0,16.225,214.177,,,,,,,,,,,,,
0,16.237,214.186,,,,,,,,,,,,,
0,17.184,214.676,,,,,,,,,,,,,
0,17.969,214.917,,,,,,,,,,,,,
0,18.098,214.961,,,,,,,,,,,,,
0,18.691,215.077,,,,,,,,,,,,,
0,18.93,215.142,,,,,,,,,,,,,
0,19.808,215.297,,,,,,,,,,,,,
0,20.317,215.382,,,,,,,,,,,,,
0,20.455,215.398,,,,,,,,,,,,,
0,21.034,215.296,,,,,,,,,,,,,
0,21.147,215.282,,,,,,,,,,,,,
0,21.925,215.267,,,,,,,,,,,,,
0,22.842,215.259,,,,,,,,,,,,,
0,22.879,215.258,,,,,,,,,,,,,
0,22.963,215.256,,,,,,,,,,,,,
0,23.368,215.247,,,,,,,,,,,,,
0,24.841,215.214,,,,,,,,,,,,,
0,25,215.205,,,,,,,,,,,,,
0.1,1,100,FALSE,,,96,,,,,0,,,,
0,-25,218.216,,,,,,,,,,,,,
0,-24.838,218.177,,,,,,,,,,,,,
0,-23.42,217.874,,,,,,,,,,,,,
0,-23.189,217.921,,,,,,,,,,,,,
0,-22.761,217.904,,,,,,,,,,,,,
0,-20.611,218.005,,,,,,,,,,,,,
0,-19.975,218.072,,,,,,,,,,,,,
0,-19.86,218.066,,,,,,,,,,,,,
0,-19.458,218.101,,,,,,,,,,,,,
0,-18.728,218.18,,,,,,,,,,,,,
0,-17.885,218.324,,,,,,,,,,,,,
0,-17.477,218.359,,,,,,,,,,,,,
0,-17.378,218.355,,,,,,,,,,,,,
0,-17.306,218.364,,,,,,,,,,,,,
0,-16.937,218.254,,,,,,,,,,,,,
0,-13.047,217.696,,,,,,,,,,,,,
0,-11.338,217.449,,,,,,,,,,,,,
0,-11.018,217.296,,,,,,,,,,,,,
0,-10.772,217.236,,,,,,,,,,,,,
0,-10.011,217.179,,,,,,,,,,,,,
0,-9.367,217.192,,,,,,,,,,,,,
0,-9.089,217.18,,,,,,,,,,,,,
0,-8.757,217.194,,,,,,,,,,,,,
0,-8.071,217.23,,,,,,,,,,,,,
0,-8.038,217.233,,,,,,,,,,,,,
0,-6.594,217.211,,,,,,,,,,,,,
0,-6.08,217.127,,,,,,,,,,,,,
0,-5.381,216.918,,,,,,,,,,,,,
0,-5.303,216.9,,,,,,,,,,,,,
0,-5.264,216.887,,,,,,,,,,,,,
0,-5.23,216.876,,,,,,,,,,,,,
0,-4.316,216.611,,,,,,,,,,,,,
0,-3.619,215.7,,,,,,,,,,,,,
0,-3.465,215.528,,,,,,,,,,,,,
0,-3.238,215.219,,,,,,,,,,,,,
0,-2.643,214.628,,,,,,,,,,,,,
0,-2.466,214.42,,,,,,,,,,,,,
0,-2.373,214.38,,,,,,,,,,,,,
0,-2.128,214.354,,,,,,,,,,,,,
0,-0.967,214.248,,,,,,,,,,,,,
0,-0.552,214.282,,,,,,,,,,,,,
0,-0.097,214.349,,,,,,,,,,,,,
0,0.315,214.415,,,,,,,,,,,,,
0,0.435,214.427,,,,,,,,,,,,,
0,1.95,214.713,,,,,,,,,,,,,
0,1.986,214.72,,,,,,,,,,,,,
0,1.992,214.72,,,,,,,,,,,,,
0,2.498,214.655,,,,,,,,,,,,,
0,2.697,214.575,,,,,,,,,,,,,
0,3.601,214.589,,,,,,,,,,,,,
0,4.522,214.684,,,,,,,,,,,,,
0,5.165,215.03,,,,,,,,,,,,,
0,5.235,215.117,,,,,,,,,,,,,
0,6.119,215.997,,,,,,,,,,,,,
0,6.892,216.794,,,,,,,,,,,,,
0,6.913,216.801,,,,,,,,,,,,,
0,6.992,216.842,,,,,,,,,,,,,
0,7.456,217.037,,,,,,,,,,,,,
0,7.582,217.039,,,,,,,,,,,,,
0,8.555,217.087,,,,,,,,,,,,,
0,9.323,217.137,,,,,,,,,,,,,
0,9.524,217.149,,,,,,,,,,,,,
0,10.025,217.236,,,,,,,,,,,,,
0,10.066,217.24,,,,,,,,,,,,,
0,10.293,217.366,,,,,,,,,,,,,
0,11.466,217.97,,,,,,,,,,,,,
0,11.69,218.005,,,,,,,,,,,,,
0,12.196,217.98,,,,,,,,,,,,,
0,12.394,218.013,,,,,,,,,,,,,
0,13.449,217.904,,,,,,,,,,,,,
0,14.102,217.807,,,,,,,,,,,,,
0,14.5,217.952,,,,,,,,,,,,,
0,14.799,218,,,,,,,,,,,,,
0,15.271,217.963,,,,,,,,,,,,,
0,15.74,217.893,,,,,,,,,,,,,
0,16.116,217.872,,,,,,,,,,,,,
0,16.463,217.884,,,,,,,,,,,,,
0,16.771,217.913,,,,,,,,,,,,,
0,17.144,217.853,,,,,,,,,,,,,
0,17.506,217.875,,,,,,,,,,,,,
0,18.802,217.901,,,,,,,,,,,,,
0,18.804,217.9,,,,,,,,,,,,,
0,18.808,217.9,,,,,,,,,,,,,
0,19.318,217.907,,,,,,,,,,,,,
0,19.487,217.887,,,,,,,,,,,,,
0,20.4,217.975,,,,,,,,,,,,,
0,21.141,217.776,,,,,,,,,,,,,
0,21.402,217.707,,,,,,,,,,,,,
0,21.847,217.799,,,,,,,,,,,,,
0,22.299,217.646,,,,,,,,,,,,,
0,23.502,217.349,,,,,,,,,,,,,
0,23.628,217.338,,,,,,,,,,,,,
0,24.206,217.265,,,,,,,,,,,,,
0,24.425,217.258,,,,,,,,,,,,,
0,24.974,217.269,,,,,,,,,,,,,
0,25,217.27,,,,,,,,,,,,,
0.2,2,200,FALSE,,,101,,,,,0,,,,
0,-25,218.444,,,,,,,,,,,,,
0,-24.657,218.42,,,,,,,,,,,,,
0,-23.979,218.277,,,,,,,,,,,,,
0,-23.643,218.238,,,,,,,,,,,,,
0,-22.81,218.2,,,,,,,,,,,,,
0,-22.757,218.202,,,,,,,,,,,,,
0,-22.719,218.201,,,,,,,,,,,,,
0,-21.644,218.234,,,,,,,,,,,,,
0,-20.743,218.332,,,,,,,,,,,,,
0,-20.499,218.35,,,,,,,,,,,,,
0,-20.176,218.325,,,,,,,,,,,,,
0,-19.267,218.366,,,,,,,,,,,,,
0,-19.135,218.39,,,,,,,,,,,,,
0,-18.039,218.288,,,,,,,,,,,,,
0,-16.905,218.229,,,,,,,,,,,,,
0,-16.669,218.239,,,,,,,,,,,,,
0,-16.491,218.222,,,,,,,,,,,,,
0,-15.913,218.271,,,,,,,,,,,,,
0,-15.36,218.288,,,,,,,,,,,,,
0,-15.083,218.274,,,,,,,,,,,,,
0,-14.885,218.28,,,,,,,,,,,,,
0,-14.056,218.335,,,,,,,,,,,,,
0,-13.055,218.467,,,,,,,,,,,,,
0,-13.01,218.467,,,,,,,,,,,,,
0,-12.95,218.475,,,,,,,,,,,,,
0,-12.143,218.557,,,,,,,,,,,,,
0,-11.841,218.439,,,,,,,,,,,,,
0,-11.097,218.219,,,,,,,,,,,,,
0,-10.767,218.212,,,,,,,,,,,,,
0,-10.209,218.193,,,,,,,,,,,,,
0,-9.468,218.19,,,,,,,,,,,,,
0,-9.264,218.19,,,,,,,,,,,,,
0,-8.845,218.207,,,,,,,,,,,,,
0,-8.532,218.204,,,,,,,,,,,,,
0,-8.373,218.191,,,,,,,,,,,,,
0,-7.543,218.08,,,,,,,,,,,,,
0,-6.918,217.861,,,,,,,,,,,,,
0,-6.5,217.719,,,,,,,,,,,,,
0,-5.951,217.455,,,,,,,,,,,,,
0,-5.561,217.327,,,,,,,,,,,,,
0,-4.839,216.755,,,,,,,,,,,,,
0,-4.801,216.716,,,,,,,,,,,,,
0,-4.775,216.679,,,,,,,,,,,,,
0,-3.82,215.284,,,,,,,,,,,,,
0,-3.088,215.546,,,,,,,,,,,,,
0,-2.706,215.711,,,,,,,,,,,,,
0,-2.305,215.66,,,,,,,,,,,,,
0,-1.761,215.545,,,,,,,,,,,,,
0,-1.136,215.628,,,,,,,,,,,,,
0,-0.869,215.628,,,,,,,,,,,,,
0,-0.69,215.61,,,,,,,,,,,,,
0,0.065,215.483,,,,,,,,,,,,,
0,0.844,215.459,,,,,,,,,,,,,
0,0.977,215.419,,,,,,,,,,,,,
0,1.186,215.415,,,,,,,,,,,,,
0,2.024,215.345,,,,,,,,,,,,,
0,2.292,215.352,,,,,,,,,,,,,
0,2.96,215.325,,,,,,,,,,,,,
0,3.18,215.396,,,,,,,,,,,,,
0,3.833,216.289,,,,,,,,,,,,,
0,4.799,217.292,,,,,,,,,,,,,
0,5.424,217.761,,,,,,,,,,,,,
0,5.753,217.945,,,,,,,,,,,,,
0,6.103,218.01,,,,,,,,,,,,,
0,6.862,218.14,,,,,,,,,,,,,
0,7.605,218.173,,,,,,,,,,,,,
0,7.944,218.184,,,,,,,,,,,,,
0,8.382,218.211,,,,,,,,,,,,,
0,9.432,218.307,,,,,,,,,,,,,
0,9.9,218.342,,,,,,,,,,,,,
0,10.864,219,,,,,,,,,,,,,
0,10.881,219.01,,,,,,,,,,,,,
0,10.901,219.014,,,,,,,,,,,,,
0,11.757,219.104,,,,,,,,,,,,,
0,11.99,219.143,,,,,,,,,,,,,
0,12.664,219.273,,,,,,,,,,,,,
0,13.192,219.515,,,,,,,,,,,,,
0,13.62,219.692,,,,,,,,,,,,,
0,14.172,219.668,,,,,,,,,,,,,
0,14.424,219.672,,,,,,,,,,,,,
0,14.802,219.637,,,,,,,,,,,,,
0,15.087,219.632,,,,,,,,,,,,,
0,15.28,219.611,,,,,,,,,,,,,
0,16.031,219.6,,,,,,,,,,,,,
0,16.751,219.668,,,,,,,,,,,,,
0,17.139,219.715,,,,,,,,,,,,,
0,17.537,219.699,,,,,,,,,,,,,
0,18.176,219.707,,,,,,,,,,,,,
0,18.745,219.702,,,,,,,,,,,,,
0,19.161,219.673,,,,,,,,,,,,,
0,19.462,219.648,,,,,,,,,,,,,
0,20.114,219.623,,,,,,,,,,,,,
0,20.997,219.654,,,,,,,,,,,,,
0,21.096,219.668,,,,,,,,,,,,,
0,22.2,219.703,,,,,,,,,,,,,
0,22.424,219.69,,,,,,,,,,,,,
0,22.609,219.686,,,,,,,,,,,,,
0,23.483,219.701,,,,,,,,,,,,,
0,24.529,219.699,,,,,,,,,,,,,
0,24.562,219.699,,,,,,,,,,,,,
0,25,219.681,,,,,,,,,,,,,
0.3,3,300,FALSE,,,75,,,,,0,,,,
0,-25,219.212,,,,,,,,,,,,,
0,-24.311,219.222,,,,,,,,,,,,,
0,-23.445,219.21,,,,,,,,,,,,,
0,-21.807,219.195,,,,,,,,,,,,,
0,-19.157,219.221,,,,,,,,,,,,,
0,-18.037,219.182,,,,,,,,,,,,,
0,-17.872,219.178,,,,,,,,,,,,,
0,-17.683,219.174,,,,,,,,,,,,,
0,-16.713,219.124,,,,,,,,,,,,,
0,-16.544,219.126,,,,,,,,,,,,,
0,-15.779,219.168,,,,,,,,,,,,,
0,-15.37,219.145,,,,,,,,,,,,,
0,-14.369,219.202,,,,,,,,,,,,,
0,-13.854,219.206,,,,,,,,,,,,,
0,-13.468,219.231,,,,,,,,,,,,,
0,-12.289,219.256,,,,,,,,,,,,,
0,-11.92,219.262,,,,,,,,,,,,,
0,-11.529,219.272,,,,,,,,,,,,,
0,-10.655,219.321,,,,,,,,,,,,,
0,-10.393,219.316,,,,,,,,,,,,,
0,-9.324,219.272,,,,,,,,,,,,,
0,-8.41,219.276,,,,,,,,,,,,,
0,-8.201,219.272,,,,,,,,,,,,,
0,-7.884,219.231,,,,,,,,,,,,,
0,-7.473,219.137,,,,,,,,,,,,,
0,-7.193,219.053,,,,,,,,,,,,,
0,-6.304,218.658,,,,,,,,,,,,,
0,-5.092,217.947,,,,,,,,,,,,,
0,-4.993,217.895,,,,,,,,,,,,,
0,-4.856,217.844,,,,,,,,,,,,,
0,-4.311,217.426,,,,,,,,,,,,,
0,-3.814,216.554,,,,,,,,,,,,,
0,-3.5,216.06,,,,,,,,,,,,,
0,-3.066,216.038,,,,,,,,,,,,,
0,-2.275,215.945,,,,,,,,,,,,,
0,-1.766,215.907,,,,,,,,,,,,,
0,-1.308,215.842,,,,,,,,,,,,,
0,-0.569,215.714,,,,,,,,,,,,,
0,-0.535,215.711,,,,,,,,,,,,,
0,-0.484,215.703,,,,,,,,,,,,,
0,0.681,215.546,,,,,,,,,,,,,
0,1.432,215.663,,,,,,,,,,,,,
0,1.781,215.725,,,,,,,,,,,,,
0,2.578,215.969,,,,,,,,,,,,,
0,2.679,215.987,,,,,,,,,,,,,
0,2.986,216.079,,,,,,,,,,,,,
0,4.134,216.261,,,,,,,,,,,,,
0,4.514,216.757,,,,,,,,,,,,,
0,5.182,217.401,,,,,,,,,,,,,
0,5.654,217.907,,,,,,,,,,,,,
0,5.75,217.986,,,,,,,,,,,,,
0,5.861,218.113,,,,,,,,,,,,,
0,5.929,218.169,,,,,,,,,,,,,
0,6.517,218.484,,,,,,,,,,,,,
0,7.266,218.892,,,,,,,,,,,,,
0,7.583,219.014,,,,,,,,,,,,,
0,8.271,219.257,,,,,,,,,,,,,
0,8.859,219.34,,,,,,,,,,,,,
0,9.274,219.366,,,,,,,,,,,,,
0,9.918,219.37,,,,,,,,,,,,,
0,10.515,219.385,,,,,,,,,,,,,
0,10.897,219.379,,,,,,,,,,,,,
0,11.411,219.367,,,,,,,,,,,,,
0,12.152,219.426,,,,,,,,,,,,,
0,12.202,219.434,,,,,,,,,,,,,
0,12.714,219.564,,,,,,,,,,,,,
0,13.075,219.535,,,,,,,,,,,,,
0,17.125,219.891,,,,,,,,,,,,,
0,17.707,219.942,,,,,,,,,,,,,
0,17.839,219.92,,,,,,,,,,,,,
0,19.871,219.935,,,,,,,,,,,,,
0,20.284,220.018,,,,,,,,,,,,,
0,20.518,220.007,,,,,,,,,,,,,
0,21.379,220.033,,,,,,,,,,,,,
0,25,220.041,,,,,,,,,,,,,
0.4,4,400,FALSE,,,101,,,,,0,,,,
0,-25,220.144,,,,,,,,,,,,,
0,-24.091,220.04,,,,,,,,,,,,,
0,-23.823,220.063,,,,,,,,,,,,,
0,-23.248,220.027,,,,,,,,,,,,,
0,-22.937,220.03,,,,,,,,,,,,,
0,-22.814,220.025,,,,,,,,,,,,,
0,-21.703,220.053,,,,,,,,,,,,,
0,-21.607,220.05,,,,,,,,,,,,,
0,-21.071,220.122,,,,,,,,,,,,,
0,-20.862,220.156,,,,,,,,,,,,,
0,-20.825,220.156,,,,,,,,,,,,,
0,-19.62,220.241,,,,,,,,,,,,,
0,-19.563,220.239,,,,,,,,,,,,,
0,-18.821,220.279,,,,,,,,,,,,,
0,-18.685,220.241,,,,,,,,,,,,,
0,-17.607,220.211,,,,,,,,,,,,,
0,-17.453,220.246,,,,,,,,,,,,,
0,-15.821,220.197,,,,,,,,,,,,,
0,-15.615,220.157,,,,,,,,,,,,,
0,-15.349,220.117,,,,,,,,,,,,,
0,-14.705,220.1,,,,,,,,,,,,,
0,-14.477,220.191,,,,,,,,,,,,,
0,-13.609,220.175,,,,,,,,,,,,,
0,-13.301,220.201,,,,,,,,,,,,,
0,-12.505,220.128,,,,,,,,,,,,,
0,-12.426,220.103,,,,,,,,,,,,,
0,-12.242,220.091,,,,,,,,,,,,,
0,-11.264,220.06,,,,,,,,,,,,,
0,-10.523,220.108,,,,,,,,,,,,,
0,-10.396,220.12,,,,,,,,,,,,,
0,-9.584,220.086,,,,,,,,,,,,,
0,-9.204,220.074,,,,,,,,,,,,,
0,-8.554,220.109,,,,,,,,,,,,,
0,-8.368,220.124,,,,,,,,,,,,,
0,-8.222,220.111,,,,,,,,,,,,,
0,-7.186,220.094,,,,,,,,,,,,,
0,-7.085,220.101,,,,,,,,,,,,,
0,-6.316,220.146,,,,,,,,,,,,,
0,-6.209,220.144,,,,,,,,,,,,,
0,-5.294,219.544,,,,,,,,,,,,,
0,-5.121,219.433,,,,,,,,,,,,,
0,-5.1,219.42,,,,,,,,,,,,,
0,-5.043,219.382,,,,,,,,,,,,,
0,-4.183,218.8,,,,,,,,,,,,,
0,-3.812,218.6,,,,,,,,,,,,,
0,-2.888,217.269,,,,,,,,,,,,,
0,-2.596,216.829,,,,,,,,,,,,,
0,-1.976,217.035,,,,,,,,,,,,,
0,-1.624,217.007,,,,,,,,,,,,,
0,-0.762,216.834,,,,,,,,,,,,,
0,-0.702,216.854,,,,,,,,,,,,,
0,0.141,217.271,,,,,,,,,,,,,
0,0.446,217.257,,,,,,,,,,,,,
0,1.399,216.812,,,,,,,,,,,,,
0,1.402,216.81,,,,,,,,,,,,,
0,1.403,216.81,,,,,,,,,,,,,
0,1.405,216.81,,,,,,,,,,,,,
0,2.32,216.962,,,,,,,,,,,,,
0,3.147,216.636,,,,,,,,,,,,,
0,3.593,216.586,,,,,,,,,,,,,
0,4.19,216.559,,,,,,,,,,,,,
0,4.524,216.637,,,,,,,,,,,,,
0,5.504,217.146,,,,,,,,,,,,,
0,5.728,217.356,,,,,,,,,,,,,
0,5.933,217.542,,,,,,,,,,,,,
0,6.64,218.505,,,,,,,,,,,,,
0,7.468,218.947,,,,,,,,,,,,,
0,7.881,219.171,,,,,,,,,,,,,
0,8.402,219.497,,,,,,,,,,,,,
0,8.803,219.548,,,,,,,,,,,,,
0,9.187,219.652,,,,,,,,,,,,,
0,10.079,219.621,,,,,,,,,,,,,
0,10.089,219.621,,,,,,,,,,,,,
0,11.053,219.664,,,,,,,,,,,,,
0,11.298,219.658,,,,,,,,,,,,,
0,12.355,219.69,,,,,,,,,,,,,
0,12.717,219.664,,,,,,,,,,,,,
0,13.308,219.719,,,,,,,,,,,,,
0,13.901,219.781,,,,,,,,,,,,,
0,14.577,219.745,,,,,,,,,,,,,
0,15.299,219.715,,,,,,,,,,,,,
0,15.567,219.723,,,,,,,,,,,,,
0,16.76,219.864,,,,,,,,,,,,,
0,16.838,219.869,,,,,,,,,,,,,
0,17.064,219.877,,,,,,,,,,,,,
0,17.827,219.877,,,,,,,,,,,,,
0,17.984,219.888,,,,,,,,,,,,,
0,18.332,219.86,,,,,,,,,,,,,
0,18.865,219.811,,,,,,,,,,,,,
0,19.103,219.822,,,,,,,,,,,,,
0,19.636,219.822,,,,,,,,,,,,,
0,20.058,219.838,,,,,,,,,,,,,
0,20.547,219.82,,,,,,,,,,,,,
0,21.31,219.821,,,,,,,,,,,,,
0,22.264,219.88,,,,,,,,,,,,,
0,22.293,219.88,,,,,,,,,,,,,
0,22.542,219.87,,,,,,,,,,,,,
0,23.5,219.828,,,,,,,,,,,,,
0,23.693,219.855,,,,,,,,,,,,,
0,24.442,219.932,,,,,,,,,,,,,
0,25,219.884,,,,,,,,,,,,,
0.5,5,500,FALSE,,,97,,,,,0,,,,
0,-25,220.823,,,,,,,,,,,,,
0,-24.729,220.82,,,,,,,,,,,,,
0,-24.289,220.88,,,,,,,,,,,,,
0,-23.925,220.932,,,,,,,,,,,,,
0,-23.189,220.912,,,,,,,,,,,,,
0,-23.141,220.907,,,,,,,,,,,,,
0,-23.038,220.905,,,,,,,,,,,,,
0,-22.313,220.862,,,,,,,,,,,,,
0,-21.861,220.87,,,,,,,,,,,,,
0,-21.519,220.833,,,,,,,,,,,,,
0,-21.056,220.881,,,,,,,,,,,,,
0,-20.68,220.858,,,,,,,,,,,,,
0,-20.009,220.848,,,,,,,,,,,,,
0,-19.871,220.838,,,,,,,,,,,,,
0,-19.794,220.843,,,,,,,,,,,,,
0,-19.04,220.771,,,,,,,,,,,,,
0,-18.377,220.771,,,,,,,,,,,,,
0,-18.234,220.742,,,,,,,,,,,,,
0,-18.047,220.779,,,,,,,,,,,,,
0,-17.388,220.867,,,,,,,,,,,,,
0,-16.943,220.814,,,,,,,,,,,,,
0,-16.513,220.776,,,,,,,,,,,,,
0,-15.773,220.72,,,,,,,,,,,,,
0,-15.639,220.719,,,,,,,,,,,,,
0,-15.351,220.732,,,,,,,,,,,,,
0,-14.753,220.808,,,,,,,,,,,,,
0,-13.984,220.728,,,,,,,,,,,,,
0,-13.849,220.715,,,,,,,,,,,,,
0,-13.625,220.738,,,,,,,,,,,,,
0,-12.98,220.797,,,,,,,,,,,,,
0,-12.491,220.724,,,,,,,,,,,,,
0,-12.065,220.68,,,,,,,,,,,,,
0,-11.273,220.751,,,,,,,,,,,,,
0,-11.177,220.733,,,,,,,,,,,,,
0,-11.091,220.706,,,,,,,,,,,,,
0,-10.237,220.242,,,,,,,,,,,,,
0,-9.833,220.199,,,,,,,,,,,,,
0,-9.339,220.16,,,,,,,,,,,,,
0,-8.611,220.097,,,,,,,,,,,,,
0,-8.41,220.086,,,,,,,,,,,,,
0,-8.277,220.085,,,,,,,,,,,,,
0,-7.535,220.115,,,,,,,,,,,,,
0,-6.946,220.028,,,,,,,,,,,,,
0,-6.633,219.989,,,,,,,,,,,,,
0,-6.265,219.993,,,,,,,,,,,,,
0,-5.759,220.01,,,,,,,,,,,,,
0,-5.328,219.967,,,,,,,,,,,,,
0,-4.86,219.903,,,,,,,,,,,,,
0,-4.119,219.496,,,,,,,,,,,,,
0,-3.934,219.41,,,,,,,,,,,,,
0,-3.746,219.188,,,,,,,,,,,,,
0,-2.965,218.306,,,,,,,,,,,,,
0,-2.058,218.002,,,,,,,,,,,,,
0,-2.051,218,,,,,,,,,,,,,
0,-2.037,217.998,,,,,,,,,,,,,
0,-1.102,217.831,,,,,,,,,,,,,
0,-0.68,217.804,,,,,,,,,,,,,
0,-0.194,217.777,,,,,,,,,,,,,
0,0.564,217.764,,,,,,,,,,,,,
0,0.735,217.776,,,,,,,,,,,,,
0,0.961,217.854,,,,,,,,,,,,,
0,1.62,218.107,,,,,,,,,,,,,
0,2.371,218.074,,,,,,,,,,,,,
0,2.565,218.032,,,,,,,,,,,,,
0,2.893,218.572,,,,,,,,,,,,,
0,3.407,219.305,,,,,,,,,,,,,
0,3.99,219.555,,,,,,,,,,,,,
0,4.306,219.652,,,,,,,,,,,,,
0,4.652,219.789,,,,,,,,,,,,,
0,5.191,219.977,,,,,,,,,,,,,
0,5.654,220.085,,,,,,,,,,,,,
0,6.116,220.157,,,,,,,,,,,,,
0,6.714,220.212,,,,,,,,,,,,,
0,7.038,220.247,,,,,,,,,,,,,
0,7.188,220.214,,,,,,,,,,,,,
0,7.951,220.151,,,,,,,,,,,,,
0,8.676,220.152,,,,,,,,,,,,,
0,8.852,220.147,,,,,,,,,,,,,
0,9.08,220.15,,,,,,,,,,,,,
0,9.78,220.15,,,,,,,,,,,,,
0,10.062,220.15,,,,,,,,,,,,,
0,10.671,220.141,,,,,,,,,,,,,
0,11.556,220.18,,,,,,,,,,,,,
0,11.563,220.18,,,,,,,,,,,,,
0,11.575,220.18,,,,,,,,,,,,,
0,12.915,220.257,,,,,,,,,,,,,
0,13.385,220.272,,,,,,,,,,,,,
0,14.183,220.255,,,,,,,,,,,,,
0,15.364,220.324,,,,,,,,,,,,,
0,16.564,220.408,,,,,,,,,,,,,
0,18.142,220.415,,,,,,,,,,,,,
0,20.091,220.348,,,,,,,,,,,,,
0,21.149,220.353,,,,,,,,,,,,,
0,22.216,220.306,,,,,,,,,,,,,
0,22.602,220.323,,,,,,,,,,,,,
0,23.711,220.371,,,,,,,,,,,,,
0,25,220.359,,,,,,,,,,,,,
0.6,6,600,FALSE,,,90,,,,,0,,,,
0,-25,221.237,,,,,,,,,,,,,
0,-24.657,221.26,,,,,,,,,,,,,
0,-24.082,221.396,,,,,,,,,,,,,
0,-23.698,221.452,,,,,,,,,,,,,
0,-23.452,221.482,,,,,,,,,,,,,
0,-22.441,221.494,,,,,,,,,,,,,
0,-21.551,221.584,,,,,,,,,,,,,
0,-19.362,221.518,,,,,,,,,,,,,
0,-16.441,221.286,,,,,,,,,,,,,
0,-15.076,221.288,,,,,,,,,,,,,
0,-15.037,221.289,,,,,,,,,,,,,
0,-14.948,221.285,,,,,,,,,,,,,
0,-13.315,221.177,,,,,,,,,,,,,
0,-12.255,220.968,,,,,,,,,,,,,
0,-11.757,220.854,,,,,,,,,,,,,
0,-11.523,220.755,,,,,,,,,,,,,
0,-10.878,220.702,,,,,,,,,,,,,
0,-10.794,220.701,,,,,,,,,,,,,
0,-9.705,220.787,,,,,,,,,,,,,
0,-9.537,220.804,,,,,,,,,,,,,
0,-8.824,220.799,,,,,,,,,,,,,
0,-8.786,220.802,,,,,,,,,,,,,
0,-7.657,220.829,,,,,,,,,,,,,
0,-7.516,220.822,,,,,,,,,,,,,
0,-6.831,220.729,,,,,,,,,,,,,
0,-6.671,220.71,,,,,,,,,,,,,
0,-5.681,220.643,,,,,,,,,,,,,
0,-5.649,220.64,,,,,,,,,,,,,
0,-5.341,220.505,,,,,,,,,,,,,
0,-4.855,220.294,,,,,,,,,,,,,
0,-4.801,220.275,,,,,,,,,,,,,
0,-4.584,220.045,,,,,,,,,,,,,
0,-3.616,219.288,,,,,,,,,,,,,
0,-3.378,218.982,,,,,,,,,,,,,
0,-2.826,218.698,,,,,,,,,,,,,
0,-2.634,218.64,,,,,,,,,,,,,
0,-2.198,218.931,,,,,,,,,,,,,
0,-1.894,219.125,,,,,,,,,,,,,
0,-1.768,219.173,,,,,,,,,,,,,
0,-1.211,219.182,,,,,,,,,,,,,
0,-0.981,219.175,,,,,,,,,,,,,
0,-0.016,218.977,,,,,,,,,,,,,
0,0.099,218.958,,,,,,,,,,,,,
0,0.127,218.954,,,,,,,,,,,,,
0,0.343,218.947,,,,,,,,,,,,,
0,0.614,218.962,,,,,,,,,,,,,
0,0.82,218.931,,,,,,,,,,,,,
0,0.984,218.908,,,,,,,,,,,,,
0,1.845,218.979,,,,,,,,,,,,,
0,2.131,218.92,,,,,,,,,,,,,
0,2.56,219.302,,,,,,,,,,,,,
0,2.84,219.487,,,,,,,,,,,,,
0,3.562,220.147,,,,,,,,,,,,,
0,3.739,220.243,,,,,,,,,,,,,
0,4.266,220.516,,,,,,,,,,,,,
0,4.892,220.672,,,,,,,,,,,,,
0,5.315,220.702,,,,,,,,,,,,,
0,5.813,220.71,,,,,,,,,,,,,
0,6.086,220.74,,,,,,,,,,,,,
0,7.049,220.771,,,,,,,,,,,,,
0,7.164,220.77,,,,,,,,,,,,,
0,7.763,220.762,,,,,,,,,,,,,
0,7.941,220.754,,,,,,,,,,,,,
0,8.975,220.731,,,,,,,,,,,,,
0,9.037,220.728,,,,,,,,,,,,,
0,9.106,220.726,,,,,,,,,,,,,
0,9.84,220.685,,,,,,,,,,,,,
0,10.838,220.698,,,,,,,,,,,,,
0,10.976,220.701,,,,,,,,,,,,,
0,11.056,220.703,,,,,,,,,,,,,
0,11.75,220.719,,,,,,,,,,,,,
0,12.549,220.702,,,,,,,,,,,,,
0,12.741,220.687,,,,,,,,,,,,,
0,13.262,220.686,,,,,,,,,,,,,
0,14.291,220.77,,,,,,,,,,,,,
0,14.659,220.785,,,,,,,,,,,,,
0,14.714,220.784,,,,,,,,,,,,,
0,15.024,220.792,,,,,,,,,,,,,
0,16.765,220.708,,,,,,,,,,,,,
0,18.492,220.697,,,,,,,,,,,,,
0,20.648,221.221,,,,,,,,,,,,,
0,20.673,221.225,,,,,,,,,,,,,
0,20.682,221.226,,,,,,,,,,,,,
0,20.688,221.226,,,,,,,,,,,,,
0,21.181,221.088,,,,,,,,,,,,,
0,22.734,220.649,,,,,,,,,,,,,
0,22.802,220.639,,,,,,,,,,,,,
0,22.872,220.638,,,,,,,,,,,,,
0,23.136,220.649,,,,,,,,,,,,,
0,25,220.684,,,,,,,,,,,,,
0.7,7,700,FALSE,,,96,,,,,0,,,,
0,-25,221.91,,,,,,,,,,,,,
0,-24.391,222.019,,,,,,,,,,,,,
0,-23.331,221.92,,,,,,,,,,,,,
0,-23.318,221.922,,,,,,,,,,,,,
0,-23.299,221.926,,,,,,,,,,,,,
0,-22.267,222.23,,,,,,,,,,,,,
0,-21.9,222.19,,,,,,,,,,,,,
0,-21.171,222.15,,,,,,,,,,,,,
0,-20.453,222.244,,,,,,,,,,,,,
0,-20.1,222.238,,,,,,,,,,,,,
0,-19.027,222.229,,,,,,,,,,,,,
0,-19.019,222.229,,,,,,,,,,,,,
0,-18.992,222.225,,,,,,,,,,,,,
0,-17.829,222.07,,,,,,,,,,,,,
0,-16.998,222.166,,,,,,,,,,,,,
0,-16.692,222.223,,,,,,,,,,,,,
0,-16.268,222.202,,,,,,,,,,,,,
0,-15.569,222.178,,,,,,,,,,,,,
0,-15.338,222.187,,,,,,,,,,,,,
0,-14.452,222.03,,,,,,,,,,,,,
0,-13.844,221.977,,,,,,,,,,,,,
0,-13.341,222.057,,,,,,,,,,,,,
0,-12.367,221.945,,,,,,,,,,,,,
0,-12.226,221.892,,,,,,,,,,,,,
0,-11.764,221.732,,,,,,,,,,,,,
0,-11.003,221.417,,,,,,,,,,,,,
0,-10.46,221.444,,,,,,,,,,,,,
0,-9.992,221.476,,,,,,,,,,,,,
0,-9.856,221.475,,,,,,,,,,,,,
0,-9.148,221.489,,,,,,,,,,,,,
0,-8.717,221.495,,,,,,,,,,,,,
0,-8.565,221.478,,,,,,,,,,,,,
0,-7.602,221.36,,,,,,,,,,,,,
0,-7.096,221.389,,,,,,,,,,,,,
0,-6.504,221.437,,,,,,,,,,,,,
0,-5.618,221.352,,,,,,,,,,,,,
0,-5.392,221.282,,,,,,,,,,,,,
0,-4.653,220.962,,,,,,,,,,,,,
0,-4.25,220.779,,,,,,,,,,,,,
0,-4.027,220.53,,,,,,,,,,,,,
0,-3.117,219.587,,,,,,,,,,,,,
0,-2.424,219.399,,,,,,,,,,,,,
0,-2.124,219.399,,,,,,,,,,,,,
0,-1.617,219.41,,,,,,,,,,,,,
0,-1.11,219.47,,,,,,,,,,,,,
0,-0.937,219.462,,,,,,,,,,,,,
0,-0.006,219.553,,,,,,,,,,,,,
0,0.513,219.8,,,,,,,,,,,,,
0,1.039,220.018,,,,,,,,,,,,,
0,2.008,219.783,,,,,,,,,,,,,
0,2.19,219.776,,,,,,,,,,,,,
0,2.619,220.221,,,,,,,,,,,,,
0,3.083,220.784,,,,,,,,,,,,,
0,3.512,221.052,,,,,,,,,,,,,
0,4.009,221.383,,,,,,,,,,,,,
0,4.667,221.6,,,,,,,,,,,,,
0,5.001,221.722,,,,,,,,,,,,,
0,5.12,221.723,,,,,,,,,,,,,
0,6.101,221.57,,,,,,,,,,,,,
0,6.573,221.564,,,,,,,,,,,,,
0,7.191,221.566,,,,,,,,,,,,,
0,8.032,221.545,,,,,,,,,,,,,
0,8.29,221.54,,,,,,,,,,,,,
0,9.047,221.576,,,,,,,,,,,,,
0,9.328,221.582,,,,,,,,,,,,,
0,9.51,221.673,,,,,,,,,,,,,
0,10.297,221.949,,,,,,,,,,,,,
0,11.175,222.035,,,,,,,,,,,,,
0,11.301,222.088,,,,,,,,,,,,,
0,11.478,222.173,,,,,,,,,,,,,
0,12.273,222.538,,,,,,,,,,,,,
0,12.55,222.558,,,,,,,,,,,,,
0,13.339,222.341,,,,,,,,,,,,,
0,13.947,222.142,,,,,,,,,,,,,
0,14.45,221.878,,,,,,,,,,,,,
0,15.343,221.772,,,,,,,,,,,,,
0,15.501,221.749,,,,,,,,,,,,,
0,16.034,221.689,,,,,,,,,,,,,
0,16.557,221.61,,,,,,,,,,,,,
0,16.946,221.61,,,,,,,,,,,,,
0,17.58,221.645,,,,,,,,,,,,,
0,18.401,221.697,,,,,,,,,,,,,
0,18.606,221.718,,,,,,,,,,,,,
0,18.669,221.717,,,,,,,,,,,,,
0,19.594,221.709,,,,,,,,,,,,,
0,19.967,221.713,,,,,,,,,,,,,
0,20.611,221.7,,,,,,,,,,,,,
0,21.302,221.666,,,,,,,,,,,,,
0,21.632,221.658,,,,,,,,,,,,,
0,22.612,221.719,,,,,,,,,,,,,
0,22.631,221.719,,,,,,,,,,,,,
0,22.696,221.718,,,,,,,,,,,,,
0,23.5,221.683,,,,,,,,,,,,,
0,23.924,221.695,,,,,,,,,,,,,
0,24.341,221.694,,,,,,,,,,,,,
0,25,221.684,,,,,,,,,,,,,
0.8,8,800,FALSE,,,81,,,,,0,,,,
0,-25,223.516,,,,,,,,,,,,,
0,-24.14,223.484,,,,,,,,,,,,,
0,-23.735,223.468,,,,,,,,,,,,,
0,-22.846,223.503,,,,,,,,,,,,,
0,-22.454,223.515,,,,,,,,,,,,,
0,-21.544,223.536,,,,,,,,,,,,,
0,-21.145,223.527,,,,,,,,,,,,,
0,-20.263,223.486,,,,,,,,,,,,,
0,-19.838,223.467,,,,,,,,,,,,,
0,-18.958,223.433,,,,,,,,,,,,,
0,-18.524,223.403,,,,,,,,,,,,,
0,-17.666,223.331,,,,,,,,,,,,,
0,-17.197,223.324,,,,,,,,,,,,,
0,-16.386,223.318,,,,,,,,,,,,,
0,-15.914,223.296,,,,,,,,,,,,,
0,-15.08,223.185,,,,,,,,,,,,,
0,-14.594,223.181,,,,,,,,,,,,,
0,-13.822,223.28,,,,,,,,,,,,,
0,-13.327,223.307,,,,,,,,,,,,,
0,-12.533,223.338,,,,,,,,,,,,,
0,-12.059,223.372,,,,,,,,,,,,,
0,-11.265,223.428,,,,,,,,,,,,,
0,-10.781,223.443,,,,,,,,,,,,,
0,-9.996,223.468,,,,,,,,,,,,,
0,-9.524,223.527,,,,,,,,,,,,,
0,-8.731,223.71,,,,,,,,,,,,,
0,-8.267,223.724,,,,,,,,,,,,,
0,-7.465,223.581,,,,,,,,,,,,,
0,-6.958,223.508,,,,,,,,,,,,,
0,-6.181,223.532,,,,,,,,,,,,,
0,-5.639,223.311,,,,,,,,,,,,,
0,-4.881,223.014,,,,,,,,,,,,,
0,-4.148,222.321,,,,,,,,,,,,,
0,-3.486,221.533,,,,,,,,,,,,,
0,-2.671,221.345,,,,,,,,,,,,,
0,-2.2,221.364,,,,,,,,,,,,,
0,-1.401,221.376,,,,,,,,,,,,,
0,-0.951,221.369,,,,,,,,,,,,,
0,-0.088,221.151,,,,,,,,,,,,,
0,0.351,220.999,,,,,,,,,,,,,
0,1.192,221.135,,,,,,,,,,,,,
0,1.582,221.355,,,,,,,,,,,,,
0,2.194,222.388,,,,,,,,,,,,,
0,2.694,223.05,,,,,,,,,,,,,
0,3.288,223.238,,,,,,,,,,,,,
0,3.922,223.419,,,,,,,,,,,,,
0,4.491,223.47,,,,,,,,,,,,,
0,5.164,223.535,,,,,,,,,,,,,
0,5.741,223.544,,,,,,,,,,,,,
0,6.407,223.539,,,,,,,,,,,,,
0,7.01,223.496,,,,,,,,,,,,,
0,7.677,223.46,,,,,,,,,,,,,
0,8.256,223.532,,,,,,,,,,,,,
0,8.896,223.562,,,,,,,,,,,,,
0,9.521,223.456,,,,,,,,,,,,,
0,10.165,223.4,,,,,,,,,,,,,
0,10.791,223.405,,,,,,,,,,,,,
0,11.4,223.405,,,,,,,,,,,,,
0,12.045,223.39,,,,,,,,,,,,,
0,12.641,223.395,,,,,,,,,,,,,
0,13.269,223.431,,,,,,,,,,,,,
0,13.878,223.416,,,,,,,,,,,,,
0,14.535,223.396,,,,,,,,,,,,,
0,15.109,223.396,,,,,,,,,,,,,
0,15.77,223.401,,,,,,,,,,,,,
0,16.353,223.388,,,,,,,,,,,,,
0,17.017,223.372,,,,,,,,,,,,,
0,17.581,223.381,,,,,,,,,,,,,
0,18.269,223.381,,,,,,,,,,,,,
0,18.818,223.381,,,,,,,,,,,,,
0,19.5,223.381,,,,,,,,,,,,,
0,20.049,223.381,,,,,,,,,,,,,
0,20.74,223.387,,,,,,,,,,,,,
0,21.27,223.4,,,,,,,,,,,,,
0,21.971,223.389,,,,,,,,,,,,,
0,22.493,223.355,,,,,,,,,,,,,
0,23.213,223.338,,,,,,,,,,,,,
0,23.712,223.358,,,,,,,,,,,,,
0,24.423,223.37,,,,,,,,,,,,,
0,24.915,223.362,,,,,,,,,,,,,
0,25,223.363,,,,,,,,,,,,,
0.9,9,900,FALSE,,,89,,,,,0,,,,
0,-25,223.435,,,,,,,,,,,,,
0,-24.435,223.43,,,,,,,,,,,,,
0,-23.876,223.34,,,,,,,,,,,,,
0,-23.2,223.338,,,,,,,,,,,,,
0,-22.394,223.447,,,,,,,,,,,,,
0,-21.998,223.444,,,,,,,,,,,,,
0,-21.686,223.47,,,,,,,,,,,,,
0,-21.101,223.479,,,,,,,,,,,,,
0,-20.136,223.591,,,,,,,,,,,,,
0,-19.52,223.681,,,,,,,,,,,,,
0,-16.81,223.712,,,,,,,,,,,,,
0,-16.043,223.715,,,,,,,,,,,,,
0,-15.395,223.778,,,,,,,,,,,,,
0,-14.939,223.797,,,,,,,,,,,,,
0,-13.775,223.87,,,,,,,,,,,,,
0,-13.483,223.89,,,,,,,,,,,,,
0,-13.367,223.896,,,,,,,,,,,,,
0,-12.545,223.971,,,,,,,,,,,,,
0,-11.856,224.088,,,,,,,,,,,,,
0,-11.578,224.119,,,,,,,,,,,,,
0,-11.171,224.153,,,,,,,,,,,,,
0,-10.347,224.204,,,,,,,,,,,,,
0,-9.8,224.261,,,,,,,,,,,,,
0,-9.337,224.275,,,,,,,,,,,,,
0,-8.716,224.384,,,,,,,,,,,,,
0,-8.491,224.409,,,,,,,,,,,,,
0,-8.331,224.416,,,,,,,,,,,,,
0,-7.377,224.454,,,,,,,,,,,,,
0,-6.232,224.538,,,,,,,,,,,,,
0,-6.211,224.54,,,,,,,,,,,,,
0,-6.189,224.542,,,,,,,,,,,,,
0,-5.449,224.553,,,,,,,,,,,,,
0,-4.785,224.236,,,,,,,,,,,,,
0,-4.664,224.202,,,,,,,,,,,,,
0,-4.553,224.133,,,,,,,,,,,,,
0,-2.919,222.437,,,,,,,,,,,,,
0,-2.693,222.152,,,,,,,,,,,,,
0,-1.9,222.549,,,,,,,,,,,,,
0,-1.539,222.714,,,,,,,,,,,,,
0,-1.422,222.719,,,,,,,,,,,,,
0,-0.481,222.73,,,,,,,,,,,,,
0,0.387,222.454,,,,,,,,,,,,,
0,0.562,222.415,,,,,,,,,,,,,
0,0.769,222.485,,,,,,,,,,,,,
0,1.684,222.877,,,,,,,,,,,,,
0,2.366,223.609,,,,,,,,,,,,,
0,2.761,223.996,,,,,,,,,,,,,
0,3.064,224.128,,,,,,,,,,,,,
0,3.821,224.451,,,,,,,,,,,,,
0,4.68,224.51,,,,,,,,,,,,,
0,4.818,224.531,,,,,,,,,,,,,
0,4.961,224.528,,,,,,,,,,,,,
0,5.577,224.532,,,,,,,,,,,,,
0,6.141,224.527,,,,,,,,,,,,,
0,6.396,224.537,,,,,,,,,,,,,
0,6.602,224.561,,,,,,,,,,,,,
0,7.383,224.707,,,,,,,,,,,,,
0,8.358,224.73,,,,,,,,,,,,,
0,8.379,224.73,,,,,,,,,,,,,
0,8.404,224.727,,,,,,,,,,,,,
0,9.253,224.616,,,,,,,,,,,,,
0,9.916,224.59,,,,,,,,,,,,,
0,10.183,224.582,,,,,,,,,,,,,
0,10.44,224.58,,,,,,,,,,,,,
0,11.27,224.576,,,,,,,,,,,,,
0,12.146,224.629,,,,,,,,,,,,,
0,12.365,224.637,,,,,,,,,,,,,
0,13.554,224.593,,,,,,,,,,,,,
0,13.621,224.59,,,,,,,,,,,,,
0,13.633,224.59,,,,,,,,,,,,,
0,14.703,224.606,,,,,,,,,,,,,
0,15.687,224.629,,,,,,,,,,,,,
0,15.79,224.63,,,,,,,,,,,,,
0,15.902,224.626,,,,,,,,,,,,,
0,17.11,224.614,,,,,,,,,,,,,
0,17.38,224.594,,,,,,,,,,,,,
0,18.223,224.535,,,,,,,,,,,,,
0,18.957,224.49,,,,,,,,,,,,,
0,19.276,224.549,,,,,,,,,,,,,
0,19.655,224.538,,,,,,,,,,,,,
0,20.402,224.674,,,,,,,,,,,,,
0,21.149,224.608,,,,,,,,,,,,,
0,21.609,224.513,,,,,,,,,,,,,
0,22.097,224.543,,,,,,,,,,,,,
0,22.757,224.583,,,,,,,,,,,,,
0,23.407,224.6,,,,,,,,,,,,,
0,23.919,224.609,,,,,,,,,,,,,
0,24.907,224.662,,,,,,,,,,,,,
0,25,224.671,,,,,,,,,,,,,
1,10,1000,FALSE,,,90,,,,,0,,,,
0,-25,225.044,,,,,,,,,,,,,
0,-24.627,225.002,,,,,,,,,,,,,
0,-23.605,225.152,,,,,,,,,,,,,
0,-23.242,225.134,,,,,,,,,,,,,
0,-22.838,225.182,,,,,,,,,,,,,
0,-21.868,225.148,,,,,,,,,,,,,
0,-21.3,225.181,,,,,,,,,,,,,
0,-20.483,225.144,,,,,,,,,,,,,
0,-19.128,225.22,,,,,,,,,,,,,
0,-19.124,225.219,,,,,,,,,,,,,
0,-19.117,225.22,,,,,,,,,,,,,
0,-17.856,225.016,,,,,,,,,,,,,
0,-16.964,225.131,,,,,,,,,,,,,
0,-16.626,225.062,,,,,,,,,,,,,
0,-16.174,225.164,,,,,,,,,,,,,
0,-15.524,225.227,,,,,,,,,,,,,
0,-15.253,225.141,,,,,,,,,,,,,
0,-14.461,225.047,,,,,,,,,,,,,
0,-13.814,225.182,,,,,,,,,,,,,
0,-13.422,225.089,,,,,,,,,,,,,
0,-12.493,225.233,,,,,,,,,,,,,
0,-12.392,225.239,,,,,,,,,,,,,
0,-12.331,225.228,,,,,,,,,,,,,
0,-11.257,225.226,,,,,,,,,,,,,
0,-10.539,225.123,,,,,,,,,,,,,
0,-10.121,225.025,,,,,,,,,,,,,
0,-9.491,225.241,,,,,,,,,,,,,
0,-9.04,225.397,,,,,,,,,,,,,
0,-8.84,225.455,,,,,,,,,,,,,
0,-7.987,225.549,,,,,,,,,,,,,
0,-7.374,225.576,,,,,,,,,,,,,
0,-6.919,225.553,,,,,,,,,,,,,
0,-5.865,225.461,,,,,,,,,,,,,
0,-5.839,225.456,,,,,,,,,,,,,
0,-5.765,225.425,,,,,,,,,,,,,
0,-4.548,224.969,,,,,,,,,,,,,
0,-3.805,224.149,,,,,,,,,,,,,
0,-3.168,223.44,,,,,,,,,,,,,
0,-2.271,223.494,,,,,,,,,,,,,
0,-1.937,223.488,,,,,,,,,,,,,
0,-1.802,223.524,,,,,,,,,,,,,
0,-0.869,223.653,,,,,,,,,,,,,
0,-0.284,223.635,,,,,,,,,,,,,
0,0.228,223.52,,,,,,,,,,,,,
0,1.26,223.42,,,,,,,,,,,,,
0,1.327,223.481,,,,,,,,,,,,,
0,1.457,223.619,,,,,,,,,,,,,
0,2.381,224.72,,,,,,,,,,,,,
0,3.245,225.109,,,,,,,,,,,,,
0,3.528,225.225,,,,,,,,,,,,,
0,3.894,225.296,,,,,,,,,,,,,
0,4.606,225.481,,,,,,,,,,,,,
0,4.919,225.5,,,,,,,,,,,,,
0,5.7,225.5,,,,,,,,,,,,,
0,6.459,225.472,,,,,,,,,,,,,
0,6.794,225.467,,,,,,,,,,,,,
0,7.652,225.406,,,,,,,,,,,,,
0,7.938,225.402,,,,,,,,,,,,,
0,8.141,225.378,,,,,,,,,,,,,
0,9.144,225.315,,,,,,,,,,,,,
0,10.239,225.301,,,,,,,,,,,,,
0,10.37,225.299,,,,,,,,,,,,,
0,10.538,225.301,,,,,,,,,,,,,
0,11.461,225.305,,,,,,,,,,,,,
0,11.835,225.3,,,,,,,,,,,,,
0,12.555,225.256,,,,,,,,,,,,,
0,13.352,225.289,,,,,,,,,,,,,
0,13.637,225.289,,,,,,,,,,,,,
0,14.357,225.277,,,,,,,,,,,,,
0,14.773,225.263,,,,,,,,,,,,,
0,15.07,225.278,,,,,,,,,,,,,
0,15.946,225.286,,,,,,,,,,,,,
0,17.147,225.309,,,,,,,,,,,,,
0,17.157,225.31,,,,,,,,,,,,,
0,17.17,225.31,,,,,,,,,,,,,
0,18.251,225.31,,,,,,,,,,,,,
0,18.674,225.314,,,,,,,,,,,,,
0,19.338,225.307,,,,,,,,,,,,,
0,20.215,225.314,,,,,,,,,,,,,
0,20.447,225.305,,,,,,,,,,,,,
0,21.029,225.32,,,,,,,,,,,,,
0,21.492,225.315,,,,,,,,,,,,,
0,21.753,225.317,,,,,,,,,,,,,
0,22.517,225.286,,,,,,,,,,,,,
0,23.322,225.301,,,,,,,,,,,,,
0,23.5,225.304,,,,,,,,,,,,,
0,23.82,225.285,,,,,,,,,,,,,
0,24.581,225.248,,,,,,,,,,,,,
0,24.881,225.252,,,,,,,,,,,,,
0,25,225.254,,,,,,,,,,,,,
1.1,11,1110,FALSE,,,101,,,,,0,,,,
0,-25,226.81,,,,,,,,,,,,,
0,-24.971,226.809,,,,,,,,,,,,,
0,-24.392,226.794,,,,,,,,,,,,,
0,-23.575,226.845,,,,,,,,,,,,,
0,-23.467,226.849,,,,,,,,,,,,,
0,-23.267,226.84,,,,,,,,,,,,,
0,-22.29,226.793,,,,,,,,,,,,,
0,-21.73,226.795,,,,,,,,,,,,,
0,-21.275,226.813,,,,,,,,,,,,,
0,-20.506,226.791,,,,,,,,,,,,,
0,-20.399,226.791,,,,,,,,,,,,,
0,-20.336,226.795,,,,,,,,,,,,,
0,-19.436,226.846,,,,,,,,,,,,,
0,-18.548,226.86,,,,,,,,,,,,,
0,-18.467,226.86,,,,,,,,,,,,,
0,-18.38,226.857,,,,,,,,,,,,,
0,-17.69,226.825,,,,,,,,,,,,,
0,-16.956,226.781,,,,,,,,,,,,,
0,-16.917,226.781,,,,,,,,,,,,,
0,-16.856,226.782,,,,,,,,,,,,,
0,-15.715,226.821,,,,,,,,,,,,,
0,-14.985,226.828,,,,,,,,,,,,,
0,-14.646,226.833,,,,,,,,,,,,,
0,-14.124,226.846,,,,,,,,,,,,,
0,-13.789,226.85,,,,,,,,,,,,,
0,-13.571,226.85,,,,,,,,,,,,,
0,-12.756,226.842,,,,,,,,,,,,,
0,-11.803,226.841,,,,,,,,,,,,,
0,-11.687,226.841,,,,,,,,,,,,,
0,-11.591,226.842,,,,,,,,,,,,,
0,-10.727,226.854,,,,,,,,,,,,,
0,-10.159,226.874,,,,,,,,,,,,,
0,-9.717,226.875,,,,,,,,,,,,,
0,-9.114,226.88,,,,,,,,,,,,,
0,-8.532,226.862,,,,,,,,,,,,,
0,-8.097,226.855,,,,,,,,,,,,,
0,-7.577,226.83,,,,,,,,,,,,,
0,-6.837,227.1,,,,,,,,,,,,,
0,-6.756,227.135,,,,,,,,,,,,,
0,-6.699,227.13,,,,,,,,,,,,,
0,-5.744,227.172,,,,,,,,,,,,,
0,-4.819,227.221,,,,,,,,,,,,,
0,-4.726,227.228,,,,,,,,,,,,,
0,-4.634,227.238,,,,,,,,,,,,,
0,-3.696,227.281,,,,,,,,,,,,,
0,-3.183,227.26,,,,,,,,,,,,,
0,-2.546,227.09,,,,,,,,,,,,,
0,-1.682,226.678,,,,,,,,,,,,,
0,-1.229,226.347,,,,,,,,,,,,,
0,-0.911,226.375,,,,,,,,,,,,,
0,-0.176,226.375,,,,,,,,,,,,,
0,0.576,226.219,,,,,,,,,,,,,
0,0.864,226.136,,,,,,,,,,,,,
0,1.142,226.089,,,,,,,,,,,,,
0,1.977,225.884,,,,,,,,,,,,,
0,2.688,226.603,,,,,,,,,,,,,
0,2.898,226.733,,,,,,,,,,,,,
0,3.14,226.997,,,,,,,,,,,,,
0,3.624,227.312,,,,,,,,,,,,,
0,4.055,227.384,,,,,,,,,,,,,
0,4.585,227.533,,,,,,,,,,,,,
0,5.249,227.531,,,,,,,,,,,,,
0,5.785,227.536,,,,,,,,,,,,,
0,6.229,227.456,,,,,,,,,,,,,
0,6.788,227.317,,,,,,,,,,,,,
0,7.586,227.182,,,,,,,,,,,,,
0,7.661,227.172,,,,,,,,,,,,,
0,7.713,227.172,,,,,,,,,,,,,
0,8.565,227.2,,,,,,,,,,,,,
0,9.167,227.22,,,,,,,,,,,,,
0,9.939,227.21,,,,,,,,,,,,,
0,10.391,227.193,,,,,,,,,,,,,
0,11.186,227.207,,,,,,,,,,,,,
0,11.325,227.211,,,,,,,,,,,,,
0,11.403,227.208,,,,,,,,,,,,,
0,12.472,227.205,,,,,,,,,,,,,
0,13.607,227.249,,,,,,,,,,,,,
0,13.623,227.25,,,,,,,,,,,,,
0,13.644,227.249,,,,,,,,,,,,,
0,14.434,227.21,,,,,,,,,,,,,
0,15.036,227.203,,,,,,,,,,,,,
0,15.282,227.201,,,,,,,,,,,,,
0,15.471,227.194,,,,,,,,,,,,,
0,16.239,227.165,,,,,,,,,,,,,
0,17.154,227.17,,,,,,,,,,,,,
0,17.194,227.171,,,,,,,,,,,,,
0,17.246,227.172,,,,,,,,,,,,,
0,18.258,227.217,,,,,,,,,,,,,
0,18.654,227.209,,,,,,,,,,,,,
0,19.429,227.215,,,,,,,,,,,,,
0,20.345,227.198,,,,,,,,,,,,,
0,20.618,227.197,,,,,,,,,,,,,
0,20.85,227.21,,,,,,,,,,,,,
0,21.492,227.227,,,,,,,,,,,,,
0,22.244,227.21,,,,,,,,,,,,,
0,22.286,227.208,,,,,,,,,,,,,
0,22.344,227.21,,,,,,,,,,,,,
0,23.565,227.223,,,,,,,,,,,,,
0,24.422,227.241,,,,,,,,,,,,,
0,24.698,227.26,,,,,,,,,,,,,
0,25,227.213,,,,,,,,,,,,,
1.2,12,1200,FALSE,,,109,,,,,0,,,,
0,-25,228.416,,,,,,,,,,,,,
0,-24.704,228.426,,,,,,,,,,,,,
0,-24.22,228.408,,,,,,,,,,,,,
0,-23.18,228.392,,,,,,,,,,,,,
0,-23.006,228.394,,,,,,,,,,,,,
0,-22.232,228.379,,,,,,,,,,,,,
0,-22.122,228.376,,,,,,,,,,,,,
0,-21.806,228.38,,,,,,,,,,,,,
0,-21.016,228.385,,,,,,,,,,,,,
0,-20.745,228.378,,,,,,,,,,,,,
0,-19.958,228.362,,,,,,,,,,,,,
0,-19.798,228.363,,,,,,,,,,,,,
0,-18.322,228.389,,,,,,,,,,,,,
0,-18.289,228.39,,,,,,,,,,,,,
0,-18.286,228.39,,,,,,,,,,,,,
0,-18.263,228.393,,,,,,,,,,,,,
0,-17.495,228.499,,,,,,,,,,,,,
0,-17.401,228.494,,,,,,,,,,,,,
0,-16.628,228.223,,,,,,,,,,,,,
0,-15.839,227.901,,,,,,,,,,,,,
0,-15.762,227.867,,,,,,,,,,,,,
0,-15.578,227.765,,,,,,,,,,,,,
0,-15.088,227.514,,,,,,,,,,,,,
0,-14.877,227.352,,,,,,,,,,,,,
0,-14.129,227.17,,,,,,,,,,,,,
0,-13.37,227.119,,,,,,,,,,,,,
0,-13.091,227.103,,,,,,,,,,,,,
0,-12.441,227.136,,,,,,,,,,,,,
0,-12.086,227.14,,,,,,,,,,,,,
0,-11.356,227.128,,,,,,,,,,,,,
0,-11.082,227.128,,,,,,,,,,,,,
0,-10.947,227.128,,,,,,,,,,,,,
0,-10.624,227.116,,,,,,,,,,,,,
0,-10.047,227.117,,,,,,,,,,,,,
0,-9.623,227.208,,,,,,,,,,,,,
0,-8.608,227.858,,,,,,,,,,,,,
0,-8.307,228.064,,,,,,,,,,,,,
0,-7.705,228.018,,,,,,,,,,,,,
0,-7.236,228.034,,,,,,,,,,,,,
0,-6.184,228.046,,,,,,,,,,,,,
0,-5.952,228.06,,,,,,,,,,,,,
0,-5.414,228.195,,,,,,,,,,,,,
0,-5.308,228.233,,,,,,,,,,,,,
0,-5.261,228.247,,,,,,,,,,,,,
0,-4.48,228.057,,,,,,,,,,,,,
0,-3.735,227.938,,,,,,,,,,,,,
0,-3.643,227.861,,,,,,,,,,,,,
0,-2.774,226.949,,,,,,,,,,,,,
0,-2.05,226.74,,,,,,,,,,,,,
0,-1.233,226.985,,,,,,,,,,,,,
0,-0.433,227.067,,,,,,,,,,,,,
0,-0.3,227.081,,,,,,,,,,,,,
0,0.476,227.093,,,,,,,,,,,,,
0,1.216,227.245,,,,,,,,,,,,,
0,1.322,227.288,,,,,,,,,,,,,
0,2.046,228.19,,,,,,,,,,,,,
0,2.184,228.293,,,,,,,,,,,,,
0,2.925,228.578,,,,,,,,,,,,,
0,3.514,228.597,,,,,,,,,,,,,
0,3.924,228.595,,,,,,,,,,,,,
0,4.412,228.552,,,,,,,,,,,,,
0,5.009,228.433,,,,,,,,,,,,,
0,6.019,227.775,,,,,,,,,,,,,
0,6.025,227.772,,,,,,,,,,,,,
0,6.04,227.768,,,,,,,,,,,,,
0,6.684,227.693,,,,,,,,,,,,,
0,6.931,227.667,,,,,,,,,,,,,
0,7.443,227.64,,,,,,,,,,,,,
0,8.088,227.668,,,,,,,,,,,,,
0,8.291,227.675,,,,,,,,,,,,,
0,8.456,227.672,,,,,,,,,,,,,
0,8.986,227.638,,,,,,,,,,,,,
0,9.345,227.618,,,,,,,,,,,,,
0,9.46,227.612,,,,,,,,,,,,,
0,9.617,227.617,,,,,,,,,,,,,
0,10.339,227.667,,,,,,,,,,,,,
0,10.857,227.644,,,,,,,,,,,,,
0,11.264,227.626,,,,,,,,,,,,,
0,11.757,227.63,,,,,,,,,,,,,
0,12.201,227.653,,,,,,,,,,,,,
0,12.954,227.674,,,,,,,,,,,,,
0,13.128,227.68,,,,,,,,,,,,,
0,13.232,227.674,,,,,,,,,,,,,
0,14.066,227.64,,,,,,,,,,,,,
0,14.106,227.642,,,,,,,,,,,,,
0,15.029,227.684,,,,,,,,,,,,,
0,15.608,227.643,,,,,,,,,,,,,
0,15.93,227.632,,,,,,,,,,,,,
0,16.414,227.639,,,,,,,,,,,,,
0,16.813,227.641,,,,,,,,,,,,,
0,17.492,227.652,,,,,,,,,,,,,
0,17.726,227.657,,,,,,,,,,,,,
0,17.864,227.66,,,,,,,,,,,,,
0,18.243,227.655,,,,,,,,,,,,,
0,18.68,227.659,,,,,,,,,,,,,
0,18.996,227.652,,,,,,,,,,,,,
0,20.098,227.66,,,,,,,,,,,,,
0,20.364,227.663,,,,,,,,,,,,,
0,20.924,227.653,,,,,,,,,,,,,
0,21.093,227.655,,,,,,,,,,,,,
0,21.462,227.638,,,,,,,,,,,,,
0,22.048,227.628,,,,,,,,,,,,,
0,22.312,227.656,,,,,,,,,,,,,
0,22.892,227.684,,,,,,,,,,,,,
0,23.088,227.757,,,,,,,,,,,,,
0,24.437,227.906,,,,,,,,,,,,,
0,24.504,227.908,,,,,,,,,,,,,
0,24.602,227.933,,,,,,,,,,,,,
0,25,228.001,,,,,,,,,,,,,
1.3,13,1300,FALSE,,,97,,,,,0,,,,
0,-25,229.559,,,,,,,,,,,,,
0,-24.576,229.36,,,,,,,,,,,,,
0,-24.132,229.224,,,,,,,,,,,,,
0,-23.47,228.952,,,,,,,,,,,,,
0,-22.531,228.677,,,,,,,,,,,,,
0,-22.422,228.678,,,,,,,,,,,,,
0,-22.242,228.69,,,,,,,,,,,,,
0,-21.438,228.768,,,,,,,,,,,,,
0,-20.96,228.77,,,,,,,,,,,,,
0,-20.436,228.766,,,,,,,,,,,,,
0,-20.101,228.76,,,,,,,,,,,,,
0,-19.423,228.752,,,,,,,,,,,,,
0,-18.46,228.73,,,,,,,,,,,,,
0,-18.43,228.73,,,,,,,,,,,,,
0,-18.381,228.733,,,,,,,,,,,,,
0,-17.204,228.782,,,,,,,,,,,,,
0,-16.857,228.777,,,,,,,,,,,,,
0,-15.915,228.781,,,,,,,,,,,,,
0,-14.926,228.762,,,,,,,,,,,,,
0,-14.613,228.757,,,,,,,,,,,,,
0,-14.319,228.755,,,,,,,,,,,,,
0,-13.444,228.78,,,,,,,,,,,,,
0,-12.784,228.799,,,,,,,,,,,,,
0,-12.154,228.795,,,,,,,,,,,,,
0,-11.369,228.757,,,,,,,,,,,,,
0,-10.716,228.736,,,,,,,,,,,,,
0,-10.215,228.779,,,,,,,,,,,,,
0,-9.342,228.929,,,,,,,,,,,,,
0,-8.756,229.127,,,,,,,,,,,,,
0,-7.975,229.342,,,,,,,,,,,,,
0,-7.342,229.39,,,,,,,,,,,,,
0,-6.511,229.426,,,,,,,,,,,,,
0,-6.413,229.431,,,,,,,,,,,,,
0,-6.241,229.441,,,,,,,,,,,,,
0,-5.602,229.441,,,,,,,,,,,,,
0,-4.886,229.655,,,,,,,,,,,,,
0,-4.867,229.663,,,,,,,,,,,,,
0,-4.849,229.662,,,,,,,,,,,,,
0,-3.451,229.519,,,,,,,,,,,,,
0,-2.994,229.232,,,,,,,,,,,,,
0,-2.107,228.363,,,,,,,,,,,,,
0,-1.961,228.236,,,,,,,,,,,,,
0,-1.815,228.312,,,,,,,,,,,,,
0,-1.257,228.649,,,,,,,,,,,,,
0,-0.714,228.419,,,,,,,,,,,,,
0,-0.32,228.229,,,,,,,,,,,,,
0,-0.032,228.157,,,,,,,,,,,,,
0,0.809,228.035,,,,,,,,,,,,,
0,1.872,228.207,,,,,,,,,,,,,
0,1.891,228.206,,,,,,,,,,,,,
0,1.923,228.236,,,,,,,,,,,,,
0,2.663,229.087,,,,,,,,,,,,,
0,3.091,229.436,,,,,,,,,,,,,
0,3.463,229.911,,,,,,,,,,,,,
0,3.744,229.893,,,,,,,,,,,,,
0,4.461,229.831,,,,,,,,,,,,,
0,5.315,229.825,,,,,,,,,,,,,
0,5.419,229.82,,,,,,,,,,,,,
0,5.601,229.752,,,,,,,,,,,,,
0,6.506,229.467,,,,,,,,,,,,,
0,7.033,229.428,,,,,,,,,,,,,
0,7.534,229.372,,,,,,,,,,,,,
0,7.874,229.367,,,,,,,,,,,,,
0,8.571,229.368,,,,,,,,,,,,,
0,9.577,229.389,,,,,,,,,,,,,
0,9.597,229.39,,,,,,,,,,,,,
0,9.63,229.39,,,,,,,,,,,,,
0,10.445,229.397,,,,,,,,,,,,,
0,10.934,229.402,,,,,,,,,,,,,
0,11.383,229.406,,,,,,,,,,,,,
0,11.697,229.422,,,,,,,,,,,,,
0,12.428,229.438,,,,,,,,,,,,,
0,13.47,229.401,,,,,,,,,,,,,
0,13.492,229.4,,,,,,,,,,,,,
0,13.532,229.399,,,,,,,,,,,,,
0,14.385,229.387,,,,,,,,,,,,,
0,14.85,229.386,,,,,,,,,,,,,
0,15.39,229.402,,,,,,,,,,,,,
0,15.841,229.381,,,,,,,,,,,,,
0,16.556,229.374,,,,,,,,,,,,,
0,17.423,229.388,,,,,,,,,,,,,
0,17.626,229.397,,,,,,,,,,,,,
0,18.076,229.405,,,,,,,,,,,,,
0,18.478,229.409,,,,,,,,,,,,,
0,18.658,229.414,,,,,,,,,,,,,
0,19.546,229.427,,,,,,,,,,,,,
0,20.283,229.443,,,,,,,,,,,,,
0,20.708,229.438,,,,,,,,,,,,,
0,21.216,229.424,,,,,,,,,,,,,
0,21.643,229.406,,,,,,,,,,,,,
0,22.18,229.383,,,,,,,,,,,,,
0,22.398,229.384,,,,,,,,,,,,,
0,22.566,229.387,,,,,,,,,,,,,
0,23.429,229.403,,,,,,,,,,,,,
0,24.145,229.404,,,,,,,,,,,,,
0,24.573,229.402,,,,,,,,,,,,,
0,25,229.419,,,,,,,,,,,,,
1.4,14,1400,FALSE,,,90,,,,,0,,,,
0,-25,231.365,,,,,,,,,,,,,
0,-23.464,231.347,,,,,,,,,,,,,
0,-21.157,231.335,,,,,,,,,,,,,
0,-15.87,231.336,,,,,,,,,,,,,
0,-15.501,231.34,,,,,,,,,,,,,
0,-15.461,231.341,,,,,,,,,,,,,
0,-15.376,231.33,,,,,,,,,,,,,
0,-15.12,231.33,,,,,,,,,,,,,
0,-14.168,231.31,,,,,,,,,,,,,
0,-13.769,231.317,,,,,,,,,,,,,
0,-13.59,231.315,,,,,,,,,,,,,
0,-12.54,231.283,,,,,,,,,,,,,
0,-12.106,231.273,,,,,,,,,,,,,
0,-11.614,231.243,,,,,,,,,,,,,
0,-11.511,231.237,,,,,,,,,,,,,
0,-10.591,231.22,,,,,,,,,,,,,
0,-10.039,231.215,,,,,,,,,,,,,
0,-9.67,231.241,,,,,,,,,,,,,
0,-9.435,231.26,,,,,,,,,,,,,
0,-8.567,231.26,,,,,,,,,,,,,
0,-7.967,231.25,,,,,,,,,,,,,
0,-7.429,231.241,,,,,,,,,,,,,
0,-7.392,231.241,,,,,,,,,,,,,
0,-7.338,231.24,,,,,,,,,,,,,
0,-5.915,231.205,,,,,,,,,,,,,
0,-5.843,231.2,,,,,,,,,,,,,
0,-5.32,231.192,,,,,,,,,,,,,
0,-4.637,231.19,,,,,,,,,,,,,
0,-3.858,231.196,,,,,,,,,,,,,
0,-3.259,231.099,,,,,,,,,,,,,
0,-2.63,230.358,,,,,,,,,,,,,
0,-1.635,229.287,,,,,,,,,,,,,
0,-1.502,229.31,,,,,,,,,,,,,
0,-1.083,229.253,,,,,,,,,,,,,
0,-0.391,229.857,,,,,,,,,,,,,
0,0.871,230.412,,,,,,,,,,,,,
0,1.451,230.192,,,,,,,,,,,,,
0,2.057,229.802,,,,,,,,,,,,,
0,2.371,229.89,,,,,,,,,,,,,
0,2.855,229.697,,,,,,,,,,,,,
0,2.932,229.716,,,,,,,,,,,,,
0,2.966,229.775,,,,,,,,,,,,,
0,3.063,229.924,,,,,,,,,,,,,
0,3.904,231.393,,,,,,,,,,,,,
0,4.251,231.747,,,,,,,,,,,,,
0,4.763,231.751,,,,,,,,,,,,,
0,4.796,231.749,,,,,,,,,,,,,
0,4.822,231.751,,,,,,,,,,,,,
0,4.938,231.758,,,,,,,,,,,,,
0,6.028,231.844,,,,,,,,,,,,,
0,6.282,231.846,,,,,,,,,,,,,
0,6.646,231.857,,,,,,,,,,,,,
0,6.813,231.874,,,,,,,,,,,,,
0,7.048,231.886,,,,,,,,,,,,,
0,8.323,231.96,,,,,,,,,,,,,
0,8.815,231.95,,,,,,,,,,,,,
0,8.92,231.956,,,,,,,,,,,,,
0,9.311,231.966,,,,,,,,,,,,,
0,10.424,232.019,,,,,,,,,,,,,
0,10.574,232.021,,,,,,,,,,,,,
0,10.953,232.083,,,,,,,,,,,,,
0,11.275,232.086,,,,,,,,,,,,,
0,12.493,232.063,,,,,,,,,,,,,
0,12.713,232.038,,,,,,,,,,,,,
0,13.099,232.039,,,,,,,,,,,,,
0,13.67,232.003,,,,,,,,,,,,,
0,14.649,231.905,,,,,,,,,,,,,
0,14.778,231.92,,,,,,,,,,,,,
0,15.169,231.874,,,,,,,,,,,,,
0,15.439,231.76,,,,,,,,,,,,,
0,16.244,231.166,,,,,,,,,,,,,
0,16.654,230.896,,,,,,,,,,,,,
0,16.802,230.836,,,,,,,,,,,,,
0,16.958,230.87,,,,,,,,,,,,,
0,17.375,230.984,,,,,,,,,,,,,
0,17.864,230.961,,,,,,,,,,,,,
0,18.923,230.847,,,,,,,,,,,,,
0,19.055,230.867,,,,,,,,,,,,,
0,19.476,230.874,,,,,,,,,,,,,
0,20.057,230.851,,,,,,,,,,,,,
0,21.03,230.834,,,,,,,,,,,,,
0,21.401,230.853,,,,,,,,,,,,,
0,21.586,230.847,,,,,,,,,,,,,
0,22.844,230.85,,,,,,,,,,,,,
0,23.145,230.848,,,,,,,,,,,,,
0,23.187,230.85,,,,,,,,,,,,,
0,23.586,230.85,,,,,,,,,,,,,
0,23.723,230.85,,,,,,,,,,,,,
0,23.737,230.851,,,,,,,,,,,,,
0,25,230.819,,,,,,,,,,,,,
1.5,15,1500,FALSE,,,104,,,,,0,,,,
0,-25,232.652,,,,,,,,,,,,,
0,-24.717,232.665,,,,,,,,,,,,,
0,-24.389,232.673,,,,,,,,,,,,,
0,-23.844,232.663,,,,,,,,,,,,,
0,-23.557,232.657,,,,,,,,,,,,,
0,-23.361,232.659,,,,,,,,,,,,,
0,-22.978,232.674,,,,,,,,,,,,,
0,-21.977,232.712,,,,,,,,,,,,,
0,-21.45,232.722,,,,,,,,,,,,,
0,-20.92,232.759,,,,,,,,,,,,,
0,-20.618,232.77,,,,,,,,,,,,,
0,-19.927,232.757,,,,,,,,,,,,,
0,-19.22,232.777,,,,,,,,,,,,,
0,-18.858,232.77,,,,,,,,,,,,,
0,-18.514,232.789,,,,,,,,,,,,,
0,-17.735,232.819,,,,,,,,,,,,,
0,-17.652,232.82,,,,,,,,,,,,,
0,-16.408,232.785,,,,,,,,,,,,,
0,-15.538,232.825,,,,,,,,,,,,,
0,-15.348,232.776,,,,,,,,,,,,,
0,-14.928,232.831,,,,,,,,,,,,,
0,-14.766,232.827,,,,,,,,,,,,,
0,-14.689,232.825,,,,,,,,,,,,,
0,-13.81,232.648,,,,,,,,,,,,,
0,-12.859,232.826,,,,,,,,,,,,,
0,-12.709,232.825,,,,,,,,,,,,,
0,-12.56,232.827,,,,,,,,,,,,,
0,-11.912,232.78,,,,,,,,,,,,,
0,-11.7,232.778,,,,,,,,,,,,,
0,-10.944,232.743,,,,,,,,,,,,,
0,-10.118,232.917,,,,,,,,,,,,,
0,-9.84,232.944,,,,,,,,,,,,,
0,-9.584,232.935,,,,,,,,,,,,,
0,-9.13,232.935,,,,,,,,,,,,,
0,-8.695,233.056,,,,,,,,,,,,,
0,-8.281,233.098,,,,,,,,,,,,,
0,-7.524,233.155,,,,,,,,,,,,,
0,-6.905,233.175,,,,,,,,,,,,,
0,-6.548,233.285,,,,,,,,,,,,,
0,-5.67,233.261,,,,,,,,,,,,,
0,-5.666,233.261,,,,,,,,,,,,,
0,-4.453,233.132,,,,,,,,,,,,,
0,-3.591,232.727,,,,,,,,,,,,,
0,-3.33,232.607,,,,,,,,,,,,,
0,-2.715,231.986,,,,,,,,,,,,,
0,-2.361,231.552,,,,,,,,,,,,,
0,-1.949,231.392,,,,,,,,,,,,,
0,-1.307,230.854,,,,,,,,,,,,,
0,-0.646,230.456,,,,,,,,,,,,,
0,-0.419,230.239,,,,,,,,,,,,,
0,0.258,230.691,,,,,,,,,,,,,
0,0.404,230.73,,,,,,,,,,,,,
0,0.769,230.825,,,,,,,,,,,,,
0,1.914,231.063,,,,,,,,,,,,,
0,2.373,231.488,,,,,,,,,,,,,
0,2.981,232.189,,,,,,,,,,,,,
0,3.321,232.619,,,,,,,,,,,,,
0,3.481,232.791,,,,,,,,,,,,,
0,3.612,232.845,,,,,,,,,,,,,
0,4.447,233.146,,,,,,,,,,,,,
0,5.305,233.076,,,,,,,,,,,,,
0,5.439,233.083,,,,,,,,,,,,,
0,5.987,233.089,,,,,,,,,,,,,
0,6.334,233.105,,,,,,,,,,,,,
0,6.732,233.126,,,,,,,,,,,,,
0,7.085,233.141,,,,,,,,,,,,,
0,7.725,233.153,,,,,,,,,,,,,
0,8.427,233.095,,,,,,,,,,,,,
0,8.584,233.077,,,,,,,,,,,,,
0,8.903,233.148,,,,,,,,,,,,,
0,9.195,233.214,,,,,,,,,,,,,
0,9.341,233.205,,,,,,,,,,,,,
0,10.076,233.181,,,,,,,,,,,,,
0,10.794,233.167,,,,,,,,,,,,,
0,11.102,233.187,,,,,,,,,,,,,
0,11.412,233.17,,,,,,,,,,,,,
0,12.121,233.194,,,,,,,,,,,,,
0,12.284,233.218,,,,,,,,,,,,,
0,13.209,233.241,,,,,,,,,,,,,
0,14.245,233.093,,,,,,,,,,,,,
0,14.258,233.09,,,,,,,,,,,,,
0,14.268,233.089,,,,,,,,,,,,,
0,14.907,233.066,,,,,,,,,,,,,
0,15.178,233.069,,,,,,,,,,,,,
0,15.735,232.988,,,,,,,,,,,,,
0,16.218,232.892,,,,,,,,,,,,,
0,16.684,232.908,,,,,,,,,,,,,
0,17.196,232.802,,,,,,,,,,,,,
0,17.493,232.814,,,,,,,,,,,,,
0,18.13,232.79,,,,,,,,,,,,,
0,18.143,232.791,,,,,,,,,,,,,
0,18.181,232.793,,,,,,,,,,,,,
0,19.656,232.913,,,,,,,,,,,,,
0,20.142,232.894,,,,,,,,,,,,,
0,20.612,232.846,,,,,,,,,,,,,
0,20.997,232.85,,,,,,,,,,,,,
0,21.575,232.85,,,,,,,,,,,,,
0,22.667,232.858,,,,,,,,,,,,,
0,22.874,232.861,,,,,,,,,,,,,
0,22.985,232.871,,,,,,,,,,,,,
0,23.627,232.903,,,,,,,,,,,,,
0,23.938,232.896,,,,,,,,,,,,,
0,24.708,232.866,,,,,,,,,,,,,
0,25,232.866,,,,,,,,,,,,,
1.6,16,1600,FALSE,,,95,,,,,0,,,,
0,-25,235.03,,,,,,,,,,,,,
0,-24.891,235.032,,,,,,,,,,,,,
0,-24.593,235.031,,,,,,,,,,,,,
0,-23.545,235.009,,,,,,,,,,,,,
0,-22.802,235.032,,,,,,,,,,,,,
0,-22.691,235.037,,,,,,,,,,,,,
0,-22.344,235.035,,,,,,,,,,,,,
0,-21.297,235.021,,,,,,,,,,,,,
0,-21.118,235.052,,,,,,,,,,,,,
0,-20.454,235.123,,,,,,,,,,,,,
0,-19.614,235.066,,,,,,,,,,,,,
0,-19.082,235.013,,,,,,,,,,,,,
0,-18.766,235.015,,,,,,,,,,,,,
0,-18.234,235.046,,,,,,,,,,,,,
0,-17.48,235.028,,,,,,,,,,,,,
0,-16.855,235.024,,,,,,,,,,,,,
0,-16.297,235.017,,,,,,,,,,,,,
0,-16.011,235.006,,,,,,,,,,,,,
0,-14.96,235.03,,,,,,,,,,,,,
0,-14.608,235.037,,,,,,,,,,,,,
0,-14.368,235.048,,,,,,,,,,,,,
0,-13.753,235.087,,,,,,,,,,,,,
0,-12.926,235.052,,,,,,,,,,,,,
0,-12.384,235.028,,,,,,,,,,,,,
0,-12.193,235.036,,,,,,,,,,,,,
0,-11.521,235.076,,,,,,,,,,,,,
0,-10.877,235.124,,,,,,,,,,,,,
0,-10.162,235.072,,,,,,,,,,,,,
0,-9.707,235.124,,,,,,,,,,,,,
0,-9.323,235.063,,,,,,,,,,,,,
0,-8.77,235.102,,,,,,,,,,,,,
0,-7.978,235.053,,,,,,,,,,,,,
0,-7.345,235.082,,,,,,,,,,,,,
0,-7.136,235.094,,,,,,,,,,,,,
0,-6.622,235.002,,,,,,,,,,,,,
0,-5.815,234.817,,,,,,,,,,,,,
0,-5.088,234.283,,,,,,,,,,,,,
0,-5.011,234.227,,,,,,,,,,,,,
0,-4.923,234.145,,,,,,,,,,,,,
0,-3.72,233.024,,,,,,,,,,,,,
0,-3.245,232.664,,,,,,,,,,,,,
0,-2.936,232.552,,,,,,,,,,,,,
0,-2.348,232.595,,,,,,,,,,,,,
0,-1.588,232.646,,,,,,,,,,,,,
0,-1.125,232.628,,,,,,,,,,,,,
0,-0.781,232.59,,,,,,,,,,,,,
0,-0.021,232.703,,,,,,,,,,,,,
0,0.57,232.888,,,,,,,,,,,,,
0,1.302,233.345,,,,,,,,,,,,,
0,1.429,233.44,,,,,,,,,,,,,
0,1.606,233.488,,,,,,,,,,,,,
0,2.786,233.949,,,,,,,,,,,,,
0,3.286,234.143,,,,,,,,,,,,,
0,3.594,234.293,,,,,,,,,,,,,
0,4.079,234.513,,,,,,,,,,,,,
0,4.922,234.788,,,,,,,,,,,,,
0,5.563,234.904,,,,,,,,,,,,,
0,5.777,234.905,,,,,,,,,,,,,
0,6.226,234.902,,,,,,,,,,,,,
0,7.081,234.842,,,,,,,,,,,,,
0,7.63,234.867,,,,,,,,,,,,,
0,7.883,234.865,,,,,,,,,,,,,
0,9.142,234.781,,,,,,,,,,,,,
0,9.162,234.781,,,,,,,,,,,,,
0,9.186,234.781,,,,,,,,,,,,,
0,9.979,234.818,,,,,,,,,,,,,
0,11.119,234.711,,,,,,,,,,,,,
0,11.26,234.702,,,,,,,,,,,,,
0,11.324,234.703,,,,,,,,,,,,,
0,12.085,234.749,,,,,,,,,,,,,
0,12.196,234.735,,,,,,,,,,,,,
0,13.365,234.649,,,,,,,,,,,,,
0,13.388,234.648,,,,,,,,,,,,,
0,14.152,234.638,,,,,,,,,,,,,
0,15.193,234.562,,,,,,,,,,,,,
0,15.47,234.526,,,,,,,,,,,,,
0,15.602,234.421,,,,,,,,,,,,,
0,16.266,233.87,,,,,,,,,,,,,
0,17.103,233.883,,,,,,,,,,,,,
0,17.595,233.885,,,,,,,,,,,,,
0,17.94,233.911,,,,,,,,,,,,,
0,18.401,233.919,,,,,,,,,,,,,
0,19.21,233.885,,,,,,,,,,,,,
0,19.734,233.854,,,,,,,,,,,,,
0,20.027,233.877,,,,,,,,,,,,,
0,20.591,233.923,,,,,,,,,,,,,
0,21.331,233.879,,,,,,,,,,,,,
0,21.91,233.843,,,,,,,,,,,,,
0,22.246,233.824,,,,,,,,,,,,,
0,22.734,233.825,,,,,,,,,,,,,
0,24.05,233.811,,,,,,,,,,,,,
0,24.063,233.81,,,,,,,,,,,,,
0,24.081,233.81,,,,,,,,,,,,,
0,24.912,233.83,,,,,,,,,,,,,
0,25,233.832,,,,,,,,,,,,,
1.7,17,1700,FALSE,,,55,,,,,0,,,,
0,-25,235.39,,,,,,,,,,,,,
0,-23.871,235.409,,,,,,,,,,,,,
0,-18.556,235.46,,,,,,,,,,,,,
0,-18.534,235.459,,,,,,,,,,,,,
0,-18.518,235.46,,,,,,,,,,,,,
0,-18.503,235.461,,,,,,,,,,,,,
0,-9.191,235.631,,,,,,,,,,,,,
0,-8.578,235.679,,,,,,,,,,,,,
0,-5.077,235.289,,,,,,,,,,,,,
0,-3.344,234.939,,,,,,,,,,,,,
0,-2.227,234.637,,,,,,,,,,,,,
0,-1.071,233.939,,,,,,,,,,,,,
0,1.383,233.388,,,,,,,,,,,,,
0,2.845,233.414,,,,,,,,,,,,,
0,3.714,233.861,,,,,,,,,,,,,
0,4.496,234.719,,,,,,,,,,,,,
0,5.272,235.19,,,,,,,,,,,,,
0,5.553,235.347,,,,,,,,,,,,,
0,5.849,235.36,,,,,,,,,,,,,
0,6.71,235.453,,,,,,,,,,,,,
0,7.729,235.469,,,,,,,,,,,,,
0,7.746,235.47,,,,,,,,,,,,,
0,7.762,235.469,,,,,,,,,,,,,
0,8.87,235.415,,,,,,,,,,,,,
0,9.48,235.452,,,,,,,,,,,,,
0,9.899,235.476,,,,,,,,,,,,,
0,10.765,235.437,,,,,,,,,,,,,
0,11.038,235.44,,,,,,,,,,,,,
0,11.687,235.457,,,,,,,,,,,,,
0,12.03,235.458,,,,,,,,,,,,,
0,12.688,235.439,,,,,,,,,,,,,
0,13.188,235.442,,,,,,,,,,,,,
0,13.574,235.43,,,,,,,,,,,,,
0,14.181,235.448,,,,,,,,,,,,,
0,15.096,235.446,,,,,,,,,,,,,
0,15.337,235.452,,,,,,,,,,,,,
0,15.566,235.448,,,,,,,,,,,,,
0,16.369,235.461,,,,,,,,,,,,,
0,17.204,235.404,,,,,,,,,,,,,
0,17.525,235.396,,,,,,,,,,,,,
0,17.85,235.416,,,,,,,,,,,,,
0,18.528,235.453,,,,,,,,,,,,,
0,19.613,236.053,,,,,,,,,,,,,
0,19.676,236.088,,,,,,,,,,,,,
0,20.579,236.377,,,,,,,,,,,,,
0,20.741,236.44,,,,,,,,,,,,,
0,21.596,236.448,,,,,,,,,,,,,
0,21.863,236.449,,,,,,,,,,,,,
0,21.916,236.451,,,,,,,,,,,,,
0,22.867,236.5,,,,,,,,,,,,,
0,22.879,236.499,,,,,,,,,,,,,
0,23.96,236.443,,,,,,,,,,,,,
0,24.179,236.435,,,,,,,,,,,,,
0,24.979,236.398,,,,,,,,,,,,,
0,25,236.384,,,,,,,,,,,,,
1.8,18,1810,FALSE,,,40,,,,,0,,,,
0,-25,237.063,,,,,,,,,,,,,
0,-15.605,238.316,,,,,,,,,,,,,
0,-15.091,238.437,,,,,,,,,,,,,
0,-14.816,238.49,,,,,,,,,,,,,
0,-13.504,238.363,,,,,,,,,,,,,
0,-10.656,238.094,,,,,,,,,,,,,
0,-10.412,238.123,,,,,,,,,,,,,
0,-10.143,238.131,,,,,,,,,,,,,
0,-6.291,237.08,,,,,,,,,,,,,
0,-0.645,235.326,,,,,,,,,,,,,
0,0.354,235.326,,,,,,,,,,,,,
0,1.37,235.326,,,,,,,,,,,,,
0,1.521,235.5,,,,,,,,,,,,,
0,3.464,237.179,,,,,,,,,,,,,
0,5.431,237.215,,,,,,,,,,,,,
0,7.118,237.973,,,,,,,,,,,,,
0,7.663,238.14,,,,,,,,,,,,,
0,7.933,238.114,,,,,,,,,,,,,
0,9.416,238.395,,,,,,,,,,,,,
0,10.92,238.389,,,,,,,,,,,,,
0,10.991,238.373,,,,,,,,,,,,,
0,12.144,238.284,,,,,,,,,,,,,
0,12.756,238.112,,,,,,,,,,,,,
0,13.362,238.067,,,,,,,,,,,,,
0,14.425,238.104,,,,,,,,,,,,,
0,15.271,238.24,,,,,,,,,,,,,
0,15.293,238.238,,,,,,,,,,,,,
0,17.138,238.128,,,,,,,,,,,,,
0,18.556,238.202,,,,,,,,,,,,,
0,19.596,238.271,,,,,,,,,,,,,
0,20.596,238.392,,,,,,,,,,,,,
0,21.192,238.79,,,,,,,,,,,,,
0,21.481,238.772,,,,,,,,,,,,,
0,22.855,238.477,,,,,,,,,,,,,
0,23.285,238.596,,,,,,,,,,,,,
0,23.917,238.762,,,,,,,,,,,,,
0,24.213,238.802,,,,,,,,,,,,,
0,24.378,238.864,,,,,,,,,,,,,
0,24.564,238.929,,,,,,,,,,,,,
0,25,238.924,,,,,,,,,,,,,
1.9,19,1900,FALSE,,,45,,,,,0,,,,
0,-25,241.803,,,,,,,,,,,,,
0,-23.989,241.428,,,,,,,,,,,,,
0,-23.21,241.069,,,,,,,,,,,,,
0,-20.749,240.209,,,,,,,,,,,,,
0,-20.039,240.143,,,,,,,,,,,,,
0,-19.798,240.179,,,,,,,,,,,,,
0,-17.818,239.803,,,,,,,,,,,,,
0,-17.562,239.71,,,,,,,,,,,,,
0,-16.267,239.56,,,,,,,,,,,,,
0,-15.85,239.642,,,,,,,,,,,,,
0,-14.777,239.459,,,,,,,,,,,,,
0,-13.831,239.598,,,,,,,,,,,,,
0,-12.705,239.948,,,,,,,,,,,,,
0,-12.531,239.959,,,,,,,,,,,,,
0,-12.461,239.966,,,,,,,,,,,,,
0,-11.913,239.954,,,,,,,,,,,,,
0,-11.498,239.678,,,,,,,,,,,,,
0,-10.953,239.89,,,,,,,,,,,,,
0,-10.518,239.984,,,,,,,,,,,,,
0,-9.035,239.848,,,,,,,,,,,,,
0,-8.425,239.75,,,,,,,,,,,,,
0,-7.815,239.53,,,,,,,,,,,,,
0,-7.712,239.512,,,,,,,,,,,,,
0,-7.664,239.481,,,,,,,,,,,,,
0,-7.537,239.43,,,,,,,,,,,,,
0,-4.805,237.656,,,,,,,,,,,,,
0,-4.001,236.863,,,,,,,,,,,,,
0,-3.02,236.249,,,,,,,,,,,,,
0,-2.075,236.24,,,,,,,,,,,,,
0,-1.905,236.204,,,,,,,,,,,,,
0,-1.802,236.227,,,,,,,,,,,,,
0,-0.076,236.337,,,,,,,,,,,,,
0,0.916,236.34,,,,,,,,,,,,,
0,1.773,236.125,,,,,,,,,,,,,
0,2.195,236.056,,,,,,,,,,,,,
0,3.034,236.117,,,,,,,,,,,,,
0,3.312,236.194,,,,,,,,,,,,,
0,4.364,236.724,,,,,,,,,,,,,
0,5.107,237.4,,,,,,,,,,,,,
0,5.479,237.656,,,,,,,,,,,,,
0,5.631,237.7,,,,,,,,,,,,,
0,5.673,237.7,,,,,,,,,,,,,
0,10.849,237.784,,,,,,,,,,,,,
0,14.98,237.987,,,,,,,,,,,,,
0,25,239.236,,,,,,,,,,,,,
2,20,2000,FALSE,,,28,,,,,0,,,,
0,-25,241.727,,,,,,,,,,,,,
0,-23.944,241.71,,,,,,,,,,,,,
0,-21.334,241.777,,,,,,,,,,,,,
0,-21.116,241.769,,,,,,,,,,,,,
0,-20.061,241.748,,,,,,,,,,,,,
0,-19.895,241.769,,,,,,,,,,,,,
0,-19.193,241.773,,,,,,,,,,,,,
0,-19.101,241.751,,,,,,,,,,,,,
0,-15.406,241.64,,,,,,,,,,,,,
0,-13.99,241.537,,,,,,,,,,,,,
0,-13.841,241.525,,,,,,,,,,,,,
0,-5.358,240.114,,,,,,,,,,,,,
0,-4.658,239.874,,,,,,,,,,,,,
0,-3.201,239.001,,,,,,,,,,,,,
0,-0.15,237.209,,,,,,,,,,,,,
0,0.157,237.155,,,,,,,,,,,,,
0,0.445,237.062,,,,,,,,,,,,,
0,1.891,237.087,,,,,,,,,,,,,
0,2.136,237.096,,,,,,,,,,,,,
0,2.647,237.172,,,,,,,,,,,,,
0,9.515,238.105,,,,,,,,,,,,,
0,12.097,239.082,,,,,,,,,,,,,
0,13.522,239.908,,,,,,,,,,,,,
0,13.921,240.032,,,,,,,,,,,,,
0,14.058,240.06,,,,,,,,,,,,,
0,20.254,240.483,,,,,,,,,,,,,
0,20.671,240.519,,,,,,,,,,,,,
0,25,239.911,,,,,,,,,,,,,
2.1,21,2100,FALSE,,,15,,,,,0,,,,
0,-25,246.106,,,,,,,,,,,,,
0,-15.739,244.045,,,,,,,,,,,,,
0,-8.97,242.383,,,,,,,,,,,,,
0,-4.205,241.477,,,,,,,,,,,,,
0,-2.848,241.046,,,,,,,,,,,,,
0,-1.427,239.934,,,,,,,,,,,,,
0,-0.525,239.383,,,,,,,,,,,,,
0,2.689,239.501,,,,,,,,,,,,,
0,6.416,240.697,,,,,,,,,,,,,
0,16.095,241.485,,,,,,,,,,,,,
0,16.89,241.694,,,,,,,,,,,,,
0,18.513,241.875,,,,,,,,,,,,,
0,19.645,242.111,,,,,,,,,,,,,
0,19.955,242.088,,,,,,,,,,,,,
0,25,242.327,,,,,,,,,,,,,
2.2,22,2200,FALSE,,,30,,,,,0,,,,
0,-25,251.445,,,,,,,,,,,,,
0,-22.776,250.961,,,,,,,,,,,,,
0,-14.518,248.395,,,,,,,,,,,,,
0,-14.364,248.347,,,,,,,,,,,,,
0,-13.689,248.245,,,,,,,,,,,,,
0,-12.241,248.027,,,,,,,,,,,,,
0,-10.401,247.959,,,,,,,,,,,,,
0,-9.247,247.825,,,,,,,,,,,,,
0,-9.051,247.85,,,,,,,,,,,,,
0,-8.24,247.673,,,,,,,,,,,,,
0,-5.515,245.441,,,,,,,,,,,,,
0,-5.361,245.384,,,,,,,,,,,,,
0,-5.062,245.051,,,,,,,,,,,,,
0,-4.372,244.445,,,,,,,,,,,,,
0,-2.777,242.864,,,,,,,,,,,,,
0,-2.645,242.582,,,,,,,,,,,,,
0,-2.05,241.587,,,,,,,,,,,,,
0,-1.223,240.587,,,,,,,,,,,,,
0,-0.897,240.614,,,,,,,,,,,,,
0,-0.258,240.653,,,,,,,,,,,,,
0,0.314,240.584,,,,,,,,,,,,,
0,0.452,240.607,,,,,,,,,,,,,
0,5.738,241.77,,,,,,,,,,,,,
0,6.977,241.77,,,,,,,,,,,,,
0,8.029,241.77,,,,,,,,,,,,,
0,9.838,241.77,,,,,,,,,,,,,
0,10.588,241.776,,,,,,,,,,,,,
0,11.316,242.064,,,,,,,,,,,,,
0,12.505,242.144,,,,,,,,,,,,,
0,25,242.978,,,,,,,,,,,,,
2.3,23,2300,FALSE,,,33,,,,,0,,,,
0,-25,250.583,,,,,,,,,,,,,
0,-24.293,250.543,,,,,,,,,,,,,
0,-24.016,250.5,,,,,,,,,,,,,
0,-20.546,249.84,,,,,,,,,,,,,
0,-19.686,249.698,,,,,,,,,,,,,
0,-19.184,249.573,,,,,,,,,,,,,
0,-19.105,249.543,,,,,,,,,,,,,
0,-15.907,249.111,,,,,,,,,,,,,
0,-15.586,249.065,,,,,,,,,,,,,
0,-15.486,249.067,,,,,,,,,,,,,
0,-15.326,249.055,,,,,,,,,,,,,
0,-13.131,248.661,,,,,,,,,,,,,
0,-9.095,247.265,,,,,,,,,,,,,
0,-8.794,247.164,,,,,,,,,,,,,
0,-7.766,247.08,,,,,,,,,,,,,
0,-3.752,245.498,,,,,,,,,,,,,
0,-3.302,245.28,,,,,,,,,,,,,
0,-2.553,244.728,,,,,,,,,,,,,
0,-2.19,244.342,,,,,,,,,,,,,
0,-1.355,243.362,,,,,,,,,,,,,
0,-1.209,243.227,,,,,,,,,,,,,
0,0.37,243.376,,,,,,,,,,,,,
0,6.985,245.772,,,,,,,,,,,,,
0,8.05,246.59,,,,,,,,,,,,,
0,13.94,246.79,,,,,,,,,,,,,
0,18.801,246.922,,,,,,,,,,,,,
0,19.263,247.067,,,,,,,,,,,,,
0,23.089,247.084,,,,,,,,,,,,,
0,23.508,246.979,,,,,,,,,,,,,
0,24.185,246.911,,,,,,,,,,,,,
0,24.251,246.901,,,,,,,,,,,,,
0,24.877,246.883,,,,,,,,,,,,,
0,25,246.906,,,,,,,,,,,,,
2.4,24,2400,FALSE,,,24,,,,,0,,,,
0,-25,250.38,,,,,,,,,,,,,
0,-23.379,250.305,,,,,,,,,,,,,
0,-20.987,249.789,,,,,,,,,,,,,
0,-18.882,249.553,,,,,,,,,,,,,
0,-17.472,249.386,,,,,,,,,,,,,
0,-15.98,249.379,,,,,,,,,,,,,
0,-14.034,249.322,,,,,,,,,,,,,
0,-12.579,249.016,,,,,,,,,,,,,
0,-10.643,248.848,,,,,,,,,,,,,
0,-0.246,246.376,,,,,,,,,,,,,
0,0.148,246.293,,,,,,,,,,,,,
0,0.364,246.333,,,,,,,,,,,,,
0,6.026,247.341,,,,,,,,,,,,,
0,8.604,247.531,,,,,,,,,,,,,
0,11.208,247.687,,,,,,,,,,,,,
0,11.46,247.764,,,,,,,,,,,,,
0,12.117,247.748,,,,,,,,,,,,,
0,14.613,247.734,,,,,,,,,,,,,
0,16.58,247.72,,,,,,,,,,,,,
0,19.879,247.78,,,,,,,,,,,,,
0,20.792,247.904,,,,,,,,,,,,,
0,21.828,248.029,,,,,,,,,,,,,
0,23.211,247.743,,,,,,,,,,,,,
0,25,247.465,,,,,,,,,,,,,
