0,0,0,,,,114,,,,,0,,,óÑêÏêÖån,çÿéÌêÏ
0,-25,96.669,,,,,,,,,,,,,
0,-24.909,96.657,,,,,,,,,,,,,
0,-24,96.63,,,,,,,,,,,,,
0,-23.754,96.664,,,,,,,,,,,,,
0,-23.158,96.724,,,,,,,,,,,,,
0,-23.112,96.711,,,,,,,,,,,,,
0,-22.318,96.718,,,,,,,,,,,,,
0,-21.928,96.734,,,,,,,,,,,,,
0,-21.511,96.817,,,,,,,,,,,,,
0,-21.313,96.767,,,,,,,,,,,,,
0,-21.091,96.824,,,,,,,,,,,,,
0,-20.16,96.653,,,,,,,,,,,,,
0,-20.143,96.648,,,,,,,,,,,,,
0,-19.537,96.561,,,,,,,,,,,,,
0,-19.109,96.599,,,,,,,,,,,,,
0,-18.398,96.68,,,,,,,,,,,,,
0,-18.168,96.649,,,,,,,,,,,,,
0,-17.718,96.807,,,,,,,,,,,,,
0,-17.283,96.923,,,,,,,,,,,,,
0,-16.551,96.809,,,,,,,,,,,,,
0,-16.023,96.453,,,,,,,,,,,,,
0,-15.966,96.45,,,,,,,,,,,,,
0,-15.192,96.531,,,,,,,,,,,,,
0,-14.779,96.659,,,,,,,,,,,,,
0,-14.44,96.831,,,,,,,,,,,,,
0,-14.16,96.933,,,,,,,,,,,,,
0,-13.326,97.206,,,,,,,,,,,,,
0,-12.937,97.377,,,,,,,,,,,,,
0,-12.436,97.611,,,,,,,,,,,,,
0,-12.296,97.717,,,,,,,,,,,,,
0,-11.21,98.416,,,,,,,,,,,,,
0,-11.065,98.491,,,,,,,,,,,,,
0,-11.065,98.491,,,,,,,,,,,,,
0,-10.512,98.756,,,,,,,,,,,,,
0,-10.512,98.756,,,,,,,,,,,,,
0,-10.419,98.817,,,,,,,,,,,,,
0,-10.419,98.817,,,,,,,,,,,,,
0,-10.084,99.062,,,,,,,,,,,,,
0,-8.997,99.9,,,,,,,,,,,,,
0,-8.567,99.996,,,,,,,,,,,,,
0,-8.528,99.998,,,,,,,,,,,,,
0,-8.402,99.977,,,,,,,,,,,,,
0,-7.393,99.782,,,,,,,,,,,,,
0,-7.292,99.777,,,,,,,,,,,,,
0,-6.908,99.869,,,,,,,,,,,,,
0,-6.776,99.885,,,,,,,,,,,,,
0,-6.574,99.847,,,,,,,,,,,,,
0,-5.595,99.703,,,,,,,,,,,,,
0,-5.17,99.528,,,,,,,,,,,,,
0,-3.636,98.106,,,,,,,,,,,,,
0,-2.851,96.937,,,,,,,,,,,,,
0,-2.226,96.79,,,,,,,,,,,,,
0,-1.823,96.692,,,,,,,,,,,,,
0,-1.618,96.531,,,,,,,,,,,,,
0,-0.532,96,,,,,,,,,,,,,
0,-0.482,95.973,,,,,,,,,,,,,
0,-0.471,95.971,,,,,,,,,,,,,
0,0.13,95.94,,,,,,,,,,,,,
0,0.287,96.109,,,,,,,,,,,,,
0,1.468,97.464,,,,,,,,,,,,,
0,1.64,97.551,,,,,,,,,,,,,
0,2.149,98.082,,,,,,,,,,,,,
0,2.408,98.287,,,,,,,,,,,,,
0,3.393,98.865,,,,,,,,,,,,,
0,3.51,98.904,,,,,,,,,,,,,
0,3.941,98.966,,,,,,,,,,,,,
0,4.021,98.969,,,,,,,,,,,,,
0,4.042,98.971,,,,,,,,,,,,,
0,4.143,98.973,,,,,,,,,,,,,
0,5.259,99.015,,,,,,,,,,,,,
0,5.637,99.095,,,,,,,,,,,,,
0,5.833,99.045,,,,,,,,,,,,,
0,6.582,98.655,,,,,,,,,,,,,
0,7.021,98.725,,,,,,,,,,,,,
0,7.409,98.488,,,,,,,,,,,,,
0,7.619,98.437,,,,,,,,,,,,,
0,7.969,98.377,,,,,,,,,,,,,
0,8.828,98.228,,,,,,,,,,,,,
0,9.034,98.064,,,,,,,,,,,,,
0,9.408,98.035,,,,,,,,,,,,,
0,9.783,98.018,,,,,,,,,,,,,
0,10.613,97.965,,,,,,,,,,,,,
0,10.863,97.964,,,,,,,,,,,,,
0,11.235,98.052,,,,,,,,,,,,,
0,11.565,98.09,,,,,,,,,,,,,
0,12.467,98.038,,,,,,,,,,,,,
0,12.625,98.075,,,,,,,,,,,,,
0,13.093,98.139,,,,,,,,,,,,,
0,13.763,98.053,,,,,,,,,,,,,
0,14.338,98.064,,,,,,,,,,,,,
0,14.876,98.071,,,,,,,,,,,,,
0,14.965,98.069,,,,,,,,,,,,,
0,15.045,98.066,,,,,,,,,,,,,
0,15.267,98.018,,,,,,,,,,,,,
0,15.946,97.898,,,,,,,,,,,,,
0,16.201,97.947,,,,,,,,,,,,,
0,16.493,97.806,,,,,,,,,,,,,
0,16.805,97.772,,,,,,,,,,,,,
0,17.325,97.779,,,,,,,,,,,,,
0,18.045,97.773,,,,,,,,,,,,,
0,18.451,97.631,,,,,,,,,,,,,
0,19.369,97.327,,,,,,,,,,,,,
0,19.868,97.167,,,,,,,,,,,,,
0,20.084,97.119,,,,,,,,,,,,,
0,20.469,97.001,,,,,,,,,,,,,
0,21.197,96.952,,,,,,,,,,,,,
0,21.683,96.887,,,,,,,,,,,,,
0,22.264,96.91,,,,,,,,,,,,,
0,22.473,96.963,,,,,,,,,,,,,
0,23.58,97.23,,,,,,,,,,,,,
0,23.689,97.21,,,,,,,,,,,,,
0,24.212,97.577,,,,,,,,,,,,,
0,24.309,97.597,,,,,,,,,,,,,
0,25,97.329,,,,,,,,,,,,,
0.1,1,100,,,,127,,,,,0,,,óÑêÏêÖån,çÿéÌêÏ
0,-25,96.755,,,,,,,,,,,,,
0,-24.694,96.768,,,,,,,,,,,,,
0,-24.187,96.79,,,,,,,,,,,,,
0,-23.661,96.79,,,,,,,,,,,,,
0,-23.494,96.792,,,,,,,,,,,,,
0,-22.786,96.8,,,,,,,,,,,,,
0,-22.543,96.795,,,,,,,,,,,,,
0,-22.045,96.766,,,,,,,,,,,,,
0,-21.834,96.763,,,,,,,,,,,,,
0,-21.469,96.768,,,,,,,,,,,,,
0,-20.88,96.78,,,,,,,,,,,,,
0,-20.456,96.843,,,,,,,,,,,,,
0,-20.139,97.042,,,,,,,,,,,,,
0,-19.638,97.131,,,,,,,,,,,,,
0,-19.171,97.34,,,,,,,,,,,,,
0,-18.546,97.355,,,,,,,,,,,,,
0,-18.466,97.356,,,,,,,,,,,,,
0,-18.059,97.373,,,,,,,,,,,,,
0,-17.511,97.41,,,,,,,,,,,,,
0,-16.886,97.49,,,,,,,,,,,,,
0,-16.798,97.48,,,,,,,,,,,,,
0,-16.05,97.527,,,,,,,,,,,,,
0,-15.831,97.617,,,,,,,,,,,,,
0,-15.831,97.617,,,,,,,,,,,,,
0,-15.551,97.8,,,,,,,,,,,,,
0,-15.551,97.8,,,,,,,,,,,,,
0,-15.086,98.056,,,,,,,,,,,,,
0,-15.086,98.056,,,,,,,,,,,,,
0,-14.709,98.301,,,,,,,,,,,,,
0,-14.708,98.301,,,,,,,,,,,,,
0,-14.123,98.614,,,,,,,,,,,,,
0,-13.471,98.981,,,,,,,,,,,,,
0,-13.37,99.026,,,,,,,,,,,,,
0,-12.905,99.274,,,,,,,,,,,,,
0,-12.394,99.531,,,,,,,,,,,,,
0,-11.734,99.985,,,,,,,,,,,,,
0,-11.655,100.081,,,,,,,,,,,,,
0,-10.886,100.497,,,,,,,,,,,,,
0,-10.663,100.561,,,,,,,,,,,,,
0,-10.364,100.585,,,,,,,,,,,,,
0,-9.96,100.648,,,,,,,,,,,,,
0,-9.55,100.679,,,,,,,,,,,,,
0,-9.003,100.578,,,,,,,,,,,,,
0,-8.402,100.586,,,,,,,,,,,,,
0,-8.302,100.565,,,,,,,,,,,,,
0,-7.532,100.3,,,,,,,,,,,,,
0,-7.371,100.288,,,,,,,,,,,,,
0,-7.164,100.262,,,,,,,,,,,,,
0,-6.685,100.18,,,,,,,,,,,,,
0,-5.991,99.989,,,,,,,,,,,,,
0,-5.756,99.869,,,,,,,,,,,,,
0,-5.603,99.713,,,,,,,,,,,,,
0,-5.076,99.273,,,,,,,,,,,,,
0,-4.39,97.788,,,,,,,,,,,,,
0,-4.265,97.525,,,,,,,,,,,,,
0,-4.112,97.432,,,,,,,,,,,,,
0,-3.602,97.032,,,,,,,,,,,,,
0,-3.211,97.033,,,,,,,,,,,,,
0,-2.658,97.067,,,,,,,,,,,,,
0,-1.992,96.72,,,,,,,,,,,,,
0,-1.954,96.701,,,,,,,,,,,,,
0,-1.918,96.726,,,,,,,,,,,,,
0,-0.937,97.548,,,,,,,,,,,,,
0,-0.646,98.007,,,,,,,,,,,,,
0,-0.164,98.674,,,,,,,,,,,,,
0,0.411,98.839,,,,,,,,,,,,,
0,0.82,98.845,,,,,,,,,,,,,
0,1.276,99.089,,,,,,,,,,,,,
0,1.554,99.133,,,,,,,,,,,,,
0,1.86,99.271,,,,,,,,,,,,,
0,2.554,99.622,,,,,,,,,,,,,
0,3.219,99.798,,,,,,,,,,,,,
0,3.251,99.806,,,,,,,,,,,,,
0,3.327,99.832,,,,,,,,,,,,,
0,4.255,100.246,,,,,,,,,,,,,
0,4.482,100.311,,,,,,,,,,,,,
0,4.98,100.523,,,,,,,,,,,,,
0,5.932,100.666,,,,,,,,,,,,,
0,5.958,100.671,,,,,,,,,,,,,
0,5.97,100.67,,,,,,,,,,,,,
0,6.148,100.71,,,,,,,,,,,,,
0,6.641,100.826,,,,,,,,,,,,,
0,6.675,100.833,,,,,,,,,,,,,
0,6.896,100.813,,,,,,,,,,,,,
0,7.627,100.787,,,,,,,,,,,,,
0,7.754,100.761,,,,,,,,,,,,,
0,8.329,100.623,,,,,,,,,,,,,
0,8.578,100.515,,,,,,,,,,,,,
0,9.275,100.227,,,,,,,,,,,,,
0,9.528,100.082,,,,,,,,,,,,,
0,9.975,99.76,,,,,,,,,,,,,
0,10.847,99.408,,,,,,,,,,,,,
0,10.904,99.393,,,,,,,,,,,,,
0,10.959,99.349,,,,,,,,,,,,,
0,11.58,98.875,,,,,,,,,,,,,
0,12.041,98.596,,,,,,,,,,,,,
0,12.509,98.308,,,,,,,,,,,,,
0,12.979,98.025,,,,,,,,,,,,,
0,13.182,97.97,,,,,,,,,,,,,
0,13.944,97.6,,,,,,,,,,,,,
0,14.123,97.531,,,,,,,,,,,,,
0,14.232,97.5,,,,,,,,,,,,,
0,14.852,97.557,,,,,,,,,,,,,
0,15.516,97.558,,,,,,,,,,,,,
0,15.817,97.596,,,,,,,,,,,,,
0,15.943,97.592,,,,,,,,,,,,,
0,16.529,97.724,,,,,,,,,,,,,
0,17.439,97.806,,,,,,,,,,,,,
0,17.515,97.821,,,,,,,,,,,,,
0,17.558,97.818,,,,,,,,,,,,,
0,18.239,98.006,,,,,,,,,,,,,
0,18.462,98.031,,,,,,,,,,,,,
0,19.229,98.177,,,,,,,,,,,,,
0,19.447,98.201,,,,,,,,,,,,,
0,19.943,98.287,,,,,,,,,,,,,
0,20.615,98.5,,,,,,,,,,,,,
0,20.941,98.618,,,,,,,,,,,,,
0,21.324,98.758,,,,,,,,,,,,,
0,21.685,98.889,,,,,,,,,,,,,
0,22.372,98.933,,,,,,,,,,,,,
0,22.647,98.922,,,,,,,,,,,,,
0,23.282,98.919,,,,,,,,,,,,,
0,23.34,98.927,,,,,,,,,,,,,
0,23.448,98.942,,,,,,,,,,,,,
0,24.328,99.071,,,,,,,,,,,,,
0,24.775,99.145,,,,,,,,,,,,,
0,25,99.211,,,,,,,,,,,,,
0.2,2,170,,,,121,,,,,0,,,óÑêÏêÖån,çÿéÌêÏ
0,-25,96.774,,,,,,,,,,,,,
0,-24.958,96.773,,,,,,,,,,,,,
0,-24.354,96.78,,,,,,,,,,,,,
0,-24.045,96.784,,,,,,,,,,,,,
0,-23.514,96.784,,,,,,,,,,,,,
0,-23.081,96.775,,,,,,,,,,,,,
0,-22.61,96.765,,,,,,,,,,,,,
0,-21.944,96.785,,,,,,,,,,,,,
0,-21.738,96.784,,,,,,,,,,,,,
0,-21.575,96.794,,,,,,,,,,,,,
0,-20.841,96.823,,,,,,,,,,,,,
0,-20.51,96.798,,,,,,,,,,,,,
0,-20.017,96.771,,,,,,,,,,,,,
0,-19.356,96.826,,,,,,,,,,,,,
0,-19.109,96.835,,,,,,,,,,,,,
0,-18.408,96.745,,,,,,,,,,,,,
0,-18.247,96.738,,,,,,,,,,,,,
0,-17.662,96.783,,,,,,,,,,,,,
0,-17.662,96.783,,,,,,,,,,,,,
0,-17.352,96.79,,,,,,,,,,,,,
0,-17.352,96.79,,,,,,,,,,,,,
0,-16.787,97.031,,,,,,,,,,,,,
0,-16.787,97.031,,,,,,,,,,,,,
0,-16.469,97.067,,,,,,,,,,,,,
0,-16.469,97.067,,,,,,,,,,,,,
0,-16.188,97.265,,,,,,,,,,,,,
0,-15.538,97.605,,,,,,,,,,,,,
0,-15.165,97.711,,,,,,,,,,,,,
0,-14.673,97.723,,,,,,,,,,,,,
0,-13.946,98.003,,,,,,,,,,,,,
0,-13.739,97.998,,,,,,,,,,,,,
0,-13.542,98.099,,,,,,,,,,,,,
0,-12.843,98.194,,,,,,,,,,,,,
0,-12.413,98.176,,,,,,,,,,,,,
0,-11.933,98.379,,,,,,,,,,,,,
0,-11.213,98.766,,,,,,,,,,,,,
0,-11.029,98.902,,,,,,,,,,,,,
0,-10.423,99.459,,,,,,,,,,,,,
0,-10.054,99.816,,,,,,,,,,,,,
0,-9.8,99.94,,,,,,,,,,,,,
0,-9.178,100.262,,,,,,,,,,,,,
0,-8.528,100.272,,,,,,,,,,,,,
0,-8.251,100.325,,,,,,,,,,,,,
0,-8.064,100.385,,,,,,,,,,,,,
0,-7.381,100.533,,,,,,,,,,,,,
0,-6.532,100.433,,,,,,,,,,,,,
0,-6.491,100.429,,,,,,,,,,,,,
0,-6.318,100.36,,,,,,,,,,,,,
0,-5.653,100.111,,,,,,,,,,,,,
0,-5.231,100.033,,,,,,,,,,,,,
0,-4.766,99.897,,,,,,,,,,,,,
0,-4.621,99.777,,,,,,,,,,,,,
0,-3.961,99.246,,,,,,,,,,,,,
0,-3.41,98.826,,,,,,,,,,,,,
0,-3.131,98.374,,,,,,,,,,,,,
0,-2.765,98.181,,,,,,,,,,,,,
0,-1.423,97.49,,,,,,,,,,,,,
0,-1.106,97.65,,,,,,,,,,,,,
0,-0.554,97.669,,,,,,,,,,,,,
0,0.008,97.71,,,,,,,,,,,,,
0,0.348,97.661,,,,,,,,,,,,,
0,0.498,97.689,,,,,,,,,,,,,
0,1.193,97.937,,,,,,,,,,,,,
0,1.221,98,,,,,,,,,,,,,
0,2.295,100.255,,,,,,,,,,,,,
0,2.701,100.385,,,,,,,,,,,,,
0,3.194,100.642,,,,,,,,,,,,,
0,3.471,100.693,,,,,,,,,,,,,
0,4.082,100.543,,,,,,,,,,,,,
0,4.276,100.481,,,,,,,,,,,,,
0,4.896,100.42,,,,,,,,,,,,,
0,5.552,100.413,,,,,,,,,,,,,
0,5.815,100.424,,,,,,,,,,,,,
0,6.225,100.415,,,,,,,,,,,,,
0,6.668,100.338,,,,,,,,,,,,,
0,6.894,100.192,,,,,,,,,,,,,
0,7.528,99.79,,,,,,,,,,,,,
0,7.952,99.501,,,,,,,,,,,,,
0,8.326,99.334,,,,,,,,,,,,,
0,8.816,99.137,,,,,,,,,,,,,
0,9.208,98.858,,,,,,,,,,,,,
0,9.658,98.718,,,,,,,,,,,,,
0,9.999,98.569,,,,,,,,,,,,,
0,10.269,98.522,,,,,,,,,,,,,
0,10.894,98.226,,,,,,,,,,,,,
0,11.23,97.943,,,,,,,,,,,,,
0,11.702,97.712,,,,,,,,,,,,,
0,12.381,97.476,,,,,,,,,,,,,
0,12.595,97.435,,,,,,,,,,,,,
0,12.988,97.55,,,,,,,,,,,,,
0,13.453,97.595,,,,,,,,,,,,,
0,13.659,97.672,,,,,,,,,,,,,
0,14.38,97.622,,,,,,,,,,,,,
0,14.62,97.54,,,,,,,,,,,,,
0,15.17,97.372,,,,,,,,,,,,,
0,15.698,97.383,,,,,,,,,,,,,
0,16.103,97.386,,,,,,,,,,,,,
0,16.645,97.362,,,,,,,,,,,,,
0,16.952,97.358,,,,,,,,,,,,,
0,17.193,97.353,,,,,,,,,,,,,
0,17.862,97.368,,,,,,,,,,,,,
0,18.221,97.364,,,,,,,,,,,,,
0,18.684,97.385,,,,,,,,,,,,,
0,19.234,97.38,,,,,,,,,,,,,
0,19.584,97.364,,,,,,,,,,,,,
0,20.189,97.381,,,,,,,,,,,,,
0,20.44,97.393,,,,,,,,,,,,,
0,20.56,97.389,,,,,,,,,,,,,
0,21.051,97.369,,,,,,,,,,,,,
0,21.274,97.36,,,,,,,,,,,,,
0,21.33,97.361,,,,,,,,,,,,,
0,21.447,97.364,,,,,,,,,,,,,
0,22.149,97.399,,,,,,,,,,,,,
0,22.654,97.374,,,,,,,,,,,,,
0,23.084,97.364,,,,,,,,,,,,,
0,23.743,97.417,,,,,,,,,,,,,
0,23.921,97.417,,,,,,,,,,,,,
0,24.582,97.408,,,,,,,,,,,,,
0,24.82,97.4,,,,,,,,,,,,,
0,24.909,97.399,,,,,,,,,,,,,
0,25,97.4,,,,,,,,,,,,,
0.3,3,290,,,,123,,,,,0,,,óÑêÏêÖån,çÿéÌêÏ
0,-25,98.177,,,,,,,,,,,,,
0,-24.659,98.179,,,,,,,,,,,,,
0,-24.138,98.163,,,,,,,,,,,,,
0,-24.018,98.157,,,,,,,,,,,,,
0,-23.818,98.155,,,,,,,,,,,,,
0,-23.064,98.19,,,,,,,,,,,,,
0,-22.058,98.208,,,,,,,,,,,,,
0,-20.243,98.155,,,,,,,,,,,,,
0,-19.7,98.152,,,,,,,,,,,,,
0,-19.394,98.148,,,,,,,,,,,,,
0,-18.577,98.314,,,,,,,,,,,,,
0,-17.938,98.307,,,,,,,,,,,,,
0,-17.607,98.26,,,,,,,,,,,,,
0,-16.933,98.107,,,,,,,,,,,,,
0,-16.702,98.104,,,,,,,,,,,,,
0,-16.206,98.161,,,,,,,,,,,,,
0,-16.025,98.186,,,,,,,,,,,,,
0,-15.9,98.241,,,,,,,,,,,,,
0,-15.053,98.642,,,,,,,,,,,,,
0,-14.562,98.922,,,,,,,,,,,,,
0,-14.365,99.02,,,,,,,,,,,,,
0,-13.633,99.517,,,,,,,,,,,,,
0,-13.403,99.664,,,,,,,,,,,,,
0,-13.005,99.806,,,,,,,,,,,,,
0,-12.716,99.913,,,,,,,,,,,,,
0,-12.217,100.166,,,,,,,,,,,,,
0,-11.773,100.395,,,,,,,,,,,,,
0,-11.543,100.514,,,,,,,,,,,,,
0,-11.086,100.732,,,,,,,,,,,,,
0,-10.398,101.092,,,,,,,,,,,,,
0,-10.126,101.228,,,,,,,,,,,,,
0,-9.888,101.359,,,,,,,,,,,,,
0,-9.446,101.589,,,,,,,,,,,,,
0,-9.076,101.544,,,,,,,,,,,,,
0,-8.515,101.449,,,,,,,,,,,,,
0,-8.119,101.43,,,,,,,,,,,,,
0,-7.857,101.406,,,,,,,,,,,,,
0,-7.292,101.415,,,,,,,,,,,,,
0,-6.941,101.42,,,,,,,,,,,,,
0,-6.345,101.423,,,,,,,,,,,,,
0,-6.283,101.424,,,,,,,,,,,,,
0,-6.192,101.39,,,,,,,,,,,,,
0,-5.362,101.173,,,,,,,,,,,,,
0,-5.362,101.173,,,,,,,,,,,,,
0,-4.729,100.83,,,,,,,,,,,,,
0,-4.729,100.83,,,,,,,,,,,,,
0,-4.729,100.83,,,,,,,,,,,,,
0,-4.729,100.83,,,,,,,,,,,,,
0,-4.727,100.829,,,,,,,,,,,,,
0,-3.842,100.459,,,,,,,,,,,,,
0,-3.457,100.316,,,,,,,,,,,,,
0,-3.213,100.209,,,,,,,,,,,,,
0,-2.765,99.625,,,,,,,,,,,,,
0,-2.365,99.183,,,,,,,,,,,,,
0,-2.102,98.818,,,,,,,,,,,,,
0,-1.578,98.479,,,,,,,,,,,,,
0,-1.117,98.665,,,,,,,,,,,,,
0,-0.171,98.727,,,,,,,,,,,,,
0,0.435,99.023,,,,,,,,,,,,,
0,0.756,98.994,,,,,,,,,,,,,
0,1.118,98.932,,,,,,,,,,,,,
0,1.392,98.878,,,,,,,,,,,,,
0,2.099,98.82,,,,,,,,,,,,,
0,2.303,98.813,,,,,,,,,,,,,
0,2.365,98.868,,,,,,,,,,,,,
0,2.956,99.038,,,,,,,,,,,,,
0,3.751,100.231,,,,,,,,,,,,,
0,4.001,100.527,,,,,,,,,,,,,
0,4.149,100.592,,,,,,,,,,,,,
0,4.656,100.785,,,,,,,,,,,,,
0,5.327,101.08,,,,,,,,,,,,,
0,5.588,101.296,,,,,,,,,,,,,
0,5.804,101.328,,,,,,,,,,,,,
0,6.265,101.737,,,,,,,,,,,,,
0,6.786,101.883,,,,,,,,,,,,,
0,7.181,101.998,,,,,,,,,,,,,
0,7.577,101.896,,,,,,,,,,,,,
0,7.811,101.855,,,,,,,,,,,,,
0,8.123,101.807,,,,,,,,,,,,,
0,8.712,101.784,,,,,,,,,,,,,
0,9.067,101.814,,,,,,,,,,,,,
0,9.358,101.881,,,,,,,,,,,,,
0,9.689,101.852,,,,,,,,,,,,,
0,10.218,101.803,,,,,,,,,,,,,
0,10.658,101.569,,,,,,,,,,,,,
0,10.856,101.487,,,,,,,,,,,,,
0,11.138,101.331,,,,,,,,,,,,,
0,11.711,101.124,,,,,,,,,,,,,
0,12.204,100.867,,,,,,,,,,,,,
0,12.341,100.778,,,,,,,,,,,,,
0,12.629,100.63,,,,,,,,,,,,,
0,13.192,100.42,,,,,,,,,,,,,
0,13.548,100.212,,,,,,,,,,,,,
0,13.824,100.107,,,,,,,,,,,,,
0,14.058,100.007,,,,,,,,,,,,,
0,14.669,99.735,,,,,,,,,,,,,
0,15.131,99.362,,,,,,,,,,,,,
0,15.269,99.304,,,,,,,,,,,,,
0,15.479,99.142,,,,,,,,,,,,,
0,16.122,98.783,,,,,,,,,,,,,
0,16.365,98.763,,,,,,,,,,,,,
0,16.777,98.694,,,,,,,,,,,,,
0,17.296,98.596,,,,,,,,,,,,,
0,17.643,98.546,,,,,,,,,,,,,
0,18.139,98.502,,,,,,,,,,,,,
0,18.28,98.485,,,,,,,,,,,,,
0,18.498,98.498,,,,,,,,,,,,,
0,19.14,98.285,,,,,,,,,,,,,
0,19.512,98.483,,,,,,,,,,,,,
0,19.808,98.719,,,,,,,,,,,,,
0,20.619,98.939,,,,,,,,,,,,,
0,20.744,98.979,,,,,,,,,,,,,
0,20.813,98.992,,,,,,,,,,,,,
0,21.397,99.043,,,,,,,,,,,,,
0,21.67,99.064,,,,,,,,,,,,,
0,22.277,99.087,,,,,,,,,,,,,
0,22.624,99.097,,,,,,,,,,,,,
0,22.913,99.077,,,,,,,,,,,,,
0,23.242,99.078,,,,,,,,,,,,,
0,23.824,99.098,,,,,,,,,,,,,
0,24.074,99.113,,,,,,,,,,,,,
0,24.471,99.156,,,,,,,,,,,,,
0,25,99.133,,,,,,,,,,,,,
0.4,4,410,,,,106,,,,,0,,,óÑêÏêÖån,çÿéÌêÏ
0,-25,99.152,,,,,,,,,,,,,
0,-24.659,99.189,,,,,,,,,,,,,
0,-24.651,99.19,,,,,,,,,,,,,
0,-24.631,99.19,,,,,,,,,,,,,
0,-23.61,99.159,,,,,,,,,,,,,
0,-23.262,99.149,,,,,,,,,,,,,
0,-23.109,99.14,,,,,,,,,,,,,
0,-22.792,99.113,,,,,,,,,,,,,
0,-22.054,99.084,,,,,,,,,,,,,
0,-21.747,99.153,,,,,,,,,,,,,
0,-21.559,99.177,,,,,,,,,,,,,
0,-21.058,99.138,,,,,,,,,,,,,
0,-20.49,99.093,,,,,,,,,,,,,
0,-20.229,99.115,,,,,,,,,,,,,
0,-19.967,99.14,,,,,,,,,,,,,
0,-19.414,99.135,,,,,,,,,,,,,
0,-18.883,99.145,,,,,,,,,,,,,
0,-18.615,99.141,,,,,,,,,,,,,
0,-18.405,99.145,,,,,,,,,,,,,
0,-18.161,99.141,,,,,,,,,,,,,
0,-17.32,99.126,,,,,,,,,,,,,
0,-17.172,99.144,,,,,,,,,,,,,
0,-16.803,99.214,,,,,,,,,,,,,
0,-15.734,99.19,,,,,,,,,,,,,
0,-15.715,99.19,,,,,,,,,,,,,
0,-15.705,99.191,,,,,,,,,,,,,
0,-15.21,99.203,,,,,,,,,,,,,
0,-14.674,99.19,,,,,,,,,,,,,
0,-14.125,99.204,,,,,,,,,,,,,
0,-13.688,99.17,,,,,,,,,,,,,
0,-13.599,99.157,,,,,,,,,,,,,
0,-13.402,99.166,,,,,,,,,,,,,
0,-12.533,99.17,,,,,,,,,,,,,
0,-12.137,99.167,,,,,,,,,,,,,
0,-12.02,99.154,,,,,,,,,,,,,
0,-11.767,99.172,,,,,,,,,,,,,
0,-10.917,99.267,,,,,,,,,,,,,
0,-10.444,99.523,,,,,,,,,,,,,
0,-10.388,99.557,,,,,,,,,,,,,
0,-10.255,99.664,,,,,,,,,,,,,
0,-9.245,100.467,,,,,,,,,,,,,
0,-8.877,100.643,,,,,,,,,,,,,
0,-8.688,100.747,,,,,,,,,,,,,
0,-7.974,100.902,,,,,,,,,,,,,
0,-7.584,100.984,,,,,,,,,,,,,
0,-7.456,101.014,,,,,,,,,,,,,
0,-7.059,101.075,,,,,,,,,,,,,
0,-6.187,101.033,,,,,,,,,,,,,
0,-5.983,101.017,,,,,,,,,,,,,
0,-5.911,101.019,,,,,,,,,,,,,
0,-5.444,101.052,,,,,,,,,,,,,
0,-4.77,100.139,,,,,,,,,,,,,
0,-4.447,99.703,,,,,,,,,,,,,
0,-4.201,99.301,,,,,,,,,,,,,
0,-3.996,98.948,,,,,,,,,,,,,
0,-2.877,99.149,,,,,,,,,,,,,
0,-2.872,99.15,,,,,,,,,,,,,
0,-2.871,99.15,,,,,,,,,,,,,
0,-2.36,99.171,,,,,,,,,,,,,
0,-1.313,98.965,,,,,,,,,,,,,
0,-1.26,98.952,,,,,,,,,,,,,
0,-1.239,98.954,,,,,,,,,,,,,
0,-0.771,98.929,,,,,,,,,,,,,
0,-0.388,98.932,,,,,,,,,,,,,
0,0.332,98.944,,,,,,,,,,,,,
0,0.6,98.859,,,,,,,,,,,,,
0,0.849,98.8,,,,,,,,,,,,,
0,1.622,99.413,,,,,,,,,,,,,
0,2.025,99.622,,,,,,,,,,,,,
0,2.232,99.961,,,,,,,,,,,,,
0,2.605,100.543,,,,,,,,,,,,,
0,3.076,100.905,,,,,,,,,,,,,
0,3.747,101.193,,,,,,,,,,,,,
0,3.969,101.194,,,,,,,,,,,,,
0,4.285,101.165,,,,,,,,,,,,,
0,4.957,101.17,,,,,,,,,,,,,
0,5.389,101.16,,,,,,,,,,,,,
0,5.776,101.163,,,,,,,,,,,,,
0,5.901,101.168,,,,,,,,,,,,,
0,6.563,101.136,,,,,,,,,,,,,
0,8.639,101.009,,,,,,,,,,,,,
0,9.127,100.841,,,,,,,,,,,,,
0,9.157,100.83,,,,,,,,,,,,,
0,9.214,100.829,,,,,,,,,,,,,
0,10.246,100.812,,,,,,,,,,,,,
0,10.535,100.874,,,,,,,,,,,,,
0,10.792,100.912,,,,,,,,,,,,,
0,11.651,100.832,,,,,,,,,,,,,
0,11.908,100.837,,,,,,,,,,,,,
0,12.101,100.845,,,,,,,,,,,,,
0,12.425,100.878,,,,,,,,,,,,,
0,12.904,100.868,,,,,,,,,,,,,
0,13.994,100.946,,,,,,,,,,,,,
0,15.056,101.014,,,,,,,,,,,,,
0,15.206,100.984,,,,,,,,,,,,,
0,16.765,101.368,,,,,,,,,,,,,
0,16.818,101.373,,,,,,,,,,,,,
0,16.894,101.384,,,,,,,,,,,,,
0,16.987,101.354,,,,,,,,,,,,,
0,17.3,101.13,,,,,,,,,,,,,
0,19.477,101.43,,,,,,,,,,,,,
0,19.746,101.457,,,,,,,,,,,,,
0,21.649,101.505,,,,,,,,,,,,,
0,23.516,101.114,,,,,,,,,,,,,
0,24.171,101.056,,,,,,,,,,,,,
0,25,101.059,,,,,,,,,,,,,
0.5,5,500,,,,123,,,,,0,,,óÑêÏêÖån,çÿéÌêÏ
0,-25,102.719,,,,,,,,,,,,,
0,-24.181,102.728,,,,,,,,,,,,,
0,-23.904,102.755,,,,,,,,,,,,,
0,-23.819,102.749,,,,,,,,,,,,,
0,-22.763,102.696,,,,,,,,,,,,,
0,-22.609,102.704,,,,,,,,,,,,,
0,-22.289,102.773,,,,,,,,,,,,,
0,-22.252,102.775,,,,,,,,,,,,,
0,-22.019,102.778,,,,,,,,,,,,,
0,-21.022,102.89,,,,,,,,,,,,,
0,-20.745,102.82,,,,,,,,,,,,,
0,-20.678,102.741,,,,,,,,,,,,,
0,-20.089,102.828,,,,,,,,,,,,,
0,-19.448,102.879,,,,,,,,,,,,,
0,-19.395,102.875,,,,,,,,,,,,,
0,-19.116,102.673,,,,,,,,,,,,,
0,-18.228,102.627,,,,,,,,,,,,,
0,-17.884,102.594,,,,,,,,,,,,,
0,-17.843,102.579,,,,,,,,,,,,,
0,-17.536,102.602,,,,,,,,,,,,,
0,-16.345,102.452,,,,,,,,,,,,,
0,-16.338,102.451,,,,,,,,,,,,,
0,-16.336,102.45,,,,,,,,,,,,,
0,-15.971,102.412,,,,,,,,,,,,,
0,-15.154,102.462,,,,,,,,,,,,,
0,-14.735,102.52,,,,,,,,,,,,,
0,-14.526,102.538,,,,,,,,,,,,,
0,-14.384,102.556,,,,,,,,,,,,,
0,-14.067,102.605,,,,,,,,,,,,,
0,-13.15,102.737,,,,,,,,,,,,,
0,-12.931,102.804,,,,,,,,,,,,,
0,-12.771,102.836,,,,,,,,,,,,,
0,-12.272,102.902,,,,,,,,,,,,,
0,-11.516,102.955,,,,,,,,,,,,,
0,-11.276,102.998,,,,,,,,,,,,,
0,-11.16,103.023,,,,,,,,,,,,,
0,-10.826,103.037,,,,,,,,,,,,,
0,-9.914,103.03,,,,,,,,,,,,,
0,-9.714,103.057,,,,,,,,,,,,,
0,-9.571,103.065,,,,,,,,,,,,,
0,-9.327,103.083,,,,,,,,,,,,,
0,-8.296,103.118,,,,,,,,,,,,,
0,-8.15,103.088,,,,,,,,,,,,,
0,-7.967,103.057,,,,,,,,,,,,,
0,-7.967,103.057,,,,,,,,,,,,,
0,-7.208,103.036,,,,,,,,,,,,,
0,-7.208,103.036,,,,,,,,,,,,,
0,-6.721,103.048,,,,,,,,,,,,,
0,-6.721,103.048,,,,,,,,,,,,,
0,-6.482,103.061,,,,,,,,,,,,,
0,-6.373,103.076,,,,,,,,,,,,,
0,-6.182,102.952,,,,,,,,,,,,,
0,-5.15,102.255,,,,,,,,,,,,,
0,-4.933,102.237,,,,,,,,,,,,,
0,-4.817,102.215,,,,,,,,,,,,,
0,-4.031,101.058,,,,,,,,,,,,,
0,-3.703,100.583,,,,,,,,,,,,,
0,-2.426,100.528,,,,,,,,,,,,,
0,-1.324,100.39,,,,,,,,,,,,,
0,-0.486,100.271,,,,,,,,,,,,,
0,-0.47,100.274,,,,,,,,,,,,,
0,-0.127,100.355,,,,,,,,,,,,,
0,0.26,100.396,,,,,,,,,,,,,
0,1.132,100.388,,,,,,,,,,,,,
0,1.411,100.773,,,,,,,,,,,,,
0,1.542,100.873,,,,,,,,,,,,,
0,2.545,102.272,,,,,,,,,,,,,
0,2.932,102.786,,,,,,,,,,,,,
0,3.008,102.802,,,,,,,,,,,,,
0,3.306,102.899,,,,,,,,,,,,,
0,3.944,103.07,,,,,,,,,,,,,
0,4.612,103.369,,,,,,,,,,,,,
0,4.86,103.21,,,,,,,,,,,,,
0,4.958,103.181,,,,,,,,,,,,,
0,5.268,103.135,,,,,,,,,,,,,
0,6.203,103.06,,,,,,,,,,,,,
0,6.45,103.012,,,,,,,,,,,,,
0,6.567,102.993,,,,,,,,,,,,,
0,7.094,103.019,,,,,,,,,,,,,
0,7.844,103.06,,,,,,,,,,,,,
0,8.15,103.077,,,,,,,,,,,,,
0,8.213,103.087,,,,,,,,,,,,,
0,9.33,103.104,,,,,,,,,,,,,
0,9.502,103.105,,,,,,,,,,,,,
0,9.58,103.109,,,,,,,,,,,,,
0,9.847,103.126,,,,,,,,,,,,,
0,11.088,103.052,,,,,,,,,,,,,
0,11.123,103.049,,,,,,,,,,,,,
0,11.129,103.049,,,,,,,,,,,,,
0,11.477,103.01,,,,,,,,,,,,,
0,11.921,102.985,,,,,,,,,,,,,
0,12.728,102.932,,,,,,,,,,,,,
0,12.932,102.899,,,,,,,,,,,,,
0,13.074,102.87,,,,,,,,,,,,,
0,13.447,102.837,,,,,,,,,,,,,
0,14.327,102.753,,,,,,,,,,,,,
0,14.452,102.743,,,,,,,,,,,,,
0,14.693,102.717,,,,,,,,,,,,,
0,15.161,102.63,,,,,,,,,,,,,
0,15.92,102.521,,,,,,,,,,,,,
0,16.142,102.494,,,,,,,,,,,,,
0,16.277,102.401,,,,,,,,,,,,,
0,17.02,102.28,,,,,,,,,,,,,
0,17.516,102.176,,,,,,,,,,,,,
0,17.856,102.222,,,,,,,,,,,,,
0,17.862,102.221,,,,,,,,,,,,,
0,17.951,102.204,,,,,,,,,,,,,
0,19.104,101.875,,,,,,,,,,,,,
0,19.225,101.783,,,,,,,,,,,,,
0,19.448,101.582,,,,,,,,,,,,,
0,20.237,101.38,,,,,,,,,,,,,
0,20.684,101.284,,,,,,,,,,,,,
0,20.854,101.281,,,,,,,,,,,,,
0,21.031,101.301,,,,,,,,,,,,,
0,21.37,101.231,,,,,,,,,,,,,
0,22.303,101.008,,,,,,,,,,,,,
0,22.546,100.84,,,,,,,,,,,,,
0,22.643,100.854,,,,,,,,,,,,,
0,22.944,100.847,,,,,,,,,,,,,
0,23.904,100.652,,,,,,,,,,,,,
0,24.016,100.661,,,,,,,,,,,,,
0,24.26,100.587,,,,,,,,,,,,,
0,25,100.625,,,,,,,,,,,,,
0.6,6,600,,,,115,,,,,0,,,óÑêÏêÖån,çÿéÌêÏ
0,-25,101.403,,,,,,,,,,,,,
0,-24.691,101.291,,,,,,,,,,,,,
0,-24.203,101.21,,,,,,,,,,,,,
0,-23.819,101.285,,,,,,,,,,,,,
0,-23.579,101.27,,,,,,,,,,,,,
0,-23.086,101.314,,,,,,,,,,,,,
0,-22.355,101.31,,,,,,,,,,,,,
0,-22.234,101.338,,,,,,,,,,,,,
0,-22.147,101.341,,,,,,,,,,,,,
0,-21.688,101.44,,,,,,,,,,,,,
0,-21.51,101.475,,,,,,,,,,,,,
0,-20.879,101.68,,,,,,,,,,,,,
0,-20.126,102.012,,,,,,,,,,,,,
0,-19.944,102.075,,,,,,,,,,,,,
0,-19.456,102.11,,,,,,,,,,,,,
0,-19.05,102.042,,,,,,,,,,,,,
0,-18.566,102.038,,,,,,,,,,,,,
0,-18.25,102.024,,,,,,,,,,,,,
0,-17.982,101.984,,,,,,,,,,,,,
0,-17.531,101.844,,,,,,,,,,,,,
0,-17.332,101.792,,,,,,,,,,,,,
0,-17.122,101.769,,,,,,,,,,,,,
0,-15.88,101.883,,,,,,,,,,,,,
0,-15.802,101.895,,,,,,,,,,,,,
0,-15.245,102.009,,,,,,,,,,,,,
0,-15.245,102.009,,,,,,,,,,,,,
0,-15.139,102.015,,,,,,,,,,,,,
0,-15.139,102.015,,,,,,,,,,,,,
0,-14.966,102.019,,,,,,,,,,,,,
0,-14.966,102.019,,,,,,,,,,,,,
0,-14.231,102.058,,,,,,,,,,,,,
0,-14.231,102.058,,,,,,,,,,,,,
0,-13.748,101.908,,,,,,,,,,,,,
0,-13.748,101.908,,,,,,,,,,,,,
0,-13.479,101.937,,,,,,,,,,,,,
0,-13.096,101.953,,,,,,,,,,,,,
0,-12.677,101.966,,,,,,,,,,,,,
0,-11.648,102.147,,,,,,,,,,,,,
0,-11.425,102.127,,,,,,,,,,,,,
0,-10.977,102.007,,,,,,,,,,,,,
0,-10.272,101.865,,,,,,,,,,,,,
0,-9.475,101.878,,,,,,,,,,,,,
0,-9.141,101.88,,,,,,,,,,,,,
0,-8.853,102.037,,,,,,,,,,,,,
0,-8.24,102.682,,,,,,,,,,,,,
0,-7.45,103.046,,,,,,,,,,,,,
0,-7.395,103.085,,,,,,,,,,,,,
0,-6.816,103.5,,,,,,,,,,,,,
0,-5.866,103.811,,,,,,,,,,,,,
0,-5.345,103.87,,,,,,,,,,,,,
0,-4.807,103.989,,,,,,,,,,,,,
0,-4.718,104.002,,,,,,,,,,,,,
0,-4.671,104.008,,,,,,,,,,,,,
0,-4.597,104.002,,,,,,,,,,,,,
0,-3.745,103.939,,,,,,,,,,,,,
0,-3.169,103.696,,,,,,,,,,,,,
0,-2.833,103.596,,,,,,,,,,,,,
0,-2.491,103.285,,,,,,,,,,,,,
0,-1.851,102.674,,,,,,,,,,,,,
0,-0.811,101.463,,,,,,,,,,,,,
0,-0.8,101.452,,,,,,,,,,,,,
0,-0.776,101.46,,,,,,,,,,,,,
0,-0.17,101.742,,,,,,,,,,,,,
0,0.554,101.474,,,,,,,,,,,,,
0,1.382,101.325,,,,,,,,,,,,,
0,1.643,101.383,,,,,,,,,,,,,
0,2.006,101.477,,,,,,,,,,,,,
0,2.694,101.499,,,,,,,,,,,,,
0,3.577,100.983,,,,,,,,,,,,,
0,3.849,100.853,,,,,,,,,,,,,
0,4.179,101.574,,,,,,,,,,,,,
0,4.695,102.372,,,,,,,,,,,,,
0,5.588,102.997,,,,,,,,,,,,,
0,5.748,103.09,,,,,,,,,,,,,
0,6.192,103.354,,,,,,,,,,,,,
0,6.436,103.507,,,,,,,,,,,,,
0,6.827,103.538,,,,,,,,,,,,,
0,7.372,103.603,,,,,,,,,,,,,
0,7.715,103.626,,,,,,,,,,,,,
0,8.34,103.719,,,,,,,,,,,,,
0,8.353,103.719,,,,,,,,,,,,,
0,9.292,103.595,,,,,,,,,,,,,
0,9.941,103.147,,,,,,,,,,,,,
0,10.32,102.795,,,,,,,,,,,,,
0,10.623,102.606,,,,,,,,,,,,,
0,11.495,102.102,,,,,,,,,,,,,
0,12.248,101.818,,,,,,,,,,,,,
0,12.697,101.817,,,,,,,,,,,,,
0,12.9,101.811,,,,,,,,,,,,,
0,13.967,101.811,,,,,,,,,,,,,
0,14.47,101.784,,,,,,,,,,,,,
0,14.891,101.771,,,,,,,,,,,,,
0,15.109,101.752,,,,,,,,,,,,,
0,15.403,101.688,,,,,,,,,,,,,
0,16.739,101.038,,,,,,,,,,,,,
0,16.861,100.984,,,,,,,,,,,,,
0,17.416,100.829,,,,,,,,,,,,,
0,17.595,100.761,,,,,,,,,,,,,
0,17.841,100.752,,,,,,,,,,,,,
0,18.532,100.699,,,,,,,,,,,,,
0,19.022,100.746,,,,,,,,,,,,,
0,19.261,100.746,,,,,,,,,,,,,
0,19.675,100.72,,,,,,,,,,,,,
0,19.824,100.719,,,,,,,,,,,,,
0,20.009,100.709,,,,,,,,,,,,,
0,20.704,100.691,,,,,,,,,,,,,
0,21.265,100.67,,,,,,,,,,,,,
0,21.616,100.721,,,,,,,,,,,,,
0,21.883,100.765,,,,,,,,,,,,,
0,22.689,100.765,,,,,,,,,,,,,
0,23.491,100.772,,,,,,,,,,,,,
0,23.662,100.772,,,,,,,,,,,,,
0,24.134,100.728,,,,,,,,,,,,,
0,24.546,100.72,,,,,,,,,,,,,
0,25,100.72,,,,,,,,,,,,,
0.7,7,700,,,,103,,,,,0,,,óÑêÏêÖån,çÿéÌêÏ
0,-25,102.264,,,,,,,,,,,,,
0,-24.548,102.254,,,,,,,,,,,,,
0,-24.267,102.256,,,,,,,,,,,,,
0,-23.538,102.226,,,,,,,,,,,,,
0,-23.246,102.225,,,,,,,,,,,,,
0,-23.135,102.225,,,,,,,,,,,,,
0,-22.859,102.236,,,,,,,,,,,,,
0,-22.256,102.265,,,,,,,,,,,,,
0,-21.916,102.255,,,,,,,,,,,,,
0,-20.864,102.217,,,,,,,,,,,,,
0,-20.639,102.228,,,,,,,,,,,,,
0,-19.991,102.234,,,,,,,,,,,,,
0,-19.805,102.227,,,,,,,,,,,,,
0,-19.489,102.237,,,,,,,,,,,,,
0,-18.926,102.25,,,,,,,,,,,,,
0,-18.591,102.246,,,,,,,,,,,,,
0,-17.767,102.232,,,,,,,,,,,,,
0,-17.692,102.23,,,,,,,,,,,,,
0,-17.654,102.23,,,,,,,,,,,,,
0,-17.502,102.233,,,,,,,,,,,,,
0,-16.538,102.248,,,,,,,,,,,,,
0,-16.3,102.252,,,,,,,,,,,,,
0,-15.803,102.3,,,,,,,,,,,,,
0,-15.427,102.312,,,,,,,,,,,,,
0,-15.036,102.292,,,,,,,,,,,,,
0,-14.194,102.265,,,,,,,,,,,,,
0,-14.062,102.262,,,,,,,,,,,,,
0,-14.001,102.259,,,,,,,,,,,,,
0,-13.712,102.257,,,,,,,,,,,,,
0,-13.117,102.253,,,,,,,,,,,,,
0,-12.972,102.256,,,,,,,,,,,,,
0,-12.418,102.26,,,,,,,,,,,,,
0,-11.856,102.271,,,,,,,,,,,,,
0,-11.707,102.275,,,,,,,,,,,,,
0,-10.911,102.345,,,,,,,,,,,,,
0,-10.811,102.377,,,,,,,,,,,,,
0,-9.834,102.746,,,,,,,,,,,,,
0,-9.447,102.998,,,,,,,,,,,,,
0,-8.933,103.266,,,,,,,,,,,,,
0,-8.614,103.4,,,,,,,,,,,,,
0,-7.933,103.827,,,,,,,,,,,,,
0,-7.218,104.239,,,,,,,,,,,,,
0,-6.696,104.42,,,,,,,,,,,,,
0,-6.336,104.43,,,,,,,,,,,,,
0,-5.437,104.54,,,,,,,,,,,,,
0,-4.917,104.515,,,,,,,,,,,,,
0,-4.327,104.326,,,,,,,,,,,,,
0,-3.979,104.184,,,,,,,,,,,,,
0,-3.031,103.611,,,,,,,,,,,,,
0,-2.291,102.821,,,,,,,,,,,,,
0,-1.874,102.439,,,,,,,,,,,,,
0,-1.48,102.198,,,,,,,,,,,,,
0,-0.959,102.174,,,,,,,,,,,,,
0,0.284,102.069,,,,,,,,,,,,,
0,0.654,102.068,,,,,,,,,,,,,
0,0.864,102.135,,,,,,,,,,,,,
0,1.826,102.405,,,,,,,,,,,,,
0,2.334,102.52,,,,,,,,,,,,,
0,2.706,102.655,,,,,,,,,,,,,
0,3.158,102.996,,,,,,,,,,,,,
0,3.526,103.24,,,,,,,,,,,,,
0,4.569,104.068,,,,,,,,,,,,,
0,4.738,104.19,,,,,,,,,,,,,
0,5.406,104.558,,,,,,,,,,,,,
0,5.53,104.624,,,,,,,,,,,,,
0,6.903,104.537,,,,,,,,,,,,,
0,6.923,104.536,,,,,,,,,,,,,
0,7.824,104.343,,,,,,,,,,,,,
0,7.924,104.327,,,,,,,,,,,,,
0,8.111,104.208,,,,,,,,,,,,,
0,8.912,103.989,,,,,,,,,,,,,
0,9.395,103.669,,,,,,,,,,,,,
0,9.743,103.428,,,,,,,,,,,,,
0,10.319,102.975,,,,,,,,,,,,,
0,10.466,102.912,,,,,,,,,,,,,
0,11.456,102.82,,,,,,,,,,,,,
0,11.816,102.774,,,,,,,,,,,,,
0,11.866,102.781,,,,,,,,,,,,,
0,12.019,102.771,,,,,,,,,,,,,
0,12.752,102.73,,,,,,,,,,,,,
0,13.029,102.73,,,,,,,,,,,,,
0,14.278,102.673,,,,,,,,,,,,,
0,14.658,102.568,,,,,,,,,,,,,
0,15.187,102.368,,,,,,,,,,,,,
0,15.938,102.165,,,,,,,,,,,,,
0,16.744,101.953,,,,,,,,,,,,,
0,16.923,101.93,,,,,,,,,,,,,
0,17.66,101.658,,,,,,,,,,,,,
0,18.037,101.553,,,,,,,,,,,,,
0,19.201,101.53,,,,,,,,,,,,,
0,19.894,101.499,,,,,,,,,,,,,
0,20.087,101.498,,,,,,,,,,,,,
0,21.386,101.553,,,,,,,,,,,,,
0,21.642,101.55,,,,,,,,,,,,,
0,21.922,101.556,,,,,,,,,,,,,
0,22.523,101.555,,,,,,,,,,,,,
0,22.852,101.568,,,,,,,,,,,,,
0,23.335,101.581,,,,,,,,,,,,,
0,23.759,101.576,,,,,,,,,,,,,
0,24.059,101.56,,,,,,,,,,,,,
0,24.652,101.48,,,,,,,,,,,,,
0,24.944,101.48,,,,,,,,,,,,,
0,25,101.481,,,,,,,,,,,,,
0.8,8,800,,,,80,,,,,0,,,óÑêÏêÖån,çÿéÌêÏ
0,-25,110.79,,,,,,,,,,,,,
0,-24.349,110.166,,,,,,,,,,,,,
0,-22.081,107.67,,,,,,,,,,,,,
0,-13.279,104.695,,,,,,,,,,,,,
0,-12.184,104.161,,,,,,,,,,,,,
0,-11.788,104.139,,,,,,,,,,,,,
0,-11.266,104.098,,,,,,,,,,,,,
0,-10.718,104.266,,,,,,,,,,,,,
0,-10.229,104.591,,,,,,,,,,,,,
0,-9.553,105.057,,,,,,,,,,,,,
0,-9.357,105.07,,,,,,,,,,,,,
0,-8.427,105.101,,,,,,,,,,,,,
0,-8.267,105.111,,,,,,,,,,,,,
0,-8.222,105.112,,,,,,,,,,,,,
0,-7.348,105.177,,,,,,,,,,,,,
0,-6.92,105.194,,,,,,,,,,,,,
0,-6.289,105.164,,,,,,,,,,,,,
0,-5.451,105.139,,,,,,,,,,,,,
0,-5.385,105.137,,,,,,,,,,,,,
0,-5.244,105.113,,,,,,,,,,,,,
0,-4.276,104.897,,,,,,,,,,,,,
0,-4.047,104.88,,,,,,,,,,,,,
0,-3.357,104.677,,,,,,,,,,,,,
0,-2.785,104.012,,,,,,,,,,,,,
0,-2.202,103.371,,,,,,,,,,,,,
0,-1.993,103.37,,,,,,,,,,,,,
0,-1.28,103.174,,,,,,,,,,,,,
0,-0.583,103.543,,,,,,,,,,,,,
0,0.184,103.149,,,,,,,,,,,,,
0,0.707,103.084,,,,,,,,,,,,,
0,1.022,103.255,,,,,,,,,,,,,
0,1.755,103.401,,,,,,,,,,,,,
0,2.219,103.074,,,,,,,,,,,,,
0,2.648,103.648,,,,,,,,,,,,,
0,3.49,104.556,,,,,,,,,,,,,
0,3.642,104.731,,,,,,,,,,,,,
0,3.709,104.797,,,,,,,,,,,,,
0,4.519,105.165,,,,,,,,,,,,,
0,4.575,105.18,,,,,,,,,,,,,
0,5.569,105.308,,,,,,,,,,,,,
0,6.347,105.306,,,,,,,,,,,,,
0,6.468,105.335,,,,,,,,,,,,,
0,6.711,105.322,,,,,,,,,,,,,
0,7.531,105.316,,,,,,,,,,,,,
0,7.99,105.391,,,,,,,,,,,,,
0,8.436,105.429,,,,,,,,,,,,,
0,9.157,105.097,,,,,,,,,,,,,
0,9.551,104.78,,,,,,,,,,,,,
0,10.025,104.489,,,,,,,,,,,,,
0,10.482,104.088,,,,,,,,,,,,,
0,10.863,104.096,,,,,,,,,,,,,
0,11.548,104.137,,,,,,,,,,,,,
0,12.126,104.139,,,,,,,,,,,,,
0,12.455,104.165,,,,,,,,,,,,,
0,12.848,104.114,,,,,,,,,,,,,
0,13.537,104.105,,,,,,,,,,,,,
0,14.235,103.889,,,,,,,,,,,,,
0,14.447,103.83,,,,,,,,,,,,,
0,14.639,103.765,,,,,,,,,,,,,
0,15.558,103.364,,,,,,,,,,,,,
0,15.69,103.294,,,,,,,,,,,,,
0,16.472,103.038,,,,,,,,,,,,,
0,16.682,103.028,,,,,,,,,,,,,
0,17.561,102.973,,,,,,,,,,,,,
0,18.218,102.673,,,,,,,,,,,,,
0,18.471,102.586,,,,,,,,,,,,,
0,18.982,102.586,,,,,,,,,,,,,
0,19.544,102.561,,,,,,,,,,,,,
0,20.196,102.563,,,,,,,,,,,,,
0,20.432,102.56,,,,,,,,,,,,,
0,21.381,102.569,,,,,,,,,,,,,
0,21.51,102.573,,,,,,,,,,,,,
0,21.688,102.562,,,,,,,,,,,,,
0,22.372,102.549,,,,,,,,,,,,,
0,22.917,102.54,,,,,,,,,,,,,
0,23.43,102.554,,,,,,,,,,,,,
0,24,102.585,,,,,,,,,,,,,
0,24.339,102.61,,,,,,,,,,,,,
0,24.983,102.594,,,,,,,,,,,,,
0,25,102.593,,,,,,,,,,,,,
0.9,9,900,,,,104,,,,,0,,,óÑêÏêÖån,çÿéÌêÏ
0,-25,105.662,,,,,,,,,,,,,
0,-24.632,105.64,,,,,,,,,,,,,
0,-23.695,105.629,,,,,,,,,,,,,
0,-23.103,105.568,,,,,,,,,,,,,
0,-22.43,105.556,,,,,,,,,,,,,
0,-22.032,105.56,,,,,,,,,,,,,
0,-21.296,105.56,,,,,,,,,,,,,
0,-21.132,105.561,,,,,,,,,,,,,
0,-21.082,105.56,,,,,,,,,,,,,
0,-20.033,105.585,,,,,,,,,,,,,
0,-19.444,105.596,,,,,,,,,,,,,
0,-19.11,105.602,,,,,,,,,,,,,
0,-18.944,105.611,,,,,,,,,,,,,
0,-18.045,105.665,,,,,,,,,,,,,
0,-17.569,105.654,,,,,,,,,,,,,
0,-17.137,105.669,,,,,,,,,,,,,
0,-16.627,105.7,,,,,,,,,,,,,
0,-16.05,105.712,,,,,,,,,,,,,
0,-15.257,105.691,,,,,,,,,,,,,
0,-15.143,105.69,,,,,,,,,,,,,
0,-15.062,105.69,,,,,,,,,,,,,
0,-14.577,105.695,,,,,,,,,,,,,
0,-14.132,105.699,,,,,,,,,,,,,
0,-14.059,105.702,,,,,,,,,,,,,
0,-13.965,105.702,,,,,,,,,,,,,
0,-13.159,105.7,,,,,,,,,,,,,
0,-11.51,105.812,,,,,,,,,,,,,
0,-11.292,105.85,,,,,,,,,,,,,
0,-11.184,105.825,,,,,,,,,,,,,
0,-10.908,105.814,,,,,,,,,,,,,
0,-10.124,105.777,,,,,,,,,,,,,
0,-9.718,105.765,,,,,,,,,,,,,
0,-9.228,105.774,,,,,,,,,,,,,
0,-8.632,105.763,,,,,,,,,,,,,
0,-8.127,105.717,,,,,,,,,,,,,
0,-7.666,105.705,,,,,,,,,,,,,
0,-7.217,105.704,,,,,,,,,,,,,
0,-6.633,105.647,,,,,,,,,,,,,
0,-6.128,105.586,,,,,,,,,,,,,
0,-5.268,105.249,,,,,,,,,,,,,
0,-5.199,105.228,,,,,,,,,,,,,
0,-5.115,105.179,,,,,,,,,,,,,
0,-4.069,104.443,,,,,,,,,,,,,
0,-3.549,103.656,,,,,,,,,,,,,
0,-3.066,103.164,,,,,,,,,,,,,
0,-2.676,103.127,,,,,,,,,,,,,
0,-1.988,103.203,,,,,,,,,,,,,
0,-1.401,103.569,,,,,,,,,,,,,
0,-1.131,103.742,,,,,,,,,,,,,
0,-0.162,104.217,,,,,,,,,,,,,
0,-0.096,104.249,,,,,,,,,,,,,
0,-0.09,104.25,,,,,,,,,,,,,
0,0.809,104.354,,,,,,,,,,,,,
0,0.871,104.36,,,,,,,,,,,,,
0,1.834,105.243,,,,,,,,,,,,,
0,1.858,105.268,,,,,,,,,,,,,
0,2.701,105.869,,,,,,,,,,,,,
0,3.359,106.145,,,,,,,,,,,,,
0,3.723,106.251,,,,,,,,,,,,,
0,4.089,106.286,,,,,,,,,,,,,
0,4.624,106.302,,,,,,,,,,,,,
0,5.378,106.101,,,,,,,,,,,,,
0,5.731,106.059,,,,,,,,,,,,,
0,6.395,105.837,,,,,,,,,,,,,
0,6.662,105.64,,,,,,,,,,,,,
0,7.757,105.007,,,,,,,,,,,,,
0,7.772,104.999,,,,,,,,,,,,,
0,7.904,104.984,,,,,,,,,,,,,
0,8.7,104.89,,,,,,,,,,,,,
0,8.896,104.899,,,,,,,,,,,,,
0,9.759,104.943,,,,,,,,,,,,,
0,10.182,104.931,,,,,,,,,,,,,
0,10.691,104.926,,,,,,,,,,,,,
0,11.041,104.897,,,,,,,,,,,,,
0,11.752,104.889,,,,,,,,,,,,,
0,12.058,104.887,,,,,,,,,,,,,
0,12.68,104.71,,,,,,,,,,,,,
0,13.137,104.535,,,,,,,,,,,,,
0,13.784,104.307,,,,,,,,,,,,,
0,14.391,104.05,,,,,,,,,,,,,
0,14.736,103.862,,,,,,,,,,,,,
0,15.722,103.716,,,,,,,,,,,,,
0,15.803,103.723,,,,,,,,,,,,,
0,15.918,103.744,,,,,,,,,,,,,
0,16.713,103.894,,,,,,,,,,,,,
0,17.562,103.854,,,,,,,,,,,,,
0,17.786,103.826,,,,,,,,,,,,,
0,18.704,103.779,,,,,,,,,,,,,
0,18.711,103.78,,,,,,,,,,,,,
0,19.645,103.768,,,,,,,,,,,,,
0,19.765,103.781,,,,,,,,,,,,,
0,19.967,103.808,,,,,,,,,,,,,
0,20.686,103.961,,,,,,,,,,,,,
0,21.561,103.866,,,,,,,,,,,,,
0,21.757,103.848,,,,,,,,,,,,,
0,21.843,103.838,,,,,,,,,,,,,
0,22.261,103.828,,,,,,,,,,,,,
0,22.592,103.811,,,,,,,,,,,,,
0,22.66,103.815,,,,,,,,,,,,,
0,22.847,103.806,,,,,,,,,,,,,
0,23.709,103.841,,,,,,,,,,,,,
0,24.272,103.701,,,,,,,,,,,,,
0,24.658,103.654,,,,,,,,,,,,,
0,25,103.647,,,,,,,,,,,,,
1,10,980,,,,101,,,,,0,,,óÑêÏêÖån,çÿéÌêÏ
0,-25,106.956,,,,,,,,,,,,,
0,-24.532,106.93,,,,,,,,,,,,,
0,-24.112,106.945,,,,,,,,,,,,,
0,-23.204,106.989,,,,,,,,,,,,,
0,-22.757,106.985,,,,,,,,,,,,,
0,-22.365,106.994,,,,,,,,,,,,,
0,-21.066,107,,,,,,,,,,,,,
0,-21.012,107.001,,,,,,,,,,,,,
0,-20.267,107.03,,,,,,,,,,,,,
0,-20.174,107.03,,,,,,,,,,,,,
0,-19.284,107.023,,,,,,,,,,,,,
0,-18.839,107.051,,,,,,,,,,,,,
0,-18.222,107.063,,,,,,,,,,,,,
0,-17.984,107.072,,,,,,,,,,,,,
0,-17.726,107.076,,,,,,,,,,,,,
0,-16.638,107.039,,,,,,,,,,,,,
0,-16.44,107.035,,,,,,,,,,,,,
0,-15.822,107.059,,,,,,,,,,,,,
0,-15.679,107.057,,,,,,,,,,,,,
0,-14.5,107.046,,,,,,,,,,,,,
0,-14.317,107.093,,,,,,,,,,,,,
0,-13.65,107.276,,,,,,,,,,,,,
0,-12.973,107.454,,,,,,,,,,,,,
0,-12.356,107.476,,,,,,,,,,,,,
0,-11.6,107.226,,,,,,,,,,,,,
0,-11.502,107.225,,,,,,,,,,,,,
0,-10.643,107.176,,,,,,,,,,,,,
0,-10.181,107.18,,,,,,,,,,,,,
0,-9.656,107.124,,,,,,,,,,,,,
0,-9.336,107.093,,,,,,,,,,,,,
0,-8.378,107.137,,,,,,,,,,,,,
0,-8.032,107.15,,,,,,,,,,,,,
0,-7.29,107.15,,,,,,,,,,,,,
0,-7.207,107.151,,,,,,,,,,,,,
0,-7.168,107.15,,,,,,,,,,,,,
0,-5.898,107.121,,,,,,,,,,,,,
0,-5.835,107.118,,,,,,,,,,,,,
0,-5.036,106.825,,,,,,,,,,,,,
0,-4.841,106.558,,,,,,,,,,,,,
0,-3.578,104.561,,,,,,,,,,,,,
0,-3.553,104.54,,,,,,,,,,,,,
0,-3.443,104.54,,,,,,,,,,,,,
0,-2.842,104.567,,,,,,,,,,,,,
0,-2.72,104.554,,,,,,,,,,,,,
0,-1.99,104.655,,,,,,,,,,,,,
0,-1.454,104.724,,,,,,,,,,,,,
0,-1.331,104.774,,,,,,,,,,,,,
0,-0.635,104.873,,,,,,,,,,,,,
0,-0.314,104.796,,,,,,,,,,,,,
0,0.111,104.785,,,,,,,,,,,,,
0,0.892,104.657,,,,,,,,,,,,,
0,1.461,105.371,,,,,,,,,,,,,
0,2.195,106.452,,,,,,,,,,,,,
0,2.613,106.717,,,,,,,,,,,,,
0,3.308,107.161,,,,,,,,,,,,,
0,3.414,107.196,,,,,,,,,,,,,
0,4.451,107.355,,,,,,,,,,,,,
0,4.677,107.378,,,,,,,,,,,,,
0,5.118,107.273,,,,,,,,,,,,,
0,5.538,107.229,,,,,,,,,,,,,
0,5.78,107.169,,,,,,,,,,,,,
0,6.813,107.022,,,,,,,,,,,,,
0,6.991,107.016,,,,,,,,,,,,,
0,7.646,107.028,,,,,,,,,,,,,
0,8.172,107.078,,,,,,,,,,,,,
0,8.924,107.071,,,,,,,,,,,,,
0,9.289,107.061,,,,,,,,,,,,,
0,9.752,107.084,,,,,,,,,,,,,
0,10.234,107.09,,,,,,,,,,,,,
0,11.02,107.033,,,,,,,,,,,,,
0,11.461,106.985,,,,,,,,,,,,,
0,11.861,106.96,,,,,,,,,,,,,
0,12.968,106.801,,,,,,,,,,,,,
0,13.149,106.778,,,,,,,,,,,,,
0,13.354,106.754,,,,,,,,,,,,,
0,13.999,106.691,,,,,,,,,,,,,
0,14.736,106.605,,,,,,,,,,,,,
0,15.273,106.538,,,,,,,,,,,,,
0,15.8,106.46,,,,,,,,,,,,,
0,16.148,106.452,,,,,,,,,,,,,
0,17.332,106.374,,,,,,,,,,,,,
0,17.431,106.361,,,,,,,,,,,,,
0,17.49,106.358,,,,,,,,,,,,,
0,18.271,106.265,,,,,,,,,,,,,
0,18.825,106.213,,,,,,,,,,,,,
0,19.542,106.184,,,,,,,,,,,,,
0,19.703,106.168,,,,,,,,,,,,,
0,20.402,106.17,,,,,,,,,,,,,
0,20.422,106.17,,,,,,,,,,,,,
0,20.521,106.167,,,,,,,,,,,,,
0,21.459,106.14,,,,,,,,,,,,,
0,21.643,106.138,,,,,,,,,,,,,
0,22.062,106.135,,,,,,,,,,,,,
0,22.529,106.134,,,,,,,,,,,,,
0,22.725,106.135,,,,,,,,,,,,,
0,23.525,106.146,,,,,,,,,,,,,
0,23.74,106.151,,,,,,,,,,,,,
0,23.791,106.152,,,,,,,,,,,,,
0,24.386,106.194,,,,,,,,,,,,,
0,24.644,106.192,,,,,,,,,,,,,
0,25,106.179,,,,,,,,,,,,,
1.1,11,1100,,,,82,,,,,0,,,óÑêÏêÖån,çÿéÌêÏ
0,-25,106.424,,,,,,,,,,,,,
0,-24.359,106.404,,,,,,,,,,,,,
0,-24.08,106.41,,,,,,,,,,,,,
0,-23.196,106.398,,,,,,,,,,,,,
0,-22.63,106.409,,,,,,,,,,,,,
0,-22.025,106.426,,,,,,,,,,,,,
0,-21.134,106.42,,,,,,,,,,,,,
0,-20.83,106.424,,,,,,,,,,,,,
0,-19.696,106.439,,,,,,,,,,,,,
0,-19.662,106.44,,,,,,,,,,,,,
0,-19.646,106.44,,,,,,,,,,,,,
0,-18.727,106.367,,,,,,,,,,,,,
0,-18.308,106.366,,,,,,,,,,,,,
0,-17.769,106.408,,,,,,,,,,,,,
0,-16.939,106.438,,,,,,,,,,,,,
0,-16.825,106.442,,,,,,,,,,,,,
0,-16.56,106.435,,,,,,,,,,,,,
0,-15.716,106.414,,,,,,,,,,,,,
0,-15.503,106.424,,,,,,,,,,,,,
0,-14.561,106.453,,,,,,,,,,,,,
0,-14.023,106.528,,,,,,,,,,,,,
0,-13.392,106.61,,,,,,,,,,,,,
0,-12.641,106.217,,,,,,,,,,,,,
0,-12.283,106.052,,,,,,,,,,,,,
0,-11.201,106.092,,,,,,,,,,,,,
0,-11.097,106.09,,,,,,,,,,,,,
0,-10.786,106.163,,,,,,,,,,,,,
0,-8.311,106.69,,,,,,,,,,,,,
0,-7.486,106.999,,,,,,,,,,,,,
0,-6.774,107.384,,,,,,,,,,,,,
0,-6.65,107.465,,,,,,,,,,,,,
0,-6.498,107.545,,,,,,,,,,,,,
0,-5.363,108.052,,,,,,,,,,,,,
0,-5.078,108.146,,,,,,,,,,,,,
0,-4.093,108.668,,,,,,,,,,,,,
0,-2.891,107.999,,,,,,,,,,,,,
0,-2.401,107.745,,,,,,,,,,,,,
0,-1.841,107.177,,,,,,,,,,,,,
0,-1.673,106.828,,,,,,,,,,,,,
0,-0.839,105.562,,,,,,,,,,,,,
0,-0.334,105.573,,,,,,,,,,,,,
0,0.274,105.586,,,,,,,,,,,,,
0,1.26,106.073,,,,,,,,,,,,,
0,1.395,106.127,,,,,,,,,,,,,
0,1.437,106.174,,,,,,,,,,,,,
0,2.521,107.473,,,,,,,,,,,,,
0,2.755,107.639,,,,,,,,,,,,,
0,4.218,107.799,,,,,,,,,,,,,
0,5.222,107.835,,,,,,,,,,,,,
0,6.426,107.887,,,,,,,,,,,,,
0,6.805,107.712,,,,,,,,,,,,,
0,7.025,107.668,,,,,,,,,,,,,
0,7.849,107.646,,,,,,,,,,,,,
0,8.607,107.726,,,,,,,,,,,,,
0,8.924,107.758,,,,,,,,,,,,,
0,9.584,107.774,,,,,,,,,,,,,
0,10.035,107.77,,,,,,,,,,,,,
0,10.157,107.779,,,,,,,,,,,,,
0,11.199,107.761,,,,,,,,,,,,,
0,11.633,107.765,,,,,,,,,,,,,
0,12.386,107.85,,,,,,,,,,,,,
0,13.146,107.841,,,,,,,,,,,,,
0,13.552,107.808,,,,,,,,,,,,,
0,14.632,107.796,,,,,,,,,,,,,
0,14.69,107.798,,,,,,,,,,,,,
0,14.793,107.751,,,,,,,,,,,,,
0,16.696,106.861,,,,,,,,,,,,,
0,16.987,106.819,,,,,,,,,,,,,
0,17.792,106.647,,,,,,,,,,,,,
0,18.136,106.586,,,,,,,,,,,,,
0,18.829,106.562,,,,,,,,,,,,,
0,19.316,106.554,,,,,,,,,,,,,
0,19.442,106.541,,,,,,,,,,,,,
0,20.476,106.362,,,,,,,,,,,,,
0,20.878,106.227,,,,,,,,,,,,,
0,21.652,106.071,,,,,,,,,,,,,
0,22.365,106.096,,,,,,,,,,,,,
0,22.831,106.088,,,,,,,,,,,,,
0,23.855,105.99,,,,,,,,,,,,,
0,23.996,105.976,,,,,,,,,,,,,
0,24.584,105.814,,,,,,,,,,,,,
0,25,105.715,,,,,,,,,,,,,
1.2,12,1200,,,,88,,,,,0,,,óÑêÏêÖån,çÿéÌêÏ
0,-25,108.437,,,,,,,,,,,,,
0,-24.792,108.434,,,,,,,,,,,,,
0,-24.275,108.483,,,,,,,,,,,,,
0,-23.707,108.191,,,,,,,,,,,,,
0,-23.167,108.205,,,,,,,,,,,,,
0,-22.58,108.145,,,,,,,,,,,,,
0,-21.972,108.17,,,,,,,,,,,,,
0,-21.453,108.1,,,,,,,,,,,,,
0,-20.766,108.267,,,,,,,,,,,,,
0,-20.27,108.349,,,,,,,,,,,,,
0,-19.541,108.44,,,,,,,,,,,,,
0,-19.119,108.477,,,,,,,,,,,,,
0,-18.318,108.475,,,,,,,,,,,,,
0,-17.97,108.494,,,,,,,,,,,,,
0,-17.136,108.468,,,,,,,,,,,,,
0,-16.825,108.523,,,,,,,,,,,,,
0,-15.91,108.537,,,,,,,,,,,,,
0,-15.667,108.56,,,,,,,,,,,,,
0,-14.698,108.545,,,,,,,,,,,,,
0,-14.521,108.569,,,,,,,,,,,,,
0,-13.495,108.599,,,,,,,,,,,,,
0,-13.372,108.603,,,,,,,,,,,,,
0,-12.28,108.578,,,,,,,,,,,,,
0,-12.219,108.578,,,,,,,,,,,,,
0,-11.056,108.63,,,,,,,,,,,,,
0,-11.055,108.63,,,,,,,,,,,,,
0,-11.029,108.628,,,,,,,,,,,,,
0,-10.02,108.566,,,,,,,,,,,,,
0,-9.91,108.571,,,,,,,,,,,,,
0,-8.945,108.763,,,,,,,,,,,,,
0,-8.695,108.761,,,,,,,,,,,,,
0,-8.34,108.931,,,,,,,,,,,,,
0,-7.408,109.236,,,,,,,,,,,,,
0,-6.805,109.214,,,,,,,,,,,,,
0,-6.29,109.063,,,,,,,,,,,,,
0,-5.755,109.022,,,,,,,,,,,,,
0,-5.101,109.194,,,,,,,,,,,,,
0,-4.67,109.259,,,,,,,,,,,,,
0,-3.925,109.212,,,,,,,,,,,,,
0,-3.608,109.192,,,,,,,,,,,,,
0,-2.738,109.243,,,,,,,,,,,,,
0,-2.66,109.197,,,,,,,,,,,,,
0,-0.97,107.545,,,,,,,,,,,,,
0,0.225,107.051,,,,,,,,,,,,,
0,0.499,107.088,,,,,,,,,,,,,
0,1.082,108.12,,,,,,,,,,,,,
0,1.919,109.575,,,,,,,,,,,,,
0,2.117,109.892,,,,,,,,,,,,,
0,3.137,110.21,,,,,,,,,,,,,
0,3.41,110.347,,,,,,,,,,,,,
0,3.688,110.311,,,,,,,,,,,,,
0,4.035,110.285,,,,,,,,,,,,,
0,5.727,110.262,,,,,,,,,,,,,
0,6.347,110.223,,,,,,,,,,,,,
0,6.571,110.275,,,,,,,,,,,,,
0,7.005,110.28,,,,,,,,,,,,,
0,7.72,110.272,,,,,,,,,,,,,
0,8.196,110.241,,,,,,,,,,,,,
0,8.866,110.177,,,,,,,,,,,,,
0,9.407,110.162,,,,,,,,,,,,,
0,10.012,110.094,,,,,,,,,,,,,
0,10.603,110.086,,,,,,,,,,,,,
0,11.162,110.064,,,,,,,,,,,,,
0,11.805,110.021,,,,,,,,,,,,,
0,12.317,110.001,,,,,,,,,,,,,
0,13.023,109.93,,,,,,,,,,,,,
0,13.477,109.969,,,,,,,,,,,,,
0,14.243,110.023,,,,,,,,,,,,,
0,14.62,109.881,,,,,,,,,,,,,
0,15.39,109.484,,,,,,,,,,,,,
0,15.749,109.252,,,,,,,,,,,,,
0,16.519,108.793,,,,,,,,,,,,,
0,16.867,108.601,,,,,,,,,,,,,
0,17.651,108.227,,,,,,,,,,,,,
0,17.989,108.029,,,,,,,,,,,,,
0,18.791,107.542,,,,,,,,,,,,,
0,19.122,107.559,,,,,,,,,,,,,
0,20.025,107.613,,,,,,,,,,,,,
0,20.294,107.603,,,,,,,,,,,,,
0,21.261,107.617,,,,,,,,,,,,,
0,21.478,107.607,,,,,,,,,,,,,
0,22.502,107.59,,,,,,,,,,,,,
0,22.646,107.571,,,,,,,,,,,,,
0,23.688,107.321,,,,,,,,,,,,,
0,23.793,107.301,,,,,,,,,,,,,
0,24.908,107.152,,,,,,,,,,,,,
0,24.962,107.135,,,,,,,,,,,,,
0,25,107.124,,,,,,,,,,,,,
1.3,13,1300,,,,102,,,,,0,,,óÑêÏêÖån,çÿéÌêÏ
0,-25,108.169,,,,,,,,,,,,,
0,-24.495,108.133,,,,,,,,,,,,,
0,-24.392,108.132,,,,,,,,,,,,,
0,-24.347,108.133,,,,,,,,,,,,,
0,-23.408,108.187,,,,,,,,,,,,,
0,-23.009,108.198,,,,,,,,,,,,,
0,-22.451,108.214,,,,,,,,,,,,,
0,-21.577,108.29,,,,,,,,,,,,,
0,-21.457,108.297,,,,,,,,,,,,,
0,-21.184,108.277,,,,,,,,,,,,,
0,-20.591,108.216,,,,,,,,,,,,,
0,-19.834,108.263,,,,,,,,,,,,,
0,-19.708,108.269,,,,,,,,,,,,,
0,-19.648,108.266,,,,,,,,,,,,,
0,-18.649,108.238,,,,,,,,,,,,,
0,-18.009,108.418,,,,,,,,,,,,,
0,-17.553,108.546,,,,,,,,,,,,,
0,-16.732,108.771,,,,,,,,,,,,,
0,-16.438,108.868,,,,,,,,,,,,,
0,-15.368,108.893,,,,,,,,,,,,,
0,-15.297,108.891,,,,,,,,,,,,,
0,-15.268,108.89,,,,,,,,,,,,,
0,-14.355,108.935,,,,,,,,,,,,,
0,-13.91,108.951,,,,,,,,,,,,,
0,-13.388,108.936,,,,,,,,,,,,,
0,-12.4,110.156,,,,,,,,,,,,,
0,-12.302,110.284,,,,,,,,,,,,,
0,-11.91,110.347,,,,,,,,,,,,,
0,-11.227,110.469,,,,,,,,,,,,,
0,-11.029,110.504,,,,,,,,,,,,,
0,-10.267,110.552,,,,,,,,,,,,,
0,-9.952,110.499,,,,,,,,,,,,,
0,-9.347,110.474,,,,,,,,,,,,,
0,-8.638,110.452,,,,,,,,,,,,,
0,-8.422,110.455,,,,,,,,,,,,,
0,-7.904,110.485,,,,,,,,,,,,,
0,-7.585,110.52,,,,,,,,,,,,,
0,-7.251,110.516,,,,,,,,,,,,,
0,-6.84,110.507,,,,,,,,,,,,,
0,-6.453,110.536,,,,,,,,,,,,,
0,-5.946,110.553,,,,,,,,,,,,,
0,-5.691,110.545,,,,,,,,,,,,,
0,-4.923,110.53,,,,,,,,,,,,,
0,-4.137,110.553,,,,,,,,,,,,,
0,-3.871,110.566,,,,,,,,,,,,,
0,-3.36,110.515,,,,,,,,,,,,,
0,-2.935,110.518,,,,,,,,,,,,,
0,-2.434,110.191,,,,,,,,,,,,,
0,-2.114,109.8,,,,,,,,,,,,,
0,-1.691,109.149,,,,,,,,,,,,,
0,-1.221,108.39,,,,,,,,,,,,,
0,-0.976,108.432,,,,,,,,,,,,,
0,0.049,108.478,,,,,,,,,,,,,
0,1.336,110.064,,,,,,,,,,,,,
0,1.474,110.216,,,,,,,,,,,,,
0,1.702,110.454,,,,,,,,,,,,,
0,2.246,110.708,,,,,,,,,,,,,
0,2.684,110.834,,,,,,,,,,,,,
0,3.1,111.004,,,,,,,,,,,,,
0,3.296,111.015,,,,,,,,,,,,,
0,4.055,111.183,,,,,,,,,,,,,
0,4.684,111.267,,,,,,,,,,,,,
0,4.997,111.258,,,,,,,,,,,,,
0,5.782,110.847,,,,,,,,,,,,,
0,5.878,110.8,,,,,,,,,,,,,
0,5.953,110.779,,,,,,,,,,,,,
0,6.565,110.803,,,,,,,,,,,,,
0,7.246,110.899,,,,,,,,,,,,,
0,7.263,110.9,,,,,,,,,,,,,
0,8.236,110.879,,,,,,,,,,,,,
0,8.677,110.865,,,,,,,,,,,,,
0,9.207,110.867,,,,,,,,,,,,,
0,10.12,110.945,,,,,,,,,,,,,
0,10.339,111.006,,,,,,,,,,,,,
0,11.075,111.094,,,,,,,,,,,,,
0,11.92,110.974,,,,,,,,,,,,,
0,11.959,110.986,,,,,,,,,,,,,
0,11.977,110.986,,,,,,,,,,,,,
0,12.905,111.431,,,,,,,,,,,,,
0,13.345,111.422,,,,,,,,,,,,,
0,13.813,111.31,,,,,,,,,,,,,
0,14.745,111.867,,,,,,,,,,,,,
0,14.779,111.882,,,,,,,,,,,,,
0,14.846,111.931,,,,,,,,,,,,,
0,15.549,112.465,,,,,,,,,,,,,
0,16.216,113.081,,,,,,,,,,,,,
0,16.37,113.197,,,,,,,,,,,,,
0,16.476,113.207,,,,,,,,,,,,,
0,17.567,113.488,,,,,,,,,,,,,
0,18.428,113.513,,,,,,,,,,,,,
0,18.726,113.466,,,,,,,,,,,,,
0,19.234,113.541,,,,,,,,,,,,,
0,19.88,113.605,,,,,,,,,,,,,
0,20.783,113.625,,,,,,,,,,,,,
0,21.059,113.594,,,,,,,,,,,,,
0,21.243,113.59,,,,,,,,,,,,,
0,22.274,113.504,,,,,,,,,,,,,
0,23.274,113.528,,,,,,,,,,,,,
0,23.515,113.55,,,,,,,,,,,,,
0,23.859,113.534,,,,,,,,,,,,,
0,24.518,113.414,,,,,,,,,,,,,
0,25,113.292,,,,,,,,,,,,,
1.4,14,1400,,,,101,,,,,0,,,óÑêÏêÖån,çÿéÌêÏ
0,-25,109.732,,,,,,,,,,,,,
0,-24.862,109.732,,,,,,,,,,,,,
0,-24.146,109.817,,,,,,,,,,,,,
0,-24.015,109.824,,,,,,,,,,,,,
0,-23.702,109.826,,,,,,,,,,,,,
0,-23.3,109.79,,,,,,,,,,,,,
0,-22.783,109.782,,,,,,,,,,,,,
0,-22.603,109.799,,,,,,,,,,,,,
0,-22.495,109.868,,,,,,,,,,,,,
0,-21.578,110.414,,,,,,,,,,,,,
0,-20.933,110.594,,,,,,,,,,,,,
0,-20.627,110.726,,,,,,,,,,,,,
0,-20.059,110.751,,,,,,,,,,,,,
0,-19.776,110.779,,,,,,,,,,,,,
0,-19.097,110.8,,,,,,,,,,,,,
0,-19.012,110.799,,,,,,,,,,,,,
0,-18.97,110.813,,,,,,,,,,,,,
0,-18.124,111.023,,,,,,,,,,,,,
0,-17.722,110.777,,,,,,,,,,,,,
0,-17.3,110.6,,,,,,,,,,,,,
0,-16.482,110.661,,,,,,,,,,,,,
0,-16.425,110.663,,,,,,,,,,,,,
0,-16.309,110.716,,,,,,,,,,,,,
0,-15.684,110.962,,,,,,,,,,,,,
0,-15.386,111.085,,,,,,,,,,,,,
0,-14.846,111.326,,,,,,,,,,,,,
0,-14.586,111.297,,,,,,,,,,,,,
0,-13.971,111.155,,,,,,,,,,,,,
0,-13.31,111.199,,,,,,,,,,,,,
0,-13.08,111.229,,,,,,,,,,,,,
0,-12.591,111.252,,,,,,,,,,,,,
0,-12.257,111.29,,,,,,,,,,,,,
0,-11.617,111.213,,,,,,,,,,,,,
0,-11.507,111.204,,,,,,,,,,,,,
0,-11.451,111.208,,,,,,,,,,,,,
0,-10.543,111.348,,,,,,,,,,,,,
0,-9.99,111.342,,,,,,,,,,,,,
0,-9.602,111.324,,,,,,,,,,,,,
0,-8.832,111.322,,,,,,,,,,,,,
0,-8.662,111.325,,,,,,,,,,,,,
0,-7.851,111.395,,,,,,,,,,,,,
0,-7.744,111.401,,,,,,,,,,,,,
0,-7.669,111.405,,,,,,,,,,,,,
0,-6.616,111.463,,,,,,,,,,,,,
0,-5.793,111.472,,,,,,,,,,,,,
0,-5.51,111.477,,,,,,,,,,,,,
0,-5.102,111.526,,,,,,,,,,,,,
0,-4.491,111.623,,,,,,,,,,,,,
0,-4.104,111.539,,,,,,,,,,,,,
0,-3.585,111.404,,,,,,,,,,,,,
0,-3.38,111.181,,,,,,,,,,,,,
0,-2.699,110.826,,,,,,,,,,,,,
0,-2.218,110.132,,,,,,,,,,,,,
0,-1.907,109.7,,,,,,,,,,,,,
0,-1.051,109.385,,,,,,,,,,,,,
0,-0.99,109.404,,,,,,,,,,,,,
0,-0.148,110.31,,,,,,,,,,,,,
0,0.231,110.653,,,,,,,,,,,,,
0,0.63,110.937,,,,,,,,,,,,,
0,1.542,111.668,,,,,,,,,,,,,
0,2.423,111.955,,,,,,,,,,,,,
0,2.919,112.016,,,,,,,,,,,,,
0,3.457,111.91,,,,,,,,,,,,,
0,4.065,111.947,,,,,,,,,,,,,
0,4.405,112.081,,,,,,,,,,,,,
0,5.058,112.582,,,,,,,,,,,,,
0,5.892,112.629,,,,,,,,,,,,,
0,5.964,112.652,,,,,,,,,,,,,
0,6.087,112.713,,,,,,,,,,,,,
0,6.83,113.412,,,,,,,,,,,,,
0,7.674,113.556,,,,,,,,,,,,,
0,9.516,114.8,,,,,,,,,,,,,
0,9.563,114.826,,,,,,,,,,,,,
0,9.576,114.835,,,,,,,,,,,,,
0,9.59,114.84,,,,,,,,,,,,,
0,9.606,114.857,,,,,,,,,,,,,
0,10.58,115.355,,,,,,,,,,,,,
0,12.261,116.66,,,,,,,,,,,,,
0,12.556,116.79,,,,,,,,,,,,,
0,13.073,116.967,,,,,,,,,,,,,
0,13.623,117.227,,,,,,,,,,,,,
0,13.889,117.328,,,,,,,,,,,,,
0,14.101,117.521,,,,,,,,,,,,,
0,14.767,117.868,,,,,,,,,,,,,
0,15.222,118.08,,,,,,,,,,,,,
0,16.593,118.797,,,,,,,,,,,,,
0,16.776,118.961,,,,,,,,,,,,,
0,17.09,119.024,,,,,,,,,,,,,
0,18.289,119.56,,,,,,,,,,,,,
0,19.124,119.716,,,,,,,,,,,,,
0,19.76,120.038,,,,,,,,,,,,,
0,20.202,120.131,,,,,,,,,,,,,
0,20.681,120.204,,,,,,,,,,,,,
0,20.999,120.321,,,,,,,,,,,,,
0,21.792,120.656,,,,,,,,,,,,,
0,22.329,120.486,,,,,,,,,,,,,
0,22.992,120.36,,,,,,,,,,,,,
0,23.7,120.618,,,,,,,,,,,,,
0,23.901,120.607,,,,,,,,,,,,,
0,24.71,120.623,,,,,,,,,,,,,
0,25,120.765,,,,,,,,,,,,,
1.5,15,1510,,,,86,,,,,0,,,óÑêÏêÖån,çÿéÌêÏ
0,-25,112.375,,,,,,,,,,,,,
0,-24.562,112.384,,,,,,,,,,,,,
0,-24.141,112.406,,,,,,,,,,,,,
0,-23.43,112.42,,,,,,,,,,,,,
0,-23.427,112.42,,,,,,,,,,,,,
0,-23.418,112.418,,,,,,,,,,,,,
0,-21.81,111.963,,,,,,,,,,,,,
0,-21.32,111.888,,,,,,,,,,,,,
0,-21.118,111.81,,,,,,,,,,,,,
0,-20.007,111.783,,,,,,,,,,,,,
0,-19.459,111.762,,,,,,,,,,,,,
0,-18.793,111.827,,,,,,,,,,,,,
0,-18.756,111.829,,,,,,,,,,,,,
0,-18.651,111.833,,,,,,,,,,,,,
0,-17.105,111.859,,,,,,,,,,,,,
0,-16.626,111.827,,,,,,,,,,,,,
0,-16.381,111.8,,,,,,,,,,,,,
0,-15.729,111.832,,,,,,,,,,,,,
0,-14.744,111.872,,,,,,,,,,,,,
0,-14.443,111.858,,,,,,,,,,,,,
0,-14.062,111.81,,,,,,,,,,,,,
0,-12.493,111.811,,,,,,,,,,,,,
0,-12.403,111.811,,,,,,,,,,,,,
0,-12.376,111.816,,,,,,,,,,,,,
0,-11.689,112.048,,,,,,,,,,,,,
0,-11.145,112.122,,,,,,,,,,,,,
0,-10.013,112.205,,,,,,,,,,,,,
0,-9.433,112.243,,,,,,,,,,,,,
0,-9.304,112.239,,,,,,,,,,,,,
0,-9.067,112.24,,,,,,,,,,,,,
0,-7.615,112.226,,,,,,,,,,,,,
0,-7.355,112.208,,,,,,,,,,,,,
0,-6.979,112.177,,,,,,,,,,,,,
0,-5.435,112.151,,,,,,,,,,,,,
0,-5.296,112.148,,,,,,,,,,,,,
0,-5.269,112.138,,,,,,,,,,,,,
0,-4.596,111.536,,,,,,,,,,,,,
0,-4.107,111.365,,,,,,,,,,,,,
0,-2.953,111.21,,,,,,,,,,,,,
0,-2.378,111.197,,,,,,,,,,,,,
0,-0.551,111.418,,,,,,,,,,,,,
0,-0.459,111.542,,,,,,,,,,,,,
0,0.205,112.32,,,,,,,,,,,,,
0,0.527,112.371,,,,,,,,,,,,,
0,1.88,112.561,,,,,,,,,,,,,
0,2.325,112.915,,,,,,,,,,,,,
0,2.601,113.033,,,,,,,,,,,,,
0,4.283,113.809,,,,,,,,,,,,,
0,4.361,113.812,,,,,,,,,,,,,
0,4.656,113.47,,,,,,,,,,,,,
0,5.014,113.022,,,,,,,,,,,,,
0,5.071,113.021,,,,,,,,,,,,,
0,5.473,113.041,,,,,,,,,,,,,
0,6.591,113.072,,,,,,,,,,,,,
0,6.746,113.092,,,,,,,,,,,,,
0,6.985,113.071,,,,,,,,,,,,,
0,7.49,113.039,,,,,,,,,,,,,
0,8.302,112.986,,,,,,,,,,,,,
0,9.212,112.884,,,,,,,,,,,,,
0,9.462,112.797,,,,,,,,,,,,,
0,9.928,112.759,,,,,,,,,,,,,
0,10.525,112.549,,,,,,,,,,,,,
0,11.636,112.201,,,,,,,,,,,,,
0,11.776,112.152,,,,,,,,,,,,,
0,12.345,112.075,,,,,,,,,,,,,
0,13.056,111.947,,,,,,,,,,,,,
0,14.085,112.012,,,,,,,,,,,,,
0,14.42,112.131,,,,,,,,,,,,,
0,14.827,112.301,,,,,,,,,,,,,
0,15.761,112.539,,,,,,,,,,,,,
0,16.598,112.642,,,,,,,,,,,,,
0,17.185,112.608,,,,,,,,,,,,,
0,17.316,112.588,,,,,,,,,,,,,
0,18.896,112.589,,,,,,,,,,,,,
0,19.052,112.599,,,,,,,,,,,,,
0,19.685,112.645,,,,,,,,,,,,,
0,19.749,112.643,,,,,,,,,,,,,
0,21.016,112.656,,,,,,,,,,,,,
0,21.539,112.646,,,,,,,,,,,,,
0,22.05,112.633,,,,,,,,,,,,,
0,22.26,112.614,,,,,,,,,,,,,
0,22.968,112.63,,,,,,,,,,,,,
0,24.011,112.642,,,,,,,,,,,,,
0,24.535,112.646,,,,,,,,,,,,,
0,24.741,112.626,,,,,,,,,,,,,
0,25,112.653,,,,,,,,,,,,,
1.6,16,1600,,,,92,,,,,0,,,óÑêÏêÖån,çÿéÌêÏ
0,-25,112.802,,,,,,,,,,,,,
0,-24.58,112.807,,,,,,,,,,,,,
0,-23.62,112.781,,,,,,,,,,,,,
0,-23.593,112.78,,,,,,,,,,,,,
0,-23.554,112.782,,,,,,,,,,,,,
0,-22.741,112.798,,,,,,,,,,,,,
0,-22.089,112.788,,,,,,,,,,,,,
0,-21.859,112.785,,,,,,,,,,,,,
0,-21.656,112.794,,,,,,,,,,,,,
0,-20.772,112.81,,,,,,,,,,,,,
0,-19.785,112.747,,,,,,,,,,,,,
0,-19.654,112.738,,,,,,,,,,,,,
0,-18.956,112.734,,,,,,,,,,,,,
0,-18.428,112.732,,,,,,,,,,,,,
0,-18.328,112.728,,,,,,,,,,,,,
0,-17.257,112.719,,,,,,,,,,,,,
0,-16.146,112.822,,,,,,,,,,,,,
0,-16.063,112.827,,,,,,,,,,,,,
0,-15.984,112.82,,,,,,,,,,,,,
0,-15.154,112.766,,,,,,,,,,,,,
0,-14.56,112.724,,,,,,,,,,,,,
0,-14.511,112.72,,,,,,,,,,,,,
0,-14.474,112.721,,,,,,,,,,,,,
0,-13.483,112.74,,,,,,,,,,,,,
0,-12.641,112.756,,,,,,,,,,,,,
0,-12.455,112.759,,,,,,,,,,,,,
0,-12.204,112.753,,,,,,,,,,,,,
0,-11.298,112.749,,,,,,,,,,,,,
0,-10.786,112.769,,,,,,,,,,,,,
0,-10.153,112.775,,,,,,,,,,,,,
0,-9.604,112.824,,,,,,,,,,,,,
0,-9.039,112.859,,,,,,,,,,,,,
0,-8.377,112.987,,,,,,,,,,,,,
0,-7.978,113.066,,,,,,,,,,,,,
0,-6.952,113.09,,,,,,,,,,,,,
0,-6.937,113.09,,,,,,,,,,,,,
0,-6.923,113.09,,,,,,,,,,,,,
0,-5.774,113.09,,,,,,,,,,,,,
0,-4.662,113.09,,,,,,,,,,,,,
0,-4.631,113.09,,,,,,,,,,,,,
0,-4.598,113.092,,,,,,,,,,,,,
0,-4.108,113.138,,,,,,,,,,,,,
0,-3.176,113.225,,,,,,,,,,,,,
0,-3.113,113.233,,,,,,,,,,,,,
0,-3.034,113.178,,,,,,,,,,,,,
0,-1.845,112.499,,,,,,,,,,,,,
0,-0.654,112.259,,,,,,,,,,,,,
0,0.118,112.241,,,,,,,,,,,,,
0,0.607,113.067,,,,,,,,,,,,,
0,0.985,113.668,,,,,,,,,,,,,
0,1.354,113.702,,,,,,,,,,,,,
0,2.221,113.959,,,,,,,,,,,,,
0,3.054,113.738,,,,,,,,,,,,,
0,3.492,113.712,,,,,,,,,,,,,
0,4.38,113.013,,,,,,,,,,,,,
0,4.785,112.625,,,,,,,,,,,,,
0,5.311,112.597,,,,,,,,,,,,,
0,6.14,112.481,,,,,,,,,,,,,
0,6.785,112.51,,,,,,,,,,,,,
0,7.191,112.508,,,,,,,,,,,,,
0,7.74,112.534,,,,,,,,,,,,,
0,7.99,112.539,,,,,,,,,,,,,
0,8.178,112.523,,,,,,,,,,,,,
0,9.11,112.505,,,,,,,,,,,,,
0,10.054,112.462,,,,,,,,,,,,,
0,10.321,112.46,,,,,,,,,,,,,
0,10.586,112.471,,,,,,,,,,,,,
0,11.222,112.482,,,,,,,,,,,,,
0,11.917,112.475,,,,,,,,,,,,,
0,12.124,112.483,,,,,,,,,,,,,
0,12.359,112.485,,,,,,,,,,,,,
0,13.456,112.506,,,,,,,,,,,,,
0,14.402,112.482,,,,,,,,,,,,,
0,14.658,112.479,,,,,,,,,,,,,
0,15.049,112.479,,,,,,,,,,,,,
0,15.525,112.49,,,,,,,,,,,,,
0,15.833,112.497,,,,,,,,,,,,,
0,16.72,112.461,,,,,,,,,,,,,
0,17.907,112.397,,,,,,,,,,,,,
0,18.083,112.383,,,,,,,,,,,,,
0,18.216,112.392,,,,,,,,,,,,,
0,19.149,112.473,,,,,,,,,,,,,
0,19.593,112.442,,,,,,,,,,,,,
0,20.476,112.442,,,,,,,,,,,,,
0,22.02,112.47,,,,,,,,,,,,,
0,22.047,112.469,,,,,,,,,,,,,
0,22.12,112.469,,,,,,,,,,,,,
0,23.022,112.432,,,,,,,,,,,,,
0,23.359,112.461,,,,,,,,,,,,,
0,24.098,112.474,,,,,,,,,,,,,
0,24.734,112.435,,,,,,,,,,,,,
0,25,112.425,,,,,,,,,,,,,
1.7,17,1700,,,,78,,,,,0,,,óÑêÏêÖån,çÿéÌêÏ
0,-25,114.423,,,,,,,,,,,,,
0,-24.366,114.433,,,,,,,,,,,,,
0,-24.013,114.438,,,,,,,,,,,,,
0,-23.073,114.438,,,,,,,,,,,,,
0,-22.78,114.437,,,,,,,,,,,,,
0,-21.367,114.402,,,,,,,,,,,,,
0,-21.27,114.403,,,,,,,,,,,,,
0,-21.147,114.398,,,,,,,,,,,,,
0,-20.051,114.385,,,,,,,,,,,,,
0,-19.09,114.417,,,,,,,,,,,,,
0,-18.505,114.424,,,,,,,,,,,,,
0,-17.752,114.418,,,,,,,,,,,,,
0,-17.306,114.431,,,,,,,,,,,,,
0,-16.704,114.431,,,,,,,,,,,,,
0,-15.732,114.413,,,,,,,,,,,,,
0,-15.656,114.413,,,,,,,,,,,,,
0,-15.438,114.41,,,,,,,,,,,,,
0,-14.757,114.394,,,,,,,,,,,,,
0,-14.515,114.429,,,,,,,,,,,,,
0,-13.17,114.557,,,,,,,,,,,,,
0,-12.949,114.536,,,,,,,,,,,,,
0,-12.013,114.376,,,,,,,,,,,,,
0,-11.72,114.211,,,,,,,,,,,,,
0,-10.193,113.59,,,,,,,,,,,,,
0,-10.189,113.592,,,,,,,,,,,,,
0,-9.13,114.482,,,,,,,,,,,,,
0,-8.904,114.508,,,,,,,,,,,,,
0,-7.959,114.736,,,,,,,,,,,,,
0,-7.32,114.644,,,,,,,,,,,,,
0,-6.613,114.594,,,,,,,,,,,,,
0,-6.081,114.574,,,,,,,,,,,,,
0,-5.081,114.528,,,,,,,,,,,,,
0,-4.499,114.712,,,,,,,,,,,,,
0,-3.771,114.912,,,,,,,,,,,,,
0,-3.252,114.963,,,,,,,,,,,,,
0,-1.808,115.107,,,,,,,,,,,,,
0,-1.717,115.107,,,,,,,,,,,,,
0,-1.662,115.075,,,,,,,,,,,,,
0,-0.912,114.395,,,,,,,,,,,,,
0,0.824,113.68,,,,,,,,,,,,,
0,1.107,113.51,,,,,,,,,,,,,
0,1.377,113.807,,,,,,,,,,,,,
0,2.425,115.027,,,,,,,,,,,,,
0,3.007,115.126,,,,,,,,,,,,,
0,4.008,114.967,,,,,,,,,,,,,
0,4.174,114.92,,,,,,,,,,,,,
0,4.888,114.498,,,,,,,,,,,,,
0,5.138,114.347,,,,,,,,,,,,,
0,5.196,114.338,,,,,,,,,,,,,
0,6.298,114.228,,,,,,,,,,,,,
0,6.806,114.142,,,,,,,,,,,,,
0,7.449,114.07,,,,,,,,,,,,,
0,8.076,114.066,,,,,,,,,,,,,
0,9.074,114.076,,,,,,,,,,,,,
0,9.685,114.072,,,,,,,,,,,,,
0,10.508,114.08,,,,,,,,,,,,,
0,10.951,114.08,,,,,,,,,,,,,
0,11.276,114.076,,,,,,,,,,,,,
0,12.567,114.129,,,,,,,,,,,,,
0,13.087,114.263,,,,,,,,,,,,,
0,13.816,114.221,,,,,,,,,,,,,
0,14.305,114.098,,,,,,,,,,,,,
0,15.451,114.177,,,,,,,,,,,,,
0,15.513,114.174,,,,,,,,,,,,,
0,16.673,114.088,,,,,,,,,,,,,
0,17.493,114.095,,,,,,,,,,,,,
0,18.307,114.053,,,,,,,,,,,,,
0,18.706,114.109,,,,,,,,,,,,,
0,19.567,114.23,,,,,,,,,,,,,
0,19.568,114.23,,,,,,,,,,,,,
0,19.569,114.23,,,,,,,,,,,,,
0,20.781,114.109,,,,,,,,,,,,,
0,21.219,114.113,,,,,,,,,,,,,
0,22.328,114.244,,,,,,,,,,,,,
0,22.448,114.26,,,,,,,,,,,,,
0,23.676,114.245,,,,,,,,,,,,,
0,24.103,114.243,,,,,,,,,,,,,
0,25,114.234,,,,,,,,,,,,,
1.8,18,1800,,,,83,,,,,0,,,óÑêÏêÖån,çÿéÌêÏ
0,-25,115.926,,,,,,,,,,,,,
0,-24.497,115.947,,,,,,,,,,,,,
0,-24.319,115.921,,,,,,,,,,,,,
0,-23.276,115.88,,,,,,,,,,,,,
0,-23.212,115.895,,,,,,,,,,,,,
0,-21.995,116.199,,,,,,,,,,,,,
0,-21.556,116.126,,,,,,,,,,,,,
0,-20.03,116.056,,,,,,,,,,,,,
0,-19.482,116.034,,,,,,,,,,,,,
0,-18.623,115.888,,,,,,,,,,,,,
0,-18.095,115.84,,,,,,,,,,,,,
0,-17.649,115.838,,,,,,,,,,,,,
0,-16.424,115.895,,,,,,,,,,,,,
0,-15.761,115.959,,,,,,,,,,,,,
0,-15.163,115.995,,,,,,,,,,,,,
0,-14.459,116.058,,,,,,,,,,,,,
0,-13.72,115.984,,,,,,,,,,,,,
0,-13.226,116.003,,,,,,,,,,,,,
0,-12.484,116.014,,,,,,,,,,,,,
0,-11.916,116.042,,,,,,,,,,,,,
0,-10.993,115.998,,,,,,,,,,,,,
0,-10.68,115.977,,,,,,,,,,,,,
0,-9.521,116.024,,,,,,,,,,,,,
0,-9.396,116.038,,,,,,,,,,,,,
0,-8.148,116.14,,,,,,,,,,,,,
0,-8.134,116.139,,,,,,,,,,,,,
0,-8.113,116.14,,,,,,,,,,,,,
0,-6.863,116.051,,,,,,,,,,,,,
0,-5.805,115.952,,,,,,,,,,,,,
0,-5.622,115.942,,,,,,,,,,,,,
0,-5.274,116.017,,,,,,,,,,,,,
0,-4.482,116.202,,,,,,,,,,,,,
0,-4.304,116.257,,,,,,,,,,,,,
0,-3.283,116.526,,,,,,,,,,,,,
0,-3.03,116.57,,,,,,,,,,,,,
0,-2.651,116.106,,,,,,,,,,,,,
0,-1.779,115.564,,,,,,,,,,,,,
0,-1.137,115.059,,,,,,,,,,,,,
0,-0.553,114.956,,,,,,,,,,,,,
0,0.587,114.884,,,,,,,,,,,,,
0,0.754,115.027,,,,,,,,,,,,,
0,1.019,115.234,,,,,,,,,,,,,
0,2.077,116.504,,,,,,,,,,,,,
0,2.614,116.565,,,,,,,,,,,,,
0,3.38,116.535,,,,,,,,,,,,,
0,4.338,116.467,,,,,,,,,,,,,
0,4.602,116.433,,,,,,,,,,,,,
0,4.79,116.383,,,,,,,,,,,,,
0,5.873,116.435,,,,,,,,,,,,,
0,6.561,116.532,,,,,,,,,,,,,
0,7.144,116.382,,,,,,,,,,,,,
0,8.118,116.446,,,,,,,,,,,,,
0,8.414,116.45,,,,,,,,,,,,,
0,8.482,116.433,,,,,,,,,,,,,
0,9.242,116.437,,,,,,,,,,,,,
0,9.601,116.442,,,,,,,,,,,,,
0,9.632,116.429,,,,,,,,,,,,,
0,9.7,116.419,,,,,,,,,,,,,
0,10.922,116.347,,,,,,,,,,,,,
0,11.878,116.669,,,,,,,,,,,,,
0,12.159,116.691,,,,,,,,,,,,,
0,12.398,116.649,,,,,,,,,,,,,
0,13.396,116.555,,,,,,,,,,,,,
0,14.56,116.552,,,,,,,,,,,,,
0,14.631,116.55,,,,,,,,,,,,,
0,14.672,116.549,,,,,,,,,,,,,
0,15.878,116.537,,,,,,,,,,,,,
0,16.35,116.552,,,,,,,,,,,,,
0,17.086,116.546,,,,,,,,,,,,,
0,17.618,116.524,,,,,,,,,,,,,
0,18.355,116.52,,,,,,,,,,,,,
0,18.924,116.206,,,,,,,,,,,,,
0,19.559,115.938,,,,,,,,,,,,,
0,20.13,115.885,,,,,,,,,,,,,
0,20.772,115.996,,,,,,,,,,,,,
0,21.653,115.81,,,,,,,,,,,,,
0,21.916,115.745,,,,,,,,,,,,,
0,22.139,115.716,,,,,,,,,,,,,
0,23.14,115.971,,,,,,,,,,,,,
0,23.874,116.055,,,,,,,,,,,,,
0,24.336,116.058,,,,,,,,,,,,,
0,24.914,116.114,,,,,,,,,,,,,
0,25,116.113,,,,,,,,,,,,,
1.9,19,1900,,,,80,,,,,0,,,óÑêÏêÖån,çÿéÌêÏ
0,-25,116.514,,,,,,,,,,,,,
0,-23.777,116.501,,,,,,,,,,,,,
0,-23.477,116.549,,,,,,,,,,,,,
0,-21.918,116.69,,,,,,,,,,,,,
0,-21.119,116.661,,,,,,,,,,,,,
0,-20.387,116.757,,,,,,,,,,,,,
0,-20.104,116.788,,,,,,,,,,,,,
0,-19.437,116.876,,,,,,,,,,,,,
0,-18.701,116.993,,,,,,,,,,,,,
0,-17.18,117.451,,,,,,,,,,,,,
0,-16.475,117.677,,,,,,,,,,,,,
0,-16.228,117.727,,,,,,,,,,,,,
0,-16.142,117.71,,,,,,,,,,,,,
0,-15.314,117.444,,,,,,,,,,,,,
0,-15.27,117.43,,,,,,,,,,,,,
0,-13.97,117.509,,,,,,,,,,,,,
0,-13.722,117.519,,,,,,,,,,,,,
0,-13.067,117.538,,,,,,,,,,,,,
0,-11.369,117.58,,,,,,,,,,,,,
0,-10.646,117.77,,,,,,,,,,,,,
0,-9.232,117.858,,,,,,,,,,,,,
0,-8.868,117.852,,,,,,,,,,,,,
0,-8.751,117.83,,,,,,,,,,,,,
0,-7.854,117.734,,,,,,,,,,,,,
0,-6.842,117.873,,,,,,,,,,,,,
0,-6.403,117.942,,,,,,,,,,,,,
0,-5.717,117.949,,,,,,,,,,,,,
0,-5.398,117.916,,,,,,,,,,,,,
0,-4.171,117.705,,,,,,,,,,,,,
0,-3.768,117.674,,,,,,,,,,,,,
0,-2.904,117.698,,,,,,,,,,,,,
0,-2.865,117.69,,,,,,,,,,,,,
0,-2.38,117.387,,,,,,,,,,,,,
0,-1.536,116.893,,,,,,,,,,,,,
0,-1.466,116.818,,,,,,,,,,,,,
0,-0.782,116.369,,,,,,,,,,,,,
0,0.188,116.422,,,,,,,,,,,,,
0,1.019,116.404,,,,,,,,,,,,,
0,1.642,117.287,,,,,,,,,,,,,
0,2.067,117.88,,,,,,,,,,,,,
0,2.699,117.987,,,,,,,,,,,,,
0,3.541,118.014,,,,,,,,,,,,,
0,4.132,118.033,,,,,,,,,,,,,
0,4.576,118.029,,,,,,,,,,,,,
0,5.334,117.984,,,,,,,,,,,,,
0,6.062,117.956,,,,,,,,,,,,,
0,6.789,117.963,,,,,,,,,,,,,
0,7.098,117.973,,,,,,,,,,,,,
0,8.067,117.968,,,,,,,,,,,,,
0,8.589,117.98,,,,,,,,,,,,,
0,9.153,117.992,,,,,,,,,,,,,
0,9.622,117.981,,,,,,,,,,,,,
0,10.473,117.797,,,,,,,,,,,,,
0,11.089,117.646,,,,,,,,,,,,,
0,11.657,117.541,,,,,,,,,,,,,
0,12.134,117.444,,,,,,,,,,,,,
0,12.524,117.458,,,,,,,,,,,,,
0,13.599,117.36,,,,,,,,,,,,,
0,13.828,117.334,,,,,,,,,,,,,
0,14.634,117.322,,,,,,,,,,,,,
0,16.064,117.331,,,,,,,,,,,,,
0,16.145,117.335,,,,,,,,,,,,,
0,16.182,117.338,,,,,,,,,,,,,
0,16.468,117.33,,,,,,,,,,,,,
0,17.102,117.335,,,,,,,,,,,,,
0,17.184,117.341,,,,,,,,,,,,,
0,18.424,117.508,,,,,,,,,,,,,
0,18.677,117.491,,,,,,,,,,,,,
0,19.112,117.63,,,,,,,,,,,,,
0,19.705,117.737,,,,,,,,,,,,,
0,20.363,117.535,,,,,,,,,,,,,
0,21.204,117.214,,,,,,,,,,,,,
0,21.885,117.2,,,,,,,,,,,,,
0,22.251,117.173,,,,,,,,,,,,,
0,23.75,116.951,,,,,,,,,,,,,
0,23.76,116.95,,,,,,,,,,,,,
0,23.826,116.941,,,,,,,,,,,,,
0,24.751,116.805,,,,,,,,,,,,,
0,24.87,116.808,,,,,,,,,,,,,
0,25,116.802,,,,,,,,,,,,,
2,20,2000,,,,71,,,,,0,,,óÑêÏêÖån,çÿéÌêÏ
0,-25,124.785,,,,,,,,,,,,,
0,-24.489,124.391,,,,,,,,,,,,,
0,-19.002,120.551,,,,,,,,,,,,,
0,-18.825,120.448,,,,,,,,,,,,,
0,-18.795,120.431,,,,,,,,,,,,,
0,-18.695,120.385,,,,,,,,,,,,,
0,-17.295,119.915,,,,,,,,,,,,,
0,-17.1,119.932,,,,,,,,,,,,,
0,-16.539,120.087,,,,,,,,,,,,,
0,-16.019,120.081,,,,,,,,,,,,,
0,-14.971,119.883,,,,,,,,,,,,,
0,-13.184,119.853,,,,,,,,,,,,,
0,-12.584,119.83,,,,,,,,,,,,,
0,-12.144,119.853,,,,,,,,,,,,,
0,-11.838,119.867,,,,,,,,,,,,,
0,-10.941,119.821,,,,,,,,,,,,,
0,-10.201,119.794,,,,,,,,,,,,,
0,-9.533,119.884,,,,,,,,,,,,,
0,-9.445,119.878,,,,,,,,,,,,,
0,-9.217,119.883,,,,,,,,,,,,,
0,-7.767,119.853,,,,,,,,,,,,,
0,-7.067,119.84,,,,,,,,,,,,,
0,-7.012,119.84,,,,,,,,,,,,,
0,-6.841,119.846,,,,,,,,,,,,,
0,-5.354,119.861,,,,,,,,,,,,,
0,-4.929,119.905,,,,,,,,,,,,,
0,-4.572,119.855,,,,,,,,,,,,,
0,-3.889,119.666,,,,,,,,,,,,,
0,-2.898,119.489,,,,,,,,,,,,,
0,-2.414,119.428,,,,,,,,,,,,,
0,-2.116,119.262,,,,,,,,,,,,,
0,-0.751,117.842,,,,,,,,,,,,,
0,-0.525,117.58,,,,,,,,,,,,,
0,-0.435,117.578,,,,,,,,,,,,,
0,0.257,117.517,,,,,,,,,,,,,
0,1.92,117.815,,,,,,,,,,,,,
0,1.949,117.815,,,,,,,,,,,,,
0,2.034,117.949,,,,,,,,,,,,,
0,2.777,119.103,,,,,,,,,,,,,
0,3.546,119.293,,,,,,,,,,,,,
0,4.471,119.532,,,,,,,,,,,,,
0,4.603,119.552,,,,,,,,,,,,,
0,5.242,119.444,,,,,,,,,,,,,
0,5.791,119.442,,,,,,,,,,,,,
0,6.932,119.505,,,,,,,,,,,,,
0,7.445,119.487,,,,,,,,,,,,,
0,7.715,119.483,,,,,,,,,,,,,
0,9.016,119.382,,,,,,,,,,,,,
0,9.394,119.368,,,,,,,,,,,,,
0,9.913,119.257,,,,,,,,,,,,,
0,10.177,119.201,,,,,,,,,,,,,
0,10.482,119.276,,,,,,,,,,,,,
0,11.875,119.628,,,,,,,,,,,,,
0,12.419,119.478,,,,,,,,,,,,,
0,12.677,119.423,,,,,,,,,,,,,
0,13.045,119.338,,,,,,,,,,,,,
0,14.347,118.977,,,,,,,,,,,,,
0,14.62,118.894,,,,,,,,,,,,,
0,15.141,118.806,,,,,,,,,,,,,
0,15.945,118.803,,,,,,,,,,,,,
0,16.822,118.777,,,,,,,,,,,,,
0,17.647,118.883,,,,,,,,,,,,,
0,18.777,118.92,,,,,,,,,,,,,
0,19.906,118.923,,,,,,,,,,,,,
0,20.498,118.89,,,,,,,,,,,,,
0,20.818,118.846,,,,,,,,,,,,,
0,22.411,118.706,,,,,,,,,,,,,
0,23.495,118.766,,,,,,,,,,,,,
0,24.336,118.88,,,,,,,,,,,,,
0,24.805,118.844,,,,,,,,,,,,,
0,25,118.817,,,,,,,,,,,,,
2.1,21,2100,,,,72,,,,,0,,,óÑêÏêÖån,çÿéÌêÏ
0,-25,125.922,,,,,,,,,,,,,
0,-24.674,125.734,,,,,,,,,,,,,
0,-24.09,125.457,,,,,,,,,,,,,
0,-19.652,124.42,,,,,,,,,,,,,
0,-15.197,122.8,,,,,,,,,,,,,
0,-9.437,121.693,,,,,,,,,,,,,
0,-8.382,121.764,,,,,,,,,,,,,
0,-7.873,121.488,,,,,,,,,,,,,
0,-7.259,121.567,,,,,,,,,,,,,
0,-6.985,121.522,,,,,,,,,,,,,
0,-5.112,121.079,,,,,,,,,,,,,
0,-4.358,120.968,,,,,,,,,,,,,
0,-3.916,120.881,,,,,,,,,,,,,
0,-3.797,120.829,,,,,,,,,,,,,
0,-2.387,119.71,,,,,,,,,,,,,
0,-2.302,119.646,,,,,,,,,,,,,
0,-2.223,119.612,,,,,,,,,,,,,
0,-1.771,119.38,,,,,,,,,,,,,
0,-1.114,119.028,,,,,,,,,,,,,
0,-0.337,118.59,,,,,,,,,,,,,
0,1.056,118.626,,,,,,,,,,,,,
0,1.569,118.68,,,,,,,,,,,,,
0,1.765,118.772,,,,,,,,,,,,,
0,2.067,118.851,,,,,,,,,,,,,
0,2.536,119.118,,,,,,,,,,,,,
0,3.382,119.414,,,,,,,,,,,,,
0,3.585,119.548,,,,,,,,,,,,,
0,3.917,119.735,,,,,,,,,,,,,
0,4.689,120.149,,,,,,,,,,,,,
0,5.205,120.436,,,,,,,,,,,,,
0,5.413,120.586,,,,,,,,,,,,,
0,5.685,120.798,,,,,,,,,,,,,
0,6.758,120.724,,,,,,,,,,,,,
0,6.991,120.714,,,,,,,,,,,,,
0,7.034,120.718,,,,,,,,,,,,,
0,7.451,120.731,,,,,,,,,,,,,
0,8.408,120.72,,,,,,,,,,,,,
0,8.724,120.72,,,,,,,,,,,,,
0,8.792,120.721,,,,,,,,,,,,,
0,9.217,120.723,,,,,,,,,,,,,
0,9.883,120.709,,,,,,,,,,,,,
0,10.466,120.681,,,,,,,,,,,,,
0,10.624,120.66,,,,,,,,,,,,,
0,10.939,120.6,,,,,,,,,,,,,
0,11.792,120.394,,,,,,,,,,,,,
0,12.183,120.308,,,,,,,,,,,,,
0,12.325,120.288,,,,,,,,,,,,,
0,12.667,120.328,,,,,,,,,,,,,
0,13.447,120.332,,,,,,,,,,,,,
0,13.864,120.313,,,,,,,,,,,,,
0,14.258,120.343,,,,,,,,,,,,,
0,14.306,120.341,,,,,,,,,,,,,
0,14.566,120.336,,,,,,,,,,,,,
0,15.502,120.304,,,,,,,,,,,,,
0,15.739,120.292,,,,,,,,,,,,,
0,15.93,120.273,,,,,,,,,,,,,
0,16.396,120.314,,,,,,,,,,,,,
0,17.097,120.342,,,,,,,,,,,,,
0,17.364,120.367,,,,,,,,,,,,,
0,17.508,120.349,,,,,,,,,,,,,
0,17.804,120.355,,,,,,,,,,,,,
0,18.602,120.432,,,,,,,,,,,,,
0,18.998,120.48,,,,,,,,,,,,,
0,18.999,120.48,,,,,,,,,,,,,
0,19,120.48,,,,,,,,,,,,,
0,19.816,120.472,,,,,,,,,,,,,
0,20.764,120.482,,,,,,,,,,,,,
0,21.52,120.395,,,,,,,,,,,,,
0,21.765,120.339,,,,,,,,,,,,,
0,22.915,120.198,,,,,,,,,,,,,
0,24.456,120.209,,,,,,,,,,,,,
0,25,120.153,,,,,,,,,,,,,
2.2,22,2200,,,,112,,,,,0,,,óÑêÏêÖån,çÿéÌêÏ
0,-25,122.861,,,,,,,,,,,,,
0,-23.722,122.683,,,,,,,,,,,,,
0,-23.113,122.784,,,,,,,,,,,,,
0,-22.984,122.791,,,,,,,,,,,,,
0,-21.174,123.049,,,,,,,,,,,,,
0,-19.764,122.989,,,,,,,,,,,,,
0,-17.994,122.595,,,,,,,,,,,,,
0,-16.998,122.622,,,,,,,,,,,,,
0,-15.745,122.657,,,,,,,,,,,,,
0,-15.46,122.616,,,,,,,,,,,,,
0,-15.08,122.603,,,,,,,,,,,,,
0,-14.299,122.656,,,,,,,,,,,,,
0,-14.078,122.611,,,,,,,,,,,,,
0,-13.593,122.575,,,,,,,,,,,,,
0,-13.36,122.573,,,,,,,,,,,,,
0,-12.47,122.6,,,,,,,,,,,,,
0,-11.889,122.558,,,,,,,,,,,,,
0,-11.2,122.478,,,,,,,,,,,,,
0,-10.696,122.429,,,,,,,,,,,,,
0,-10.276,122.484,,,,,,,,,,,,,
0,-10.015,122.518,,,,,,,,,,,,,
0,-9.778,122.51,,,,,,,,,,,,,
0,-8.933,122.457,,,,,,,,,,,,,
0,-8.8,122.452,,,,,,,,,,,,,
0,-8.305,122.472,,,,,,,,,,,,,
0,-7.264,122.468,,,,,,,,,,,,,
0,-7.216,122.47,,,,,,,,,,,,,
0,-7.198,122.472,,,,,,,,,,,,,
0,-6.787,122.491,,,,,,,,,,,,,
0,-6.609,122.499,,,,,,,,,,,,,
0,-6.601,122.499,,,,,,,,,,,,,
0,-5.731,122.456,,,,,,,,,,,,,
0,-5.54,122.462,,,,,,,,,,,,,
0,-5.222,122.253,,,,,,,,,,,,,
0,-4.944,122.128,,,,,,,,,,,,,
0,-4.642,121.958,,,,,,,,,,,,,
0,-3.92,121.612,,,,,,,,,,,,,
0,-3.503,121.333,,,,,,,,,,,,,
0,-3.342,121.199,,,,,,,,,,,,,
0,-2.681,120.762,,,,,,,,,,,,,
0,-2.32,120.525,,,,,,,,,,,,,
0,-1.865,120.255,,,,,,,,,,,,,
0,-1.778,120.204,,,,,,,,,,,,,
0,-0.985,119.801,,,,,,,,,,,,,
0,-0.854,119.772,,,,,,,,,,,,,
0,-0.292,119.798,,,,,,,,,,,,,
0,1.294,119.903,,,,,,,,,,,,,
0,1.84,120.347,,,,,,,,,,,,,
0,1.876,120.374,,,,,,,,,,,,,
0,1.887,120.38,,,,,,,,,,,,,
0,2.355,120.69,,,,,,,,,,,,,
0,2.813,121.02,,,,,,,,,,,,,
0,3.247,121.305,,,,,,,,,,,,,
0,3.593,121.518,,,,,,,,,,,,,
0,4.136,121.83,,,,,,,,,,,,,
0,4.743,122.12,,,,,,,,,,,,,
0,4.762,122.13,,,,,,,,,,,,,
0,4.765,122.131,,,,,,,,,,,,,
0,4.77,122.131,,,,,,,,,,,,,
0,5.48,122.434,,,,,,,,,,,,,
0,5.788,122.293,,,,,,,,,,,,,
0,5.916,122.31,,,,,,,,,,,,,
0,6.335,122.308,,,,,,,,,,,,,
0,6.702,122.324,,,,,,,,,,,,,
0,7.019,122.333,,,,,,,,,,,,,
0,7.512,122.337,,,,,,,,,,,,,
0,7.721,122.333,,,,,,,,,,,,,
0,8.048,122.357,,,,,,,,,,,,,
0,8.305,122.349,,,,,,,,,,,,,
0,9.004,122.295,,,,,,,,,,,,,
0,9.247,122.282,,,,,,,,,,,,,
0,9.749,122.279,,,,,,,,,,,,,
0,9.942,122.253,,,,,,,,,,,,,
0,10.104,122.18,,,,,,,,,,,,,
0,10.573,122.024,,,,,,,,,,,,,
0,11.015,121.974,,,,,,,,,,,,,
0,11.247,122.048,,,,,,,,,,,,,
0,12.048,122.328,,,,,,,,,,,,,
0,12.225,122.347,,,,,,,,,,,,,
0,13.082,122.397,,,,,,,,,,,,,
0,13.123,122.4,,,,,,,,,,,,,
0,13.138,122.399,,,,,,,,,,,,,
0,13.795,122.36,,,,,,,,,,,,,
0,13.926,122.367,,,,,,,,,,,,,
0,14.822,122.39,,,,,,,,,,,,,
0,14.824,122.39,,,,,,,,,,,,,
0,14.825,122.39,,,,,,,,,,,,,
0,14.83,122.39,,,,,,,,,,,,,
0,15.465,122.396,,,,,,,,,,,,,
0,15.868,122.356,,,,,,,,,,,,,
0,15.948,122.356,,,,,,,,,,,,,
0,16.245,122.319,,,,,,,,,,,,,
0,16.524,122.327,,,,,,,,,,,,,
0,16.91,122.359,,,,,,,,,,,,,
0,17.07,122.379,,,,,,,,,,,,,
0,17.366,122.423,,,,,,,,,,,,,
0,17.974,122.469,,,,,,,,,,,,,
0,18.224,122.485,,,,,,,,,,,,,
0,21.208,122.499,,,,,,,,,,,,,
0,21.229,122.498,,,,,,,,,,,,,
0,21.236,122.497,,,,,,,,,,,,,
0,21.36,122.468,,,,,,,,,,,,,
0,22.33,122.208,,,,,,,,,,,,,
0,22.537,122.21,,,,,,,,,,,,,
0,22.744,122.195,,,,,,,,,,,,,
0,22.83,122.202,,,,,,,,,,,,,
0,23.444,122.185,,,,,,,,,,,,,
0,23.594,122.189,,,,,,,,,,,,,
0,23.844,122.158,,,,,,,,,,,,,
0,24.417,122.145,,,,,,,,,,,,,
0,24.697,122.217,,,,,,,,,,,,,
0,25,122.226,,,,,,,,,,,,,
2.3,23,2300,,,,90,,,,,0,,,óÑêÏêÖån,çÿéÌêÏ
0,-25,124.354,,,,,,,,,,,,,
0,-22.893,124.105,,,,,,,,,,,,,
0,-22.693,124.093,,,,,,,,,,,,,
0,-22.558,124.123,,,,,,,,,,,,,
0,-21.9,124.288,,,,,,,,,,,,,
0,-21.743,124.273,,,,,,,,,,,,,
0,-15.221,124.438,,,,,,,,,,,,,
0,-14.554,124.399,,,,,,,,,,,,,
0,-14.523,124.395,,,,,,,,,,,,,
0,-14.331,124.446,,,,,,,,,,,,,
0,-9.587,124.313,,,,,,,,,,,,,
0,-7.746,124.247,,,,,,,,,,,,,
0,-7.607,124.176,,,,,,,,,,,,,
0,-6.227,123.506,,,,,,,,,,,,,
0,-5.829,123.501,,,,,,,,,,,,,
0,-5.341,123.47,,,,,,,,,,,,,
0,-4.789,123.415,,,,,,,,,,,,,
0,-3.903,123.524,,,,,,,,,,,,,
0,-2.897,123.425,,,,,,,,,,,,,
0,-2.527,123.448,,,,,,,,,,,,,
0,-1.641,123.344,,,,,,,,,,,,,
0,-0.961,122.734,,,,,,,,,,,,,
0,-0.788,122.601,,,,,,,,,,,,,
0,-0.063,122.489,,,,,,,,,,,,,
0,0.419,122.594,,,,,,,,,,,,,
0,0.609,122.651,,,,,,,,,,,,,
0,1.123,122.643,,,,,,,,,,,,,
0,1.244,122.642,,,,,,,,,,,,,
0,1.461,122.661,,,,,,,,,,,,,
0,2.238,122.635,,,,,,,,,,,,,
0,3.025,123.18,,,,,,,,,,,,,
0,3.16,123.373,,,,,,,,,,,,,
0,3.545,123.654,,,,,,,,,,,,,
0,4.182,124.179,,,,,,,,,,,,,
0,4.525,124.272,,,,,,,,,,,,,
0,4.927,124.265,,,,,,,,,,,,,
0,5.036,124.264,,,,,,,,,,,,,
0,5.731,124.234,,,,,,,,,,,,,
0,6.455,124.325,,,,,,,,,,,,,
0,6.616,124.312,,,,,,,,,,,,,
0,7.129,124.33,,,,,,,,,,,,,
0,7.139,124.331,,,,,,,,,,,,,
0,7.149,124.33,,,,,,,,,,,,,
0,7.187,124.329,,,,,,,,,,,,,
0,7.882,124.286,,,,,,,,,,,,,
0,8.669,124.304,,,,,,,,,,,,,
0,9.148,124.297,,,,,,,,,,,,,
0,10.13,124.137,,,,,,,,,,,,,
0,10.191,124.131,,,,,,,,,,,,,
0,11.337,124.179,,,,,,,,,,,,,
0,11.37,124.182,,,,,,,,,,,,,
0,11.39,124.182,,,,,,,,,,,,,
0,12.1,124.221,,,,,,,,,,,,,
0,12.603,124.219,,,,,,,,,,,,,
0,12.963,124.263,,,,,,,,,,,,,
0,13.156,124.259,,,,,,,,,,,,,
0,13.386,124.27,,,,,,,,,,,,,
0,13.915,124.288,,,,,,,,,,,,,
0,14.25,124.272,,,,,,,,,,,,,
0,14.423,124.305,,,,,,,,,,,,,
0,14.579,124.296,,,,,,,,,,,,,
0,15.172,124.341,,,,,,,,,,,,,
0,15.696,124.344,,,,,,,,,,,,,
0,16.114,124.389,,,,,,,,,,,,,
0,16.508,124.419,,,,,,,,,,,,,
0,16.593,124.436,,,,,,,,,,,,,
0,16.913,124.445,,,,,,,,,,,,,
0,17.703,124.461,,,,,,,,,,,,,
0,17.892,124.477,,,,,,,,,,,,,
0,18.408,124.477,,,,,,,,,,,,,
0,18.508,124.467,,,,,,,,,,,,,
0,19.184,124.46,,,,,,,,,,,,,
0,19.304,124.479,,,,,,,,,,,,,
0,19.95,124.521,,,,,,,,,,,,,
0,20.018,124.522,,,,,,,,,,,,,
0,20.126,124.533,,,,,,,,,,,,,
0,20.841,124.527,,,,,,,,,,,,,
0,21.321,124.508,,,,,,,,,,,,,
0,21.469,124.517,,,,,,,,,,,,,
0,21.773,124.509,,,,,,,,,,,,,
0,22.29,124.508,,,,,,,,,,,,,
0,22.522,124.514,,,,,,,,,,,,,
0,22.982,124.56,,,,,,,,,,,,,
0,23.363,124.551,,,,,,,,,,,,,
0,23.822,124.568,,,,,,,,,,,,,
0,24.414,124.63,,,,,,,,,,,,,
0,24.479,124.636,,,,,,,,,,,,,
0,24.519,124.639,,,,,,,,,,,,,
0,24.788,124.63,,,,,,,,,,,,,
0,25,124.625,,,,,,,,,,,,,
2.4,24,2400,,,,113,,,,,0,,,óÑêÏêÖån,çÿéÌêÏ
0,-25,125.177,,,,,,,,,,,,,
0,-24.707,125.204,,,,,,,,,,,,,
0,-24.328,125.519,,,,,,,,,,,,,
0,-23.112,125.336,,,,,,,,,,,,,
0,-22.502,125.35,,,,,,,,,,,,,
0,-22.046,125.256,,,,,,,,,,,,,
0,-21.891,125.292,,,,,,,,,,,,,
0,-20.873,125.821,,,,,,,,,,,,,
0,-20.62,125.84,,,,,,,,,,,,,
0,-20.231,125.997,,,,,,,,,,,,,
0,-19.546,126.091,,,,,,,,,,,,,
0,-18.863,126.077,,,,,,,,,,,,,
0,-18.578,126.074,,,,,,,,,,,,,
0,-18.448,126.072,,,,,,,,,,,,,
0,-18.186,126.075,,,,,,,,,,,,,
0,-17.736,126.075,,,,,,,,,,,,,
0,-17.209,126.155,,,,,,,,,,,,,
0,-15.154,126.218,,,,,,,,,,,,,
0,-13.892,126.133,,,,,,,,,,,,,
0,-13.183,126.038,,,,,,,,,,,,,
0,-12.691,126.052,,,,,,,,,,,,,
0,-12.374,126.079,,,,,,,,,,,,,
0,-11.89,125.983,,,,,,,,,,,,,
0,-11.66,125.96,,,,,,,,,,,,,
0,-11.512,125.937,,,,,,,,,,,,,
0,-10.818,125.9,,,,,,,,,,,,,
0,-10.414,125.793,,,,,,,,,,,,,
0,-10.06,125.832,,,,,,,,,,,,,
0,-9.587,125.894,,,,,,,,,,,,,
0,-9.291,125.902,,,,,,,,,,,,,
0,-8.813,125.93,,,,,,,,,,,,,
0,-8.54,125.942,,,,,,,,,,,,,
0,-7.987,125.926,,,,,,,,,,,,,
0,-7.726,125.924,,,,,,,,,,,,,
0,-7.048,126.008,,,,,,,,,,,,,
0,-6.967,126.019,,,,,,,,,,,,,
0,-6.927,126.018,,,,,,,,,,,,,
0,-6.164,125.947,,,,,,,,,,,,,
0,-5.888,125.95,,,,,,,,,,,,,
0,-5.347,125.962,,,,,,,,,,,,,
0,-5.126,125.937,,,,,,,,,,,,,
0,-4.521,125.951,,,,,,,,,,,,,
0,-4.408,125.957,,,,,,,,,,,,,
0,-3.74,125.984,,,,,,,,,,,,,
0,-3.645,125.988,,,,,,,,,,,,,
0,-2.946,126.043,,,,,,,,,,,,,
0,-2.67,125.844,,,,,,,,,,,,,
0,-2.131,125.421,,,,,,,,,,,,,
0,-1.705,125.328,,,,,,,,,,,,,
0,-1.299,125.201,,,,,,,,,,,,,
0,-1.022,125.161,,,,,,,,,,,,,
0,-0.501,125.127,,,,,,,,,,,,,
0,0.137,125.339,,,,,,,,,,,,,
0,0.316,125.34,,,,,,,,,,,,,
0,0.697,125.046,,,,,,,,,,,,,
0,1.128,124.87,,,,,,,,,,,,,
0,1.376,124.927,,,,,,,,,,,,,
0,2.002,125.85,,,,,,,,,,,,,
0,2.307,126.137,,,,,,,,,,,,,
0,2.831,126.18,,,,,,,,,,,,,
0,3.069,126.151,,,,,,,,,,,,,
0,3.686,126.002,,,,,,,,,,,,,
0,4.434,125.682,,,,,,,,,,,,,
0,4.52,125.668,,,,,,,,,,,,,
0,4.58,125.637,,,,,,,,,,,,,
0,5.151,125.59,,,,,,,,,,,,,
0,5.375,125.573,,,,,,,,,,,,,
0,5.398,125.572,,,,,,,,,,,,,
0,5.432,125.573,,,,,,,,,,,,,
0,6.243,125.635,,,,,,,,,,,,,
0,6.995,125.548,,,,,,,,,,,,,
0,7.126,125.553,,,,,,,,,,,,,
0,7.34,125.56,,,,,,,,,,,,,
0,7.984,125.642,,,,,,,,,,,,,
0,8.62,125.6,,,,,,,,,,,,,
0,8.877,125.603,,,,,,,,,,,,,
0,9.616,125.652,,,,,,,,,,,,,
0,9.732,125.654,,,,,,,,,,,,,
0,10.404,125.608,,,,,,,,,,,,,
0,10.636,125.609,,,,,,,,,,,,,
0,11.243,125.788,,,,,,,,,,,,,
0,11.519,125.781,,,,,,,,,,,,,
0,11.903,125.774,,,,,,,,,,,,,
0,13.14,125.741,,,,,,,,,,,,,
0,13.338,125.744,,,,,,,,,,,,,
0,13.506,125.74,,,,,,,,,,,,,
0,14.296,125.714,,,,,,,,,,,,,
0,14.924,125.689,,,,,,,,,,,,,
0,15.216,125.65,,,,,,,,,,,,,
0,15.559,125.685,,,,,,,,,,,,,
0,16.161,125.723,,,,,,,,,,,,,
0,16.934,125.668,,,,,,,,,,,,,
0,17.09,125.662,,,,,,,,,,,,,
0,17.189,125.668,,,,,,,,,,,,,
0,18.044,125.756,,,,,,,,,,,,,
0,18.681,125.722,,,,,,,,,,,,,
0,18.979,125.696,,,,,,,,,,,,,
0,19.327,125.711,,,,,,,,,,,,,
0,19.934,125.719,,,,,,,,,,,,,
0,20.75,125.736,,,,,,,,,,,,,
0,20.838,125.737,,,,,,,,,,,,,
0,20.895,125.739,,,,,,,,,,,,,
0,21.271,125.722,,,,,,,,,,,,,
0,21.726,125.7,,,,,,,,,,,,,
0,21.795,125.701,,,,,,,,,,,,,
0,22.197,125.717,,,,,,,,,,,,,
0,22.718,125.732,,,,,,,,,,,,,
0,22.931,125.722,,,,,,,,,,,,,
0,23.65,125.628,,,,,,,,,,,,,
0,24.528,125.816,,,,,,,,,,,,,
0,24.544,125.819,,,,,,,,,,,,,
0,24.587,125.812,,,,,,,,,,,,,
0,25,125.738,,,,,,,,,,,,,
2.5,25,2500,,,,82,,,,,0,,,óÑêÏêÖån,çÿéÌêÏ
0,-25,127.563,,,,,,,,,,,,,
0,-24.484,127.543,,,,,,,,,,,,,
0,-23.675,127.607,,,,,,,,,,,,,
0,-22.779,127.572,,,,,,,,,,,,,
0,-21.03,127.74,,,,,,,,,,,,,
0,-20.25,127.69,,,,,,,,,,,,,
0,-19.294,127.695,,,,,,,,,,,,,
0,-18.949,127.69,,,,,,,,,,,,,
0,-17.805,127.671,,,,,,,,,,,,,
0,-17.219,127.697,,,,,,,,,,,,,
0,-16.361,127.682,,,,,,,,,,,,,
0,-15.726,127.666,,,,,,,,,,,,,
0,-15.08,127.602,,,,,,,,,,,,,
0,-14.189,127.595,,,,,,,,,,,,,
0,-13.514,127.508,,,,,,,,,,,,,
0,-12.494,127.497,,,,,,,,,,,,,
0,-11.389,127.5,,,,,,,,,,,,,
0,-10.712,127.529,,,,,,,,,,,,,
0,-9.716,127.448,,,,,,,,,,,,,
0,-8.311,127.415,,,,,,,,,,,,,
0,-7.534,127.433,,,,,,,,,,,,,
0,-7.07,127.408,,,,,,,,,,,,,
0,-5.162,127.429,,,,,,,,,,,,,
0,-2.018,126.508,,,,,,,,,,,,,
0,-1.687,126.451,,,,,,,,,,,,,
0,-1.532,126.347,,,,,,,,,,,,,
0,0.777,126.291,,,,,,,,,,,,,
0,1.06,126.334,,,,,,,,,,,,,
0,1.415,126.341,,,,,,,,,,,,,
0,1.552,126.505,,,,,,,,,,,,,
0,2.336,127.345,,,,,,,,,,,,,
0,2.646,127.334,,,,,,,,,,,,,
0,2.903,127.335,,,,,,,,,,,,,
0,3.317,127.313,,,,,,,,,,,,,
0,3.766,127.301,,,,,,,,,,,,,
0,3.884,127.293,,,,,,,,,,,,,
0,4.002,127.289,,,,,,,,,,,,,
0,4.164,127.302,,,,,,,,,,,,,
0,5.552,127.315,,,,,,,,,,,,,
0,5.808,127.327,,,,,,,,,,,,,
0,6.196,127.354,,,,,,,,,,,,,
0,6.645,127.392,,,,,,,,,,,,,
0,7.166,127.449,,,,,,,,,,,,,
0,7.504,127.415,,,,,,,,,,,,,
0,7.855,127.39,,,,,,,,,,,,,
0,8.14,127.399,,,,,,,,,,,,,
0,8.836,127.423,,,,,,,,,,,,,
0,9.301,127.347,,,,,,,,,,,,,
0,9.534,127.327,,,,,,,,,,,,,
0,9.792,127.372,,,,,,,,,,,,,
0,10.534,127.456,,,,,,,,,,,,,
0,10.849,127.359,,,,,,,,,,,,,
0,11.814,127.444,,,,,,,,,,,,,
0,12.944,127.52,,,,,,,,,,,,,
0,13.396,127.434,,,,,,,,,,,,,
0,13.967,127.293,,,,,,,,,,,,,
0,14.375,127.318,,,,,,,,,,,,,
0,14.698,127.335,,,,,,,,,,,,,
0,14.992,127.332,,,,,,,,,,,,,
0,15.763,127.254,,,,,,,,,,,,,
0,16.158,127.279,,,,,,,,,,,,,
0,16.501,127.32,,,,,,,,,,,,,
0,17.401,127.274,,,,,,,,,,,,,
0,17.54,127.277,,,,,,,,,,,,,
0,17.719,127.282,,,,,,,,,,,,,
0,18.282,127.32,,,,,,,,,,,,,
0,18.81,127.31,,,,,,,,,,,,,
0,19.347,127.293,,,,,,,,,,,,,
0,19.762,127.322,,,,,,,,,,,,,
0,20.112,127.348,,,,,,,,,,,,,
0,20.739,127.346,,,,,,,,,,,,,
0,21.161,127.339,,,,,,,,,,,,,
0,21.302,127.344,,,,,,,,,,,,,
0,21.882,127.32,,,,,,,,,,,,,
0,22.894,127.475,,,,,,,,,,,,,
0,22.928,127.48,,,,,,,,,,,,,
0,22.953,127.478,,,,,,,,,,,,,
0,23.666,127.511,,,,,,,,,,,,,
0,24.453,127.296,,,,,,,,,,,,,
0,24.7,127.224,,,,,,,,,,,,,
0,24.851,127.241,,,,,,,,,,,,,
0,25,127.262,,,,,,,,,,,,,
2.6,26,2600,,,,96,,,,,0,,,óÑêÏêÖån,çÿéÌêÏ
0,-25,129.573,,,,,,,,,,,,,
0,-24.853,129.553,,,,,,,,,,,,,
0,-24.572,129.534,,,,,,,,,,,,,
0,-24.366,129.533,,,,,,,,,,,,,
0,-23.676,129.545,,,,,,,,,,,,,
0,-23.45,129.52,,,,,,,,,,,,,
0,-22.938,129.685,,,,,,,,,,,,,
0,-22.415,129.934,,,,,,,,,,,,,
0,-22.15,129.648,,,,,,,,,,,,,
0,-22.011,129.511,,,,,,,,,,,,,
0,-21.766,129.481,,,,,,,,,,,,,
0,-20.172,130.092,,,,,,,,,,,,,
0,-20.123,130.111,,,,,,,,,,,,,
0,-20.045,130.13,,,,,,,,,,,,,
0,-19.677,129.747,,,,,,,,,,,,,
0,-19.661,129.755,,,,,,,,,,,,,
0,-19.614,129.748,,,,,,,,,,,,,
0,-18.91,129.786,,,,,,,,,,,,,
0,-16.838,129.989,,,,,,,,,,,,,
0,-16.822,129.987,,,,,,,,,,,,,
0,-16.813,129.991,,,,,,,,,,,,,
0,-16.473,129.995,,,,,,,,,,,,,
0,-16.081,129.866,,,,,,,,,,,,,
0,-15.788,129.775,,,,,,,,,,,,,
0,-15.648,129.842,,,,,,,,,,,,,
0,-15.461,129.929,,,,,,,,,,,,,
0,-15.451,129.917,,,,,,,,,,,,,
0,-11.7,129.636,,,,,,,,,,,,,
0,-9.995,129.548,,,,,,,,,,,,,
0,-9.336,129.541,,,,,,,,,,,,,
0,-8.38,129.567,,,,,,,,,,,,,
0,-6.251,129.567,,,,,,,,,,,,,
0,-4.596,129.567,,,,,,,,,,,,,
0,-1.113,127.407,,,,,,,,,,,,,
0,-0.406,127.568,,,,,,,,,,,,,
0,0.375,127.674,,,,,,,,,,,,,
0,0.385,127.684,,,,,,,,,,,,,
0,0.508,127.783,,,,,,,,,,,,,
0,1.543,128.708,,,,,,,,,,,,,
0,2.2,128.799,,,,,,,,,,,,,
0,2.399,128.821,,,,,,,,,,,,,
0,2.901,128.939,,,,,,,,,,,,,
0,3.284,129.142,,,,,,,,,,,,,
0,3.732,129.43,,,,,,,,,,,,,
0,4.647,129.285,,,,,,,,,,,,,
0,4.681,129.279,,,,,,,,,,,,,
0,5.048,129.359,,,,,,,,,,,,,
0,6.932,129.326,,,,,,,,,,,,,
0,7.007,129.325,,,,,,,,,,,,,
0,7.115,129.33,,,,,,,,,,,,,
0,7.361,129.338,,,,,,,,,,,,,
0,7.418,129.342,,,,,,,,,,,,,
0,8.172,129.365,,,,,,,,,,,,,
0,8.969,129.341,,,,,,,,,,,,,
0,10.139,129.262,,,,,,,,,,,,,
0,10.531,129.265,,,,,,,,,,,,,
0,10.783,129.32,,,,,,,,,,,,,
0,11.185,129.463,,,,,,,,,,,,,
0,12.105,129.397,,,,,,,,,,,,,
0,12.173,129.364,,,,,,,,,,,,,
0,12.401,129.493,,,,,,,,,,,,,
0,13.011,129.787,,,,,,,,,,,,,
0,13.321,129.514,,,,,,,,,,,,,
0,13.415,129.515,,,,,,,,,,,,,
0,13.876,129.515,,,,,,,,,,,,,
0,14.306,129.546,,,,,,,,,,,,,
0,14.437,129.515,,,,,,,,,,,,,
0,14.73,129.537,,,,,,,,,,,,,
0,15.543,129.561,,,,,,,,,,,,,
0,15.639,129.575,,,,,,,,,,,,,
0,15.673,129.574,,,,,,,,,,,,,
0,16.094,129.63,,,,,,,,,,,,,
0,16.382,129.608,,,,,,,,,,,,,
0,17.018,129.566,,,,,,,,,,,,,
0,17.228,129.556,,,,,,,,,,,,,
0,17.462,129.562,,,,,,,,,,,,,
0,17.996,129.564,,,,,,,,,,,,,
0,18.469,129.535,,,,,,,,,,,,,
0,18.804,129.587,,,,,,,,,,,,,
0,18.937,129.604,,,,,,,,,,,,,
0,19.7,129.669,,,,,,,,,,,,,
0,19.967,129.686,,,,,,,,,,,,,
0,20.355,129.658,,,,,,,,,,,,,
0,20.461,129.646,,,,,,,,,,,,,
0,21.203,129.64,,,,,,,,,,,,,
0,21.505,129.647,,,,,,,,,,,,,
0,21.965,129.669,,,,,,,,,,,,,
0,22.002,129.672,,,,,,,,,,,,,
0,22.03,129.672,,,,,,,,,,,,,
0,23.039,129.663,,,,,,,,,,,,,
0,23.077,129.667,,,,,,,,,,,,,
0,23.52,129.705,,,,,,,,,,,,,
0,23.994,129.71,,,,,,,,,,,,,
0,24.599,129.66,,,,,,,,,,,,,
0,24.887,129.66,,,,,,,,,,,,,
0,25,129.651,,,,,,,,,,,,,
2.7,27,2700,,,,66,,,,,0,,,óÑêÏêÖån,çÿéÌêÏ
0,-25,131.465,,,,,,,,,,,,,
0,-23.561,131.536,,,,,,,,,,,,,
0,-22.648,131.54,,,,,,,,,,,,,
0,-22.031,131.559,,,,,,,,,,,,,
0,-21.397,131.572,,,,,,,,,,,,,
0,-20.039,131.424,,,,,,,,,,,,,
0,-19.736,131.39,,,,,,,,,,,,,
0,-18.279,131.445,,,,,,,,,,,,,
0,-16.088,131.395,,,,,,,,,,,,,
0,-14.763,131.312,,,,,,,,,,,,,
0,-12.36,131.33,,,,,,,,,,,,,
0,-12.116,131.351,,,,,,,,,,,,,
0,-11.738,131.351,,,,,,,,,,,,,
0,-11.169,131.395,,,,,,,,,,,,,
0,-10.074,131.42,,,,,,,,,,,,,
0,-8.227,131.474,,,,,,,,,,,,,
0,-7.664,131.41,,,,,,,,,,,,,
0,-7.282,131.455,,,,,,,,,,,,,
0,-6.365,131.456,,,,,,,,,,,,,
0,-4.967,131.392,,,,,,,,,,,,,
0,-4.956,131.391,,,,,,,,,,,,,
0,-3.612,131.368,,,,,,,,,,,,,
0,-3.443,131.363,,,,,,,,,,,,,
0,-2.914,131.284,,,,,,,,,,,,,
0,-2.901,131.284,,,,,,,,,,,,,
0,-2.843,131.235,,,,,,,,,,,,,
0,-0.917,129.825,,,,,,,,,,,,,
0,-0.465,129.841,,,,,,,,,,,,,
0,1.129,130.261,,,,,,,,,,,,,
0,1.665,130.637,,,,,,,,,,,,,
0,2.041,130.771,,,,,,,,,,,,,
0,2.549,131.236,,,,,,,,,,,,,
0,2.734,131.235,,,,,,,,,,,,,
0,3.43,131.246,,,,,,,,,,,,,
0,4.702,131.331,,,,,,,,,,,,,
0,6.352,131.307,,,,,,,,,,,,,
0,7.055,131.348,,,,,,,,,,,,,
0,7.413,131.374,,,,,,,,,,,,,
0,10.616,131.387,,,,,,,,,,,,,
0,11.194,131.372,,,,,,,,,,,,,
0,11.381,131.388,,,,,,,,,,,,,
0,12.888,131.48,,,,,,,,,,,,,
0,12.991,131.478,,,,,,,,,,,,,
0,13.445,131.549,,,,,,,,,,,,,
0,14.051,131.574,,,,,,,,,,,,,
0,15.01,131.58,,,,,,,,,,,,,
0,15.364,131.536,,,,,,,,,,,,,
0,15.577,131.535,,,,,,,,,,,,,
0,16.092,131.577,,,,,,,,,,,,,
0,17.122,131.618,,,,,,,,,,,,,
0,17.451,131.513,,,,,,,,,,,,,
0,17.7,131.538,,,,,,,,,,,,,
0,19.013,131.58,,,,,,,,,,,,,
0,19.267,131.604,,,,,,,,,,,,,
0,19.777,131.698,,,,,,,,,,,,,
0,19.972,131.685,,,,,,,,,,,,,
0,20.33,131.719,,,,,,,,,,,,,
0,21.381,131.773,,,,,,,,,,,,,
0,21.829,131.735,,,,,,,,,,,,,
0,21.982,131.733,,,,,,,,,,,,,
0,23.167,131.64,,,,,,,,,,,,,
0,23.514,131.588,,,,,,,,,,,,,
0,23.829,131.544,,,,,,,,,,,,,
0,24.082,131.474,,,,,,,,,,,,,
0,24.478,131.472,,,,,,,,,,,,,
0,25,131.459,,,,,,,,,,,,,
2.8,28,2800,,,,44,,,,,0,,,óÑêÏêÖån,çÿéÌêÏ
0,-25,133.579,,,,,,,,,,,,,
0,-23.748,133.533,,,,,,,,,,,,,
0,-22.196,133.522,,,,,,,,,,,,,
0,-13.267,133.567,,,,,,,,,,,,,
0,-8.781,133.456,,,,,,,,,,,,,
0,-8.367,133.46,,,,,,,,,,,,,
0,-7.998,133.445,,,,,,,,,,,,,
0,-7.473,133.555,,,,,,,,,,,,,
0,-7.036,133.63,,,,,,,,,,,,,
0,-5.726,133.241,,,,,,,,,,,,,
0,-4.779,132.806,,,,,,,,,,,,,
0,-4.242,132.564,,,,,,,,,,,,,
0,-3.581,132.238,,,,,,,,,,,,,
0,-3.289,132.023,,,,,,,,,,,,,
0,-2.534,131.631,,,,,,,,,,,,,
0,-2.251,131.586,,,,,,,,,,,,,
0,-0.77,132.019,,,,,,,,,,,,,
0,-0.535,132.116,,,,,,,,,,,,,
0,-0.363,132.206,,,,,,,,,,,,,
0,-0.258,132.21,,,,,,,,,,,,,
0,-0.074,132.247,,,,,,,,,,,,,
0,8.997,133.835,,,,,,,,,,,,,
0,9.373,133.903,,,,,,,,,,,,,
0,9.917,133.84,,,,,,,,,,,,,
0,10.13,133.799,,,,,,,,,,,,,
0,10.366,133.816,,,,,,,,,,,,,
0,11.434,133.87,,,,,,,,,,,,,
0,12.127,133.899,,,,,,,,,,,,,
0,12.196,133.915,,,,,,,,,,,,,
0,12.524,133.918,,,,,,,,,,,,,
0,13.299,133.956,,,,,,,,,,,,,
0,13.39,133.991,,,,,,,,,,,,,
0,15.294,134.188,,,,,,,,,,,,,
0,16.241,134.151,,,,,,,,,,,,,
0,16.621,134.146,,,,,,,,,,,,,
0,16.956,134.133,,,,,,,,,,,,,
0,18.125,134.017,,,,,,,,,,,,,
0,19.287,133.944,,,,,,,,,,,,,
0,22.59,133.609,,,,,,,,,,,,,
0,23.881,133.631,,,,,,,,,,,,,
0,23.9,133.63,,,,,,,,,,,,,
0,23.912,133.63,,,,,,,,,,,,,
0,24.665,133.591,,,,,,,,,,,,,
0,25,133.581,,,,,,,,,,,,,
2.9,29,2900,,,,74,,,,,0,,,óÑêÏêÖån,çÿéÌêÏ
0,-25,136.069,,,,,,,,,,,,,
0,-24.675,136.081,,,,,,,,,,,,,
0,-24.007,136.109,,,,,,,,,,,,,
0,-22.888,136.1,,,,,,,,,,,,,
0,-22.879,136.1,,,,,,,,,,,,,
0,-22.875,136.1,,,,,,,,,,,,,
0,-22.872,136.1,,,,,,,,,,,,,
0,-22.867,136.1,,,,,,,,,,,,,
0,-21.085,136.259,,,,,,,,,,,,,
0,-20.566,136.181,,,,,,,,,,,,,
0,-20.27,136.2,,,,,,,,,,,,,
0,-20.084,136.1,,,,,,,,,,,,,
0,-18.814,136.131,,,,,,,,,,,,,
0,-14.965,136.114,,,,,,,,,,,,,
0,-14.407,136.107,,,,,,,,,,,,,
0,-12.759,136.192,,,,,,,,,,,,,
0,-12.067,136.117,,,,,,,,,,,,,
0,-10.39,136.204,,,,,,,,,,,,,
0,-9.583,136.168,,,,,,,,,,,,,
0,-7.138,136.218,,,,,,,,,,,,,
0,-2.148,134.172,,,,,,,,,,,,,
0,-2.094,134.176,,,,,,,,,,,,,
0,-1.901,134.009,,,,,,,,,,,,,
0,-1.7,133.866,,,,,,,,,,,,,
0,-1.234,133.618,,,,,,,,,,,,,
0,-0.817,133.324,,,,,,,,,,,,,
0,0.705,133.661,,,,,,,,,,,,,
0,1.149,133.709,,,,,,,,,,,,,
0,1.255,133.816,,,,,,,,,,,,,
0,1.356,133.917,,,,,,,,,,,,,
0,2.439,135.206,,,,,,,,,,,,,
0,2.827,135.369,,,,,,,,,,,,,
0,3.359,135.592,,,,,,,,,,,,,
0,3.491,135.716,,,,,,,,,,,,,
0,3.666,135.765,,,,,,,,,,,,,
0,4.924,136.18,,,,,,,,,,,,,
0,5.406,136.36,,,,,,,,,,,,,
0,5.504,136.371,,,,,,,,,,,,,
0,6.665,136.439,,,,,,,,,,,,,
0,6.689,136.44,,,,,,,,,,,,,
0,6.736,136.441,,,,,,,,,,,,,
0,7.681,136.482,,,,,,,,,,,,,
0,8.493,136.49,,,,,,,,,,,,,
0,8.879,136.5,,,,,,,,,,,,,
0,9.723,136.535,,,,,,,,,,,,,
0,9.854,136.535,,,,,,,,,,,,,
0,10.795,136.587,,,,,,,,,,,,,
0,11.047,136.598,,,,,,,,,,,,,
0,11.847,136.577,,,,,,,,,,,,,
0,12.024,136.571,,,,,,,,,,,,,
0,12.095,136.573,,,,,,,,,,,,,
0,13.255,136.603,,,,,,,,,,,,,
0,13.417,136.605,,,,,,,,,,,,,
0,14.212,136.675,,,,,,,,,,,,,
0,14.54,136.693,,,,,,,,,,,,,
0,15.429,136.7,,,,,,,,,,,,,
0,15.813,136.7,,,,,,,,,,,,,
0,16.428,136.71,,,,,,,,,,,,,
0,17.295,136.748,,,,,,,,,,,,,
0,17.654,136.749,,,,,,,,,,,,,
0,18.573,136.691,,,,,,,,,,,,,
0,18.631,136.685,,,,,,,,,,,,,
0,19.528,136.733,,,,,,,,,,,,,
0,19.862,136.761,,,,,,,,,,,,,
0,20.424,136.773,,,,,,,,,,,,,
0,20.835,136.741,,,,,,,,,,,,,
0,21.87,136.752,,,,,,,,,,,,,
0,22.049,136.753,,,,,,,,,,,,,
0,22.116,136.749,,,,,,,,,,,,,
0,22.44,136.744,,,,,,,,,,,,,
0,23.038,136.72,,,,,,,,,,,,,
0,24.212,136.977,,,,,,,,,,,,,
0,24.391,136.972,,,,,,,,,,,,,
0,25,136.788,,,,,,,,,,,,,
3,30,3000,,,,75,,,,,0,,,óÑêÏêÖån,çÿéÌêÏ
0,-25,139.165,,,,,,,,,,,,,
0,-24.883,139.166,,,,,,,,,,,,,
0,-24.757,139.221,,,,,,,,,,,,,
0,-23.772,139.339,,,,,,,,,,,,,
0,-22.807,139.388,,,,,,,,,,,,,
0,-22.769,139.398,,,,,,,,,,,,,
0,-22.552,139.398,,,,,,,,,,,,,
0,-20.635,139.515,,,,,,,,,,,,,
0,-19.747,139.596,,,,,,,,,,,,,
0,-19.361,139.574,,,,,,,,,,,,,
0,-18.598,139.567,,,,,,,,,,,,,
0,-17.961,139.651,,,,,,,,,,,,,
0,-17.543,139.687,,,,,,,,,,,,,
0,-16.954,139.716,,,,,,,,,,,,,
0,-16.055,139.599,,,,,,,,,,,,,
0,-14.918,139.529,,,,,,,,,,,,,
0,-14.658,139.595,,,,,,,,,,,,,
0,-14.051,139.673,,,,,,,,,,,,,
0,-13.639,139.731,,,,,,,,,,,,,
0,-12.996,139.527,,,,,,,,,,,,,
0,-12.136,139.678,,,,,,,,,,,,,
0,-11.535,139.641,,,,,,,,,,,,,
0,-10.88,139.47,,,,,,,,,,,,,
0,-10.321,139.367,,,,,,,,,,,,,
0,-9.873,139.265,,,,,,,,,,,,,
0,-9.061,139.161,,,,,,,,,,,,,
0,-8.976,139.153,,,,,,,,,,,,,
0,-8.824,139.142,,,,,,,,,,,,,
0,-7.989,139.1,,,,,,,,,,,,,
0,-7.668,139.125,,,,,,,,,,,,,
0,-7.073,139.255,,,,,,,,,,,,,
0,-6.299,139.225,,,,,,,,,,,,,
0,-6.016,139.214,,,,,,,,,,,,,
0,-5.72,139.181,,,,,,,,,,,,,
0,-5.077,139.108,,,,,,,,,,,,,
0,-4.068,138.491,,,,,,,,,,,,,
0,-3.478,138.105,,,,,,,,,,,,,
0,-3.088,137.84,,,,,,,,,,,,,
0,-2.244,137.295,,,,,,,,,,,,,
0,-2.051,137.167,,,,,,,,,,,,,
0,-1.811,136.944,,,,,,,,,,,,,
0,-1.141,136.306,,,,,,,,,,,,,
0,-0.099,135.497,,,,,,,,,,,,,
0,-0.089,135.49,,,,,,,,,,,,,
0,-0.063,135.491,,,,,,,,,,,,,
0,0.877,135.519,,,,,,,,,,,,,
0,1.343,135.531,,,,,,,,,,,,,
0,1.93,135.533,,,,,,,,,,,,,
0,2.439,135.82,,,,,,,,,,,,,
0,4.454,137.462,,,,,,,,,,,,,
0,6.123,138.877,,,,,,,,,,,,,
0,6.662,139.028,,,,,,,,,,,,,
0,7.102,139.158,,,,,,,,,,,,,
0,8.065,139.393,,,,,,,,,,,,,
0,8.175,139.422,,,,,,,,,,,,,
0,8.802,139.949,,,,,,,,,,,,,
0,9.141,140.241,,,,,,,,,,,,,
0,11.064,141.516,,,,,,,,,,,,,
0,17.482,145.768,,,,,,,,,,,,,
0,17.608,145.849,,,,,,,,,,,,,
0,18.218,146.402,,,,,,,,,,,,,
0,19.597,147.554,,,,,,,,,,,,,
0,19.98,147.556,,,,,,,,,,,,,
0,20.685,147.64,,,,,,,,,,,,,
0,21.444,147.608,,,,,,,,,,,,,
0,21.631,147.596,,,,,,,,,,,,,
0,22.592,147.536,,,,,,,,,,,,,
0,22.747,147.546,,,,,,,,,,,,,
0,22.93,147.53,,,,,,,,,,,,,
0,23.67,147.53,,,,,,,,,,,,,
0,23.88,147.501,,,,,,,,,,,,,
0,24.108,147.623,,,,,,,,,,,,,
0,24.244,147.554,,,,,,,,,,,,,
0,24.33,147.533,,,,,,,,,,,,,
0,24.487,147.594,,,,,,,,,,,,,
