0,0,0,FALSE,,,84,,,,,0,,,,固定値
0,-24.39,85.394,,,,,,,,,,,,,
0,-23.81,85.413,,,,,,,,,,,,,
0,-23.41,85.411,,,,,,,,,,,,,
0,-22.38,85.4,,,,,,,,,,,,,
0,-21.29,85.403,,,,,,,,,,,,,
0,-20.97,85.397,,,,,,,,,,,,,
0,-20.63,85.388,,,,,,,,,,,,,
0,-19.8,85.367,,,,,,,,,,,,,
0,-19.02,85.387,,,,,,,,,,,,,
0,-18.68,85.397,,,,,,,,,,,,,
0,-18.37,85.412,,,,,,,,,,,,,
0,-17.68,85.4,,,,,,,,,,,,,
0,-16.91,85.381,,,,,,,,,,,,,
0,-16.61,85.37,,,,,,,,,,,,,
0,-16.28,85.374,,,,,,,,,,,,,
0,-15.46,85.4,,,,,,,,,,,,,
0,-14.7,85.384,,,,,,,,,,,,,
0,-14.25,85.376,,,,,,,,,,,,,
0,-13.61,85.406,,,,,,,,,,,,,
0,-12.98,85.428,,,,,,,,,,,,,
0,-12.56,85.414,,,,,,,,,,,,,
0,-11.52,85.392,,,,,,,,,,,,,
0,-10.31,85.827,,,,,,,,,,,,,
0,-10.05,85.938,,,,,,,,,,,,,
0,-9.65,85.943,,,,,,,,,,,,,
0,-8.77,85.981,,,,,,,,,,,,,
0,-8.2,86.031,,,,,,,,,,,,,
0,-7.64,86.083,,,,,,,,,,,,,
0,-7.21,86.093,,,,,,,,,,,,,
0,-6.65,86.018,,,,,,,,,,,,,
0,-5.91,85.738,,,,,,,,,,,,,
0,-5.68,85.645,,,,,,,,,,,,,
0,-5.51,85.569,,,,,,,,,,,,,
0,-4.77,85.068,,,,,,,,,,,,,
0,-3.93,84.529,,,,,,,,,,,,,
0,-3.87,84.513,,,,,,,,,,,,,
0,-3.79,84.537,,,,,,,,,,,,,
0,-2.95,84.702,,,,,,,,,,,,,
0,-2.28,84.759,,,,,,,,,,,,,
0,-1.95,83.5,,,,,,,,,,,,,
0,-1.95,82.5,,,,,,,,,,,,,
0,0,82.5,,,,,,,,,,,,,
0,3.2,82.5,,,,,,,,,,,,,
0,3.2,83.5,,,,,,,,,,,,,
0,4.8,84.392,,,,,,,,,,,,,
0,4.95,84.389,,,,,,,,,,,,,
0,5.08,84.468,,,,,,,,,,,,,
0,5.98,84.943,,,,,,,,,,,,,
0,6.95,85.555,,,,,,,,,,,,,
0,7,85.588,,,,,,,,,,,,,
0,7.06,85.603,,,,,,,,,,,,,
0,7.88,85.997,,,,,,,,,,,,,
0,8.56,85.907,,,,,,,,,,,,,
0,8.77,85.89,,,,,,,,,,,,,
0,9.04,85.905,,,,,,,,,,,,,
0,10.03,85.936,,,,,,,,,,,,,
0,11.37,85.893,,,,,,,,,,,,,
0,11.44,85.89,,,,,,,,,,,,,
0,11.5,85.872,,,,,,,,,,,,,
0,12.31,85.5,,,,,,,,,,,,,
0,13.07,85.364,,,,,,,,,,,,,
0,13.18,85.362,,,,,,,,,,,,,
0,13.32,85.37,,,,,,,,,,,,,
0,14.31,85.398,,,,,,,,,,,,,
0,15.36,85.384,,,,,,,,,,,,,
0,15.49,85.382,,,,,,,,,,,,,
0,15.61,85.385,,,,,,,,,,,,,
0,16.51,85.392,,,,,,,,,,,,,
0,17.54,85.42,,,,,,,,,,,,,
0,17.54,85.42,,,,,,,,,,,,,
0,17.54,85.42,,,,,,,,,,,,,
0,18.54,85.387,,,,,,,,,,,,,
0,19.33,85.391,,,,,,,,,,,,,
0,19.55,85.4,,,,,,,,,,,,,
0,19.82,85.403,,,,,,,,,,,,,
0,20.71,85.41,,,,,,,,,,,,,
0,21.79,85.384,,,,,,,,,,,,,
0,21.93,85.382,,,,,,,,,,,,,
0,22.04,85.378,,,,,,,,,,,,,
0,22.97,85.374,,,,,,,,,,,,,
0,24.05,85.37,,,,,,,,,,,,,
0,24.06,85.37,,,,,,,,,,,,,
0,24.07,85.37,,,,,,,,,,,,,
0,24.93,85.359,,,,,,,,,,,,,
0.1,1,100,FALSE,,,79,,,,,0,,,,固定値
0,-24.86,85.401,,,,,,,,,,,,,
0,-24.77,85.4,,,,,,,,,,,,,
0,-24.72,85.402,,,,,,,,,,,,,
0,-23.35,85.444,,,,,,,,,,,,,
0,-22.51,85.399,,,,,,,,,,,,,
0,-21.92,85.381,,,,,,,,,,,,,
0,-20.83,85.355,,,,,,,,,,,,,
0,-20.57,85.351,,,,,,,,,,,,,
0,-20.46,85.352,,,,,,,,,,,,,
0,-19.45,85.39,,,,,,,,,,,,,
0,-18.92,85.395,,,,,,,,,,,,,
0,-18.33,85.409,,,,,,,,,,,,,
0,-17.35,85.37,,,,,,,,,,,,,
0,-17.21,85.36,,,,,,,,,,,,,
0,-16.84,85.354,,,,,,,,,,,,,
0,-16.1,85.347,,,,,,,,,,,,,
0,-15.85,85.345,,,,,,,,,,,,,
0,-15.04,85.366,,,,,,,,,,,,,
0,-14.41,85.358,,,,,,,,,,,,,
0,-13.95,85.363,,,,,,,,,,,,,
0,-12.97,85.408,,,,,,,,,,,,,
0,-12.88,85.407,,,,,,,,,,,,,
0,-12.6,85.41,,,,,,,,,,,,,
0,-11.76,85.416,,,,,,,,,,,,,
0,-11.42,85.454,,,,,,,,,,,,,
0,-10.63,85.778,,,,,,,,,,,,,
0,-9.88,86.051,,,,,,,,,,,,,
0,-9.53,86.082,,,,,,,,,,,,,
0,-8.61,86.121,,,,,,,,,,,,,
0,-8.39,86.126,,,,,,,,,,,,,
0,-8.3,86.12,,,,,,,,,,,,,
0,-7.18,85.96,,,,,,,,,,,,,
0,-6.61,85.74,,,,,,,,,,,,,
0,-5.98,85.486,,,,,,,,,,,,,
0,-4.89,85.101,,,,,,,,,,,,,
0,-4.76,85.035,,,,,,,,,,,,,
0,-4.43,84.848,,,,,,,,,,,,,
0,-3.56,84.329,,,,,,,,,,,,,
0,-3.42,84.271,,,,,,,,,,,,,
0,-1.75,83.57,,,,,,,,,,,,,
0,-1.75,82.57,,,,,,,,,,,,,
0,3.4,82.57,,,,,,,,,,,,,
0,3.4,83.57,,,,,,,,,,,,,
0,3.74,84.154,,,,,,,,,,,,,
0,3.97,84.151,,,,,,,,,,,,,
0,4.01,84.172,,,,,,,,,,,,,
0,4.07,84.191,,,,,,,,,,,,,
0,5.15,84.657,,,,,,,,,,,,,
0,5.84,85.047,,,,,,,,,,,,,
0,6.35,85.284,,,,,,,,,,,,,
0,7.51,85.684,,,,,,,,,,,,,
0,7.56,85.701,,,,,,,,,,,,,
0,7.59,85.704,,,,,,,,,,,,,
0,8.93,85.89,,,,,,,,,,,,,
0,9.61,85.87,,,,,,,,,,,,,
0,10.28,85.873,,,,,,,,,,,,,
0,11.61,85.597,,,,,,,,,,,,,
0,11.65,85.591,,,,,,,,,,,,,
0,11.72,85.582,,,,,,,,,,,,,
0,12.81,85.442,,,,,,,,,,,,,
0,13.29,85.443,,,,,,,,,,,,,
0,13.95,85.452,,,,,,,,,,,,,
0,14.91,85.423,,,,,,,,,,,,,
0,15.08,85.421,,,,,,,,,,,,,
0,15.47,85.44,,,,,,,,,,,,,
0,16.3,85.474,,,,,,,,,,,,,
0,16.64,85.472,,,,,,,,,,,,,
0,17.56,85.45,,,,,,,,,,,,,
0,18.41,85.443,,,,,,,,,,,,,
0,18.82,85.442,,,,,,,,,,,,,
0,19.83,85.464,,,,,,,,,,,,,
0,20.09,85.467,,,,,,,,,,,,,
0,20.23,85.471,,,,,,,,,,,,,
0,21.31,85.45,,,,,,,,,,,,,
0,22.07,85.442,,,,,,,,,,,,,
0,22.56,85.445,,,,,,,,,,,,,
0,23.48,85.465,,,,,,,,,,,,,
0,23.78,85.469,,,,,,,,,,,,,
0,23.91,85.471,,,,,,,,,,,,,
0.2,2,200,FALSE,,,75,,,,,0,,,,固定値
0,-24.23,85.365,,,,,,,,,,,,,
0,-23.17,85.43,,,,,,,,,,,,,
0,-22.82,85.437,,,,,,,,,,,,,
0,-22.12,85.465,,,,,,,,,,,,,
0,-21.53,85.453,,,,,,,,,,,,,
0,-21.28,85.449,,,,,,,,,,,,,
0,-20.34,85.377,,,,,,,,,,,,,
0,-19.6,85.381,,,,,,,,,,,,,
0,-19.15,85.368,,,,,,,,,,,,,
0,-18.06,85.382,,,,,,,,,,,,,
0,-17.94,85.381,,,,,,,,,,,,,
0,-17.89,85.383,,,,,,,,,,,,,
0,-16.66,85.396,,,,,,,,,,,,,
0,-16.03,85.37,,,,,,,,,,,,,
0,-15.37,85.345,,,,,,,,,,,,,
0,-14.16,85.384,,,,,,,,,,,,,
0,-14.07,85.385,,,,,,,,,,,,,
0,-13.88,85.403,,,,,,,,,,,,,
0,-12.96,85.448,,,,,,,,,,,,,
0,-12.61,85.418,,,,,,,,,,,,,
0,-11.84,85.346,,,,,,,,,,,,,
0,-11.11,85.504,,,,,,,,,,,,,
0,-10.75,85.596,,,,,,,,,,,,,
0,-9.75,85.89,,,,,,,,,,,,,
0,-9.6,85.931,,,,,,,,,,,,,
0,-9.52,85.936,,,,,,,,,,,,,
0,-8.18,86.005,,,,,,,,,,,,,
0,-7.35,86.037,,,,,,,,,,,,,
0,-6.76,86.075,,,,,,,,,,,,,
0,-5.62,85.768,,,,,,,,,,,,,
0,-5.42,85.726,,,,,,,,,,,,,
0,-5.35,85.632,,,,,,,,,,,,,
0,-4.34,84.541,,,,,,,,,,,,,
0,-3.87,84.567,,,,,,,,,,,,,
0,-3.25,84.63,,,,,,,,,,,,,
0,-2.38,84.63,,,,,,,,,,,,,
0,-2.17,84.63,,,,,,,,,,,,,
0,-1.85,83.71,,,,,,,,,,,,,
0,-1.85,82.71,,,,,,,,,,,,,
0,3.3,82.71,,,,,,,,,,,,,
0,3.3,83.71,,,,,,,,,,,,,
0,4.16,84.834,,,,,,,,,,,,,
0,4.86,84.819,,,,,,,,,,,,,
0,5.4,84.768,,,,,,,,,,,,,
0,6.58,85.355,,,,,,,,,,,,,
0,6.61,85.372,,,,,,,,,,,,,
0,6.71,85.406,,,,,,,,,,,,,
0,7.93,85.846,,,,,,,,,,,,,
0,8.55,85.877,,,,,,,,,,,,,
0,9.26,85.898,,,,,,,,,,,,,
0,10.53,85.946,,,,,,,,,,,,,
0,10.58,85.949,,,,,,,,,,,,,
0,10.66,85.942,,,,,,,,,,,,,
0,11.74,85.843,,,,,,,,,,,,,
0,12.15,85.704,,,,,,,,,,,,,
0,12.92,85.55,,,,,,,,,,,,,
0,13.76,85.516,,,,,,,,,,,,,
0,14.07,85.488,,,,,,,,,,,,,
0,14.9,85.588,,,,,,,,,,,,,
0,15.23,85.637,,,,,,,,,,,,,
0,15.36,85.634,,,,,,,,,,,,,
0,16.31,85.622,,,,,,,,,,,,,
0,16.85,85.601,,,,,,,,,,,,,
0,17.4,85.56,,,,,,,,,,,,,
0,18.36,85.612,,,,,,,,,,,,,
0,18.5,85.613,,,,,,,,,,,,,
0,18.87,85.633,,,,,,,,,,,,,
0,19.74,85.64,,,,,,,,,,,,,
0,20.12,85.628,,,,,,,,,,,,,
0,21.04,85.579,,,,,,,,,,,,,
0,22,85.559,,,,,,,,,,,,,
0,22.35,85.54,,,,,,,,,,,,,
0,23.17,85.578,,,,,,,,,,,,,
0,23.69,85.593,,,,,,,,,,,,,
0,24,85.583,,,,,,,,,,,,,
0.3,3,300,FALSE,,,80,,,,,0,,,,固定値
0,-24.85,85.419,,,,,,,,,,,,,
0,-24.43,85.415,,,,,,,,,,,,,
0,-23.72,85.426,,,,,,,,,,,,,
0,-22.91,85.454,,,,,,,,,,,,,
0,-22.62,85.46,,,,,,,,,,,,,
0,-21.81,85.47,,,,,,,,,,,,,
0,-21.43,85.469,,,,,,,,,,,,,
0,-21.23,85.464,,,,,,,,,,,,,
0,-20.11,85.441,,,,,,,,,,,,,
0,-19.2,85.457,,,,,,,,,,,,,
0,-18.79,85.462,,,,,,,,,,,,,
0,-18.01,85.442,,,,,,,,,,,,,
0,-17.54,85.436,,,,,,,,,,,,,
0,-17.36,85.435,,,,,,,,,,,,,
0,-16.39,85.441,,,,,,,,,,,,,
0,-15.81,85.445,,,,,,,,,,,,,
0,-15.26,85.46,,,,,,,,,,,,,
0,-14.27,85.434,,,,,,,,,,,,,
0,-14.14,85.43,,,,,,,,,,,,,
0,-13.76,85.456,,,,,,,,,,,,,
0,-12.85,85.495,,,,,,,,,,,,,
0,-12.3,85.502,,,,,,,,,,,,,
0,-11.5,85.49,,,,,,,,,,,,,
0,-10.16,85.49,,,,,,,,,,,,,
0,-10.13,85.49,,,,,,,,,,,,,
0,-10.12,85.493,,,,,,,,,,,,,
0,-8.9,85.89,,,,,,,,,,,,,
0,-8.31,85.949,,,,,,,,,,,,,
0,-7.63,85.956,,,,,,,,,,,,,
0,-6.49,85.986,,,,,,,,,,,,,
0,-6.38,85.986,,,,,,,,,,,,,
0,-6.14,85.93,,,,,,,,,,,,,
0,-5.09,85.668,,,,,,,,,,,,,
0,-4.52,85.462,,,,,,,,,,,,,
0,-3.81,85.183,,,,,,,,,,,,,
0,-2.57,84.376,,,,,,,,,,,,,
0,-2.53,84.349,,,,,,,,,,,,,
0,-2.17,84.221,,,,,,,,,,,,,
0,-2.01,84.133,,,,,,,,,,,,,
0,-1.55,83.85,,,,,,,,,,,,,
0,-1.55,82.85,,,,,,,,,,,,,
0,3.6,82.85,,,,,,,,,,,,,
0,3.6,83.85,,,,,,,,,,,,,
0,4.6,84.225,,,,,,,,,,,,,
0,4.97,84.336,,,,,,,,,,,,,
0,5.16,84.455,,,,,,,,,,,,,
0,6.18,85.071,,,,,,,,,,,,,
0,6.61,85.295,,,,,,,,,,,,,
0,7.35,85.588,,,,,,,,,,,,,
0,8.29,85.868,,,,,,,,,,,,,
0,8.52,85.896,,,,,,,,,,,,,
0,9.08,85.943,,,,,,,,,,,,,
0,9.73,85.986,,,,,,,,,,,,,
0,10.07,85.957,,,,,,,,,,,,,
0,11,85.842,,,,,,,,,,,,,
0,12.02,85.737,,,,,,,,,,,,,
0,12.26,85.714,,,,,,,,,,,,,
0,12.73,85.665,,,,,,,,,,,,,
0,13.42,85.587,,,,,,,,,,,,,
0,13.71,85.581,,,,,,,,,,,,,
0,14.49,85.6,,,,,,,,,,,,,
0,15.21,85.57,,,,,,,,,,,,,
0,15.56,85.567,,,,,,,,,,,,,
0,16.41,85.56,,,,,,,,,,,,,
0,16.7,85.557,,,,,,,,,,,,,
0,16.83,85.564,,,,,,,,,,,,,
0,17.88,85.575,,,,,,,,,,,,,
0,18.54,85.56,,,,,,,,,,,,,
0,19.08,85.563,,,,,,,,,,,,,
0,20.27,85.52,,,,,,,,,,,,,
0,20.28,85.52,,,,,,,,,,,,,
0,20.3,85.521,,,,,,,,,,,,,
0,21.33,85.564,,,,,,,,,,,,,
0,21.75,85.586,,,,,,,,,,,,,
0,22.38,85.585,,,,,,,,,,,,,
0,23.23,85.526,,,,,,,,,,,,,
0,23.44,85.521,,,,,,,,,,,,,
0,23.93,85.558,,,,,,,,,,,,,
0,24.52,85.588,,,,,,,,,,,,,
0,24.76,85.609,,,,,,,,,,,,,
0.4,4,400,FALSE,,,77,,,,,0,,,,固定値
0,-24.61,85.486,,,,,,,,,,,,,
0,-24.43,85.461,,,,,,,,,,,,,
0,-23.86,85.419,,,,,,,,,,,,,
0,-23.35,85.401,,,,,,,,,,,,,
0,-23.14,85.416,,,,,,,,,,,,,
0,-22.29,85.544,,,,,,,,,,,,,
0,-21.64,85.555,,,,,,,,,,,,,
0,-21.23,85.568,,,,,,,,,,,,,
0,-20.23,85.378,,,,,,,,,,,,,
0,-20.18,85.371,,,,,,,,,,,,,
0,-20.15,85.373,,,,,,,,,,,,,
0,-18.76,85.525,,,,,,,,,,,,,
0,-18.11,85.5,,,,,,,,,,,,,
0,-17.33,85.522,,,,,,,,,,,,,
0,-16.05,85.432,,,,,,,,,,,,,
0,-15.92,85.426,,,,,,,,,,,,,
0,-15.64,85.412,,,,,,,,,,,,,
0,-14.79,85.41,,,,,,,,,,,,,
0,-14.46,85.399,,,,,,,,,,,,,
0,-13.74,85.474,,,,,,,,,,,,,
0,-13,85.468,,,,,,,,,,,,,
0,-12.69,85.461,,,,,,,,,,,,,
0,-11.89,85.519,,,,,,,,,,,,,
0,-11.61,85.526,,,,,,,,,,,,,
0,-11.51,85.545,,,,,,,,,,,,,
0,-10.37,85.818,,,,,,,,,,,,,
0,-9.8,86.08,,,,,,,,,,,,,
0,-9.16,86.382,,,,,,,,,,,,,
0,-8.12,86.573,,,,,,,,,,,,,
0,-7.93,86.573,,,,,,,,,,,,,
0,-7.43,86.562,,,,,,,,,,,,,
0,-6.59,86.539,,,,,,,,,,,,,
0,-6.11,86.343,,,,,,,,,,,,,
0,-5.2,86.005,,,,,,,,,,,,,
0,-3.91,85.463,,,,,,,,,,,,,
0,-3.8,85.408,,,,,,,,,,,,,
0,-3.6,85.307,,,,,,,,,,,,,
0,-2.59,84.785,,,,,,,,,,,,,
0,-2.25,84.553,,,,,,,,,,,,,
0,-1.85,84.322,,,,,,,,,,,,,
0,-1.05,84,,,,,,,,,,,,,
0,-1.05,83,,,,,,,,,,,,,
0,4.1,83,,,,,,,,,,,,,
0,4.1,84,,,,,,,,,,,,,
0,4.91,84.25,,,,,,,,,,,,,
0,5.33,84.449,,,,,,,,,,,,,
0,5.74,84.837,,,,,,,,,,,,,
0,6.13,85.056,,,,,,,,,,,,,
0,7.04,85.435,,,,,,,,,,,,,
0,8.01,85.612,,,,,,,,,,,,,
0,8.36,85.8,,,,,,,,,,,,,
0,9.14,86.2,,,,,,,,,,,,,
0,9.6,86.56,,,,,,,,,,,,,
0,9.79,86.568,,,,,,,,,,,,,
0,10.72,86.53,,,,,,,,,,,,,
0,11.34,86.566,,,,,,,,,,,,,
0,11.83,86.601,,,,,,,,,,,,,
0,12.93,86.262,,,,,,,,,,,,,
0,12.97,86.242,,,,,,,,,,,,,
0,13.07,86.19,,,,,,,,,,,,,
0,14.31,85.61,,,,,,,,,,,,,
0,14.88,85.585,,,,,,,,,,,,,
0,15.69,85.538,,,,,,,,,,,,,
0,16.95,85.582,,,,,,,,,,,,,
0,17.11,85.592,,,,,,,,,,,,,
0,17.43,85.574,,,,,,,,,,,,,
0,18.35,85.511,,,,,,,,,,,,,
0,18.74,85.507,,,,,,,,,,,,,
0,19.55,85.508,,,,,,,,,,,,,
0,20.47,85.487,,,,,,,,,,,,,
0,20.76,85.482,,,,,,,,,,,,,
0,21.43,85.492,,,,,,,,,,,,,
0,21.95,85.507,,,,,,,,,,,,,
0,22.14,85.512,,,,,,,,,,,,,
0,23.16,85.52,,,,,,,,,,,,,
0,23.78,85.489,,,,,,,,,,,,,
0,24.35,85.46,,,,,,,,,,,,,
0.5,5,500,FALSE,,,79,,,,,0,,,,固定値
0,-24.76,85.465,,,,,,,,,,,,,
0,-24.43,85.421,,,,,,,,,,,,,
0,-23.88,85.458,,,,,,,,,,,,,
0,-23.23,85.557,,,,,,,,,,,,,
0,-23.01,85.577,,,,,,,,,,,,,
0,-22.1,85.617,,,,,,,,,,,,,
0,-21.51,85.575,,,,,,,,,,,,,
0,-20.97,85.608,,,,,,,,,,,,,
0,-20.02,85.297,,,,,,,,,,,,,
0,-19.87,85.265,,,,,,,,,,,,,
0,-19.42,85.367,,,,,,,,,,,,,
0,-18.64,85.565,,,,,,,,,,,,,
0,-18.17,85.56,,,,,,,,,,,,,
0,-17.35,85.56,,,,,,,,,,,,,
0,-16.19,85.357,,,,,,,,,,,,,
0,-16.1,85.356,,,,,,,,,,,,,
0,-15.92,85.359,,,,,,,,,,,,,
0,-14.96,85.495,,,,,,,,,,,,,
0,-14.65,85.512,,,,,,,,,,,,,
0,-13.85,85.585,,,,,,,,,,,,,
0,-13.16,85.549,,,,,,,,,,,,,
0,-12.75,85.55,,,,,,,,,,,,,
0,-11.72,85.59,,,,,,,,,,,,,
0,-11.67,85.582,,,,,,,,,,,,,
0,-11.53,85.593,,,,,,,,,,,,,
0,-10.21,85.61,,,,,,,,,,,,,
0,-9.56,85.644,,,,,,,,,,,,,
0,-8.68,85.874,,,,,,,,,,,,,
0,-8.51,85.941,,,,,,,,,,,,,
0,-8.13,86.017,,,,,,,,,,,,,
0,-7.24,86.208,,,,,,,,,,,,,
0,-6.86,86.21,,,,,,,,,,,,,
0,-5.89,86.225,,,,,,,,,,,,,
0,-4.95,85.967,,,,,,,,,,,,,
0,-4.55,85.846,,,,,,,,,,,,,
0,-3.6,85.492,,,,,,,,,,,,,
0,-3.29,85.368,,,,,,,,,,,,,
0,-3.16,85.301,,,,,,,,,,,,,
0,-2.2,84.675,,,,,,,,,,,,,
0,-1.59,84.326,,,,,,,,,,,,,
0,-1.46,84.252,,,,,,,,,,,,,
0,-1.35,84.199,,,,,,,,,,,,,
0,-0.95,84.14,,,,,,,,,,,,,
0,-0.95,83.14,,,,,,,,,,,,,
0,4.2,83.14,,,,,,,,,,,,,
0,4.2,84.14,,,,,,,,,,,,,
0,4.67,84.331,,,,,,,,,,,,,
0,5.21,84.631,,,,,,,,,,,,,
0,5.64,84.907,,,,,,,,,,,,,
0,6.34,85.335,,,,,,,,,,,,,
0,7.29,85.736,,,,,,,,,,,,,
0,7.46,85.79,,,,,,,,,,,,,
0,7.84,85.877,,,,,,,,,,,,,
0,8.72,86.094,,,,,,,,,,,,,
0,9.1,86.072,,,,,,,,,,,,,
0,10.03,86.07,,,,,,,,,,,,,
0,11,85.993,,,,,,,,,,,,,
0,11.35,85.957,,,,,,,,,,,,,
0,12.13,85.76,,,,,,,,,,,,,
0,12.66,85.646,,,,,,,,,,,,,
0,13,85.616,,,,,,,,,,,,,
0,14.09,85.586,,,,,,,,,,,,,
0,15.34,85.667,,,,,,,,,,,,,
0,15.5,85.663,,,,,,,,,,,,,
0,15.76,85.659,,,,,,,,,,,,,
0,16.76,85.605,,,,,,,,,,,,,
0,17.15,85.581,,,,,,,,,,,,,
0,17.98,85.554,,,,,,,,,,,,,
0,18.89,85.619,,,,,,,,,,,,,
0,19.22,85.622,,,,,,,,,,,,,
0,20.03,85.604,,,,,,,,,,,,,
0,20.46,85.596,,,,,,,,,,,,,
0,20.66,85.578,,,,,,,,,,,,,
0,21.68,85.559,,,,,,,,,,,,,
0,22.5,85.557,,,,,,,,,,,,,
0,22.93,85.538,,,,,,,,,,,,,
0,23.77,85.636,,,,,,,,,,,,,
0,24.12,85.674,,,,,,,,,,,,,
0,24.25,85.67,,,,,,,,,,,,,
0.6,6,600,FALSE,,,83,,,,,0,,,,固定値
0,-24.1,85.875,,,,,,,,,,,,,
0,-23.63,85.762,,,,,,,,,,,,,
0,-23.01,85.689,,,,,,,,,,,,,
0,-21.98,85.817,,,,,,,,,,,,,
0,-21.9,85.808,,,,,,,,,,,,,
0,-21.73,85.822,,,,,,,,,,,,,
0,-20.63,85.897,,,,,,,,,,,,,
0,-20.23,85.826,,,,,,,,,,,,,
0,-19.36,85.759,,,,,,,,,,,,,
0,-18.46,85.669,,,,,,,,,,,,,
0,-18.07,85.628,,,,,,,,,,,,,
0,-17.06,85.826,,,,,,,,,,,,,
0,-16.78,85.887,,,,,,,,,,,,,
0,-16.61,85.856,,,,,,,,,,,,,
0,-15.55,85.784,,,,,,,,,,,,,
0,-14.63,85.857,,,,,,,,,,,,,
0,-14.32,85.838,,,,,,,,,,,,,
0,-13.82,85.873,,,,,,,,,,,,,
0,-13.18,85.916,,,,,,,,,,,,,
0,-12.98,85.909,,,,,,,,,,,,,
0,-12.09,85.872,,,,,,,,,,,,,
0,-11.55,85.834,,,,,,,,,,,,,
0,-11.02,85.809,,,,,,,,,,,,,
0,-10.12,85.815,,,,,,,,,,,,,
0,-9.92,85.844,,,,,,,,,,,,,
0,-9.34,85.974,,,,,,,,,,,,,
0,-8.78,86.107,,,,,,,,,,,,,
0,-8.44,86.193,,,,,,,,,,,,,
0,-7.53,86.388,,,,,,,,,,,,,
0,-6.47,86.359,,,,,,,,,,,,,
0,-6.28,86.353,,,,,,,,,,,,,
0,-5.97,86.295,,,,,,,,,,,,,
0,-5.14,86.136,,,,,,,,,,,,,
0,-4.86,86.038,,,,,,,,,,,,,
0,-4.02,85.707,,,,,,,,,,,,,
0,-3.37,85.493,,,,,,,,,,,,,
0,-2.89,85.226,,,,,,,,,,,,,
0,-1.89,84.595,,,,,,,,,,,,,
0,-1.79,84.547,,,,,,,,,,,,,
0,-1.47,84.368,,,,,,,,,,,,,
0,-1.21,84.265,,,,,,,,,,,,,
0,-1,84.23,,,,,,,,,,,,,
0,-0.85,84.28,,,,,,,,,,,,,
0,-0.85,83.28,,,,,,,,,,,,,
0,4.3,83.28,,,,,,,,,,,,,
0,4.3,84.28,,,,,,,,,,,,,
0,4.39,84.484,,,,,,,,,,,,,
0,5.28,84.828,,,,,,,,,,,,,
0,5.51,85.001,,,,,,,,,,,,,
0,6.17,85.452,,,,,,,,,,,,,
0,6.64,85.823,,,,,,,,,,,,,
0,6.87,85.901,,,,,,,,,,,,,
0,7.78,86.113,,,,,,,,,,,,,
0,8.58,86.291,,,,,,,,,,,,,
0,8.92,86.331,,,,,,,,,,,,,
0,9.65,86.324,,,,,,,,,,,,,
0,10.02,86.312,,,,,,,,,,,,,
0,10.15,86.309,,,,,,,,,,,,,
0,11.11,86.293,,,,,,,,,,,,,
0,11.6,86.194,,,,,,,,,,,,,
0,12.19,85.965,,,,,,,,,,,,,
0,13.06,85.721,,,,,,,,,,,,,
0,13.29,85.708,,,,,,,,,,,,,
0,13.97,85.7,,,,,,,,,,,,,
0,14.38,85.707,,,,,,,,,,,,,
0,14.58,85.691,,,,,,,,,,,,,
0,15.48,85.633,,,,,,,,,,,,,
0,16.2,85.66,,,,,,,,,,,,,
0,16.58,85.682,,,,,,,,,,,,,
0,17.34,85.714,,,,,,,,,,,,,
0,17.71,85.732,,,,,,,,,,,,,
0,17.84,85.728,,,,,,,,,,,,,
0,18.83,85.71,,,,,,,,,,,,,
0,19.36,85.715,,,,,,,,,,,,,
0,19.95,85.697,,,,,,,,,,,,,
0,20.91,85.702,,,,,,,,,,,,,
0,21.09,85.711,,,,,,,,,,,,,
0,21.61,85.719,,,,,,,,,,,,,
0,22.29,85.732,,,,,,,,,,,,,
0,22.68,85.73,,,,,,,,,,,,,
0,23.57,85.713,,,,,,,,,,,,,
0,24.74,85.753,,,,,,,,,,,,,
0,24.86,85.756,,,,,,,,,,,,,
0.7,7,700,FALSE,,,84,,,,,0,,,,固定値
0,-23.86,85.78,,,,,,,,,,,,,
0,-23.77,85.775,,,,,,,,,,,,,
0,-23.53,85.788,,,,,,,,,,,,,
0,-22.67,85.802,,,,,,,,,,,,,
0,-22.17,85.739,,,,,,,,,,,,,
0,-21.62,85.709,,,,,,,,,,,,,
0,-21.62,85.709,,,,,,,,,,,,,
0,-20.69,85.761,,,,,,,,,,,,,
0,-20.69,85.761,,,,,,,,,,,,,
0,-20.51,85.782,,,,,,,,,,,,,
0,-20.51,85.782,,,,,,,,,,,,,
0,-20.45,85.784,,,,,,,,,,,,,
0,-20.45,85.784,,,,,,,,,,,,,
0,-19.3,85.843,,,,,,,,,,,,,
0,-18.82,85.767,,,,,,,,,,,,,
0,-18.12,85.73,,,,,,,,,,,,,
0,-17.2,85.713,,,,,,,,,,,,,
0,-16.92,85.683,,,,,,,,,,,,,
0,-16.13,85.753,,,,,,,,,,,,,
0,-15.73,85.804,,,,,,,,,,,,,
0,-15.5,85.769,,,,,,,,,,,,,
0,-14.61,85.749,,,,,,,,,,,,,
0,-13.66,85.818,,,,,,,,,,,,,
0,-13.46,85.813,,,,,,,,,,,,,
0,-13.14,85.82,,,,,,,,,,,,,
0,-12.27,85.827,,,,,,,,,,,,,
0,-11.97,85.8,,,,,,,,,,,,,
0,-11.06,85.751,,,,,,,,,,,,,
0,-10.33,85.796,,,,,,,,,,,,,
0,-9.84,85.895,,,,,,,,,,,,,
0,-8.61,86.363,,,,,,,,,,,,,
0,-8.58,86.372,,,,,,,,,,,,,
0,-8.49,86.378,,,,,,,,,,,,,
0,-7.4,86.49,,,,,,,,,,,,,
0,-6.72,86.508,,,,,,,,,,,,,
0,-6.23,86.494,,,,,,,,,,,,,
0,-5.43,86.356,,,,,,,,,,,,,
0,-5.08,86.297,,,,,,,,,,,,,
0,-4.96,86.243,,,,,,,,,,,,,
0,-3.86,85.807,,,,,,,,,,,,,
0,-3.3,85.571,,,,,,,,,,,,,
0,-2.68,85.23,,,,,,,,,,,,,
0,-1.72,84.728,,,,,,,,,,,,,
0,-1.49,84.636,,,,,,,,,,,,,
0,-1.03,84.564,,,,,,,,,,,,,
0,-0.95,84.42,,,,,,,,,,,,,
0,-0.95,83.42,,,,,,,,,,,,,
0,4.2,83.42,,,,,,,,,,,,,
0,4.2,84.42,,,,,,,,,,,,,
0,4.24,84.493,,,,,,,,,,,,,
0,4.51,84.546,,,,,,,,,,,,,
0,5.64,85.292,,,,,,,,,,,,,
0,5.97,85.508,,,,,,,,,,,,,
0,6.63,85.742,,,,,,,,,,,,,
0,7.19,85.974,,,,,,,,,,,,,
0,7.48,86.066,,,,,,,,,,,,,
0,8.28,86.362,,,,,,,,,,,,,
0,9.12,86.491,,,,,,,,,,,,,
0,9.35,86.494,,,,,,,,,,,,,
0,9.82,86.491,,,,,,,,,,,,,
0,10.54,86.482,,,,,,,,,,,,,
0,10.8,86.463,,,,,,,,,,,,,
0,11.55,86.455,,,,,,,,,,,,,
0,12.63,86.504,,,,,,,,,,,,,
0,12.95,86.488,,,,,,,,,,,,,
0,14.36,86.64,,,,,,,,,,,,,
0,14.37,86.64,,,,,,,,,,,,,
0,14.37,86.64,,,,,,,,,,,,,
0,16.29,86.592,,,,,,,,,,,,,
0,16.41,86.591,,,,,,,,,,,,,
0,16.56,86.589,,,,,,,,,,,,,
0,16.67,86.586,,,,,,,,,,,,,
0,17.7,86.561,,,,,,,,,,,,,
0,18.91,86.513,,,,,,,,,,,,,
0,19.33,86.499,,,,,,,,,,,,,
0,20.09,86.452,,,,,,,,,,,,,
0,20.97,86.508,,,,,,,,,,,,,
0,21.29,86.562,,,,,,,,,,,,,
0,21.84,86.586,,,,,,,,,,,,,
0,22.74,86.63,,,,,,,,,,,,,
0,23.23,86.611,,,,,,,,,,,,,
0,24.41,86.668,,,,,,,,,,,,,
0,24.59,86.671,,,,,,,,,,,,,
0,24.71,86.659,,,,,,,,,,,,,
0.8,8,790,FALSE,,,80,,,,,0,,,,固定値
0,-24.58,86.532,,,,,,,,,,,,,
0,-24.57,86.531,,,,,,,,,,,,,
0,-24.5,86.54,,,,,,,,,,,,,
0,-23.61,86.659,,,,,,,,,,,,,
0,-23.21,86.657,,,,,,,,,,,,,
0,-22.68,86.56,,,,,,,,,,,,,
0,-21.85,86.578,,,,,,,,,,,,,
0,-21.73,86.583,,,,,,,,,,,,,
0,-21.45,86.578,,,,,,,,,,,,,
0,-20.64,86.563,,,,,,,,,,,,,
0,-20.4,86.552,,,,,,,,,,,,,
0,-19.46,86.609,,,,,,,,,,,,,
0,-18.89,86.63,,,,,,,,,,,,,
0,-18.3,86.679,,,,,,,,,,,,,
0,-17.41,86.512,,,,,,,,,,,,,
0,-17.16,86.452,,,,,,,,,,,,,
0,-16.29,86.583,,,,,,,,,,,,,
0,-15.98,86.625,,,,,,,,,,,,,
0,-15.78,86.622,,,,,,,,,,,,,
0,-14.74,86.63,,,,,,,,,,,,,
0,-13.7,86.553,,,,,,,,,,,,,
0,-13.51,86.524,,,,,,,,,,,,,
0,-13.21,86.53,,,,,,,,,,,,,
0,-12.38,86.533,,,,,,,,,,,,,
0,-12.16,86.577,,,,,,,,,,,,,
0,-11.25,86.795,,,,,,,,,,,,,
0,-10.77,86.645,,,,,,,,,,,,,
0,-10.19,86.618,,,,,,,,,,,,,
0,-9.38,86.89,,,,,,,,,,,,,
0,-9.07,86.919,,,,,,,,,,,,,
0,-7.98,86.97,,,,,,,,,,,,,
0,-7.97,86.97,,,,,,,,,,,,,
0,-7.91,86.968,,,,,,,,,,,,,
0,-6.97,86.944,,,,,,,,,,,,,
0,-6.53,86.92,,,,,,,,,,,,,
0,-5.97,86.74,,,,,,,,,,,,,
0,-5.11,86.388,,,,,,,,,,,,,
0,-5,86.356,,,,,,,,,,,,,
0,-4.77,86.275,,,,,,,,,,,,,
0,-3.91,85.961,,,,,,,,,,,,,
0,-3.67,85.86,,,,,,,,,,,,,
0,-2.84,85.319,,,,,,,,,,,,,
0,-2.32,85.008,,,,,,,,,,,,,
0,-1.77,84.71,,,,,,,,,,,,,
0,-1.63,84.603,,,,,,,,,,,,,
0,-1.15,84.57,,,,,,,,,,,,,
0,-1.15,83.57,,,,,,,,,,,,,
0,4,83.57,,,,,,,,,,,,,
0,4,84.57,,,,,,,,,,,,,
0,4.43,84.706,,,,,,,,,,,,,
0,4.75,84.914,,,,,,,,,,,,,
0,5.88,85.641,,,,,,,,,,,,,
0,6.76,85.993,,,,,,,,,,,,,
0,7.29,86.219,,,,,,,,,,,,,
0,8.68,87.035,,,,,,,,,,,,,
0,8.72,87.06,,,,,,,,,,,,,
0,8.74,87.065,,,,,,,,,,,,,
0,10.06,87.296,,,,,,,,,,,,,
0,10.96,87.3,,,,,,,,,,,,,
0,11.38,87.292,,,,,,,,,,,,,
0,12.02,87.255,,,,,,,,,,,,,
0,12.65,87.219,,,,,,,,,,,,,
0,12.87,87.213,,,,,,,,,,,,,
0,13.3,87.212,,,,,,,,,,,,,
0,14.53,86.967,,,,,,,,,,,,,
0,15.14,86.556,,,,,,,,,,,,,
0,16.2,86.675,,,,,,,,,,,,,
0,16.4,86.677,,,,,,,,,,,,,
0,16.99,86.688,,,,,,,,,,,,,
0,17.74,86.712,,,,,,,,,,,,,
0,18.23,86.728,,,,,,,,,,,,,
0,19.08,86.744,,,,,,,,,,,,,
0,20.44,86.77,,,,,,,,,,,,,
0,20.44,86.77,,,,,,,,,,,,,
0,20.44,86.77,,,,,,,,,,,,,
0,21.81,86.784,,,,,,,,,,,,,
0,22.32,86.775,,,,,,,,,,,,,
0,23.14,86.75,,,,,,,,,,,,,
0,24.16,86.765,,,,,,,,,,,,,
0,24.5,86.772,,,,,,,,,,,,,
0.9,9,900,FALSE,,,77,,,,,0,,,,固定値
0,-24.66,87.08,,,,,,,,,,,,,
0,-24.18,87.093,,,,,,,,,,,,,
0,-23.25,87.044,,,,,,,,,,,,,
0,-23.08,87.039,,,,,,,,,,,,,
0,-22.43,87.059,,,,,,,,,,,,,
0,-21.96,87.077,,,,,,,,,,,,,
0,-21.65,87.091,,,,,,,,,,,,,
0,-20.83,87.176,,,,,,,,,,,,,
0,-19.81,87.101,,,,,,,,,,,,,
0,-19.73,87.087,,,,,,,,,,,,,
0,-19.61,87.082,,,,,,,,,,,,,
0,-18.68,87.014,,,,,,,,,,,,,
0,-18.42,87.015,,,,,,,,,,,,,
0,-17.6,86.97,,,,,,,,,,,,,
0,-17.07,86.96,,,,,,,,,,,,,
0,-16.53,86.962,,,,,,,,,,,,,
0,-15.73,87.003,,,,,,,,,,,,,
0,-15.46,87.037,,,,,,,,,,,,,
0,-14.48,86.947,,,,,,,,,,,,,
0,-14.38,86.943,,,,,,,,,,,,,
0,-14.31,86.941,,,,,,,,,,,,,
0,-13.21,86.917,,,,,,,,,,,,,
0,-12.28,86.921,,,,,,,,,,,,,
0,-12.01,86.93,,,,,,,,,,,,,
0,-11.64,86.933,,,,,,,,,,,,,
0,-10.87,86.947,,,,,,,,,,,,,
0,-10.66,86.953,,,,,,,,,,,,,
0,-9.76,86.946,,,,,,,,,,,,,
0,-9.26,86.924,,,,,,,,,,,,,
0,-8.65,86.927,,,,,,,,,,,,,
0,-7.84,86.895,,,,,,,,,,,,,
0,-7.54,86.86,,,,,,,,,,,,,
0,-6.47,86.735,,,,,,,,,,,,,
0,-6.44,86.731,,,,,,,,,,,,,
0,-6.43,86.73,,,,,,,,,,,,,
0,-5.55,86.723,,,,,,,,,,,,,
0,-5.09,86.72,,,,,,,,,,,,,
0,-4.61,86.642,,,,,,,,,,,,,
0,-3.8,86.361,,,,,,,,,,,,,
0,-3.73,86.332,,,,,,,,,,,,,
0,-3.59,86.294,,,,,,,,,,,,,
0,-2.73,86.03,,,,,,,,,,,,,
0,-2.73,84.61,,,,,,,,,,,,,
0,-2.73,83.61,,,,,,,,,,,,,
0,6.27,83.61,,,,,,,,,,,,,
0,6.27,84.61,,,,,,,,,,,,,
0,6.27,86.24,,,,,,,,,,,,,
0,7.08,86.659,,,,,,,,,,,,,
0,7.99,86.793,,,,,,,,,,,,,
0,8.45,86.887,,,,,,,,,,,,,
0,9.68,86.852,,,,,,,,,,,,,
0,9.73,86.851,,,,,,,,,,,,,
0,9.76,86.851,,,,,,,,,,,,,
0,10.7,86.744,,,,,,,,,,,,,
0,11.18,86.616,,,,,,,,,,,,,
0,11.67,86.584,,,,,,,,,,,,,
0,12.61,86.649,,,,,,,,,,,,,
0,12.65,86.649,,,,,,,,,,,,,
0,12.74,86.655,,,,,,,,,,,,,
0,13.81,86.7,,,,,,,,,,,,,
0,14.11,86.707,,,,,,,,,,,,,
0,14.93,86.694,,,,,,,,,,,,,
0,16.76,86.666,,,,,,,,,,,,,
0,17.07,86.67,,,,,,,,,,,,,
0,17.24,86.666,,,,,,,,,,,,,
0,17.81,86.63,,,,,,,,,,,,,
0,18.44,86.6,,,,,,,,,,,,,
0,18.83,86.497,,,,,,,,,,,,,
0,19.68,86.272,,,,,,,,,,,,,
0,20.91,86.318,,,,,,,,,,,,,
0,20.96,86.326,,,,,,,,,,,,,
0,21.04,86.321,,,,,,,,,,,,,
0,22.21,86.371,,,,,,,,,,,,,
0,22.6,86.376,,,,,,,,,,,,,
0,23.48,86.428,,,,,,,,,,,,,
0,24.26,86.443,,,,,,,,,,,,,
0,24.72,86.496,,,,,,,,,,,,,
1,10,1000,FALSE,,,56,,,,,0,,,,固定値
0,-22.68,87.603,,,,,,,,,,,,,
0,-22.47,87.608,,,,,,,,,,,,,
0,-22.04,87.597,,,,,,,,,,,,,
0,-21.39,87.619,,,,,,,,,,,,,
0,-12.49,87.311,,,,,,,,,,,,,
0,-12.44,87.308,,,,,,,,,,,,,
0,-12.43,87.306,,,,,,,,,,,,,
0,-12.38,87.299,,,,,,,,,,,,,
0,-12.16,87.283,,,,,,,,,,,,,
0,-11.38,87.218,,,,,,,,,,,,,
0,-11.21,87.189,,,,,,,,,,,,,
0,-9.72,87.067,,,,,,,,,,,,,
0,-8.62,86.977,,,,,,,,,,,,,
0,-8.22,86.987,,,,,,,,,,,,,
0,-7.29,87.036,,,,,,,,,,,,,
0,-7.13,87.034,,,,,,,,,,,,,
0,-6.44,87.049,,,,,,,,,,,,,
0,-6.01,87.057,,,,,,,,,,,,,
0,-5.7,87.088,,,,,,,,,,,,,
0,-4.81,87.144,,,,,,,,,,,,,
0,-3.79,86.394,,,,,,,,,,,,,
0,-3.75,84.75,,,,,,,,,,,,,
0,5.25,84.75,,,,,,,,,,,,,
0,5.29,86.259,,,,,,,,,,,,,
0,6.53,86.769,,,,,,,,,,,,,
0,6.9,86.838,,,,,,,,,,,,,
0,7.74,86.928,,,,,,,,,,,,,
0,8.42,86.893,,,,,,,,,,,,,
0,8.94,86.887,,,,,,,,,,,,,
0,9.95,86.841,,,,,,,,,,,,,
0,10.13,86.823,,,,,,,,,,,,,
0,10.83,86.612,,,,,,,,,,,,,
0,11.27,86.489,,,,,,,,,,,,,
0,11.52,86.46,,,,,,,,,,,,,
0,12.37,86.435,,,,,,,,,,,,,
0,13.19,86.335,,,,,,,,,,,,,
0,13.47,86.312,,,,,,,,,,,,,
0,13.97,86.288,,,,,,,,,,,,,
0,14.67,86.264,,,,,,,,,,,,,
0,14.87,86.265,,,,,,,,,,,,,
0,15.93,86.29,,,,,,,,,,,,,
0,16.5,86.281,,,,,,,,,,,,,
0,17.17,86.274,,,,,,,,,,,,,
0,18.12,86.265,,,,,,,,,,,,,
0,18.43,86.258,,,,,,,,,,,,,
0,19.48,86.277,,,,,,,,,,,,,
0,19.64,86.281,,,,,,,,,,,,,
0,19.72,86.284,,,,,,,,,,,,,
0,20.7,86.293,,,,,,,,,,,,,
0,21.31,86.259,,,,,,,,,,,,,
0,21.76,86.253,,,,,,,,,,,,,
0,22.67,86.285,,,,,,,,,,,,,
0,22.82,86.29,,,,,,,,,,,,,
0,22.87,86.29,,,,,,,,,,,,,
0,24.01,86.267,,,,,,,,,,,,,
0,24.38,86.288,,,,,,,,,,,,,
1.1,11,1100,FALSE,,,44,,,,,0,,,,固定値
0,-24.46,87.506,,,,,,,,,,,,,
0,-22.14,87.509,,,,,,,,,,,,,
0,-19.26,87.472,,,,,,,,,,,,,
0,-18.55,87.356,,,,,,,,,,,,,
0,-17.2,87.293,,,,,,,,,,,,,
0,-10.09,87.341,,,,,,,,,,,,,
0,-8.69,87.301,,,,,,,,,,,,,
0,-8.4,87.275,,,,,,,,,,,,,
0,-8.15,87.257,,,,,,,,,,,,,
0,-7.7,87.185,,,,,,,,,,,,,
0,-7.04,87.126,,,,,,,,,,,,,
0,-6.66,87.096,,,,,,,,,,,,,
0,-5.76,87.119,,,,,,,,,,,,,
0,-5.61,87.117,,,,,,,,,,,,,
0,-4.93,87.068,,,,,,,,,,,,,
0,-4.63,87.056,,,,,,,,,,,,,
0,-4.49,87.045,,,,,,,,,,,,,
0,-3.78,86.903,,,,,,,,,,,,,
0,-3.29,86.611,,,,,,,,,,,,,
0,-3.2,85.89,,,,,,,,,,,,,
0,-3.2,84.89,,,,,,,,,,,,,
0,5.8,84.89,,,,,,,,,,,,,
0,5.8,85.89,,,,,,,,,,,,,
0,5.86,86.696,,,,,,,,,,,,,
0,5.96,86.752,,,,,,,,,,,,,
0,6.13,86.79,,,,,,,,,,,,,
0,6.35,86.994,,,,,,,,,,,,,
0,7.34,87.659,,,,,,,,,,,,,
0,7.59,87.52,,,,,,,,,,,,,
0,8.45,87.099,,,,,,,,,,,,,
0,9.01,87.091,,,,,,,,,,,,,
0,9.66,87.074,,,,,,,,,,,,,
0,10.55,87.043,,,,,,,,,,,,,
0,10.86,87.04,,,,,,,,,,,,,
0,10.91,87.034,,,,,,,,,,,,,
0,11.17,87.06,,,,,,,,,,,,,
0,11.99,87.06,,,,,,,,,,,,,
0,12.71,87.001,,,,,,,,,,,,,
0,14.69,87.131,,,,,,,,,,,,,
0,15.34,87.242,,,,,,,,,,,,,
0,17.36,87.295,,,,,,,,,,,,,
0,20.48,87.45,,,,,,,,,,,,,
0,22.82,87.485,,,,,,,,,,,,,
0,24.29,87.497,,,,,,,,,,,,,
1.2,12,1200,FALSE,,,73,,,,,0,,,,固定値
0,-24.72,86.459,,,,,,,,,,,,,
0,-24.21,86.469,,,,,,,,,,,,,
0,-23.4,86.463,,,,,,,,,,,,,
0,-23.12,86.45,,,,,,,,,,,,,
0,-22.07,86.45,,,,,,,,,,,,,
0,-22.02,86.453,,,,,,,,,,,,,
0,-21.73,86.447,,,,,,,,,,,,,
0,-21.1,86.445,,,,,,,,,,,,,
0,-20.76,86.46,,,,,,,,,,,,,
0,-20.23,86.464,,,,,,,,,,,,,
0,-19.4,86.506,,,,,,,,,,,,,
0,-19.35,86.507,,,,,,,,,,,,,
0,-19.28,86.507,,,,,,,,,,,,,
0,-18.24,86.47,,,,,,,,,,,,,
0,-18.02,86.468,,,,,,,,,,,,,
0,-17.13,86.466,,,,,,,,,,,,,
0,-16.66,86.473,,,,,,,,,,,,,
0,-15.99,86.474,,,,,,,,,,,,,
0,-15.28,86.468,,,,,,,,,,,,,
0,-14.86,86.468,,,,,,,,,,,,,
0,-13.91,86.459,,,,,,,,,,,,,
0,-13.75,86.45,,,,,,,,,,,,,
0,-12.97,86.436,,,,,,,,,,,,,
0,-12.68,86.434,,,,,,,,,,,,,
0,-12.53,86.437,,,,,,,,,,,,,
0,-11.81,86.47,,,,,,,,,,,,,
0,-11.2,86.484,,,,,,,,,,,,,
0,-10.92,86.476,,,,,,,,,,,,,
0,-10.4,86.455,,,,,,,,,,,,,
0,-9.96,86.431,,,,,,,,,,,,,
0,-9.86,86.43,,,,,,,,,,,,,
0,-8.91,86.415,,,,,,,,,,,,,
0,-8.59,86.538,,,,,,,,,,,,,
0,-7.76,86.936,,,,,,,,,,,,,
0,-7.19,87.133,,,,,,,,,,,,,
0,-6.65,87.278,,,,,,,,,,,,,
0,-5.86,87.326,,,,,,,,,,,,,
0,-5.57,87.356,,,,,,,,,,,,,
0,-4.6,87.308,,,,,,,,,,,,,
0,-4.52,87.297,,,,,,,,,,,,,
0,-4.14,87.166,,,,,,,,,,,,,
0,-3.55,86.952,,,,,,,,,,,,,
0,-3.22,86.814,,,,,,,,,,,,,
0,-2.63,86.598,,,,,,,,,,,,,
0,-2.6,86.03,,,,,,,,,,,,,
0,-2.6,85.03,,,,,,,,,,,,,
0,6.4,85.03,,,,,,,,,,,,,
0,6.4,86.03,,,,,,,,,,,,,
0,6.4,86.7,,,,,,,,,,,,,
0,7.22,86.918,,,,,,,,,,,,,
0,8.03,87.134,,,,,,,,,,,,,
0,8.2,87.092,,,,,,,,,,,,,
0,9.14,87.084,,,,,,,,,,,,,
0,9.56,87.096,,,,,,,,,,,,,
0,10.26,87.09,,,,,,,,,,,,,
0,10.92,87.09,,,,,,,,,,,,,
0,11.35,87.106,,,,,,,,,,,,,
0,12.26,87.082,,,,,,,,,,,,,
0,12.45,87.066,,,,,,,,,,,,,
0,13.29,87.032,,,,,,,,,,,,,
0,13.53,87.017,,,,,,,,,,,,,
0,13.59,87.02,,,,,,,,,,,,,
0,14.6,87.054,,,,,,,,,,,,,
0,15.28,87.239,,,,,,,,,,,,,
0,15.44,87.279,,,,,,,,,,,,,
0,15.97,87.36,,,,,,,,,,,,,
0,16.61,87.446,,,,,,,,,,,,,
0,17.58,87.385,,,,,,,,,,,,,
0,18.49,87.787,,,,,,,,,,,,,
0,19.04,87.808,,,,,,,,,,,,,
0,20.05,87.671,,,,,,,,,,,,,
0,22.52,87.593,,,,,,,,,,,,,
0,24.99,87.4,,,,,,,,,,,,,
1.3,13,1300,FALSE,,,56,,,,,0,,,,固定値
0,-24.87,87.639,,,,,,,,,,,,,
0,-24.59,87.65,,,,,,,,,,,,,
0,-23.84,87.65,,,,,,,,,,,,,
0,-23.38,87.687,,,,,,,,,,,,,
0,-22.85,87.694,,,,,,,,,,,,,
0,-22.18,87.743,,,,,,,,,,,,,
0,-21.85,87.801,,,,,,,,,,,,,
0,-21.6,87.768,,,,,,,,,,,,,
0,-21.42,87.756,,,,,,,,,,,,,
0,-21.27,87.76,,,,,,,,,,,,,
0,-20.25,87.701,,,,,,,,,,,,,
0,-17.16,87.75,,,,,,,,,,,,,
0,-14.58,87.746,,,,,,,,,,,,,
0,-13.66,87.78,,,,,,,,,,,,,
0,-12.86,87.788,,,,,,,,,,,,,
0,-12.4,87.764,,,,,,,,,,,,,
0,-11,87.644,,,,,,,,,,,,,
0,-10.62,87.63,,,,,,,,,,,,,
0,-10.11,87.657,,,,,,,,,,,,,
0,-9.42,87.684,,,,,,,,,,,,,
0,-9.33,87.677,,,,,,,,,,,,,
0,-9.16,87.644,,,,,,,,,,,,,
0,-8.38,87.49,,,,,,,,,,,,,
0,-8.2,87.492,,,,,,,,,,,,,
0,-7.28,87.514,,,,,,,,,,,,,
0,-6.87,87.524,,,,,,,,,,,,,
0,-6.22,87.495,,,,,,,,,,,,,
0,-5.57,87.466,,,,,,,,,,,,,
0,-5.14,87.473,,,,,,,,,,,,,
0,-4.28,87.423,,,,,,,,,,,,,
0,-4.09,87.41,,,,,,,,,,,,,
0,-3.2,86.88,,,,,,,,,,,,,
0,-3.13,86.84,,,,,,,,,,,,,
0,-3.09,86.76,,,,,,,,,,,,,
0,-2.57,86.2,,,,,,,,,,,,,
0,-2.45,86.18,,,,,,,,,,,,,
0,-2.45,85.18,,,,,,,,,,,,,
0,6.55,85.18,,,,,,,,,,,,,
0,6.55,86.18,,,,,,,,,,,,,
0,6.68,86.5,,,,,,,,,,,,,
0,6.93,86.827,,,,,,,,,,,,,
0,7.02,86.837,,,,,,,,,,,,,
0,8.49,87.183,,,,,,,,,,,,,
0,9.14,87.297,,,,,,,,,,,,,
0,9.58,87.349,,,,,,,,,,,,,
0,10.21,87.356,,,,,,,,,,,,,
0,10.86,87.326,,,,,,,,,,,,,
0,11.26,87.327,,,,,,,,,,,,,
0,12.18,87.286,,,,,,,,,,,,,
0,12.34,87.276,,,,,,,,,,,,,
0,13.05,87.233,,,,,,,,,,,,,
0,13.33,87.216,,,,,,,,,,,,,
0,13.41,87.216,,,,,,,,,,,,,
0,14.41,87.417,,,,,,,,,,,,,
0,14.84,87.432,,,,,,,,,,,,,
0,23.93,87.771,,,,,,,,,,,,,
1.4,14,1400,FALSE,,,67,,,,,0,,,,固定値
0,-24.54,87.026,,,,,,,,,,,,,
0,-24.09,87.009,,,,,,,,,,,,,
0,-23.36,86.967,,,,,,,,,,,,,
0,-23.1,86.965,,,,,,,,,,,,,
0,-22.19,86.977,,,,,,,,,,,,,
0,-22.1,86.971,,,,,,,,,,,,,
0,-21.6,86.97,,,,,,,,,,,,,
0,-21.06,86.976,,,,,,,,,,,,,
0,-20.65,86.966,,,,,,,,,,,,,
0,-19.96,86.967,,,,,,,,,,,,,
0,-18.99,86.916,,,,,,,,,,,,,
0,-18.85,86.911,,,,,,,,,,,,,
0,-18.83,86.911,,,,,,,,,,,,,
0,-17.77,86.964,,,,,,,,,,,,,
0,-17.51,86.959,,,,,,,,,,,,,
0,-16.64,86.926,,,,,,,,,,,,,
0,-16.17,86.952,,,,,,,,,,,,,
0,-15.55,86.975,,,,,,,,,,,,,
0,-14.83,86.951,,,,,,,,,,,,,
0,-14.43,86.94,,,,,,,,,,,,,
0,-13.5,86.965,,,,,,,,,,,,,
0,-13.32,86.97,,,,,,,,,,,,,
0,-12.44,86.938,,,,,,,,,,,,,
0,-12.26,86.929,,,,,,,,,,,,,
0,-12.16,86.926,,,,,,,,,,,,,
0,-11.31,86.918,,,,,,,,,,,,,
0,-10.68,86.947,,,,,,,,,,,,,
0,-10.38,86.946,,,,,,,,,,,,,
0,-9.87,86.944,,,,,,,,,,,,,
0,-9.4,86.94,,,,,,,,,,,,,
0,-9.31,86.955,,,,,,,,,,,,,
0,-8.36,87.12,,,,,,,,,,,,,
0,-8.09,87.242,,,,,,,,,,,,,
0,-7.38,87.576,,,,,,,,,,,,,
0,-6.92,87.642,,,,,,,,,,,,,
0,-6.34,87.711,,,,,,,,,,,,,
0,-5.65,87.7,,,,,,,,,,,,,
0,-5.26,87.697,,,,,,,,,,,,,
0,-4.35,87.491,,,,,,,,,,,,,
0,-4.17,87.457,,,,,,,,,,,,,
0,-3.29,87.08,,,,,,,,,,,,,
0,-3.29,85.32,,,,,,,,,,,,,
0,5.71,85.32,,,,,,,,,,,,,
0,5.72,86.948,,,,,,,,,,,,,
0,5.72,86.95,,,,,,,,,,,,,
0,5.82,87.016,,,,,,,,,,,,,
0,6.59,87.5,,,,,,,,,,,,,
0,7.13,87.539,,,,,,,,,,,,,
0,7.56,87.533,,,,,,,,,,,,,
0,8.15,87.524,,,,,,,,,,,,,
0,8.5,87.521,,,,,,,,,,,,,
0,8.56,87.517,,,,,,,,,,,,,
0,9.35,87.47,,,,,,,,,,,,,
0,9.78,87.443,,,,,,,,,,,,,
0,10.56,87.397,,,,,,,,,,,,,
0,11.51,87.401,,,,,,,,,,,,,
0,12.77,87.337,,,,,,,,,,,,,
0,13.01,87.531,,,,,,,,,,,,,
0,14.09,88.362,,,,,,,,,,,,,
0,14.1,88.361,,,,,,,,,,,,,
0,14.3,88.435,,,,,,,,,,,,,
0,14.56,88.462,,,,,,,,,,,,,
0,15.61,88.494,,,,,,,,,,,,,
0,19.73,88.528,,,,,,,,,,,,,
0,22,88.553,,,,,,,,,,,,,
0,24.4,88.439,,,,,,,,,,,,,
0,24.81,88.414,,,,,,,,,,,,,
1.5,15,1500,FALSE,,,67,,,,,0,,,,固定値
0,-24.93,88.245,,,,,,,,,,,,,
0,-24.04,88.247,,,,,,,,,,,,,
0,-23.75,88.255,,,,,,,,,,,,,
0,-22.87,88.223,,,,,,,,,,,,,
0,-22.19,88.303,,,,,,,,,,,,,
0,-21.7,88.328,,,,,,,,,,,,,
0,-20.53,87.766,,,,,,,,,,,,,
0,-20.44,87.727,,,,,,,,,,,,,
0,-20.2,87.666,,,,,,,,,,,,,
0,-19.47,87.467,,,,,,,,,,,,,
0,-18.98,87.443,,,,,,,,,,,,,
0,-18.59,87.481,,,,,,,,,,,,,
0,-18.01,87.58,,,,,,,,,,,,,
0,-17.68,87.617,,,,,,,,,,,,,
0,-17.58,87.606,,,,,,,,,,,,,
0,-16.57,87.429,,,,,,,,,,,,,
0,-16.14,87.464,,,,,,,,,,,,,
0,-15.49,87.414,,,,,,,,,,,,,
0,-14.78,87.486,,,,,,,,,,,,,
0,-14.43,87.498,,,,,,,,,,,,,
0,-13.39,87.515,,,,,,,,,,,,,
0,-13.36,87.517,,,,,,,,,,,,,
0,-13.26,87.507,,,,,,,,,,,,,
0,-12.33,87.458,,,,,,,,,,,,,
0,-11.42,87.471,,,,,,,,,,,,,
0,-11.32,87.474,,,,,,,,,,,,,
0,-11.21,87.471,,,,,,,,,,,,,
0,-10.19,87.401,,,,,,,,,,,,,
0,-9.9,87.512,,,,,,,,,,,,,
0,-9.14,87.814,,,,,,,,,,,,,
0,-8.51,87.868,,,,,,,,,,,,,
0,-8.06,87.917,,,,,,,,,,,,,
0,-7.07,87.903,,,,,,,,,,,,,
0,-6.94,87.892,,,,,,,,,,,,,
0,-6.53,87.892,,,,,,,,,,,,,
0,-6,87.877,,,,,,,,,,,,,
0,-5.58,87.832,,,,,,,,,,,,,
0,-5.12,87.696,,,,,,,,,,,,,
0,-4.57,87.532,,,,,,,,,,,,,
0,-4.13,87.368,,,,,,,,,,,,,
0,-4.13,85.46,,,,,,,,,,,,,
0,4.87,85.46,,,,,,,,,,,,,
0,4.87,87.2,,,,,,,,,,,,,
0,5.3,87.405,,,,,,,,,,,,,
0,5.65,87.567,,,,,,,,,,,,,
0,6.74,87.579,,,,,,,,,,,,,
0,6.76,87.58,,,,,,,,,,,,,
0,6.85,87.582,,,,,,,,,,,,,
0,7.88,87.594,,,,,,,,,,,,,
0,8.71,87.524,,,,,,,,,,,,,
0,9.01,87.498,,,,,,,,,,,,,
0,9.27,87.494,,,,,,,,,,,,,
0,11.19,87.417,,,,,,,,,,,,,
0,11.91,87.544,,,,,,,,,,,,,
0,12.26,87.586,,,,,,,,,,,,,
0,13.38,87.35,,,,,,,,,,,,,
0,13.39,87.35,,,,,,,,,,,,,
0,13.39,87.35,,,,,,,,,,,,,
0,14.42,87.919,,,,,,,,,,,,,
0,15.11,88.495,,,,,,,,,,,,,
0,15.38,88.528,,,,,,,,,,,,,
0,15.44,88.602,,,,,,,,,,,,,
0,16.25,88.661,,,,,,,,,,,,,
0,16.51,88.636,,,,,,,,,,,,,
0,17.66,88.649,,,,,,,,,,,,,
0,19.1,88.667,,,,,,,,,,,,,
0,20.91,88.749,,,,,,,,,,,,,
1.6,16,1600,FALSE,,,75,,,,,0,,,,固定値
0,-24.66,88.426,,,,,,,,,,,,,
0,-23.99,88.411,,,,,,,,,,,,,
0,-23.22,88.38,,,,,,,,,,,,,
0,-22.87,88.363,,,,,,,,,,,,,
0,-22.77,88.359,,,,,,,,,,,,,
0,-21.83,88.329,,,,,,,,,,,,,
0,-21.4,88.324,,,,,,,,,,,,,
0,-20.77,88.339,,,,,,,,,,,,,
0,-20.05,88.357,,,,,,,,,,,,,
0,-18.68,88.241,,,,,,,,,,,,,
0,-18.67,88.24,,,,,,,,,,,,,
0,-18.67,88.24,,,,,,,,,,,,,
0,-18.64,88.241,,,,,,,,,,,,,
0,-17.58,88.254,,,,,,,,,,,,,
0,-16.75,88.304,,,,,,,,,,,,,
0,-16.53,88.314,,,,,,,,,,,,,
0,-16.25,88.321,,,,,,,,,,,,,
0,-15.44,88.343,,,,,,,,,,,,,
0,-15.21,88.451,,,,,,,,,,,,,
0,-14.37,88.7,,,,,,,,,,,,,
0,-13.82,88.772,,,,,,,,,,,,,
0,-12.74,88.813,,,,,,,,,,,,,
0,-12.02,88.882,,,,,,,,,,,,,
0,-11.44,88.848,,,,,,,,,,,,,
0,-11.06,88.771,,,,,,,,,,,,,
0,-10.74,88.738,,,,,,,,,,,,,
0,-9.98,88.541,,,,,,,,,,,,,
0,-9.15,88.499,,,,,,,,,,,,,
0,-8.89,88.494,,,,,,,,,,,,,
0,-8.8,88.486,,,,,,,,,,,,,
0,-7.73,88.468,,,,,,,,,,,,,
0,-7.27,88.476,,,,,,,,,,,,,
0,-6.58,88.493,,,,,,,,,,,,,
0,-5.73,88.426,,,,,,,,,,,,,
0,-5.4,88.371,,,,,,,,,,,,,
0,-4.41,87.897,,,,,,,,,,,,,
0,-4.19,87.786,,,,,,,,,,,,,
0,-4.15,87.769,,,,,,,,,,,,,
0,-3.85,87.45,,,,,,,,,,,,,
0,-3.85,86.5,,,,,,,,,,,,,
0,5.15,86.5,,,,,,,,,,,,,
0,5.15,87.71,,,,,,,,,,,,,
0,5.22,87.745,,,,,,,,,,,,,
0,6.16,88.097,,,,,,,,,,,,,
0,6.52,88.117,,,,,,,,,,,,,
0,7.23,88.14,,,,,,,,,,,,,
0,7.9,88.187,,,,,,,,,,,,,
0,8.3,88.207,,,,,,,,,,,,,
0,9.26,88.182,,,,,,,,,,,,,
0,9.37,88.176,,,,,,,,,,,,,
0,9.77,88.199,,,,,,,,,,,,,
0,10.43,88.218,,,,,,,,,,,,,
0,10.58,88.237,,,,,,,,,,,,,
0,11.94,88.21,,,,,,,,,,,,,
0,12.4,88.216,,,,,,,,,,,,,
0,15.72,88.045,,,,,,,,,,,,,
0,15.93,87.995,,,,,,,,,,,,,
0,16.89,87.76,,,,,,,,,,,,,
0,17.11,87.704,,,,,,,,,,,,,
0,17.17,87.683,,,,,,,,,,,,,
0,17.75,87.507,,,,,,,,,,,,,
0,17.95,87.527,,,,,,,,,,,,,
0,19,87.502,,,,,,,,,,,,,
0,19.02,87.507,,,,,,,,,,,,,
0,19.1,87.533,,,,,,,,,,,,,
0,19.97,87.818,,,,,,,,,,,,,
0,20.17,87.952,,,,,,,,,,,,,
0,20.92,88.012,,,,,,,,,,,,,
0,21.76,87.941,,,,,,,,,,,,,
0,22.51,87.91,,,,,,,,,,,,,
0,23.02,87.932,,,,,,,,,,,,,
0,23.42,87.931,,,,,,,,,,,,,
0,24.14,87.998,,,,,,,,,,,,,
0,24.39,88.092,,,,,,,,,,,,,
0,24.92,88.075,,,,,,,,,,,,,
1.7,17,1700,FALSE,,,87,,,,,0,,,,固定値
0,-24.04,87.734,,,,,,,,,,,,,
0,-23.43,88.05,,,,,,,,,,,,,
0,-22.93,88.31,,,,,,,,,,,,,
0,-21.96,88.285,,,,,,,,,,,,,
0,-21.78,88.284,,,,,,,,,,,,,
0,-21.54,88.295,,,,,,,,,,,,,
0,-20.7,88.34,,,,,,,,,,,,,
0,-20.07,88.321,,,,,,,,,,,,,
0,-19.6,88.306,,,,,,,,,,,,,
0,-19.38,88.311,,,,,,,,,,,,,
0,-18.53,88.339,,,,,,,,,,,,,
0,-17.77,88.344,,,,,,,,,,,,,
0,-17.45,88.354,,,,,,,,,,,,,
0,-16.81,88.321,,,,,,,,,,,,,
0,-16.25,88.309,,,,,,,,,,,,,
0,-15.12,88.36,,,,,,,,,,,,,
0,-14.93,88.365,,,,,,,,,,,,,
0,-14.84,88.362,,,,,,,,,,,,,
0,-13.56,88.292,,,,,,,,,,,,,
0,-12.62,88.232,,,,,,,,,,,,,
0,-12.19,88.215,,,,,,,,,,,,,
0,-11.61,88.105,,,,,,,,,,,,,
0,-11.09,87.988,,,,,,,,,,,,,
0,-10.65,87.976,,,,,,,,,,,,,
0,-10.22,87.957,,,,,,,,,,,,,
0,-9.74,87.967,,,,,,,,,,,,,
0,-9.14,87.996,,,,,,,,,,,,,
0,-8.72,87.989,,,,,,,,,,,,,
0,-7.8,88.043,,,,,,,,,,,,,
0,-6.47,87.634,,,,,,,,,,,,,
0,-6.37,87.588,,,,,,,,,,,,,
0,-6.12,87.589,,,,,,,,,,,,,
0,-5.02,87.554,,,,,,,,,,,,,
0,-4.59,87.483,,,,,,,,,,,,,
0,-3.85,87.357,,,,,,,,,,,,,
0,-3.51,87.4,,,,,,,,,,,,,
0,-2.98,87.532,,,,,,,,,,,,,
0,-1.26,87.15,,,,,,,,,,,,,
0,-1.26,86.52,,,,,,,,,,,,,
0,0.56,86.697,,,,,,,,,,,,,
0,0.58,86.693,,,,,,,,,,,,,
0,0.58,86.692,,,,,,,,,,,,,
0,0.59,86.692,,,,,,,,,,,,,
0,0.6,86.692,,,,,,,,,,,,,
0,0.6,86.693,,,,,,,,,,,,,
0,0.62,86.697,,,,,,,,,,,,,
0,2.74,86.52,,,,,,,,,,,,,
0,2.74,87.292,,,,,,,,,,,,,
0,2.82,87.292,,,,,,,,,,,,,
0,4.24,87.72,,,,,,,,,,,,,
0,4.46,87.737,,,,,,,,,,,,,
0,5.06,87.711,,,,,,,,,,,,,
0,5.74,87.798,,,,,,,,,,,,,
0,5.92,87.806,,,,,,,,,,,,,
0,6.01,87.837,,,,,,,,,,,,,
0,7.1,88.04,,,,,,,,,,,,,
0,7.9,88.153,,,,,,,,,,,,,
0,8.33,88.217,,,,,,,,,,,,,
0,9.04,88.25,,,,,,,,,,,,,
0,9.54,88.269,,,,,,,,,,,,,
0,10.77,88.051,,,,,,,,,,,,,
0,10.84,88.038,,,,,,,,,,,,,
0,10.86,88.039,,,,,,,,,,,,,
0,12.17,88.112,,,,,,,,,,,,,
0,13.02,88.286,,,,,,,,,,,,,
0,13.47,88.521,,,,,,,,,,,,,
0,14.25,88.73,,,,,,,,,,,,,
0,14.69,88.964,,,,,,,,,,,,,
0,15.54,89.046,,,,,,,,,,,,,
0,15.87,89.106,,,,,,,,,,,,,
0,16.05,89.102,,,,,,,,,,,,,
0,16.9,89.105,,,,,,,,,,,,,
0,17.27,89.106,,,,,,,,,,,,,
0,17.91,89.158,,,,,,,,,,,,,
0,18.73,89.19,,,,,,,,,,,,,
0,18.93,89.186,,,,,,,,,,,,,
0,19.41,89.199,,,,,,,,,,,,,
0,20.09,89.208,,,,,,,,,,,,,
0,21.13,89.258,,,,,,,,,,,,,
0,21.29,89.269,,,,,,,,,,,,,
0,21.36,89.268,,,,,,,,,,,,,
0,22.36,89.234,,,,,,,,,,,,,
0,22.93,89.23,,,,,,,,,,,,,
0,23.44,89.237,,,,,,,,,,,,,
0,24.45,89.336,,,,,,,,,,,,,
0,24.49,89.338,,,,,,,,,,,,,
0,24.59,89.341,,,,,,,,,,,,,
1.8,18,1800,FALSE,,,68,,,,,0,,,,固定値
0,-24.94,88.676,,,,,,,,,,,,,
0,-24.11,88.692,,,,,,,,,,,,,
0,-23.78,88.642,,,,,,,,,,,,,
0,-22.78,88.674,,,,,,,,,,,,,
0,-22.64,88.672,,,,,,,,,,,,,
0,-22.53,88.669,,,,,,,,,,,,,
0,-21.34,88.694,,,,,,,,,,,,,
0,-20.27,88.728,,,,,,,,,,,,,
0,-20.08,88.717,,,,,,,,,,,,,
0,-19.84,88.723,,,,,,,,,,,,,
0,-18.9,88.761,,,,,,,,,,,,,
0,-18.57,88.733,,,,,,,,,,,,,
0,-17.74,88.685,,,,,,,,,,,,,
0,-17.02,88.651,,,,,,,,,,,,,
0,-16.58,88.642,,,,,,,,,,,,,
0,-15.48,88.619,,,,,,,,,,,,,
0,-15.42,88.625,,,,,,,,,,,,,
0,-15.23,88.626,,,,,,,,,,,,,
0,-14.34,88.662,,,,,,,,,,,,,
0,-13.83,88.586,,,,,,,,,,,,,
0,-13.28,88.583,,,,,,,,,,,,,
0,-12.33,88.432,,,,,,,,,,,,,
0,-12.22,88.434,,,,,,,,,,,,,
0,-12.18,88.436,,,,,,,,,,,,,
0,-11.02,88.432,,,,,,,,,,,,,
0,-10.61,88.416,,,,,,,,,,,,,
0,-9.84,88.369,,,,,,,,,,,,,
0,-9.03,88.305,,,,,,,,,,,,,
0,-8.65,88.302,,,,,,,,,,,,,
0,-7.49,88.142,,,,,,,,,,,,,
0,-7.43,88.14,,,,,,,,,,,,,
0,-7.39,88.129,,,,,,,,,,,,,
0,-6.36,88.222,,,,,,,,,,,,,
0,-6.14,88.223,,,,,,,,,,,,,
0,-4.63,87.721,,,,,,,,,,,,,
0,-4.2,87.54,,,,,,,,,,,,,
0,-4.2,86.54,,,,,,,,,,,,,
0,-2.23,86.761,,,,,,,,,,,,,
0,-1.78,86.77,,,,,,,,,,,,,
0,-0.91,86.831,,,,,,,,,,,,,
0,-0.65,86.821,,,,,,,,,,,,,
0,-0.5,86.83,,,,,,,,,,,,,
0,4.8,86.54,,,,,,,,,,,,,
0,4.8,87.54,,,,,,,,,,,,,
0,5.03,87.847,,,,,,,,,,,,,
0,5.59,88.301,,,,,,,,,,,,,
0,6.02,88.41,,,,,,,,,,,,,
0,7.32,88.566,,,,,,,,,,,,,
0,7.95,88.423,,,,,,,,,,,,,
0,9.01,88.543,,,,,,,,,,,,,
0,9.21,88.586,,,,,,,,,,,,,
0,9.48,88.591,,,,,,,,,,,,,
0,9.55,88.589,,,,,,,,,,,,,
0,11.7,88.687,,,,,,,,,,,,,
0,11.9,88.677,,,,,,,,,,,,,
0,12.24,88.693,,,,,,,,,,,,,
0,14.07,88.644,,,,,,,,,,,,,
0,18.43,88.621,,,,,,,,,,,,,
0,19.5,88.543,,,,,,,,,,,,,
0,19.96,88.514,,,,,,,,,,,,,
0,20.08,88.517,,,,,,,,,,,,,
0,20.66,88.547,,,,,,,,,,,,,
0,21.32,88.566,,,,,,,,,,,,,
0,22.27,88.624,,,,,,,,,,,,,
0,22.54,88.638,,,,,,,,,,,,,
0,23.38,88.603,,,,,,,,,,,,,
0,23.73,88.581,,,,,,,,,,,,,
0,23.79,88.583,,,,,,,,,,,,,
1.9,19,1900,FALSE,,,74,,,,,0,,,,固定値
0,-24.23,89.589,,,,,,,,,,,,,
0,-23.82,89.601,,,,,,,,,,,,,
0,-22.89,89.577,,,,,,,,,,,,,
0,-21.86,89.548,,,,,,,,,,,,,
0,-20.67,89.546,,,,,,,,,,,,,
0,-20.4,89.534,,,,,,,,,,,,,
0,-19.99,89.523,,,,,,,,,,,,,
0,-19.07,89.475,,,,,,,,,,,,,
0,-18.81,89.466,,,,,,,,,,,,,
0,-18.01,89.548,,,,,,,,,,,,,
0,-17.99,89.55,,,,,,,,,,,,,
0,-17.98,89.55,,,,,,,,,,,,,
0,-16.76,89.551,,,,,,,,,,,,,
0,-16.53,89.565,,,,,,,,,,,,,
0,-15.91,89.541,,,,,,,,,,,,,
0,-14.95,89.532,,,,,,,,,,,,,
0,-14.72,89.534,,,,,,,,,,,,,
0,-14.1,89.548,,,,,,,,,,,,,
0,-13.9,89.549,,,,,,,,,,,,,
0,-13.82,89.547,,,,,,,,,,,,,
0,-12.66,89.505,,,,,,,,,,,,,
0,-12.13,89.516,,,,,,,,,,,,,
0,-11.82,89.517,,,,,,,,,,,,,
0,-11.23,89.515,,,,,,,,,,,,,
0,-10.62,89.504,,,,,,,,,,,,,
0,-10.36,89.507,,,,,,,,,,,,,
0,-9.77,89.5,,,,,,,,,,,,,
0,-8.95,89.52,,,,,,,,,,,,,
0,-8.55,89.522,,,,,,,,,,,,,
0,-8.33,89.509,,,,,,,,,,,,,
0,-7.69,89.472,,,,,,,,,,,,,
0,-7.27,89.443,,,,,,,,,,,,,
0,-6.47,89.413,,,,,,,,,,,,,
0,-6.32,89.417,,,,,,,,,,,,,
0,-5.61,89.435,,,,,,,,,,,,,
0,-5.29,89.427,,,,,,,,,,,,,
0,-4.38,89.42,,,,,,,,,,,,,
0,-3.89,89.414,,,,,,,,,,,,,
0,-3.53,89.427,,,,,,,,,,,,,
0,-2.68,89.396,,,,,,,,,,,,,
0,-2.29,89.39,,,,,,,,,,,,,
0,-2.18,89.385,,,,,,,,,,,,,
0,-2.1,87.97,,,,,,,,,,,,,
0,-2.1,86.97,,,,,,,,,,,,,
0,-0.68,87.35,,,,,,,,,,,,,
0,-0.16,87.192,,,,,,,,,,,,,
0,0.59,87.199,,,,,,,,,,,,,
0,0.7,87.2,,,,,,,,,,,,,
0,0.77,87.213,,,,,,,,,,,,,
0,1.9,86.97,,,,,,,,,,,,,
0,1.9,87.97,,,,,,,,,,,,,
0,1.98,88.892,,,,,,,,,,,,,
0,2.16,89.382,,,,,,,,,,,,,
0,2.85,89.074,,,,,,,,,,,,,
0,6.4,89.279,,,,,,,,,,,,,
0,10.18,89.534,,,,,,,,,,,,,
0,11.11,89.595,,,,,,,,,,,,,
0,11.13,89.592,,,,,,,,,,,,,
0,11.23,89.594,,,,,,,,,,,,,
0,11.66,89.566,,,,,,,,,,,,,
0,16.32,89.127,,,,,,,,,,,,,
0,17.09,89.154,,,,,,,,,,,,,
0,17.74,89.116,,,,,,,,,,,,,
0,19.26,88.927,,,,,,,,,,,,,
0,19.95,88.796,,,,,,,,,,,,,
0,20.82,88.664,,,,,,,,,,,,,
0,21.32,88.758,,,,,,,,,,,,,
0,21.41,88.765,,,,,,,,,,,,,
0,21.86,88.639,,,,,,,,,,,,,
0,22.67,88.375,,,,,,,,,,,,,
0,22.89,88.367,,,,,,,,,,,,,
0,23.51,88.318,,,,,,,,,,,,,
0,24.34,88.352,,,,,,,,,,,,,
0,24.7,88.377,,,,,,,,,,,,,
2,20,2000,FALSE,,,65,,,,,0,,,,固定値
0,-24.43,89.326,,,,,,,,,,,,,
0,-23.74,89.268,,,,,,,,,,,,,
0,-20.55,89.158,,,,,,,,,,,,,
0,-19.5,89.18,,,,,,,,,,,,,
0,-19.24,89.274,,,,,,,,,,,,,
0,-18.77,89.299,,,,,,,,,,,,,
0,-18.59,89.226,,,,,,,,,,,,,
0,-18.44,89.174,,,,,,,,,,,,,
0,-16.01,89.197,,,,,,,,,,,,,
0,-12.49,89.211,,,,,,,,,,,,,
0,-12.04,89.29,,,,,,,,,,,,,
0,-11.07,89.362,,,,,,,,,,,,,
0,-10.79,89.18,,,,,,,,,,,,,
0,-10.48,89.171,,,,,,,,,,,,,
0,-8.29,89.66,,,,,,,,,,,,,
0,-8,89.646,,,,,,,,,,,,,
0,-7.72,89.651,,,,,,,,,,,,,
0,-6.57,89.061,,,,,,,,,,,,,
0,-6.32,89.008,,,,,,,,,,,,,
0,-5.12,88.942,,,,,,,,,,,,,
0,-4.91,88.957,,,,,,,,,,,,,
0,-2.51,89.033,,,,,,,,,,,,,
0,-2.38,89.022,,,,,,,,,,,,,
0,-2.16,88.956,,,,,,,,,,,,,
0,-1.55,88.4,,,,,,,,,,,,,
0,-1.55,87.4,,,,,,,,,,,,,
0,-0.86,87.618,,,,,,,,,,,,,
0,-0.72,87.529,,,,,,,,,,,,,
0,0.54,87.511,,,,,,,,,,,,,
0,0.65,87.516,,,,,,,,,,,,,
0,1.96,87.467,,,,,,,,,,,,,
0,2.05,87.541,,,,,,,,,,,,,
0,2.45,87.4,,,,,,,,,,,,,
0,2.45,88.4,,,,,,,,,,,,,
0,3.28,88.742,,,,,,,,,,,,,
0,3.36,88.746,,,,,,,,,,,,,
0,4.67,88.888,,,,,,,,,,,,,
0,4.73,88.886,,,,,,,,,,,,,
0,4.78,88.9,,,,,,,,,,,,,
0,5.63,88.974,,,,,,,,,,,,,
0,6.61,89.103,,,,,,,,,,,,,
0,7.52,89.087,,,,,,,,,,,,,
0,8.87,89.04,,,,,,,,,,,,,
0,8.87,89.039,,,,,,,,,,,,,
0,10.26,88.661,,,,,,,,,,,,,
0,11.57,88.643,,,,,,,,,,,,,
0,11.61,88.641,,,,,,,,,,,,,
0,11.65,88.64,,,,,,,,,,,,,
0,11.7,88.645,,,,,,,,,,,,,
0,13.09,88.773,,,,,,,,,,,,,
0,14.41,88.716,,,,,,,,,,,,,
0,14.52,88.727,,,,,,,,,,,,,
0,15.8,88.704,,,,,,,,,,,,,
0,15.95,88.698,,,,,,,,,,,,,
0,17.16,88.771,,,,,,,,,,,,,
0,17.34,88.772,,,,,,,,,,,,,
0,18.55,88.739,,,,,,,,,,,,,
0,18.75,88.793,,,,,,,,,,,,,
0,19.93,88.837,,,,,,,,,,,,,
0,21.05,88.824,,,,,,,,,,,,,
0,21.2,88.778,,,,,,,,,,,,,
0,21.36,88.738,,,,,,,,,,,,,
0,21.82,88.723,,,,,,,,,,,,,
0,24.06,88.619,,,,,,,,,,,,,
0,24.38,88.692,,,,,,,,,,,,,
2.1,21,2100,FALSE,,,86,,,,,0,,,,固定値
0,-24.38,91.129,,,,,,,,,,,,,
0,-24.04,91.08,,,,,,,,,,,,,
0,-23.94,91.066,,,,,,,,,,,,,
0,-23.18,90.983,,,,,,,,,,,,,
0,-22.56,90.882,,,,,,,,,,,,,
0,-22.01,90.731,,,,,,,,,,,,,
0,-21.25,90.17,,,,,,,,,,,,,
0,-21.1,90.131,,,,,,,,,,,,,
0,-20.8,90.04,,,,,,,,,,,,,
0,-19.94,89.683,,,,,,,,,,,,,
0,-19.35,89.178,,,,,,,,,,,,,
0,-19.05,88.806,,,,,,,,,,,,,
0,-18.68,88.741,,,,,,,,,,,,,
0,-17.9,88.523,,,,,,,,,,,,,
0,-17.38,88.47,,,,,,,,,,,,,
0,-17.03,88.488,,,,,,,,,,,,,
0,-16.29,88.529,,,,,,,,,,,,,
0,-15.9,88.519,,,,,,,,,,,,,
0,-15.65,88.505,,,,,,,,,,,,,
0,-14.99,88.394,,,,,,,,,,,,,
0,-14.15,88.345,,,,,,,,,,,,,
0,-13.84,88.342,,,,,,,,,,,,,
0,-13.69,88.333,,,,,,,,,,,,,
0,-12.95,88.385,,,,,,,,,,,,,
0,-12.14,88.326,,,,,,,,,,,,,
0,-11.8,88.304,,,,,,,,,,,,,
0,-11.01,88.288,,,,,,,,,,,,,
0,-10.91,88.291,,,,,,,,,,,,,
0,-10.72,88.281,,,,,,,,,,,,,
0,-9.78,88.299,,,,,,,,,,,,,
0,-9.23,88.297,,,,,,,,,,,,,
0,-8.89,88.288,,,,,,,,,,,,,
0,-8.24,88.377,,,,,,,,,,,,,
0,-7.73,88.389,,,,,,,,,,,,,
0,-6.97,88.426,,,,,,,,,,,,,
0,-6.84,88.428,,,,,,,,,,,,,
0,-5.97,88.402,,,,,,,,,,,,,
0,-5.71,88.413,,,,,,,,,,,,,
0,-5.4,88.478,,,,,,,,,,,,,
0,-4.49,88.587,,,,,,,,,,,,,
0,-3.66,89.136,,,,,,,,,,,,,
0,-3.33,89.147,,,,,,,,,,,,,
0,-1.95,88.973,,,,,,,,,,,,,
0,-1.7,88.938,,,,,,,,,,,,,
0,-1,88.84,,,,,,,,,,,,,
0,-1,87.84,,,,,,,,,,,,,
0,0.11,88.001,,,,,,,,,,,,,
0,0.34,87.961,,,,,,,,,,,,,
0,1.12,87.91,,,,,,,,,,,,,
0,1.22,87.913,,,,,,,,,,,,,
0,1.38,87.901,,,,,,,,,,,,,
0,2.32,88.013,,,,,,,,,,,,,
0,2.71,88.211,,,,,,,,,,,,,
0,3,87.84,,,,,,,,,,,,,
0,3,88.84,,,,,,,,,,,,,
0,3.83,88.756,,,,,,,,,,,,,
0,4.34,89.019,,,,,,,,,,,,,
0,4.74,89.019,,,,,,,,,,,,,
0,5.22,88.934,,,,,,,,,,,,,
0,6.01,88.937,,,,,,,,,,,,,
0,6.39,88.965,,,,,,,,,,,,,
0,6.66,88.978,,,,,,,,,,,,,
0,7.29,89.014,,,,,,,,,,,,,
0,8.12,89.045,,,,,,,,,,,,,
0,8.46,89.055,,,,,,,,,,,,,
0,9.29,89.067,,,,,,,,,,,,,
0,9.36,89.071,,,,,,,,,,,,,
0,9.64,89.181,,,,,,,,,,,,,
0,10.33,89.465,,,,,,,,,,,,,
0,10.55,89.495,,,,,,,,,,,,,
0,10.81,89.553,,,,,,,,,,,,,
0,13.48,89.22,,,,,,,,,,,,,
0,13.69,89.207,,,,,,,,,,,,,
0,13.89,89.208,,,,,,,,,,,,,
0,17.48,89.282,,,,,,,,,,,,,
0,18.3,89.228,,,,,,,,,,,,,
0,18.84,89.197,,,,,,,,,,,,,
0,19.62,89.161,,,,,,,,,,,,,
0,20.02,89.174,,,,,,,,,,,,,
0,21,89.229,,,,,,,,,,,,,
0,22,89.176,,,,,,,,,,,,,
0,22.66,89.159,,,,,,,,,,,,,
0,22.82,89.161,,,,,,,,,,,,,
0,23,89.156,,,,,,,,,,,,,
0,24.27,89.11,,,,,,,,,,,,,
0,24.83,89.114,,,,,,,,,,,,,
2.2,22,2210,FALSE,,,65,,,,,0,,,,固定値
0,-24.2,89.733,,,,,,,,,,,,,
0,-17.08,89.827,,,,,,,,,,,,,
0,-12.27,89.807,,,,,,,,,,,,,
0,-11.4,89.809,,,,,,,,,,,,,
0,-11.07,89.862,,,,,,,,,,,,,
0,-10.81,89.827,,,,,,,,,,,,,
0,-9.89,89.706,,,,,,,,,,,,,
0,-9.55,89.69,,,,,,,,,,,,,
0,-8.45,89.707,,,,,,,,,,,,,
0,-8.28,89.709,,,,,,,,,,,,,
0,-8.19,89.718,,,,,,,,,,,,,
0,-7.59,89.755,,,,,,,,,,,,,
0,-7.23,89.768,,,,,,,,,,,,,
0,-6.16,89.719,,,,,,,,,,,,,
0,-5.97,89.73,,,,,,,,,,,,,
0,-5.1,89.671,,,,,,,,,,,,,
0,-4.76,89.653,,,,,,,,,,,,,
0,-4.65,89.643,,,,,,,,,,,,,
0,-3.48,89.611,,,,,,,,,,,,,
0,-2.89,89.293,,,,,,,,,,,,,
0,-1.25,89.32,,,,,,,,,,,,,
0,-1.25,88.32,,,,,,,,,,,,,
0,-1.04,88.511,,,,,,,,,,,,,
0,-0.35,88.5,,,,,,,,,,,,,
0,0.41,88.505,,,,,,,,,,,,,
0,0.59,88.514,,,,,,,,,,,,,
0,1.29,88.649,,,,,,,,,,,,,
0,1.45,88.32,,,,,,,,,,,,,
0,1.45,89.32,,,,,,,,,,,,,
0,3.32,89.579,,,,,,,,,,,,,
0,3.68,89.892,,,,,,,,,,,,,
0,3.78,89.949,,,,,,,,,,,,,
0,4.79,90.183,,,,,,,,,,,,,
0,5.18,90.159,,,,,,,,,,,,,
0,5.96,90.133,,,,,,,,,,,,,
0,6.61,90.019,,,,,,,,,,,,,
0,6.9,90.044,,,,,,,,,,,,,
0,7.1,90.044,,,,,,,,,,,,,
0,8.15,90.052,,,,,,,,,,,,,
0,8.24,90.056,,,,,,,,,,,,,
0,8.57,90.074,,,,,,,,,,,,,
0,9.26,90.097,,,,,,,,,,,,,
0,9.55,90.109,,,,,,,,,,,,,
0,10.25,90.158,,,,,,,,,,,,,
0,10.97,90.159,,,,,,,,,,,,,
0,11.23,90.161,,,,,,,,,,,,,
0,11.88,90.199,,,,,,,,,,,,,
0,12.32,90.236,,,,,,,,,,,,,
0,12.48,90.24,,,,,,,,,,,,,
0,13.66,90.318,,,,,,,,,,,,,
0,14.32,90.395,,,,,,,,,,,,,
0,16.03,90.31,,,,,,,,,,,,,
0,16.27,90.28,,,,,,,,,,,,,
0,16.94,90.156,,,,,,,,,,,,,
0,17.66,90.043,,,,,,,,,,,,,
0,18.79,89.969,,,,,,,,,,,,,
0,19.5,89.91,,,,,,,,,,,,,
0,19.72,89.9,,,,,,,,,,,,,
0,20.14,89.844,,,,,,,,,,,,,
0,20.99,89.727,,,,,,,,,,,,,
0,21.02,89.734,,,,,,,,,,,,,
0,22.29,89.741,,,,,,,,,,,,,
0,22.38,89.732,,,,,,,,,,,,,
0,23.58,89.778,,,,,,,,,,,,,
0,24.69,89.855,,,,,,,,,,,,,
2.3,23,2290,FALSE,,,68,,,,,0,,,,固定値
0,-24.42,89.633,,,,,,,,,,,,,
0,-24.36,89.631,,,,,,,,,,,,,
0,-24.32,89.632,,,,,,,,,,,,,
0,-23.46,89.607,,,,,,,,,,,,,
0,-22.91,89.604,,,,,,,,,,,,,
0,-22.35,89.633,,,,,,,,,,,,,
0,-21.11,89.624,,,,,,,,,,,,,
0,-20.95,89.624,,,,,,,,,,,,,
0,-20.67,89.623,,,,,,,,,,,,,
0,-20.07,89.658,,,,,,,,,,,,,
0,-19.72,89.67,,,,,,,,,,,,,
0,-18.93,89.726,,,,,,,,,,,,,
0,-17.91,89.704,,,,,,,,,,,,,
0,-17.73,89.683,,,,,,,,,,,,,
0,-17.39,89.659,,,,,,,,,,,,,
0,-16.83,89.615,,,,,,,,,,,,,
0,-16.52,89.59,,,,,,,,,,,,,
0,-16,89.596,,,,,,,,,,,,,
0,-14.69,89.594,,,,,,,,,,,,,
0,-14.25,89.596,,,,,,,,,,,,,
0,-14.04,89.596,,,,,,,,,,,,,
0,-13.71,89.622,,,,,,,,,,,,,
0,-12.01,89.657,,,,,,,,,,,,,
0,-11.2,89.637,,,,,,,,,,,,,
0,-10.88,89.597,,,,,,,,,,,,,
0,-10.12,89.575,,,,,,,,,,,,,
0,-9.59,89.582,,,,,,,,,,,,,
0,-8.75,89.555,,,,,,,,,,,,,
0,-8.46,89.555,,,,,,,,,,,,,
0,-8.27,89.552,,,,,,,,,,,,,
0,-6.98,90.012,,,,,,,,,,,,,
0,-5.75,89.734,,,,,,,,,,,,,
0,-5.05,89.791,,,,,,,,,,,,,
0,-3.64,89.859,,,,,,,,,,,,,
0,-3.24,89.857,,,,,,,,,,,,,
0,-2.36,89.6,,,,,,,,,,,,,
0,-1.5,89.67,,,,,,,,,,,,,
0,-1.5,88.67,,,,,,,,,,,,,
0,-0.87,88.71,,,,,,,,,,,,,
0,-0.45,88.719,,,,,,,,,,,,,
0,0.14,88.727,,,,,,,,,,,,,
0,0.98,88.799,,,,,,,,,,,,,
0,1.2,88.67,,,,,,,,,,,,,
0,1.2,89.67,,,,,,,,,,,,,
0,2.45,89.647,,,,,,,,,,,,,
0,2.84,89.656,,,,,,,,,,,,,
0,3.53,89.691,,,,,,,,,,,,,
0,4.3,89.69,,,,,,,,,,,,,
0,4.53,89.668,,,,,,,,,,,,,
0,4.73,89.676,,,,,,,,,,,,,
0,5.76,89.7,,,,,,,,,,,,,
0,6.67,89.838,,,,,,,,,,,,,
0,8.35,90.068,,,,,,,,,,,,,
0,8.52,90.109,,,,,,,,,,,,,
0,10.35,90.113,,,,,,,,,,,,,
0,12.09,90.14,,,,,,,,,,,,,
0,19.4,90.218,,,,,,,,,,,,,
0,19.87,90.163,,,,,,,,,,,,,
0,20.68,90.073,,,,,,,,,,,,,
0,20.7,90.076,,,,,,,,,,,,,
0,20.77,90.06,,,,,,,,,,,,,
0,21.63,89.917,,,,,,,,,,,,,
0,22.06,89.919,,,,,,,,,,,,,
0,22.7,89.94,,,,,,,,,,,,,
0,23.76,89.93,,,,,,,,,,,,,
0,23.9,89.928,,,,,,,,,,,,,
0,23.98,89.925,,,,,,,,,,,,,
0,24.68,89.892,,,,,,,,,,,,,
2.4,24,2400,FALSE,,,63,,,,,0,,,,固定値
0,-24.81,90.467,,,,,,,,,,,,,
0,-24.76,90.469,,,,,,,,,,,,,
0,-24.76,90.469,,,,,,,,,,,,,
0,-24.74,90.472,,,,,,,,,,,,,
0,-18.64,90.574,,,,,,,,,,,,,
0,-14.93,90.559,,,,,,,,,,,,,
0,-13.27,90.513,,,,,,,,,,,,,
0,-13.06,90.449,,,,,,,,,,,,,
0,-11.2,90.5,,,,,,,,,,,,,
0,-11.09,90.517,,,,,,,,,,,,,
0,-11.05,90.517,,,,,,,,,,,,,
0,-11.02,90.511,,,,,,,,,,,,,
0,-10.45,90.467,,,,,,,,,,,,,
0,-10.1,90.438,,,,,,,,,,,,,
0,-10.02,90.441,,,,,,,,,,,,,
0,-9.11,90.439,,,,,,,,,,,,,
0,-8.64,90.408,,,,,,,,,,,,,
0,-8.11,90.411,,,,,,,,,,,,,
0,-7.65,90.384,,,,,,,,,,,,,
0,-7.15,90.286,,,,,,,,,,,,,
0,-6.38,90.05,,,,,,,,,,,,,
0,-6.18,90.035,,,,,,,,,,,,,
0,-6.03,90.047,,,,,,,,,,,,,
0,-5.22,89.879,,,,,,,,,,,,,
0,-4.59,89.561,,,,,,,,,,,,,
0,-4.32,89.502,,,,,,,,,,,,,
0,-3.36,90.022,,,,,,,,,,,,,
0,-3.29,90.028,,,,,,,,,,,,,
0,-3.18,89.988,,,,,,,,,,,,,
0,-3.1,89.9,,,,,,,,,,,,,
0,-3.1,89.14,,,,,,,,,,,,,
0,-0.4,89.14,,,,,,,,,,,,,
0,-0.4,89.66,,,,,,,,,,,,,
0,0.19,89.66,,,,,,,,,,,,,
0,0.89,89.7,,,,,,,,,,,,,
0,1.7,89.819,,,,,,,,,,,,,
0,2.37,89.914,,,,,,,,,,,,,
0,2.47,89.909,,,,,,,,,,,,,
0,2.55,89.95,,,,,,,,,,,,,
0,3.92,89.973,,,,,,,,,,,,,
0,4.6,90.011,,,,,,,,,,,,,
0,5.09,89.957,,,,,,,,,,,,,
0,7.57,89.963,,,,,,,,,,,,,
0,9.47,89.883,,,,,,,,,,,,,
0,16.1,90.018,,,,,,,,,,,,,
0,16.24,90.01,,,,,,,,,,,,,
0,16.8,89.971,,,,,,,,,,,,,
0,17.24,89.943,,,,,,,,,,,,,
0,17.68,89.921,,,,,,,,,,,,,
0,18.22,89.929,,,,,,,,,,,,,
0,18.63,89.922,,,,,,,,,,,,,
0,19.21,89.949,,,,,,,,,,,,,
0,19.76,89.934,,,,,,,,,,,,,
0,20.17,89.95,,,,,,,,,,,,,
0,20.78,89.984,,,,,,,,,,,,,
0,21.14,89.961,,,,,,,,,,,,,
0,21.78,89.98,,,,,,,,,,,,,
0,22.12,89.976,,,,,,,,,,,,,
0,22.41,89.974,,,,,,,,,,,,,
0,23.08,89.969,,,,,,,,,,,,,
0,23.64,89.96,,,,,,,,,,,,,
0,24.06,89.967,,,,,,,,,,,,,
0,24.93,89.969,,,,,,,,,,,,,
2.5,25,2500,FALSE,,,59,,,,,0,,,,固定値
0,-22.04,92.14,,,,,,,,,,,,,
0,-17.82,92.589,,,,,,,,,,,,,
0,-16.29,92.378,,,,,,,,,,,,,
0,-15.74,92.32,,,,,,,,,,,,,
0,-15.21,92.318,,,,,,,,,,,,,
0,-14.24,92.267,,,,,,,,,,,,,
0,-11.66,92.446,,,,,,,,,,,,,
0,-11.01,92.472,,,,,,,,,,,,,
0,-9.73,91.901,,,,,,,,,,,,,
0,-8.48,91.912,,,,,,,,,,,,,
0,-8.31,91.915,,,,,,,,,,,,,
0,-7.26,92.004,,,,,,,,,,,,,
0,-4.72,91.145,,,,,,,,,,,,,
0,-4.65,91.158,,,,,,,,,,,,,
0,-4.48,91.117,,,,,,,,,,,,,
0,-3.46,91.083,,,,,,,,,,,,,
0,-3.42,91.082,,,,,,,,,,,,,
0,-3.31,91.068,,,,,,,,,,,,,
0,-2.04,90.856,,,,,,,,,,,,,
0,-1.32,89.963,,,,,,,,,,,,,
0,-1,89.5,,,,,,,,,,,,,
0,-0.99,89.917,,,,,,,,,,,,,
0,-0.64,89.802,,,,,,,,,,,,,
0,0.32,89.749,,,,,,,,,,,,,
0,0.99,89.686,,,,,,,,,,,,,
0,1.99,89.807,,,,,,,,,,,,,
0,3.3,89.5,,,,,,,,,,,,,
0,3.9,90.32,,,,,,,,,,,,,
0,4.51,90.495,,,,,,,,,,,,,
0,5.13,90.955,,,,,,,,,,,,,
0,5.47,90.94,,,,,,,,,,,,,
0,6.47,90.896,,,,,,,,,,,,,
0,7.53,90.904,,,,,,,,,,,,,
0,7.81,90.909,,,,,,,,,,,,,
0,8.35,90.87,,,,,,,,,,,,,
0,9.11,90.806,,,,,,,,,,,,,
0,9.44,90.802,,,,,,,,,,,,,
0,10.32,90.806,,,,,,,,,,,,,
0,11.2,90.83,,,,,,,,,,,,,
0,11.57,90.84,,,,,,,,,,,,,
0,12.36,90.913,,,,,,,,,,,,,
0,12.79,90.962,,,,,,,,,,,,,
0,12.97,90.948,,,,,,,,,,,,,
0,13.97,90.886,,,,,,,,,,,,,
0,14.66,90.821,,,,,,,,,,,,,
0,15.16,90.737,,,,,,,,,,,,,
0,16.35,90.67,,,,,,,,,,,,,
0,16.35,90.67,,,,,,,,,,,,,
0,16.36,90.669,,,,,,,,,,,,,
0,17.52,90.589,,,,,,,,,,,,,
0,18.02,90.55,,,,,,,,,,,,,
0,18.69,90.518,,,,,,,,,,,,,
0,19.74,90.742,,,,,,,,,,,,,
0,19.88,90.75,,,,,,,,,,,,,
0,22.01,90.513,,,,,,,,,,,,,
0,22.6,90.547,,,,,,,,,,,,,
0,23.85,90.717,,,,,,,,,,,,,
0,23.99,90.727,,,,,,,,,,,,,
0,24.26,90.803,,,,,,,,,,,,,
2.6,26,2600,FALSE,,,64,,,,,0,,,,固定値
0,-22.21,92.34,,,,,,,,,,,,,
0,-21.87,92.303,,,,,,,,,,,,,
0,-21.76,92.283,,,,,,,,,,,,,
0,-20.67,92.247,,,,,,,,,,,,,
0,-19.89,92.336,,,,,,,,,,,,,
0,-19.54,92.357,,,,,,,,,,,,,
0,-18.53,92.43,,,,,,,,,,,,,
0,-18.21,92.454,,,,,,,,,,,,,
0,-18.05,92.426,,,,,,,,,,,,,
0,-17.69,92.297,,,,,,,,,,,,,
0,-17.13,92.329,,,,,,,,,,,,,
0,-16.61,92.332,,,,,,,,,,,,,
0,-15.09,92.27,,,,,,,,,,,,,
0,-9.37,92.268,,,,,,,,,,,,,
0,-6.98,92.172,,,,,,,,,,,,,
0,-6.34,92.162,,,,,,,,,,,,,
0,-5.79,92.193,,,,,,,,,,,,,
0,-4.54,92.174,,,,,,,,,,,,,
0,-4.44,92.172,,,,,,,,,,,,,
0,-4.37,92.155,,,,,,,,,,,,,
0,-3.76,91.58,,,,,,,,,,,,,
0,-1.67,89.711,,,,,,,,,,,,,
0,-1.3,89.5,,,,,,,,,,,,,
0,-1.2,89.865,,,,,,,,,,,,,
0,0.9,89.79,,,,,,,,,,,,,
0,1.99,89.661,,,,,,,,,,,,,
0,2.1,89.5,,,,,,,,,,,,,
0,2.16,89.625,,,,,,,,,,,,,
0,2.48,89.919,,,,,,,,,,,,,
0,3.31,90.787,,,,,,,,,,,,,
0,3.69,90.93,,,,,,,,,,,,,
0,4.4,91.152,,,,,,,,,,,,,
0,5.26,91.222,,,,,,,,,,,,,
0,5.47,91.235,,,,,,,,,,,,,
0,5.94,91.217,,,,,,,,,,,,,
0,6.65,91.204,,,,,,,,,,,,,
0,7.03,91.197,,,,,,,,,,,,,
0,7.91,91.163,,,,,,,,,,,,,
0,8.95,91.205,,,,,,,,,,,,,
0,9.15,91.223,,,,,,,,,,,,,
0,9.55,91.204,,,,,,,,,,,,,
0,10.45,91.186,,,,,,,,,,,,,
0,11.02,91.216,,,,,,,,,,,,,
0,11.79,91.269,,,,,,,,,,,,,
0,13.05,91.251,,,,,,,,,,,,,
0,13.1,91.25,,,,,,,,,,,,,
0,13.14,91.253,,,,,,,,,,,,,
0,14.48,91.368,,,,,,,,,,,,,
0,15.38,91.386,,,,,,,,,,,,,
0,15.86,91.389,,,,,,,,,,,,,
0,16.62,91.389,,,,,,,,,,,,,
0,17.12,91.373,,,,,,,,,,,,,
0,17.37,91.371,,,,,,,,,,,,,
0,18.28,91.335,,,,,,,,,,,,,
0,19.09,91.351,,,,,,,,,,,,,
0,19.42,91.36,,,,,,,,,,,,,
0,20.12,91.384,,,,,,,,,,,,,
0,20.55,91.393,,,,,,,,,,,,,
0,20.73,91.407,,,,,,,,,,,,,
0,21.6,91.382,,,,,,,,,,,,,
0,22.23,91.286,,,,,,,,,,,,,
0,22.65,91.284,,,,,,,,,,,,,
0,23.6,91.259,,,,,,,,,,,,,
0,23.82,91.275,,,,,,,,,,,,,
2.7,27,2700,FALSE,,,68,,,,,0,,,,固定値
0,-24.41,93.313,,,,,,,,,,,,,
0,-24.23,93.317,,,,,,,,,,,,,
0,-23.69,93.306,,,,,,,,,,,,,
0,-22.99,93.301,,,,,,,,,,,,,
0,-22.83,93.305,,,,,,,,,,,,,
0,-21.76,93.34,,,,,,,,,,,,,
0,-21.33,93.343,,,,,,,,,,,,,
0,-20.53,93.323,,,,,,,,,,,,,
0,-19.85,93.311,,,,,,,,,,,,,
0,-19.33,93.316,,,,,,,,,,,,,
0,-18.35,93.286,,,,,,,,,,,,,
0,-18.09,93.285,,,,,,,,,,,,,
0,-16.95,93.308,,,,,,,,,,,,,
0,-16.86,93.31,,,,,,,,,,,,,
0,-16.84,93.31,,,,,,,,,,,,,
0,-15.75,93.295,,,,,,,,,,,,,
0,-15.41,93.296,,,,,,,,,,,,,
0,-14.61,93.31,,,,,,,,,,,,,
0,-13.95,93.402,,,,,,,,,,,,,
0,-13.4,93.286,,,,,,,,,,,,,
0,-12.96,93.16,,,,,,,,,,,,,
0,-10.12,92.159,,,,,,,,,,,,,
0,-9.89,92.159,,,,,,,,,,,,,
0,-9.41,92.131,,,,,,,,,,,,,
0,-8.59,92.12,,,,,,,,,,,,,
0,-7.78,92.134,,,,,,,,,,,,,
0,-7.29,92.115,,,,,,,,,,,,,
0,-6.17,92.071,,,,,,,,,,,,,
0,-5.99,92.075,,,,,,,,,,,,,
0,-5.3,92.075,,,,,,,,,,,,,
0,-4.73,92.077,,,,,,,,,,,,,
0,-4.55,92.079,,,,,,,,,,,,,
0,-3.49,92.011,,,,,,,,,,,,,
0,-2.93,91.861,,,,,,,,,,,,,
0,-2.27,91.773,,,,,,,,,,,,,
0,-1.3,91.703,,,,,,,,,,,,,
0,-1.02,91.603,,,,,,,,,,,,,
0,-1,91.5,,,,,,,,,,,,,
0,-0.6,89.9,,,,,,,,,,,,,
0,0.6,90.201,,,,,,,,,,,,,
0,1.3,90.162,,,,,,,,,,,,,
0,1.62,90.132,,,,,,,,,,,,,
0,2.8,89.9,,,,,,,,,,,,,
0,3.1,91.38,,,,,,,,,,,,,
0,3.2,91.5,,,,,,,,,,,,,
0,3.72,91.853,,,,,,,,,,,,,
0,4.56,91.727,,,,,,,,,,,,,
0,4.9,91.728,,,,,,,,,,,,,
0,5.98,91.738,,,,,,,,,,,,,
0,6.07,91.739,,,,,,,,,,,,,
0,6.49,91.695,,,,,,,,,,,,,
0,7.24,91.624,,,,,,,,,,,,,
0,7.44,91.624,,,,,,,,,,,,,
0,8.37,91.684,,,,,,,,,,,,,
0,8.9,91.698,,,,,,,,,,,,,
0,9.51,91.703,,,,,,,,,,,,,
0,10.33,91.746,,,,,,,,,,,,,
0,10.49,91.791,,,,,,,,,,,,,
0,11.74,91.947,,,,,,,,,,,,,
0,13.37,91.94,,,,,,,,,,,,,
0,19.91,92.097,,,,,,,,,,,,,
0,20.56,91.984,,,,,,,,,,,,,
0,21.79,91.949,,,,,,,,,,,,,
0,23.27,91.782,,,,,,,,,,,,,
0,23.28,91.779,,,,,,,,,,,,,
0,23.38,91.773,,,,,,,,,,,,,
0,24.49,91.68,,,,,,,,,,,,,
0,24.8,91.681,,,,,,,,,,,,,
2.8,28,2800,FALSE,,,44,,,,,0,,,,固定値
0,-24.41,92.092,,,,,,,,,,,,,
0,-23.74,92.08,,,,,,,,,,,,,
0,-17.68,92.19,,,,,,,,,,,,,
0,-17.6,92.189,,,,,,,,,,,,,
0,-17.58,92.189,,,,,,,,,,,,,
0,-17.08,92.287,,,,,,,,,,,,,
0,-16.32,92.39,,,,,,,,,,,,,
0,-15.9,92.448,,,,,,,,,,,,,
0,-15.04,92.521,,,,,,,,,,,,,
0,-14.97,92.518,,,,,,,,,,,,,
0,-14.59,92.132,,,,,,,,,,,,,
0,-10.91,92.214,,,,,,,,,,,,,
0,-8.87,92.246,,,,,,,,,,,,,
0,-5.45,92.217,,,,,,,,,,,,,
0,-4.78,92.174,,,,,,,,,,,,,
0,-4.22,92.13,,,,,,,,,,,,,
0,-2.55,92.069,,,,,,,,,,,,,
0,-2.3,92.061,,,,,,,,,,,,,
0,-2.2,91.9,,,,,,,,,,,,,
0,-1.8,90.3,,,,,,,,,,,,,
0,-0.68,90.869,,,,,,,,,,,,,
0,1.6,90.3,,,,,,,,,,,,,
0,2,91.9,,,,,,,,,,,,,
0,2.18,91.965,,,,,,,,,,,,,
0,2.79,92.119,,,,,,,,,,,,,
0,3.57,92.091,,,,,,,,,,,,,
0,4.83,92.08,,,,,,,,,,,,,
0,7.05,92.187,,,,,,,,,,,,,
0,10.8,92.185,,,,,,,,,,,,,
0,11.98,92.214,,,,,,,,,,,,,
0,17.03,92.104,,,,,,,,,,,,,
0,17.33,92.104,,,,,,,,,,,,,
0,18.06,92.1,,,,,,,,,,,,,
0,18.3,92.096,,,,,,,,,,,,,
0,19.02,92.07,,,,,,,,,,,,,
0,19.47,92.09,,,,,,,,,,,,,
0,20.18,92.109,,,,,,,,,,,,,
0,20.72,92.105,,,,,,,,,,,,,
0,21.41,92.11,,,,,,,,,,,,,
0,21.92,92.122,,,,,,,,,,,,,
0,22.67,92.146,,,,,,,,,,,,,
0,23.15,92.157,,,,,,,,,,,,,
0,23.73,92.185,,,,,,,,,,,,,
0,24.33,92.181,,,,,,,,,,,,,
2.9,29,2900,FALSE,,,64,,,,,0,,,,固定値
0,-24.29,91.74,,,,,,,,,,,,,
0,-23.57,92.024,,,,,,,,,,,,,
0,-23.16,92.169,,,,,,,,,,,,,
0,-22.38,92.006,,,,,,,,,,,,,
0,-21.93,92.08,,,,,,,,,,,,,
0,-21.37,92.066,,,,,,,,,,,,,
0,-20.15,92.066,,,,,,,,,,,,,
0,-19.55,92.076,,,,,,,,,,,,,
0,-19.08,92.124,,,,,,,,,,,,,
0,-18.42,92.1,,,,,,,,,,,,,
0,-17.88,92.104,,,,,,,,,,,,,
0,-17.16,92.131,,,,,,,,,,,,,
0,-16.63,92.318,,,,,,,,,,,,,
0,-16.01,92.592,,,,,,,,,,,,,
0,-14.99,92.635,,,,,,,,,,,,,
0,-14.78,92.63,,,,,,,,,,,,,
0,-14,92.583,,,,,,,,,,,,,
0,-13.65,92.611,,,,,,,,,,,,,
0,-12.62,92.738,,,,,,,,,,,,,
0,-12.39,92.74,,,,,,,,,,,,,
0,-11.66,92.74,,,,,,,,,,,,,
0,-11.29,92.772,,,,,,,,,,,,,
0,-10.06,92.83,,,,,,,,,,,,,
0,-10.03,92.831,,,,,,,,,,,,,
0,-9.17,93.001,,,,,,,,,,,,,
0,-8.92,92.991,,,,,,,,,,,,,
0,-8.6,93.067,,,,,,,,,,,,,
0,-5.59,93.119,,,,,,,,,,,,,
0,-5.46,93.078,,,,,,,,,,,,,
0,-5.29,93.067,,,,,,,,,,,,,
0,-4.42,92.778,,,,,,,,,,,,,
0,-4.21,92.741,,,,,,,,,,,,,
0,-2.98,92.266,,,,,,,,,,,,,
0,-2.96,92.256,,,,,,,,,,,,,
0,-2.15,91.966,,,,,,,,,,,,,
0,-1.6,90.7,,,,,,,,,,,,,
0,1.8,90.7,,,,,,,,,,,,,
0,2.2,92.3,,,,,,,,,,,,,
0,3.1,92.675,,,,,,,,,,,,,
0,6.01,92.619,,,,,,,,,,,,,
0,9.93,92.568,,,,,,,,,,,,,
0,11.49,92.642,,,,,,,,,,,,,
0,14.81,92.424,,,,,,,,,,,,,
0,15.35,92.394,,,,,,,,,,,,,
0,15.81,92.451,,,,,,,,,,,,,
0,16.86,92.262,,,,,,,,,,,,,
0,16.96,92.252,,,,,,,,,,,,,
0,17.07,92.257,,,,,,,,,,,,,
0,18.24,92.314,,,,,,,,,,,,,
0,18.4,92.314,,,,,,,,,,,,,
0,18.99,92.349,,,,,,,,,,,,,
0,19.3,92.368,,,,,,,,,,,,,
0,19.38,92.364,,,,,,,,,,,,,
0,19.83,92.363,,,,,,,,,,,,,
0,20.64,92.345,,,,,,,,,,,,,
0,20.79,92.346,,,,,,,,,,,,,
0,21.35,92.286,,,,,,,,,,,,,
0,21.67,92.258,,,,,,,,,,,,,
0,21.75,92.258,,,,,,,,,,,,,
0,22.17,92.335,,,,,,,,,,,,,
0,23.02,92.484,,,,,,,,,,,,,
0,23.16,92.535,,,,,,,,,,,,,
0,23.59,92.522,,,,,,,,,,,,,
0,24.74,92.56,,,,,,,,,,,,,
3,30,3000,FALSE,,,68,,,,,0,,,,固定値
0,-24.64,92.8,,,,,,,,,,,,,
0,-24.56,92.832,,,,,,,,,,,,,
0,-24.49,92.842,,,,,,,,,,,,,
0,-24.46,92.839,,,,,,,,,,,,,
0,-22.6,92.796,,,,,,,,,,,,,
0,-22.56,92.805,,,,,,,,,,,,,
0,-21.75,93.035,,,,,,,,,,,,,
0,-21.03,92.998,,,,,,,,,,,,,
0,-20.48,92.924,,,,,,,,,,,,,
0,-19.44,92.649,,,,,,,,,,,,,
0,-17.83,92.621,,,,,,,,,,,,,
0,-16.96,92.608,,,,,,,,,,,,,
0,-16.85,92.584,,,,,,,,,,,,,
0,-16.74,92.599,,,,,,,,,,,,,
0,-16.56,92.593,,,,,,,,,,,,,
0,-15.42,92.55,,,,,,,,,,,,,
0,-13.84,92.585,,,,,,,,,,,,,
0,-10.85,92.496,,,,,,,,,,,,,
0,-9.42,92.445,,,,,,,,,,,,,
0,-4.41,92.464,,,,,,,,,,,,,
0,-3.61,92.439,,,,,,,,,,,,,
0,-2.48,92.512,,,,,,,,,,,,,
0,-1.5,92,,,,,,,,,,,,,
0,-1.1,91.1,,,,,,,,,,,,,
0,-0.02,91.247,,,,,,,,,,,,,
0,0.01,91.24,,,,,,,,,,,,,
0,0.05,91.254,,,,,,,,,,,,,
0,0.1,91.274,,,,,,,,,,,,,
0,2.3,91.1,,,,,,,,,,,,,
0,2.7,92.2,,,,,,,,,,,,,
0,3.77,92.618,,,,,,,,,,,,,
0,4.47,92.509,,,,,,,,,,,,,
0,4.57,92.494,,,,,,,,,,,,,
0,4.73,92.484,,,,,,,,,,,,,
0,5.63,92.486,,,,,,,,,,,,,
0,6.16,92.463,,,,,,,,,,,,,
0,6.45,92.454,,,,,,,,,,,,,
0,6.92,92.47,,,,,,,,,,,,,
0,7.5,92.462,,,,,,,,,,,,,
0,7.83,92.466,,,,,,,,,,,,,
0,8.33,92.41,,,,,,,,,,,,,
0,8.98,92.389,,,,,,,,,,,,,
0,9.37,92.387,,,,,,,,,,,,,
0,9.73,92.391,,,,,,,,,,,,,
0,10.23,92.409,,,,,,,,,,,,,
0,11.51,92.467,,,,,,,,,,,,,
0,13.88,92.518,,,,,,,,,,,,,
0,14.08,92.513,,,,,,,,,,,,,
0,15.06,92.365,,,,,,,,,,,,,
0,15.43,92.358,,,,,,,,,,,,,
0,16.31,92.387,,,,,,,,,,,,,
0,17.29,92.341,,,,,,,,,,,,,
0,17.82,92.308,,,,,,,,,,,,,
0,18.77,92.388,,,,,,,,,,,,,
0,18.88,92.391,,,,,,,,,,,,,
0,19.06,92.407,,,,,,,,,,,,,
0,19.71,92.45,,,,,,,,,,,,,
0,19.96,92.451,,,,,,,,,,,,,
0,20.77,92.433,,,,,,,,,,,,,
0,20.99,92.432,,,,,,,,,,,,,
0,21.61,92.394,,,,,,,,,,,,,
0,22.49,92.394,,,,,,,,,,,,,
0,22.69,92.394,,,,,,,,,,,,,
0,22.82,92.398,,,,,,,,,,,,,
0,23.52,92.425,,,,,,,,,,,,,
0,24.12,92.416,,,,,,,,,,,,,
0,24.37,92.41,,,,,,,,,,,,,
0,24.57,92.416,,,,,,,,,,,,,
3.1,31,3110,FALSE,,,56,,,,,0,,,,固定値
0,-24.67,92.717,,,,,,,,,,,,,
0,-24.13,92.739,,,,,,,,,,,,,
0,-23.92,92.786,,,,,,,,,,,,,
0,-20.62,92.757,,,,,,,,,,,,,
0,-16.32,92.712,,,,,,,,,,,,,
0,-15.31,92.649,,,,,,,,,,,,,
0,-15,92.676,,,,,,,,,,,,,
0,-14.24,92.763,,,,,,,,,,,,,
0,-13.85,92.824,,,,,,,,,,,,,
0,-12.36,92.968,,,,,,,,,,,,,
0,-9.23,92.848,,,,,,,,,,,,,
0,-7.99,92.841,,,,,,,,,,,,,
0,-5.38,92.912,,,,,,,,,,,,,
0,-4.82,92.885,,,,,,,,,,,,,
0,-3.7,92.5,,,,,,,,,,,,,
0,-3.3,91.54,,,,,,,,,,,,,
0,-2.03,91.863,,,,,,,,,,,,,
0,-1.85,91.957,,,,,,,,,,,,,
0,-1.59,91.712,,,,,,,,,,,,,
0,-0.85,91.626,,,,,,,,,,,,,
0,-0.26,91.751,,,,,,,,,,,,,
0,0.1,91.54,,,,,,,,,,,,,
0,0.5,92.5,,,,,,,,,,,,,
0,1.3,92.653,,,,,,,,,,,,,
0,1.55,92.782,,,,,,,,,,,,,
0,2.93,92.889,,,,,,,,,,,,,
0,3.12,92.859,,,,,,,,,,,,,
0,3.53,92.844,,,,,,,,,,,,,
0,3.8,92.828,,,,,,,,,,,,,
0,3.93,92.82,,,,,,,,,,,,,
0,4.65,92.806,,,,,,,,,,,,,
0,5.5,92.799,,,,,,,,,,,,,
0,5.55,92.8,,,,,,,,,,,,,
0,5.69,92.79,,,,,,,,,,,,,
0,6.28,92.759,,,,,,,,,,,,,
0,6.49,92.759,,,,,,,,,,,,,
0,7.23,92.757,,,,,,,,,,,,,
0,8.07,92.714,,,,,,,,,,,,,
0,8.28,92.723,,,,,,,,,,,,,
0,9.09,92.795,,,,,,,,,,,,,
0,9.22,92.801,,,,,,,,,,,,,
0,9.68,92.866,,,,,,,,,,,,,
0,10.68,92.849,,,,,,,,,,,,,
0,17.96,92.936,,,,,,,,,,,,,
0,18.87,92.838,,,,,,,,,,,,,
0,20.02,92.827,,,,,,,,,,,,,
0,20.13,92.825,,,,,,,,,,,,,
0,20.98,92.765,,,,,,,,,,,,,
0,21.21,92.76,,,,,,,,,,,,,
0,21.95,92.764,,,,,,,,,,,,,
0,22.35,92.773,,,,,,,,,,,,,
0,23.52,92.761,,,,,,,,,,,,,
0,23.54,92.76,,,,,,,,,,,,,
0,24.5,92.655,,,,,,,,,,,,,
0,24.56,92.654,,,,,,,,,,,,,
0,24.65,92.651,,,,,,,,,,,,,
3.2,32,3180,FALSE,,,68,,,,,0,,,,固定値
0,-24.73,93.201,,,,,,,,,,,,,
0,-23.73,93.171,,,,,,,,,,,,,
0,-23.72,93.17,,,,,,,,,,,,,
0,-23.68,93.174,,,,,,,,,,,,,
0,-22.4,93.161,,,,,,,,,,,,,
0,-21.76,93.329,,,,,,,,,,,,,
0,-20.08,93.178,,,,,,,,,,,,,
0,-19.41,93.055,,,,,,,,,,,,,
0,-18.31,93.298,,,,,,,,,,,,,
0,-17.92,93.367,,,,,,,,,,,,,
0,-17.25,93.231,,,,,,,,,,,,,
0,-16.52,93.066,,,,,,,,,,,,,
0,-16.1,93.057,,,,,,,,,,,,,
0,-15.41,93.072,,,,,,,,,,,,,
0,-15.33,93.057,,,,,,,,,,,,,
0,-14.52,93.1,,,,,,,,,,,,,
0,-14.21,93.093,,,,,,,,,,,,,
0,-13.37,93.015,,,,,,,,,,,,,
0,-12.76,93.019,,,,,,,,,,,,,
0,-11.77,93.032,,,,,,,,,,,,,
0,-7.74,93.062,,,,,,,,,,,,,
0,-5.17,93.167,,,,,,,,,,,,,
0,-4.97,93.151,,,,,,,,,,,,,
0,-3.79,93.036,,,,,,,,,,,,,
0,-2.5,93.077,,,,,,,,,,,,,
0,-2.4,93.069,,,,,,,,,,,,,
0,-1.71,92.839,,,,,,,,,,,,,
0,-1.01,92.593,,,,,,,,,,,,,
0,-0.2,92.3,,,,,,,,,,,,,
0,-0.2,91.82,,,,,,,,,,,,,
0,1.8,91.82,,,,,,,,,,,,,
0,2.23,92.519,,,,,,,,,,,,,
0,2.4,92.82,,,,,,,,,,,,,
0,3.01,92.872,,,,,,,,,,,,,
0,3.5,93.017,,,,,,,,,,,,,
0,4.17,93.068,,,,,,,,,,,,,
0,4.73,93.088,,,,,,,,,,,,,
0,5.12,93.1,,,,,,,,,,,,,
0,5.9,93.073,,,,,,,,,,,,,
0,6.35,93.136,,,,,,,,,,,,,
0,7.09,93.149,,,,,,,,,,,,,
0,8.25,93.179,,,,,,,,,,,,,
0,8.27,93.179,,,,,,,,,,,,,
0,8.29,93.181,,,,,,,,,,,,,
0,9.43,93.205,,,,,,,,,,,,,
0,10.47,93.218,,,,,,,,,,,,,
0,10.58,93.221,,,,,,,,,,,,,
0,10.64,93.221,,,,,,,,,,,,,
0,11.67,93.205,,,,,,,,,,,,,
0,12.29,93.207,,,,,,,,,,,,,
0,12.74,93.223,,,,,,,,,,,,,
0,13.61,93.22,,,,,,,,,,,,,
0,13.83,93.219,,,,,,,,,,,,,
0,14.13,93.215,,,,,,,,,,,,,
0,15.03,93.187,,,,,,,,,,,,,
0,15.69,93.15,,,,,,,,,,,,,
0,16.19,93.121,,,,,,,,,,,,,
0,16.45,93.122,,,,,,,,,,,,,
0,17.31,93.125,,,,,,,,,,,,,
0,18.18,93.106,,,,,,,,,,,,,
0,18.42,93.09,,,,,,,,,,,,,
0,18.88,93.11,,,,,,,,,,,,,
0,19.54,93.126,,,,,,,,,,,,,
0,20.31,93.069,,,,,,,,,,,,,
0,20.67,93.052,,,,,,,,,,,,,
0,21.15,93.005,,,,,,,,,,,,,
0,21.34,93.078,,,,,,,,,,,,,
0,22.46,93.08,,,,,,,,,,,,,
3.4,34,3400,FALSE,,,66,,,,,0,,,,固定値
0,-23.93,94.213,,,,,,,,,,,,,
0,-23.84,94.215,,,,,,,,,,,,,
0,-23.75,94.213,,,,,,,,,,,,,
0,-23.51,94.248,,,,,,,,,,,,,
0,-17.74,94.623,,,,,,,,,,,,,
0,-17.57,94.627,,,,,,,,,,,,,
0,-17.05,94.61,,,,,,,,,,,,,
0,-15.32,94.529,,,,,,,,,,,,,
0,-14.54,94.683,,,,,,,,,,,,,
0,-14.2,94.677,,,,,,,,,,,,,
0,-13.72,94.733,,,,,,,,,,,,,
0,-8.77,94.681,,,,,,,,,,,,,
0,-6.44,94.668,,,,,,,,,,,,,
0,-5.91,94.824,,,,,,,,,,,,,
0,-5.63,94.833,,,,,,,,,,,,,
0,-5.44,94.831,,,,,,,,,,,,,
0,-4.05,94.686,,,,,,,,,,,,,
0,-3.02,93.668,,,,,,,,,,,,,
0,-1.84,93.553,,,,,,,,,,,,,
0,-1.3,93.35,,,,,,,,,,,,,
0,-1.3,92.35,,,,,,,,,,,,,
0,0.7,92.35,,,,,,,,,,,,,
0,0.95,93.272,,,,,,,,,,,,,
0,1.24,93.322,,,,,,,,,,,,,
0,1.3,93.35,,,,,,,,,,,,,
0,1.92,93.446,,,,,,,,,,,,,
0,2.17,93.466,,,,,,,,,,,,,
0,3.2,93.425,,,,,,,,,,,,,
0,3.66,93.495,,,,,,,,,,,,,
0,4.3,93.62,,,,,,,,,,,,,
0,4.57,93.63,,,,,,,,,,,,,
0,5.44,93.624,,,,,,,,,,,,,
0,6.12,93.546,,,,,,,,,,,,,
0,6.75,93.571,,,,,,,,,,,,,
0,7.04,93.607,,,,,,,,,,,,,
0,8.04,93.822,,,,,,,,,,,,,
0,8.56,94.017,,,,,,,,,,,,,
0,9,94.051,,,,,,,,,,,,,
0,9.47,93.886,,,,,,,,,,,,,
0,9.94,93.887,,,,,,,,,,,,,
0,10.98,93.872,,,,,,,,,,,,,
0,11.11,93.87,,,,,,,,,,,,,
0,11.87,93.851,,,,,,,,,,,,,
0,11.96,93.851,,,,,,,,,,,,,
0,13.37,93.809,,,,,,,,,,,,,
0,13.51,93.806,,,,,,,,,,,,,
0,14.28,93.764,,,,,,,,,,,,,
0,14.54,93.757,,,,,,,,,,,,,
0,15.8,93.745,,,,,,,,,,,,,
0,15.95,93.732,,,,,,,,,,,,,
0,16.36,93.711,,,,,,,,,,,,,
0,16.59,93.704,,,,,,,,,,,,,
0,16.68,93.706,,,,,,,,,,,,,
0,17.53,93.735,,,,,,,,,,,,,
0,18.24,93.751,,,,,,,,,,,,,
0,18.45,93.762,,,,,,,,,,,,,
0,19.1,93.723,,,,,,,,,,,,,
0,19.23,93.723,,,,,,,,,,,,,
0,20.65,93.787,,,,,,,,,,,,,
0,21.16,93.818,,,,,,,,,,,,,
0,21.52,93.837,,,,,,,,,,,,,
0,22.29,93.845,,,,,,,,,,,,,
0,23.06,93.836,,,,,,,,,,,,,
0,23.41,93.817,,,,,,,,,,,,,
0,23.97,93.799,,,,,,,,,,,,,
0,24.9,93.816,,,,,,,,,,,,,
3.5,35,3490,FALSE,,,93,,,,,0,,,,固定値
0,-24.94,94.565,,,,,,,,,,,,,
0,-24.4,94.55,,,,,,,,,,,,,
0,-24.1,94.527,,,,,,,,,,,,,
0,-23.51,94.545,,,,,,,,,,,,,
0,-23.31,94.555,,,,,,,,,,,,,
0,-23.21,94.554,,,,,,,,,,,,,
0,-22.36,94.568,,,,,,,,,,,,,
0,-21.75,94.566,,,,,,,,,,,,,
0,-21.35,94.527,,,,,,,,,,,,,
0,-20.61,94.525,,,,,,,,,,,,,
0,-20.1,94.1,,,,,,,,,,,,,
0,-19.12,94.272,,,,,,,,,,,,,
0,-18.73,94.803,,,,,,,,,,,,,
0,-17.97,94.628,,,,,,,,,,,,,
0,-17.59,94.578,,,,,,,,,,,,,
0,-16.62,94.57,,,,,,,,,,,,,
0,-16.53,94.57,,,,,,,,,,,,,
0,-16.5,94.572,,,,,,,,,,,,,
0,-15.86,94.547,,,,,,,,,,,,,
0,-15.38,94.53,,,,,,,,,,,,,
0,-15.35,94.531,,,,,,,,,,,,,
0,-15.26,94.539,,,,,,,,,,,,,
0,-14.2,94.638,,,,,,,,,,,,,
0,-13.88,94.632,,,,,,,,,,,,,
0,-13.27,94.636,,,,,,,,,,,,,
0,-12.72,94.647,,,,,,,,,,,,,
0,-12.35,94.645,,,,,,,,,,,,,
0,-11.33,94.602,,,,,,,,,,,,,
0,-11.27,94.6,,,,,,,,,,,,,
0,-11.25,94.602,,,,,,,,,,,,,
0,-11.15,94.603,,,,,,,,,,,,,
0,-10.09,94.636,,,,,,,,,,,,,
0,-9.86,94.648,,,,,,,,,,,,,
0,-9.27,94.64,,,,,,,,,,,,,
0,-8.78,94.643,,,,,,,,,,,,,
0,-8.59,94.635,,,,,,,,,,,,,
0,-7.77,94.631,,,,,,,,,,,,,
0,-7.43,94.619,,,,,,,,,,,,,
0,-6.75,94.621,,,,,,,,,,,,,
0,-6.41,94.561,,,,,,,,,,,,,
0,-5.81,94.632,,,,,,,,,,,,,
0,-5.13,94.651,,,,,,,,,,,,,
0,-4.75,94.699,,,,,,,,,,,,,
0,-4.02,94.781,,,,,,,,,,,,,
0,-1.43,93.503,,,,,,,,,,,,,
0,-0.9,93.44,,,,,,,,,,,,,
0,-0.9,92.44,,,,,,,,,,,,,
0,-0.49,92.638,,,,,,,,,,,,,
0,1.1,92.44,,,,,,,,,,,,,
0,1.72,93.211,,,,,,,,,,,,,
0,2.07,93.225,,,,,,,,,,,,,
0,2.72,93.383,,,,,,,,,,,,,
0,3.21,93.62,,,,,,,,,,,,,
0,3.6,93.708,,,,,,,,,,,,,
0,4.18,93.514,,,,,,,,,,,,,
0,4.51,93.393,,,,,,,,,,,,,
0,4.73,93.432,,,,,,,,,,,,,
0,5.82,93.473,,,,,,,,,,,,,
0,5.84,93.471,,,,,,,,,,,,,
0,6.74,93.554,,,,,,,,,,,,,
0,7.37,93.87,,,,,,,,,,,,,
0,7.66,94,,,,,,,,,,,,,
0,8.5,94.241,,,,,,,,,,,,,
0,8.62,94.279,,,,,,,,,,,,,
0,9.18,94.297,,,,,,,,,,,,,
0,9.88,94.326,,,,,,,,,,,,,
0,10.03,94.351,,,,,,,,,,,,,
0,10.97,94.541,,,,,,,,,,,,,
0,11.17,94.544,,,,,,,,,,,,,
0,12.14,94.456,,,,,,,,,,,,,
0,12.68,94.42,,,,,,,,,,,,,
0,13.35,94.426,,,,,,,,,,,,,
0,13.83,94.434,,,,,,,,,,,,,
0,14.51,94.467,,,,,,,,,,,,,
0,15.36,94.558,,,,,,,,,,,,,
0,15.58,94.582,,,,,,,,,,,,,
0,16.15,94.467,,,,,,,,,,,,,
0,16.39,94.426,,,,,,,,,,,,,
0,16.48,94.438,,,,,,,,,,,,,
0,17.7,94.482,,,,,,,,,,,,,
0,18.04,94.501,,,,,,,,,,,,,
0,18.1,94.502,,,,,,,,,,,,,
0,19.16,94.552,,,,,,,,,,,,,
0,20.01,94.517,,,,,,,,,,,,,
0,20.77,94.506,,,,,,,,,,,,,
0,21.26,94.67,,,,,,,,,,,,,
0,21.88,94.538,,,,,,,,,,,,,
0,22.19,94.513,,,,,,,,,,,,,
0,23.3,94.557,,,,,,,,,,,,,
0,23.42,94.577,,,,,,,,,,,,,
0,23.46,94.581,,,,,,,,,,,,,
0,24.38,94.745,,,,,,,,,,,,,
0,24.56,94.782,,,,,,,,,,,,,
3.6,36,3600,FALSE,,,99,,,,,0,,,,固定値
0,-24.23,93.28,,,,,,,,,,,,,
0,-24.13,93.278,,,,,,,,,,,,,
0,-23.23,93.358,,,,,,,,,,,,,
0,-23.16,93.359,,,,,,,,,,,,,
0,-22.21,93.347,,,,,,,,,,,,,
0,-21.56,93.328,,,,,,,,,,,,,
0,-21.16,93.272,,,,,,,,,,,,,
0,-20.28,93.207,,,,,,,,,,,,,
0,-20.15,93.2,,,,,,,,,,,,,
0,-20.09,93.198,,,,,,,,,,,,,
0,-19.13,93.282,,,,,,,,,,,,,
0,-19.06,93.273,,,,,,,,,,,,,
0,-18.09,93.259,,,,,,,,,,,,,
0,-17.22,93.234,,,,,,,,,,,,,
0,-17.07,93.228,,,,,,,,,,,,,
0,-16.12,93.33,,,,,,,,,,,,,
0,-15.99,93.314,,,,,,,,,,,,,
0,-15.23,93.193,,,,,,,,,,,,,
0,-14.95,93.251,,,,,,,,,,,,,
0,-14.4,93.217,,,,,,,,,,,,,
0,-13.93,93.266,,,,,,,,,,,,,
0,-12.9,93.359,,,,,,,,,,,,,
0,-12.88,93.359,,,,,,,,,,,,,
0,-12.86,93.36,,,,,,,,,,,,,
0,-11.82,93.255,,,,,,,,,,,,,
0,-11.27,93.268,,,,,,,,,,,,,
0,-10.78,93.287,,,,,,,,,,,,,
0,-10.14,93.298,,,,,,,,,,,,,
0,-9.75,93.354,,,,,,,,,,,,,
0,-8.86,93.352,,,,,,,,,,,,,
0,-8.68,93.33,,,,,,,,,,,,,
0,-8.22,93.367,,,,,,,,,,,,,
0,-7.61,93.358,,,,,,,,,,,,,
0,-7.46,93.38,,,,,,,,,,,,,
0,-6.58,93.219,,,,,,,,,,,,,
0,-6.48,93.208,,,,,,,,,,,,,
0,-5.53,93.307,,,,,,,,,,,,,
0,-4.97,93.274,,,,,,,,,,,,,
0,-4.51,93.229,,,,,,,,,,,,,
0,-3.73,93.234,,,,,,,,,,,,,
0,-3.44,93.229,,,,,,,,,,,,,
0,-2.88,93.367,,,,,,,,,,,,,
0,-2.47,93.43,,,,,,,,,,,,,
0,-2.4,93.43,,,,,,,,,,,,,
0,-2.4,92.55,,,,,,,,,,,,,
0,-0.4,92.55,,,,,,,,,,,,,
0,0.2,93.5,,,,,,,,,,,,,
0,0.65,93.573,,,,,,,,,,,,,
0,1.31,93.423,,,,,,,,,,,,,
0,1.64,93.383,,,,,,,,,,,,,
0,2.29,93.327,,,,,,,,,,,,,
0,2.67,93.294,,,,,,,,,,,,,
0,3.01,93.31,,,,,,,,,,,,,
0,3.7,93.365,,,,,,,,,,,,,
0,4.31,93.46,,,,,,,,,,,,,
0,4.71,93.471,,,,,,,,,,,,,
0,5.16,93.445,,,,,,,,,,,,,
0,5.69,93.505,,,,,,,,,,,,,
0,6.74,93.636,,,,,,,,,,,,,
0,6.76,93.637,,,,,,,,,,,,,
0,6.78,93.637,,,,,,,,,,,,,
0,7.34,93.531,,,,,,,,,,,,,
0,7.75,93.45,,,,,,,,,,,,,
0,7.76,93.451,,,,,,,,,,,,,
0,7.78,93.449,,,,,,,,,,,,,
0,8.8,93.447,,,,,,,,,,,,,
0,9.41,93.476,,,,,,,,,,,,,
0,9.78,93.517,,,,,,,,,,,,,
0,9.96,93.478,,,,,,,,,,,,,
0,10.83,93.518,,,,,,,,,,,,,
0,10.87,93.52,,,,,,,,,,,,,
0,11.22,93.532,,,,,,,,,,,,,
0,11.75,93.547,,,,,,,,,,,,,
0,11.81,93.544,,,,,,,,,,,,,
0,12.58,93.458,,,,,,,,,,,,,
0,12.84,93.454,,,,,,,,,,,,,
0,13.41,93.524,,,,,,,,,,,,,
0,13.84,93.57,,,,,,,,,,,,,
0,14.09,93.555,,,,,,,,,,,,,
0,14.87,93.596,,,,,,,,,,,,,
0,15.39,93.589,,,,,,,,,,,,,
0,15.88,93.547,,,,,,,,,,,,,
0,16.68,93.502,,,,,,,,,,,,,
0,16.94,93.505,,,,,,,,,,,,,
0,17.53,93.567,,,,,,,,,,,,,
0,17.93,93.608,,,,,,,,,,,,,
0,18.1,93.609,,,,,,,,,,,,,
0,18.99,93.505,,,,,,,,,,,,,
0,19.08,93.5,,,,,,,,,,,,,
0,20,93.529,,,,,,,,,,,,,
0,20.04,93.527,,,,,,,,,,,,,
0,21.07,93.46,,,,,,,,,,,,,
0,21.52,93.519,,,,,,,,,,,,,
0,22.07,93.456,,,,,,,,,,,,,
0,22.85,93.428,,,,,,,,,,,,,
0,23.15,93.728,,,,,,,,,,,,,
0,23.99,95.202,,,,,,,,,,,,,
0,24.22,95.2,,,,,,,,,,,,,
0,24.6,95.204,,,,,,,,,,,,,
3.7,37,3700,FALSE,,,102,,,,,0,,,,固定値
0,-24.39,95.13,,,,,,,,,,,,,
0,-24.14,95.133,,,,,,,,,,,,,
0,-23.32,95.07,,,,,,,,,,,,,
0,-23.07,95.069,,,,,,,,,,,,,
0,-21.96,95.145,,,,,,,,,,,,,
0,-21.83,95.154,,,,,,,,,,,,,
0,-20.92,95.033,,,,,,,,,,,,,
0,-20.82,95.022,,,,,,,,,,,,,
0,-19.56,94.971,,,,,,,,,,,,,
0,-19.55,94.972,,,,,,,,,,,,,
0,-18.49,94.983,,,,,,,,,,,,,
0,-18.23,94.934,,,,,,,,,,,,,
0,-17.77,94.829,,,,,,,,,,,,,
0,-17.36,94.712,,,,,,,,,,,,,
0,-17.14,94.531,,,,,,,,,,,,,
0,-16.61,94.256,,,,,,,,,,,,,
0,-16.08,93.911,,,,,,,,,,,,,
0,-15.86,93.752,,,,,,,,,,,,,
0,-15.47,93.805,,,,,,,,,,,,,
0,-15.01,93.844,,,,,,,,,,,,,
0,-14.74,93.828,,,,,,,,,,,,,
0,-14.11,93.812,,,,,,,,,,,,,
0,-13.67,93.806,,,,,,,,,,,,,
0,-12.69,93.828,,,,,,,,,,,,,
0,-12.36,93.837,,,,,,,,,,,,,
0,-11.48,93.819,,,,,,,,,,,,,
0,-11.24,93.81,,,,,,,,,,,,,
0,-11.19,93.809,,,,,,,,,,,,,
0,-11.12,93.815,,,,,,,,,,,,,
0,-10.33,93.848,,,,,,,,,,,,,
0,-9.92,93.819,,,,,,,,,,,,,
0,-8.92,93.728,,,,,,,,,,,,,
0,-8.86,93.722,,,,,,,,,,,,,
0,-8.83,93.719,,,,,,,,,,,,,
0,-8.78,93.723,,,,,,,,,,,,,
0,-7.95,93.78,,,,,,,,,,,,,
0,-7.52,93.785,,,,,,,,,,,,,
0,-7.13,93.804,,,,,,,,,,,,,
0,-6.45,93.728,,,,,,,,,,,,,
0,-6.37,93.726,,,,,,,,,,,,,
0,-6.17,93.72,,,,,,,,,,,,,
0,-5.44,93.736,,,,,,,,,,,,,
0,-5.14,93.746,,,,,,,,,,,,,
0,-4.35,93.705,,,,,,,,,,,,,
0,-4.06,93.714,,,,,,,,,,,,,
0,-3.96,93.705,,,,,,,,,,,,,
0,-3.78,93.711,,,,,,,,,,,,,
0,-3.11,93.756,,,,,,,,,,,,,
0,-2.72,93.777,,,,,,,,,,,,,
0,-2.3,93.826,,,,,,,,,,,,,
0,-1.62,93.876,,,,,,,,,,,,,
0,-1.51,93.882,,,,,,,,,,,,,
0,-1.5,92.78,,,,,,,,,,,,,
0,0.5,92.78,,,,,,,,,,,,,
0,0.77,93.885,,,,,,,,,,,,,
0,1.23,93.927,,,,,,,,,,,,,
0,2.12,93.885,,,,,,,,,,,,,
0,2.52,93.868,,,,,,,,,,,,,
0,3.21,93.919,,,,,,,,,,,,,
0,3.31,93.931,,,,,,,,,,,,,
0,3.49,93.939,,,,,,,,,,,,,
0,4.17,93.967,,,,,,,,,,,,,
0,4.53,93.936,,,,,,,,,,,,,
0,5.46,93.919,,,,,,,,,,,,,
0,5.62,93.915,,,,,,,,,,,,,
0,5.74,93.914,,,,,,,,,,,,,
0,6.95,93.876,,,,,,,,,,,,,
0,7.18,93.862,,,,,,,,,,,,,
0,8.06,93.928,,,,,,,,,,,,,
0,8.2,93.93,,,,,,,,,,,,,
0,9.35,93.945,,,,,,,,,,,,,
0,9.58,93.942,,,,,,,,,,,,,
0,10.46,93.91,,,,,,,,,,,,,
0,10.59,93.911,,,,,,,,,,,,,
0,11.78,93.939,,,,,,,,,,,,,
0,11.83,93.939,,,,,,,,,,,,,
0,12.89,93.94,,,,,,,,,,,,,
0,12.9,93.939,,,,,,,,,,,,,
0,14.21,93.958,,,,,,,,,,,,,
0,14.34,93.967,,,,,,,,,,,,,
0,14.69,93.934,,,,,,,,,,,,,
0,15.14,93.89,,,,,,,,,,,,,
0,15.29,93.886,,,,,,,,,,,,,
0,16,93.881,,,,,,,,,,,,,
0,16.59,93.917,,,,,,,,,,,,,
0,17.19,93.93,,,,,,,,,,,,,
0,17.7,93.93,,,,,,,,,,,,,
0,18.66,93.923,,,,,,,,,,,,,
0,19.02,93.92,,,,,,,,,,,,,
0,19.1,93.92,,,,,,,,,,,,,
0,19.34,93.926,,,,,,,,,,,,,
0,19.92,93.927,,,,,,,,,,,,,
0,20.12,93.953,,,,,,,,,,,,,
0,21.1,93.933,,,,,,,,,,,,,
0,21.47,93.926,,,,,,,,,,,,,
0,21.57,93.934,,,,,,,,,,,,,
0,22.59,95.411,,,,,,,,,,,,,
0,22.68,95.554,,,,,,,,,,,,,
0,22.99,95.572,,,,,,,,,,,,,
0,23.66,95.602,,,,,,,,,,,,,
0,23.85,95.61,,,,,,,,,,,,,
0,24.55,95.618,,,,,,,,,,,,,
3.3,33,3320,FALSE,,,81,,,,,0,,,,固定値
0,-24.4,93.703,,,,,,,,,,,,,
0,-24.23,93.701,,,,,,,,,,,,,
0,-23.41,93.719,,,,,,,,,,,,,
0,-23.02,93.728,,,,,,,,,,,,,
0,-22.9,93.734,,,,,,,,,,,,,
0,-21.98,93.727,,,,,,,,,,,,,
0,-21.51,93.714,,,,,,,,,,,,,
0,-20.92,93.72,,,,,,,,,,,,,
0,-20.12,93.728,,,,,,,,,,,,,
0,-19.88,93.718,,,,,,,,,,,,,
0,-19.15,93.688,,,,,,,,,,,,,
0,-18.76,93.67,,,,,,,,,,,,,
0,-18.67,93.672,,,,,,,,,,,,,
0,-17.45,93.662,,,,,,,,,,,,,
0,-17.08,93.664,,,,,,,,,,,,,
0,-16.17,93.7,,,,,,,,,,,,,
0,-15.56,93.719,,,,,,,,,,,,,
0,-14.91,93.77,,,,,,,,,,,,,
0,-13.93,93.343,,,,,,,,,,,,,
0,-13.55,93.283,,,,,,,,,,,,,
0,-12.37,93.087,,,,,,,,,,,,,
0,-12.26,93.033,,,,,,,,,,,,,
0,-11.74,93.046,,,,,,,,,,,,,
0,-11.13,93.073,,,,,,,,,,,,,
0,-10.94,93.072,,,,,,,,,,,,,
0,-10.11,93.099,,,,,,,,,,,,,
0,-9.61,93.115,,,,,,,,,,,,,
0,-9.1,93.108,,,,,,,,,,,,,
0,-8.29,93.09,,,,,,,,,,,,,
0,-8.1,93.077,,,,,,,,,,,,,
0,-7.48,93.06,,,,,,,,,,,,,
0,-7.03,93.042,,,,,,,,,,,,,
0,-6.95,93.045,,,,,,,,,,,,,
0,-5.91,93.031,,,,,,,,,,,,,
0,-5.64,93.015,,,,,,,,,,,,,
0,-4.78,93.03,,,,,,,,,,,,,
0,-4.3,93.043,,,,,,,,,,,,,
0,-3.66,93.065,,,,,,,,,,,,,
0,-3,93.123,,,,,,,,,,,,,
0,-2.56,93.184,,,,,,,,,,,,,
0,-1.72,93.329,,,,,,,,,,,,,
0,-1.46,93.376,,,,,,,,,,,,,
0,-0.6,93.18,,,,,,,,,,,,,
0,-0.6,92.18,,,,,,,,,,,,,
0,0.75,92.224,,,,,,,,,,,,,
0,0.97,92.183,,,,,,,,,,,,,
0,1.32,92.44,,,,,,,,,,,,,
0,1.4,92.18,,,,,,,,,,,,,
0,2.08,92.995,,,,,,,,,,,,,
0,2.28,92.982,,,,,,,,,,,,,
0,4.06,92.557,,,,,,,,,,,,,
0,4.86,92.541,,,,,,,,,,,,,
0,6.75,93.133,,,,,,,,,,,,,
0,6.92,93.118,,,,,,,,,,,,,
0,7.11,93.123,,,,,,,,,,,,,
0,8.13,93.149,,,,,,,,,,,,,
0,8.8,93.276,,,,,,,,,,,,,
0,9.56,93.404,,,,,,,,,,,,,
0,10,93.405,,,,,,,,,,,,,
0,10.29,93.408,,,,,,,,,,,,,
0,11.37,93.474,,,,,,,,,,,,,
0,11.45,93.475,,,,,,,,,,,,,
0,11.91,93.348,,,,,,,,,,,,,
0,12.62,93.173,,,,,,,,,,,,,
0,12.9,93.132,,,,,,,,,,,,,
0,13.73,93.129,,,,,,,,,,,,,
0,14.41,93.208,,,,,,,,,,,,,
0,14.82,93.239,,,,,,,,,,,,,
0,15.89,93.448,,,,,,,,,,,,,
0,15.89,93.45,,,,,,,,,,,,,
0,15.91,93.45,,,,,,,,,,,,,
0,17.04,93.433,,,,,,,,,,,,,
0,17.24,93.429,,,,,,,,,,,,,
0,18.15,93.499,,,,,,,,,,,,,
0,18.52,93.54,,,,,,,,,,,,,
0,19.29,93.532,,,,,,,,,,,,,
0,19.9,93.239,,,,,,,,,,,,,
0,20.49,92.884,,,,,,,,,,,,,
0,20.85,92.67,,,,,,,,,,,,,
0,22.19,92.85,,,,,,,,,,,,,
0,24.77,93.091,,,,,,,,,,,,,
