0,0,0,FALSE,,,103,,,,,0,,,,âÕêÏä«óùé{ê›ìôç\ë¢óﬂ
0,-30,32.452,,,,,,,,,,,,,
0,-29.455,32.436,,,,,,,,,,,,,
0,-29.071,32.431,,,,,,,,,,,,,
0,-28.671,32.442,,,,,,,,,,,,,
0,-28.336,32.448,,,,,,,,,,,,,
0,-27.629,32.437,,,,,,,,,,,,,
0,-27.09,32.415,,,,,,,,,,,,,
0,-26.495,32.424,,,,,,,,,,,,,
0,-26.352,32.437,,,,,,,,,,,,,
0,-25.902,32.423,,,,,,,,,,,,,
0,-25.103,32.42,,,,,,,,,,,,,
0,-24.797,32.426,,,,,,,,,,,,,
0,-24.348,32.436,,,,,,,,,,,,,
0,-23.504,32.462,,,,,,,,,,,,,
0,-23.146,32.462,,,,,,,,,,,,,
0,-22.581,32.407,,,,,,,,,,,,,
0,-22.389,32.442,,,,,,,,,,,,,
0,-21.167,32.772,,,,,,,,,,,,,
0,-21.125,32.788,,,,,,,,,,,,,
0,-20.488,33.174,,,,,,,,,,,,,
0,-20.416,33.205,,,,,,,,,,,,,
0,-19.703,33.525,,,,,,,,,,,,,
0,-19.198,33.745,,,,,,,,,,,,,
0,-19.111,33.78,,,,,,,,,,,,,
0,-18.471,34.04,,,,,,,,,,,,,
0,-17.873,34.335,,,,,,,,,,,,,
0,-17.247,34.726,,,,,,,,,,,,,
0,-16.876,35.076,,,,,,,,,,,,,
0,-16.514,35.334,,,,,,,,,,,,,
0,-15.441,35.726,,,,,,,,,,,,,
0,-15.326,35.752,,,,,,,,,,,,,
0,-14.616,35.829,,,,,,,,,,,,,
0,-14.599,35.832,,,,,,,,,,,,,
0,-14.525,35.835,,,,,,,,,,,,,
0,-13.377,35.892,,,,,,,,,,,,,
0,-13.148,35.926,,,,,,,,,,,,,
0,-12.631,35.932,,,,,,,,,,,,,
0,-12.33,35.935,,,,,,,,,,,,,
0,-11.421,35.938,,,,,,,,,,,,,
0,-10.821,35.905,,,,,,,,,,,,,
0,-10.692,35.892,,,,,,,,,,,,,
0,-10.522,35.872,,,,,,,,,,,,,
0,-9.514,35.76,,,,,,,,,,,,,
0,-9.159,35.7,,,,,,,,,,,,,
0,-8.791,35.633,,,,,,,,,,,,,
0,-8.054,35.404,,,,,,,,,,,,,
0,-7.574,35.121,,,,,,,,,,,,,
0,-7.027,34.686,,,,,,,,,,,,,
0,-6.805,34.516,,,,,,,,,,,,,
0,-6.67,34.429,,,,,,,,,,,,,
0,-6.1,33.803,,,,,,,,,,,,,
0,-5.687,33.416,,,,,,,,,,,,,
0,-5.595,33.228,,,,,,,,,,,,,
0,-5.411,32.987,,,,,,,,,,,,,
0,-4.83,32.031,,,,,,,,,,,,,
0,-4.586,31.924,,,,,,,,,,,,,
0,-3.922,31.731,,,,,,,,,,,,,
0,-3.709,31.697,,,,,,,,,,,,,
0,-3.633,31.69,,,,,,,,,,,,,
0,-3.373,31.767,,,,,,,,,,,,,
0,-2.931,31.882,,,,,,,,,,,,,
0,-2.607,31.934,,,,,,,,,,,,,
0,-1.919,31.942,,,,,,,,,,,,,
0,-0.494,31.88,,,,,,,,,,,,,
0,-0.029,31.982,,,,,,,,,,,,,
0,0.187,31.976,,,,,,,,,,,,,
0,0.747,31.845,,,,,,,,,,,,,
0,0.92,31.874,,,,,,,,,,,,,
0,1.782,31.92,,,,,,,,,,,,,
0,2.067,31.903,,,,,,,,,,,,,
0,2.688,31.855,,,,,,,,,,,,,
0,2.793,31.892,,,,,,,,,,,,,
0,4.879,34.026,,,,,,,,,,,,,
0,5.719,34.866,,,,,,,,,,,,,
0,6.792,35.295,,,,,,,,,,,,,
0,7.334,35.529,,,,,,,,,,,,,
0,8.116,35.919,,,,,,,,,,,,,
0,8.23,35.985,,,,,,,,,,,,,
0,8.375,35.987,,,,,,,,,,,,,
0,9.421,36.129,,,,,,,,,,,,,
0,9.842,36.183,,,,,,,,,,,,,
0,10.161,36.184,,,,,,,,,,,,,
0,10.366,36.17,,,,,,,,,,,,,
0,11.268,36.031,,,,,,,,,,,,,
0,11.54,35.992,,,,,,,,,,,,,
0,11.89,35.93,,,,,,,,,,,,,
0,12.567,35.968,,,,,,,,,,,,,
0,14.336,36.197,,,,,,,,,,,,,
0,14.896,36.14,,,,,,,,,,,,,
0,15.963,36.078,,,,,,,,,,,,,
0,16.238,36.044,,,,,,,,,,,,,
0,16.818,36.058,,,,,,,,,,,,,
0,18.937,35.696,,,,,,,,,,,,,
0,21.398,35.491,,,,,,,,,,,,,
0,21.861,35.344,,,,,,,,,,,,,
0,23.542,35.027,,,,,,,,,,,,,
0,23.719,35.019,,,,,,,,,,,,,
0,23.875,34.991,,,,,,,,,,,,,
0,25.134,34.998,,,,,,,,,,,,,
0,26.511,35.064,,,,,,,,,,,,,
0,27.429,35.08,,,,,,,,,,,,,
0,28.438,35.115,,,,,,,,,,,,,
0,30,34.788,,,,,,,,,,,,,
0.1,1,120,FALSE,,,112,,,,,0,,,,âÕêÏä«óùé{ê›ìôç\ë¢óﬂ
0,-30,33.45,,,,,,,,,,,,,
0,-29.715,33.45,,,,,,,,,,,,,
0,-29.266,33.395,,,,,,,,,,,,,
0,-28.988,33.386,,,,,,,,,,,,,
0,-28.432,33.476,,,,,,,,,,,,,
0,-28.043,33.43,,,,,,,,,,,,,
0,-27.561,33.404,,,,,,,,,,,,,
0,-26.898,33.22,,,,,,,,,,,,,
0,-26.605,33.213,,,,,,,,,,,,,
0,-26.052,33.208,,,,,,,,,,,,,
0,-25.319,33.192,,,,,,,,,,,,,
0,-24.032,33.27,,,,,,,,,,,,,
0,-24.031,33.27,,,,,,,,,,,,,
0,-23.512,33.56,,,,,,,,,,,,,
0,-22.625,33.656,,,,,,,,,,,,,
0,-22.092,33.518,,,,,,,,,,,,,
0,-20.451,33.171,,,,,,,,,,,,,
0,-20.354,33.152,,,,,,,,,,,,,
0,-20.293,33.173,,,,,,,,,,,,,
0,-19.274,33.559,,,,,,,,,,,,,
0,-18.301,33.635,,,,,,,,,,,,,
0,-18.232,33.645,,,,,,,,,,,,,
0,-17.528,33.742,,,,,,,,,,,,,
0,-17.108,33.754,,,,,,,,,,,,,
0,-16.645,33.834,,,,,,,,,,,,,
0,-16.027,33.895,,,,,,,,,,,,,
0,-15.444,34.133,,,,,,,,,,,,,
0,-15.074,34.344,,,,,,,,,,,,,
0,-14.665,34.628,,,,,,,,,,,,,
0,-14.17,34.875,,,,,,,,,,,,,
0,-13.653,35.175,,,,,,,,,,,,,
0,-13.112,35.495,,,,,,,,,,,,,
0,-12.592,35.62,,,,,,,,,,,,,
0,-12.339,35.693,,,,,,,,,,,,,
0,-11.868,35.785,,,,,,,,,,,,,
0,-11.812,35.79,,,,,,,,,,,,,
0,-11.782,35.795,,,,,,,,,,,,,
0,-10.521,35.922,,,,,,,,,,,,,
0,-9.692,35.956,,,,,,,,,,,,,
0,-9.491,35.95,,,,,,,,,,,,,
0,-9.059,35.937,,,,,,,,,,,,,
0,-8.938,35.929,,,,,,,,,,,,,
0,-8.882,35.928,,,,,,,,,,,,,
0,-7.804,35.863,,,,,,,,,,,,,
0,-6.787,35.761,,,,,,,,,,,,,
0,-6.696,35.754,,,,,,,,,,,,,
0,-6.549,35.723,,,,,,,,,,,,,
0,-6.163,35.585,,,,,,,,,,,,,
0,-5.909,35.479,,,,,,,,,,,,,
0,-5.209,35.162,,,,,,,,,,,,,
0,-3.922,34.73,,,,,,,,,,,,,
0,-3.852,34.7,,,,,,,,,,,,,
0,-3.811,34.647,,,,,,,,,,,,,
0,-3.026,33.088,,,,,,,,,,,,,
0,-2.879,32.926,,,,,,,,,,,,,
0,-2.131,32.309,,,,,,,,,,,,,
0,-1.459,32.257,,,,,,,,,,,,,
0,-1.146,32.244,,,,,,,,,,,,,
0,-0.802,32.112,,,,,,,,,,,,,
0,-0.19,31.649,,,,,,,,,,,,,
0,0.024,31.58,,,,,,,,,,,,,
0,0.871,31.628,,,,,,,,,,,,,
0,1.891,32.067,,,,,,,,,,,,,
0,2.016,32.107,,,,,,,,,,,,,
0,2.124,32.109,,,,,,,,,,,,,
0,2.416,32.107,,,,,,,,,,,,,
0,3.008,32.05,,,,,,,,,,,,,
0,3.188,32.063,,,,,,,,,,,,,
0,3.384,32.348,,,,,,,,,,,,,
0,4.271,33.663,,,,,,,,,,,,,
0,5.066,33.693,,,,,,,,,,,,,
0,5.132,33.711,,,,,,,,,,,,,
0,5.285,33.708,,,,,,,,,,,,,
0,5.739,33.721,,,,,,,,,,,,,
0,5.927,33.73,,,,,,,,,,,,,
0,6.708,33.775,,,,,,,,,,,,,
0,7.671,33.738,,,,,,,,,,,,,
0,7.863,33.739,,,,,,,,,,,,,
0,8.031,33.737,,,,,,,,,,,,,
0,8.572,33.753,,,,,,,,,,,,,
0,8.852,33.753,,,,,,,,,,,,,
0,9.617,34.042,,,,,,,,,,,,,
0,9.951,34.401,,,,,,,,,,,,,
0,12.352,34.727,,,,,,,,,,,,,
0,14.421,35.117,,,,,,,,,,,,,
0,18.547,36.015,,,,,,,,,,,,,
0,18.833,35.968,,,,,,,,,,,,,
0,19.286,35.961,,,,,,,,,,,,,
0,19.759,35.958,,,,,,,,,,,,,
0,20.123,35.958,,,,,,,,,,,,,
0,20.711,35.97,,,,,,,,,,,,,
0,21.107,35.958,,,,,,,,,,,,,
0,21.697,35.97,,,,,,,,,,,,,
0,22.311,35.974,,,,,,,,,,,,,
0,22.732,35.973,,,,,,,,,,,,,
0,23.191,35.965,,,,,,,,,,,,,
0,23.671,36.046,,,,,,,,,,,,,
0,24.025,36.066,,,,,,,,,,,,,
0,24.43,36.038,,,,,,,,,,,,,
0,25.109,35.95,,,,,,,,,,,,,
0,25.696,35.955,,,,,,,,,,,,,
0,26.034,35.967,,,,,,,,,,,,,
0,26.62,35.955,,,,,,,,,,,,,
0,26.816,35.947,,,,,,,,,,,,,
0,27.076,35.985,,,,,,,,,,,,,
0,27.991,36.062,,,,,,,,,,,,,
0,28.703,36.147,,,,,,,,,,,,,
0,28.971,36.121,,,,,,,,,,,,,
0,29.622,35.976,,,,,,,,,,,,,
0,29.642,35.969,,,,,,,,,,,,,
0,29.651,35.97,,,,,,,,,,,,,
0,30,35.965,,,,,,,,,,,,,
0.2,2,200,FALSE,,,127,,,,,0,,,,âÕêÏä«óùé{ê›ìôç\ë¢óﬂ
0,-30,33.517,,,,,,,,,,,,,
0,-29.252,33.54,,,,,,,,,,,,,
0,-28.345,33.584,,,,,,,,,,,,,
0,-28.11,33.588,,,,,,,,,,,,,
0,-27.716,33.579,,,,,,,,,,,,,
0,-27.281,33.54,,,,,,,,,,,,,
0,-26.742,33.312,,,,,,,,,,,,,
0,-26.621,33.248,,,,,,,,,,,,,
0,-26.525,33.242,,,,,,,,,,,,,
0,-25.671,33.114,,,,,,,,,,,,,
0,-25.249,33.094,,,,,,,,,,,,,
0,-24.669,33.05,,,,,,,,,,,,,
0,-23.795,33.098,,,,,,,,,,,,,
0,-23.683,33.098,,,,,,,,,,,,,
0,-23.433,33.103,,,,,,,,,,,,,
0,-22.952,33.086,,,,,,,,,,,,,
0,-22.375,33.083,,,,,,,,,,,,,
0,-22.307,33.08,,,,,,,,,,,,,
0,-22.252,33.078,,,,,,,,,,,,,
0,-21.423,33.065,,,,,,,,,,,,,
0,-21.082,33.071,,,,,,,,,,,,,
0,-20.508,33.059,,,,,,,,,,,,,
0,-19.776,33.052,,,,,,,,,,,,,
0,-19.583,33.054,,,,,,,,,,,,,
0,-19.11,33.07,,,,,,,,,,,,,
0,-18.652,33.051,,,,,,,,,,,,,
0,-17.861,33.076,,,,,,,,,,,,,
0,-17.688,33.093,,,,,,,,,,,,,
0,-17.593,33.087,,,,,,,,,,,,,
0,-16.587,33.054,,,,,,,,,,,,,
0,-16.029,33.451,,,,,,,,,,,,,
0,-15.578,33.584,,,,,,,,,,,,,
0,-14.773,34.725,,,,,,,,,,,,,
0,-14.691,34.877,,,,,,,,,,,,,
0,-14.434,35.034,,,,,,,,,,,,,
0,-13.977,35.309,,,,,,,,,,,,,
0,-13.526,35.574,,,,,,,,,,,,,
0,-13.335,35.65,,,,,,,,,,,,,
0,-13.175,35.676,,,,,,,,,,,,,
0,-12.35,35.813,,,,,,,,,,,,,
0,-11.886,35.86,,,,,,,,,,,,,
0,-11.2,35.954,,,,,,,,,,,,,
0,-10.078,35.979,,,,,,,,,,,,,
0,-10.024,35.979,,,,,,,,,,,,,
0,-9.933,35.977,,,,,,,,,,,,,
0,-9.201,35.965,,,,,,,,,,,,,
0,-8.739,35.902,,,,,,,,,,,,,
0,-8.309,35.841,,,,,,,,,,,,,
0,-8.11,35.826,,,,,,,,,,,,,
0,-7.323,35.759,,,,,,,,,,,,,
0,-6.715,35.769,,,,,,,,,,,,,
0,-6.357,35.712,,,,,,,,,,,,,
0,-5.641,35.317,,,,,,,,,,,,,
0,-5.421,35.119,,,,,,,,,,,,,
0,-4.76,33.938,,,,,,,,,,,,,
0,-4.731,33.908,,,,,,,,,,,,,
0,-4.712,33.882,,,,,,,,,,,,,
0,-3.707,32.844,,,,,,,,,,,,,
0,-3.25,32.845,,,,,,,,,,,,,
0,-2.789,32.698,,,,,,,,,,,,,
0,-1.961,32.613,,,,,,,,,,,,,
0,-1.917,32.626,,,,,,,,,,,,,
0,-1.722,32.583,,,,,,,,,,,,,
0,0.494,32.43,,,,,,,,,,,,,
0,0.777,32.617,,,,,,,,,,,,,
0,1.352,32.682,,,,,,,,,,,,,
0,1.918,32.876,,,,,,,,,,,,,
0,2.797,33.885,,,,,,,,,,,,,
0,3.449,34.593,,,,,,,,,,,,,
0,3.638,34.813,,,,,,,,,,,,,
0,4.376,35.153,,,,,,,,,,,,,
0,4.582,35.238,,,,,,,,,,,,,
0,4.676,35.285,,,,,,,,,,,,,
0,5.635,35.746,,,,,,,,,,,,,
0,6.161,35.872,,,,,,,,,,,,,
0,6.633,35.983,,,,,,,,,,,,,
0,7.552,35.952,,,,,,,,,,,,,
0,7.605,35.952,,,,,,,,,,,,,
0,7.736,35.957,,,,,,,,,,,,,
0,8.303,35.99,,,,,,,,,,,,,
0,8.858,36.005,,,,,,,,,,,,,
0,9.002,36.009,,,,,,,,,,,,,
0,9.05,36.01,,,,,,,,,,,,,
0,9.15,36.013,,,,,,,,,,,,,
0,10.232,36.022,,,,,,,,,,,,,
0,10.943,35.967,,,,,,,,,,,,,
0,11.409,35.988,,,,,,,,,,,,,
0,12.249,35.873,,,,,,,,,,,,,
0,12.542,35.763,,,,,,,,,,,,,
0,12.962,35.482,,,,,,,,,,,,,
0,13.768,35.43,,,,,,,,,,,,,
0,14.584,35.489,,,,,,,,,,,,,
0,15.022,35.38,,,,,,,,,,,,,
0,15.493,35.24,,,,,,,,,,,,,
0,16.299,35.266,,,,,,,,,,,,,
0,16.423,35.269,,,,,,,,,,,,,
0,16.73,35.321,,,,,,,,,,,,,
0,17.273,35.35,,,,,,,,,,,,,
0,17.947,35.311,,,,,,,,,,,,,
0,18.08,35.32,,,,,,,,,,,,,
0,18.141,35.321,,,,,,,,,,,,,
0,19.104,35.298,,,,,,,,,,,,,
0,19.574,35.176,,,,,,,,,,,,,
0,20.061,35.098,,,,,,,,,,,,,
0,20.962,34.849,,,,,,,,,,,,,
0,21.048,34.823,,,,,,,,,,,,,
0,21.249,34.793,,,,,,,,,,,,,
0,21.812,34.727,,,,,,,,,,,,,
0,22.483,34.462,,,,,,,,,,,,,
0,22.515,34.451,,,,,,,,,,,,,
0,22.527,34.448,,,,,,,,,,,,,
0,23.422,34.28,,,,,,,,,,,,,
0,23.793,34.256,,,,,,,,,,,,,
0,24.352,34.241,,,,,,,,,,,,,
0,25.094,34.23,,,,,,,,,,,,,
0,25.283,34.234,,,,,,,,,,,,,
0,25.749,34.23,,,,,,,,,,,,,
0,26.104,34.227,,,,,,,,,,,,,
0,26.604,34.216,,,,,,,,,,,,,
0,26.836,34.218,,,,,,,,,,,,,
0,27.003,34.224,,,,,,,,,,,,,
0,27.786,34.263,,,,,,,,,,,,,
0,28.155,34.281,,,,,,,,,,,,,
0,28.838,34.34,,,,,,,,,,,,,
0,29.641,34.235,,,,,,,,,,,,,
0,29.82,34.181,,,,,,,,,,,,,
0,30,34.189,,,,,,,,,,,,,
0.3,3,300,FALSE,,,122,,,,,0,,,,âÕêÏä«óùé{ê›ìôç\ë¢óﬂ
0,-30,34.124,,,,,,,,,,,,,
0,-29.786,34.132,,,,,,,,,,,,,
0,-29.178,34.135,,,,,,,,,,,,,
0,-28.502,34.133,,,,,,,,,,,,,
0,-27.684,34.181,,,,,,,,,,,,,
0,-27.274,34.197,,,,,,,,,,,,,
0,-26.447,34.12,,,,,,,,,,,,,
0,-26.174,34.103,,,,,,,,,,,,,
0,-26.034,34.107,,,,,,,,,,,,,
0,-25.222,34.127,,,,,,,,,,,,,
0,-24.593,34.136,,,,,,,,,,,,,
0,-24.268,34.164,,,,,,,,,,,,,
0,-23.641,34.157,,,,,,,,,,,,,
0,-23.253,34.16,,,,,,,,,,,,,
0,-22.328,34.144,,,,,,,,,,,,,
0,-22.121,34.142,,,,,,,,,,,,,
0,-21.999,34.14,,,,,,,,,,,,,
0,-21.09,34.185,,,,,,,,,,,,,
0,-20.38,34.138,,,,,,,,,,,,,
0,-20.054,34.106,,,,,,,,,,,,,
0,-19.501,34.057,,,,,,,,,,,,,
0,-19.095,34.047,,,,,,,,,,,,,
0,-18.26,34.053,,,,,,,,,,,,,
0,-18.196,34.049,,,,,,,,,,,,,
0,-18.155,34.051,,,,,,,,,,,,,
0,-17.066,34.044,,,,,,,,,,,,,
0,-16.278,34.038,,,,,,,,,,,,,
0,-15.946,34.05,,,,,,,,,,,,,
0,-15.431,34.082,,,,,,,,,,,,,
0,-14.944,34.094,,,,,,,,,,,,,
0,-14.189,34.665,,,,,,,,,,,,,
0,-14.098,34.738,,,,,,,,,,,,,
0,-14.034,34.772,,,,,,,,,,,,,
0,-13.004,35.333,,,,,,,,,,,,,
0,-12.451,35.669,,,,,,,,,,,,,
0,-11.904,35.996,,,,,,,,,,,,,
0,-10.925,36.191,,,,,,,,,,,,,
0,-10.811,36.212,,,,,,,,,,,,,
0,-10.702,36.244,,,,,,,,,,,,,
0,-9.661,36.391,,,,,,,,,,,,,
0,-9.416,36.397,,,,,,,,,,,,,
0,-9.253,36.4,,,,,,,,,,,,,
0,-8.269,36.343,,,,,,,,,,,,,
0,-7.285,36.215,,,,,,,,,,,,,
0,-7.094,36.196,,,,,,,,,,,,,
0,-6.833,36.124,,,,,,,,,,,,,
0,-6.135,35.885,,,,,,,,,,,,,
0,-5.658,35.563,,,,,,,,,,,,,
0,-5.16,35.298,,,,,,,,,,,,,
0,-4.652,34.395,,,,,,,,,,,,,
0,-3.936,33.141,,,,,,,,,,,,,
0,-3.294,33.06,,,,,,,,,,,,,
0,-2.5,33.042,,,,,,,,,,,,,
0,-1.961,32.746,,,,,,,,,,,,,
0,-1.942,32.741,,,,,,,,,,,,,
0,-1.895,32.741,,,,,,,,,,,,,
0,-0.1,32.67,,,,,,,,,,,,,
0,0.862,32.828,,,,,,,,,,,,,
0,0.873,32.828,,,,,,,,,,,,,
0,0.876,32.83,,,,,,,,,,,,,
0,0.885,32.832,,,,,,,,,,,,,
0,1.798,33.291,,,,,,,,,,,,,
0,2.269,34.025,,,,,,,,,,,,,
0,2.639,34.445,,,,,,,,,,,,,
0,2.745,34.631,,,,,,,,,,,,,
0,3.478,35.472,,,,,,,,,,,,,
0,3.902,35.719,,,,,,,,,,,,,
0,4.351,36.192,,,,,,,,,,,,,
0,5.099,36.583,,,,,,,,,,,,,
0,5.242,36.559,,,,,,,,,,,,,
0,5.531,36.516,,,,,,,,,,,,,
0,6.306,36.329,,,,,,,,,,,,,
0,6.668,36.313,,,,,,,,,,,,,
0,7.353,36.322,,,,,,,,,,,,,
0,7.76,36.32,,,,,,,,,,,,,
0,8.427,36.304,,,,,,,,,,,,,
0,9.477,35.82,,,,,,,,,,,,,
0,9.518,35.805,,,,,,,,,,,,,
0,9.693,35.479,,,,,,,,,,,,,
0,10.312,34.373,,,,,,,,,,,,,
0,10.468,34.364,,,,,,,,,,,,,
0,11.396,34.323,,,,,,,,,,,,,
0,12.069,34.349,,,,,,,,,,,,,
0,12.608,34.367,,,,,,,,,,,,,
0,13.364,34.361,,,,,,,,,,,,,
0,13.63,34.341,,,,,,,,,,,,,
0,13.969,34.335,,,,,,,,,,,,,
0,14.312,34.316,,,,,,,,,,,,,
0,14.557,34.32,,,,,,,,,,,,,
0,15.277,34.325,,,,,,,,,,,,,
0,15.776,34.333,,,,,,,,,,,,,
0,16.448,34.326,,,,,,,,,,,,,
0,17.429,34.316,,,,,,,,,,,,,
0,17.569,34.311,,,,,,,,,,,,,
0,17.992,34.31,,,,,,,,,,,,,
0,18.469,34.311,,,,,,,,,,,,,
0,18.668,34.314,,,,,,,,,,,,,
0,19.385,34.328,,,,,,,,,,,,,
0,19.683,34.333,,,,,,,,,,,,,
0,20.461,34.348,,,,,,,,,,,,,
0,20.969,34.349,,,,,,,,,,,,,
0,21.162,34.358,,,,,,,,,,,,,
0,21.61,34.345,,,,,,,,,,,,,
0,22.113,34.317,,,,,,,,,,,,,
0,22.765,34.306,,,,,,,,,,,,,
0,23.085,34.311,,,,,,,,,,,,,
0,23.227,34.31,,,,,,,,,,,,,
0,23.978,34.31,,,,,,,,,,,,,
0,24.499,34.327,,,,,,,,,,,,,
0,24.875,34.325,,,,,,,,,,,,,
0,25.749,34.291,,,,,,,,,,,,,
0,25.761,34.29,,,,,,,,,,,,,
0,25.774,34.29,,,,,,,,,,,,,
0,26.387,34.309,,,,,,,,,,,,,
0,26.931,34.265,,,,,,,,,,,,,
0,27.073,34.261,,,,,,,,,,,,,
0,27.15,34.267,,,,,,,,,,,,,
0,28.132,34.32,,,,,,,,,,,,,
0,28.809,34.332,,,,,,,,,,,,,
0,29.193,34.334,,,,,,,,,,,,,
0,29.912,34.323,,,,,,,,,,,,,
0,30,34.318,,,,,,,,,,,,,
0.4,4,400,FALSE,,,115,,,,,0,,,,âÕêÏä«óùé{ê›ìôç\ë¢óﬂ
0,-30,35.749,,,,,,,,,,,,,
0,-29.304,35.703,,,,,,,,,,,,,
0,-29.099,35.67,,,,,,,,,,,,,
0,-28.516,35.67,,,,,,,,,,,,,
0,-28.152,35.675,,,,,,,,,,,,,
0,-28.015,35.671,,,,,,,,,,,,,
0,-27.202,35.68,,,,,,,,,,,,,
0,-26.605,35.692,,,,,,,,,,,,,
0,-26.23,35.702,,,,,,,,,,,,,
0,-25.726,35.689,,,,,,,,,,,,,
0,-25.201,35.684,,,,,,,,,,,,,
0,-24.422,35.663,,,,,,,,,,,,,
0,-24.08,35.647,,,,,,,,,,,,,
0,-23.76,35.641,,,,,,,,,,,,,
0,-23.007,35.634,,,,,,,,,,,,,
0,-22.206,35.605,,,,,,,,,,,,,
0,-21.984,35.593,,,,,,,,,,,,,
0,-21.591,35.6,,,,,,,,,,,,,
0,-21.136,35.596,,,,,,,,,,,,,
0,-20.885,35.639,,,,,,,,,,,,,
0,-20.201,35.7,,,,,,,,,,,,,
0,-19.662,35.638,,,,,,,,,,,,,
0,-18.621,35.777,,,,,,,,,,,,,
0,-18.289,35.839,,,,,,,,,,,,,
0,-17.476,35.633,,,,,,,,,,,,,
0,-17.379,35.598,,,,,,,,,,,,,
0,-17.342,35.606,,,,,,,,,,,,,
0,-16.23,35.7,,,,,,,,,,,,,
0,-15.103,35.576,,,,,,,,,,,,,
0,-15.041,35.57,,,,,,,,,,,,,
0,-14.981,35.609,,,,,,,,,,,,,
0,-13.911,36.798,,,,,,,,,,,,,
0,-13.317,36.77,,,,,,,,,,,,,
0,-13.071,36.789,,,,,,,,,,,,,
0,-11.88,36.794,,,,,,,,,,,,,
0,-11.561,36.798,,,,,,,,,,,,,
0,-11.389,36.808,,,,,,,,,,,,,
0,-10.531,36.898,,,,,,,,,,,,,
0,-10.175,36.906,,,,,,,,,,,,,
0,-9.304,36.908,,,,,,,,,,,,,
0,-7.905,36.84,,,,,,,,,,,,,
0,-7.901,36.84,,,,,,,,,,,,,
0,-7.899,36.839,,,,,,,,,,,,,
0,-7.028,36.501,,,,,,,,,,,,,
0,-6.731,36.003,,,,,,,,,,,,,
0,-5.953,34.945,,,,,,,,,,,,,
0,-5.115,34.589,,,,,,,,,,,,,
0,-4.873,34.441,,,,,,,,,,,,,
0,-4.638,34.296,,,,,,,,,,,,,
0,-3.884,33.718,,,,,,,,,,,,,
0,-2.289,33.32,,,,,,,,,,,,,
0,-0.861,33.47,,,,,,,,,,,,,
0,0.052,33.847,,,,,,,,,,,,,
0,0.073,33.859,,,,,,,,,,,,,
0,0.088,33.865,,,,,,,,,,,,,
0,1.074,34.329,,,,,,,,,,,,,
0,1.667,35.378,,,,,,,,,,,,,
0,2.008,35.92,,,,,,,,,,,,,
0,2.612,36.303,,,,,,,,,,,,,
0,2.919,36.477,,,,,,,,,,,,,
0,3.38,36.644,,,,,,,,,,,,,
0,3.668,36.696,,,,,,,,,,,,,
0,3.84,36.717,,,,,,,,,,,,,
0,4.783,36.798,,,,,,,,,,,,,
0,5.868,36.793,,,,,,,,,,,,,
0,6.023,36.794,,,,,,,,,,,,,
0,6.163,36.787,,,,,,,,,,,,,
0,7.29,36.684,,,,,,,,,,,,,
0,7.348,36.655,,,,,,,,,,,,,
0,8.809,35.863,,,,,,,,,,,,,
0,9.486,35.179,,,,,,,,,,,,,
0,9.881,34.897,,,,,,,,,,,,,
0,10.567,34.527,,,,,,,,,,,,,
0,10.582,34.53,,,,,,,,,,,,,
0,10.593,34.53,,,,,,,,,,,,,
0,11.567,34.52,,,,,,,,,,,,,
0,12.317,34.527,,,,,,,,,,,,,
0,12.574,34.53,,,,,,,,,,,,,
0,12.907,34.533,,,,,,,,,,,,,
0,13.343,34.533,,,,,,,,,,,,,
0,13.911,34.497,,,,,,,,,,,,,
0,13.997,34.491,,,,,,,,,,,,,
0,14.063,34.496,,,,,,,,,,,,,
0,15.301,34.524,,,,,,,,,,,,,
0,16.408,34.492,,,,,,,,,,,,,
0,16.58,34.491,,,,,,,,,,,,,
0,17.238,34.512,,,,,,,,,,,,,
0,17.481,34.518,,,,,,,,,,,,,
0,17.544,34.52,,,,,,,,,,,,,
0,18.552,34.511,,,,,,,,,,,,,
0,19.377,34.52,,,,,,,,,,,,,
0,19.607,34.52,,,,,,,,,,,,,
0,19.892,34.512,,,,,,,,,,,,,
0,20.735,34.526,,,,,,,,,,,,,
0,21.063,34.523,,,,,,,,,,,,,
0,21.74,34.48,,,,,,,,,,,,,
0,22.174,34.485,,,,,,,,,,,,,
0,22.672,34.496,,,,,,,,,,,,,
0,23.434,34.498,,,,,,,,,,,,,
0,23.56,34.501,,,,,,,,,,,,,
0,23.729,34.5,,,,,,,,,,,,,
0,24.219,34.506,,,,,,,,,,,,,
0,24.581,34.517,,,,,,,,,,,,,
0,25.157,34.528,,,,,,,,,,,,,
0,25.98,34.53,,,,,,,,,,,,,
0,26.538,34.525,,,,,,,,,,,,,
0,26.936,34.527,,,,,,,,,,,,,
0,27.439,34.507,,,,,,,,,,,,,
0,28.077,34.518,,,,,,,,,,,,,
0,28.124,34.52,,,,,,,,,,,,,
0,28.153,34.52,,,,,,,,,,,,,
0,29.035,34.53,,,,,,,,,,,,,
0,29.617,34.511,,,,,,,,,,,,,
0,29.945,34.5,,,,,,,,,,,,,
0,30,34.503,,,,,,,,,,,,,
0.5,5,500,FALSE,,,91,,,,,0,,,,âÕêÏä«óùé{ê›ìôç\ë¢óﬂ
0,-30,37.464,,,,,,,,,,,,,
0,-26.768,37.883,,,,,,,,,,,,,
0,-26.112,37.838,,,,,,,,,,,,,
0,-25.791,37.829,,,,,,,,,,,,,
0,-24.201,37.839,,,,,,,,,,,,,
0,-22.546,37.898,,,,,,,,,,,,,
0,-22.276,37.931,,,,,,,,,,,,,
0,-22.06,37.909,,,,,,,,,,,,,
0,-20.083,37.993,,,,,,,,,,,,,
0,-18.806,37.896,,,,,,,,,,,,,
0,-18.01,37.821,,,,,,,,,,,,,
0,-17.383,37.816,,,,,,,,,,,,,
0,-16.019,37.78,,,,,,,,,,,,,
0,-15.055,37.775,,,,,,,,,,,,,
0,-14.375,37.831,,,,,,,,,,,,,
0,-13.595,37.889,,,,,,,,,,,,,
0,-12.342,37.671,,,,,,,,,,,,,
0,-12.031,37.56,,,,,,,,,,,,,
0,-11.582,37.605,,,,,,,,,,,,,
0,-11.114,37.605,,,,,,,,,,,,,
0,-10.647,37.609,,,,,,,,,,,,,
0,-10.122,37.617,,,,,,,,,,,,,
0,-9.601,37.646,,,,,,,,,,,,,
0,-8.805,37.612,,,,,,,,,,,,,
0,-8.36,37.575,,,,,,,,,,,,,
0,-7.648,37.578,,,,,,,,,,,,,
0,-6.927,37.387,,,,,,,,,,,,,
0,-6.684,37.308,,,,,,,,,,,,,
0,-6.461,37.191,,,,,,,,,,,,,
0,-5.581,36.731,,,,,,,,,,,,,
0,-5.186,36.491,,,,,,,,,,,,,
0,-4.566,36.166,,,,,,,,,,,,,
0,-3.807,34.766,,,,,,,,,,,,,
0,-3.617,34.451,,,,,,,,,,,,,
0,-3.455,34.391,,,,,,,,,,,,,
0,-2.422,33.997,,,,,,,,,,,,,
0,-2.223,33.918,,,,,,,,,,,,,
0,-2.172,33.909,,,,,,,,,,,,,
0,-0.293,33.648,,,,,,,,,,,,,
0,0.717,33.57,,,,,,,,,,,,,
0,1.236,33.895,,,,,,,,,,,,,
0,1.458,33.96,,,,,,,,,,,,,
0,2.237,34.149,,,,,,,,,,,,,
0,3.087,35.336,,,,,,,,,,,,,
0,3.215,35.517,,,,,,,,,,,,,
0,3.957,36.174,,,,,,,,,,,,,
0,4.398,36.577,,,,,,,,,,,,,
0,4.467,36.613,,,,,,,,,,,,,
0,5.337,37.044,,,,,,,,,,,,,
0,6.095,37.431,,,,,,,,,,,,,
0,6.263,37.487,,,,,,,,,,,,,
0,6.441,37.496,,,,,,,,,,,,,
0,7.044,37.529,,,,,,,,,,,,,
0,7.733,37.522,,,,,,,,,,,,,
0,7.804,37.523,,,,,,,,,,,,,
0,7.875,37.522,,,,,,,,,,,,,
0,8.741,37.517,,,,,,,,,,,,,
0,9.643,37.484,,,,,,,,,,,,,
0,9.728,37.479,,,,,,,,,,,,,
0,10.849,37.147,,,,,,,,,,,,,
0,11.105,37.05,,,,,,,,,,,,,
0,11.153,37.029,,,,,,,,,,,,,
0,11.706,37.074,,,,,,,,,,,,,
0,15.283,37.56,,,,,,,,,,,,,
0,15.875,37.548,,,,,,,,,,,,,
0,16.325,37.422,,,,,,,,,,,,,
0,17.169,37.426,,,,,,,,,,,,,
0,17.312,37.424,,,,,,,,,,,,,
0,17.541,37.433,,,,,,,,,,,,,
0,18.509,37.487,,,,,,,,,,,,,
0,19.108,37.5,,,,,,,,,,,,,
0,19.577,37.506,,,,,,,,,,,,,
0,20.294,37.435,,,,,,,,,,,,,
0,20.589,37.418,,,,,,,,,,,,,
0,20.942,37.436,,,,,,,,,,,,,
0,21.652,37.474,,,,,,,,,,,,,
0,22.28,37.502,,,,,,,,,,,,,
0,22.775,37.481,,,,,,,,,,,,,
0,23.47,37.451,,,,,,,,,,,,,
0,23.886,37.462,,,,,,,,,,,,,
0,24.288,37.481,,,,,,,,,,,,,
0,25.041,37.516,,,,,,,,,,,,,
0,26.105,37.507,,,,,,,,,,,,,
0,26.343,37.514,,,,,,,,,,,,,
0,26.698,37.533,,,,,,,,,,,,,
0,27.118,37.56,,,,,,,,,,,,,
0,27.502,37.556,,,,,,,,,,,,,
0,28.057,37.594,,,,,,,,,,,,,
0,29.138,37.605,,,,,,,,,,,,,
0,29.823,37.553,,,,,,,,,,,,,
0,30,37.549,,,,,,,,,,,,,
0.6,6,600,FALSE,,,106,,,,,0,,,,âÕêÏä«óùé{ê›ìôç\ë¢óﬂ
0,-30,36.017,,,,,,,,,,,,,
0,-29.548,36.007,,,,,,,,,,,,,
0,-28.901,36.022,,,,,,,,,,,,,
0,-28.46,36.021,,,,,,,,,,,,,
0,-27.91,36.05,,,,,,,,,,,,,
0,-27.308,36.067,,,,,,,,,,,,,
0,-26.537,36.005,,,,,,,,,,,,,
0,-26.127,35.982,,,,,,,,,,,,,
0,-25.806,35.967,,,,,,,,,,,,,
0,-25.003,35.987,,,,,,,,,,,,,
0,-24.312,35.972,,,,,,,,,,,,,
0,-23.884,35.97,,,,,,,,,,,,,
0,-23.37,36.018,,,,,,,,,,,,,
0,-22.771,36.06,,,,,,,,,,,,,
0,-22.086,36.078,,,,,,,,,,,,,
0,-21.621,36.083,,,,,,,,,,,,,
0,-21.221,36.062,,,,,,,,,,,,,
0,-20.467,36.001,,,,,,,,,,,,,
0,-19.807,36.016,,,,,,,,,,,,,
0,-19.322,36.02,,,,,,,,,,,,,
0,-18.798,36.011,,,,,,,,,,,,,
0,-18.172,36.015,,,,,,,,,,,,,
0,-17.382,36,,,,,,,,,,,,,
0,-17.02,36.008,,,,,,,,,,,,,
0,-16.733,35.958,,,,,,,,,,,,,
0,-15.913,35.883,,,,,,,,,,,,,
0,-15.285,36.135,,,,,,,,,,,,,
0,-14.819,36.338,,,,,,,,,,,,,
0,-14.214,36.443,,,,,,,,,,,,,
0,-13.668,36.515,,,,,,,,,,,,,
0,-12.965,36.568,,,,,,,,,,,,,
0,-12.461,36.621,,,,,,,,,,,,,
0,-12.074,36.704,,,,,,,,,,,,,
0,-11.228,36.875,,,,,,,,,,,,,
0,-10.421,37.272,,,,,,,,,,,,,
0,-10.001,37.475,,,,,,,,,,,,,
0,-9.529,37.568,,,,,,,,,,,,,
0,-8.89,37.725,,,,,,,,,,,,,
0,-8.244,37.734,,,,,,,,,,,,,
0,-7.873,37.735,,,,,,,,,,,,,
0,-7.54,37.698,,,,,,,,,,,,,
0,-6.727,37.643,,,,,,,,,,,,,
0,-5.944,37.406,,,,,,,,,,,,,
0,-5.534,37.24,,,,,,,,,,,,,
0,-5.165,36.827,,,,,,,,,,,,,
0,-4.356,35.881,,,,,,,,,,,,,
0,-3.419,34.837,,,,,,,,,,,,,
0,-3.253,34.628,,,,,,,,,,,,,
0,-3.116,34.595,,,,,,,,,,,,,
0,-2.239,34.444,,,,,,,,,,,,,
0,-1.026,34.25,,,,,,,,,,,,,
0,1.244,34.489,,,,,,,,,,,,,
0,1.4,34.55,,,,,,,,,,,,,
0,2.236,34.974,,,,,,,,,,,,,
0,2.926,35.981,,,,,,,,,,,,,
0,3.245,36.487,,,,,,,,,,,,,
0,3.822,36.93,,,,,,,,,,,,,
0,4.487,37.414,,,,,,,,,,,,,
0,5.112,37.554,,,,,,,,,,,,,
0,5.811,37.619,,,,,,,,,,,,,
0,6.113,37.644,,,,,,,,,,,,,
0,6.414,37.652,,,,,,,,,,,,,
0,7.415,37.663,,,,,,,,,,,,,
0,8.35,37.576,,,,,,,,,,,,,
0,8.599,37.533,,,,,,,,,,,,,
0,8.82,37.525,,,,,,,,,,,,,
0,9.473,37.436,,,,,,,,,,,,,
0,10.273,37.409,,,,,,,,,,,,,
0,10.355,37.403,,,,,,,,,,,,,
0,10.406,37.408,,,,,,,,,,,,,
0,11.35,37.089,,,,,,,,,,,,,
0,12.117,36.908,,,,,,,,,,,,,
0,12.357,36.865,,,,,,,,,,,,,
0,12.697,36.714,,,,,,,,,,,,,
0,13.47,36.425,,,,,,,,,,,,,
0,14.523,36.197,,,,,,,,,,,,,
0,14.658,36.162,,,,,,,,,,,,,
0,14.771,36.158,,,,,,,,,,,,,
0,15.751,36.218,,,,,,,,,,,,,
0,16.734,36.121,,,,,,,,,,,,,
0,16.849,36.126,,,,,,,,,,,,,
0,16.999,36.159,,,,,,,,,,,,,
0,17.937,36.251,,,,,,,,,,,,,
0,18.903,36.351,,,,,,,,,,,,,
0,19.052,36.368,,,,,,,,,,,,,
0,19.177,36.358,,,,,,,,,,,,,
0,20.167,36.175,,,,,,,,,,,,,
0,21.215,36.189,,,,,,,,,,,,,
0,21.295,36.184,,,,,,,,,,,,,
0,22.227,36.163,,,,,,,,,,,,,
0,22.472,36.18,,,,,,,,,,,,,
0,23.167,36.2,,,,,,,,,,,,,
0,23.619,36.211,,,,,,,,,,,,,
0,23.996,36.193,,,,,,,,,,,,,
0,24.747,36.176,,,,,,,,,,,,,
0,25.697,36.213,,,,,,,,,,,,,
0,25.858,36.221,,,,,,,,,,,,,
0,25.992,36.206,,,,,,,,,,,,,
0,26.711,36.126,,,,,,,,,,,,,
0,27.522,36.056,,,,,,,,,,,,,
0,27.617,36.054,,,,,,,,,,,,,
0,27.706,36.051,,,,,,,,,,,,,
0,28.813,36.089,,,,,,,,,,,,,
0,29.978,36.228,,,,,,,,,,,,,
0,29.997,36.229,,,,,,,,,,,,,
0,30,36.229,,,,,,,,,,,,,
0.7,7,700,FALSE,,,99,,,,,0,,,,âÕêÏä«óùé{ê›ìôç\ë¢óﬂ
0,-30,36.367,,,,,,,,,,,,,
0,-29.543,36.354,,,,,,,,,,,,,
0,-29.035,36.361,,,,,,,,,,,,,
0,-28.28,36.399,,,,,,,,,,,,,
0,-27.655,36.432,,,,,,,,,,,,,
0,-27.214,36.431,,,,,,,,,,,,,
0,-26.549,36.41,,,,,,,,,,,,,
0,-26.053,36.389,,,,,,,,,,,,,
0,-25.606,36.397,,,,,,,,,,,,,
0,-24.995,36.395,,,,,,,,,,,,,
0,-24.466,36.408,,,,,,,,,,,,,
0,-23.73,36.431,,,,,,,,,,,,,
0,-23.08,36.436,,,,,,,,,,,,,
0,-22.616,36.447,,,,,,,,,,,,,
0,-21.934,36.424,,,,,,,,,,,,,
0,-21.347,36.411,,,,,,,,,,,,,
0,-20.899,36.392,,,,,,,,,,,,,
0,-20.391,36.4,,,,,,,,,,,,,
0,-19.596,36.407,,,,,,,,,,,,,
0,-18.079,36.43,,,,,,,,,,,,,
0,-18.066,36.43,,,,,,,,,,,,,
0,-18.059,36.43,,,,,,,,,,,,,
0,-16.646,36.446,,,,,,,,,,,,,
0,-15.816,36.415,,,,,,,,,,,,,
0,-15.38,36.403,,,,,,,,,,,,,
0,-15.032,36.38,,,,,,,,,,,,,
0,-14.324,36.371,,,,,,,,,,,,,
0,-13.431,36.437,,,,,,,,,,,,,
0,-13.212,36.454,,,,,,,,,,,,,
0,-12.795,36.524,,,,,,,,,,,,,
0,-11.696,36.682,,,,,,,,,,,,,
0,-11.05,37.383,,,,,,,,,,,,,
0,-10.488,38.154,,,,,,,,,,,,,
0,-10.166,38.276,,,,,,,,,,,,,
0,-9.521,38.391,,,,,,,,,,,,,
0,-8.568,38.49,,,,,,,,,,,,,
0,-8.556,38.491,,,,,,,,,,,,,
0,-8.539,38.49,,,,,,,,,,,,,
0,-7.068,38.435,,,,,,,,,,,,,
0,-6.397,38.158,,,,,,,,,,,,,
0,-5.519,37.801,,,,,,,,,,,,,
0,-4.084,36.961,,,,,,,,,,,,,
0,-3.979,36.88,,,,,,,,,,,,,
0,-3.681,36.431,,,,,,,,,,,,,
0,-2.529,34.651,,,,,,,,,,,,,
0,-2.112,34.65,,,,,,,,,,,,,
0,-1.076,34.78,,,,,,,,,,,,,
0,0.38,34.841,,,,,,,,,,,,,
0,0.397,34.839,,,,,,,,,,,,,
0,0.411,34.838,,,,,,,,,,,,,
0,1.39,34.817,,,,,,,,,,,,,
0,2.236,34.913,,,,,,,,,,,,,
0,2.386,34.958,,,,,,,,,,,,,
0,2.613,35.302,,,,,,,,,,,,,
0,3.461,36.262,,,,,,,,,,,,,
0,3.95,37.087,,,,,,,,,,,,,
0,4.529,37.584,,,,,,,,,,,,,
0,5.396,37.964,,,,,,,,,,,,,
0,5.67,38.072,,,,,,,,,,,,,
0,6.256,38.16,,,,,,,,,,,,,
0,7.193,38.326,,,,,,,,,,,,,
0,7.616,38.334,,,,,,,,,,,,,
0,8.357,38.349,,,,,,,,,,,,,
0,8.861,38.288,,,,,,,,,,,,,
0,9.348,38.179,,,,,,,,,,,,,
0,9.963,37.352,,,,,,,,,,,,,
0,10.498,36.784,,,,,,,,,,,,,
0,11.51,36.623,,,,,,,,,,,,,
0,11.846,36.56,,,,,,,,,,,,,
0,11.986,36.55,,,,,,,,,,,,,
0,12.076,36.546,,,,,,,,,,,,,
0,14.057,36.6,,,,,,,,,,,,,
0,14.627,36.572,,,,,,,,,,,,,
0,15.252,36.534,,,,,,,,,,,,,
0,16.176,36.592,,,,,,,,,,,,,
0,16.542,36.596,,,,,,,,,,,,,
0,16.776,36.57,,,,,,,,,,,,,
0,18.248,36.433,,,,,,,,,,,,,
0,18.69,36.46,,,,,,,,,,,,,
0,19.339,36.5,,,,,,,,,,,,,
0,19.833,36.507,,,,,,,,,,,,,
0,20.503,36.458,,,,,,,,,,,,,
0,21.112,36.406,,,,,,,,,,,,,
0,21.557,36.417,,,,,,,,,,,,,
0,22.372,36.388,,,,,,,,,,,,,
0,23.117,36.471,,,,,,,,,,,,,
0,23.6,36.48,,,,,,,,,,,,,
0,24.147,36.546,,,,,,,,,,,,,
0,24.797,36.578,,,,,,,,,,,,,
0,25.562,36.577,,,,,,,,,,,,,
0,25.964,36.533,,,,,,,,,,,,,
0,26.292,36.592,,,,,,,,,,,,,
0,27.015,36.587,,,,,,,,,,,,,
0,27.465,36.56,,,,,,,,,,,,,
0,28.006,36.45,,,,,,,,,,,,,
0,28.896,36.45,,,,,,,,,,,,,
0,29.07,36.444,,,,,,,,,,,,,
0,29.358,36.407,,,,,,,,,,,,,
0,30,36.312,,,,,,,,,,,,,
0.8,8,800,FALSE,,,104,,,,,0,,,,âÕêÏä«óùé{ê›ìôç\ë¢óﬂ
0,-30,36.736,,,,,,,,,,,,,
0,-29.328,36.742,,,,,,,,,,,,,
0,-28.509,36.743,,,,,,,,,,,,,
0,-28.266,36.751,,,,,,,,,,,,,
0,-28.027,36.848,,,,,,,,,,,,,
0,-27.019,37.232,,,,,,,,,,,,,
0,-26.084,37.442,,,,,,,,,,,,,
0,-25.97,37.473,,,,,,,,,,,,,
0,-24.971,38.024,,,,,,,,,,,,,
0,-24.722,38.194,,,,,,,,,,,,,
0,-24.101,38.547,,,,,,,,,,,,,
0,-23.643,38.859,,,,,,,,,,,,,
0,-23.443,38.829,,,,,,,,,,,,,
0,-22.422,38.797,,,,,,,,,,,,,
0,-22.203,38.792,,,,,,,,,,,,,
0,-21.381,38.752,,,,,,,,,,,,,
0,-20.471,38.707,,,,,,,,,,,,,
0,-20.185,38.699,,,,,,,,,,,,,
0,-20.069,38.707,,,,,,,,,,,,,
0,-19.505,38.748,,,,,,,,,,,,,
0,-19.194,38.773,,,,,,,,,,,,,
0,-19.131,38.778,,,,,,,,,,,,,
0,-18.944,38.761,,,,,,,,,,,,,
0,-17.928,38.731,,,,,,,,,,,,,
0,-17.535,38.701,,,,,,,,,,,,,
0,-16.852,38.71,,,,,,,,,,,,,
0,-16.189,38.686,,,,,,,,,,,,,
0,-15.663,38.703,,,,,,,,,,,,,
0,-15.041,38.704,,,,,,,,,,,,,
0,-14.631,38.715,,,,,,,,,,,,,
0,-13.431,38.701,,,,,,,,,,,,,
0,-13.404,38.7,,,,,,,,,,,,,
0,-13.159,38.698,,,,,,,,,,,,,
0,-12.354,38.688,,,,,,,,,,,,,
0,-12.28,38.688,,,,,,,,,,,,,
0,-11.18,38.689,,,,,,,,,,,,,
0,-10.228,38.723,,,,,,,,,,,,,
0,-10.132,38.726,,,,,,,,,,,,,
0,-9.98,38.735,,,,,,,,,,,,,
0,-8.922,38.758,,,,,,,,,,,,,
0,-8.429,38.691,,,,,,,,,,,,,
0,-7.911,38.566,,,,,,,,,,,,,
0,-6.765,38.168,,,,,,,,,,,,,
0,-6.745,38.162,,,,,,,,,,,,,
0,-6.737,38.157,,,,,,,,,,,,,
0,-6.702,38.103,,,,,,,,,,,,,
0,-5.946,37.018,,,,,,,,,,,,,
0,-5.775,36.622,,,,,,,,,,,,,
0,-5.151,36.149,,,,,,,,,,,,,
0,-3.929,35.862,,,,,,,,,,,,,
0,-3.583,35.761,,,,,,,,,,,,,
0,-3.101,35.41,,,,,,,,,,,,,
0,-2.432,35.514,,,,,,,,,,,,,
0,-0.686,35.811,,,,,,,,,,,,,
0,-0.445,35.808,,,,,,,,,,,,,
0,-0.208,35.724,,,,,,,,,,,,,
0,0.676,35.777,,,,,,,,,,,,,
0,0.858,36.054,,,,,,,,,,,,,
0,1.236,36.555,,,,,,,,,,,,,
0,2.124,38.034,,,,,,,,,,,,,
0,2.483,38.206,,,,,,,,,,,,,
0,3.208,38.406,,,,,,,,,,,,,
0,3.634,38.404,,,,,,,,,,,,,
0,4.338,38.389,,,,,,,,,,,,,
0,5.074,38.447,,,,,,,,,,,,,
0,5.398,38.456,,,,,,,,,,,,,
0,6.144,38.464,,,,,,,,,,,,,
0,6.548,38.48,,,,,,,,,,,,,
0,7.253,38.443,,,,,,,,,,,,,
0,7.603,38.413,,,,,,,,,,,,,
0,8.545,38.338,,,,,,,,,,,,,
0,8.779,38.31,,,,,,,,,,,,,
0,8.882,38.306,,,,,,,,,,,,,
0,9.013,38.307,,,,,,,,,,,,,
0,14.906,38.151,,,,,,,,,,,,,
0,15.717,38.186,,,,,,,,,,,,,
0,16.427,37.986,,,,,,,,,,,,,
0,16.685,37.893,,,,,,,,,,,,,
0,17.573,37.86,,,,,,,,,,,,,
0,17.871,37.9,,,,,,,,,,,,,
0,18.627,37.931,,,,,,,,,,,,,
0,19.131,37.911,,,,,,,,,,,,,
0,19.752,37.872,,,,,,,,,,,,,
0,20.684,37.84,,,,,,,,,,,,,
0,20.823,37.835,,,,,,,,,,,,,
0,20.984,37.826,,,,,,,,,,,,,
0,21.982,37.817,,,,,,,,,,,,,
0,22.982,37.749,,,,,,,,,,,,,
0,23.043,37.745,,,,,,,,,,,,,
0,23.074,37.743,,,,,,,,,,,,,
0,23.208,37.754,,,,,,,,,,,,,
0,24.001,37.827,,,,,,,,,,,,,
0,24.19,37.926,,,,,,,,,,,,,
0,24.71,38.03,,,,,,,,,,,,,
0,25.232,38.151,,,,,,,,,,,,,
0,25.501,38.134,,,,,,,,,,,,,
0,26.399,38.014,,,,,,,,,,,,,
0,26.779,38.132,,,,,,,,,,,,,
0,27.448,38.08,,,,,,,,,,,,,
0,27.856,37.909,,,,,,,,,,,,,
0,28.589,37.703,,,,,,,,,,,,,
0,29.168,37.683,,,,,,,,,,,,,
0,29.666,37.651,,,,,,,,,,,,,
0,30,37.634,,,,,,,,,,,,,
0.9,9,900,FALSE,,,104,,,,,0,,,,âÕêÏä«óùé{ê›ìôç\ë¢óﬂ
0,-30,38.865,,,,,,,,,,,,,
0,-29.587,38.873,,,,,,,,,,,,,
0,-29.096,38.924,,,,,,,,,,,,,
0,-28.801,38.967,,,,,,,,,,,,,
0,-28.177,39.053,,,,,,,,,,,,,
0,-25.813,39.287,,,,,,,,,,,,,
0,-24.933,39.237,,,,,,,,,,,,,
0,-24.725,39.185,,,,,,,,,,,,,
0,-23.795,39.261,,,,,,,,,,,,,
0,-23.457,39.269,,,,,,,,,,,,,
0,-23.312,39.266,,,,,,,,,,,,,
0,-22.666,39.252,,,,,,,,,,,,,
0,-22.122,39.245,,,,,,,,,,,,,
0,-21.43,39.223,,,,,,,,,,,,,
0,-20.986,39.206,,,,,,,,,,,,,
0,-20.66,39.203,,,,,,,,,,,,,
0,-20.37,39.217,,,,,,,,,,,,,
0,-19.403,39.24,,,,,,,,,,,,,
0,-19.079,39.24,,,,,,,,,,,,,
0,-17.776,39.24,,,,,,,,,,,,,
0,-17.36,39.239,,,,,,,,,,,,,
0,-17.262,39.242,,,,,,,,,,,,,
0,-16.558,39.236,,,,,,,,,,,,,
0,-15.825,39.267,,,,,,,,,,,,,
0,-14.956,39.184,,,,,,,,,,,,,
0,-13.724,39.167,,,,,,,,,,,,,
0,-12.671,39.134,,,,,,,,,,,,,
0,-12.517,39.142,,,,,,,,,,,,,
0,-12.155,38.95,,,,,,,,,,,,,
0,-11.287,38.495,,,,,,,,,,,,,
0,-11.058,38.625,,,,,,,,,,,,,
0,-10.464,38.976,,,,,,,,,,,,,
0,-9.793,39.038,,,,,,,,,,,,,
0,-9.232,39.07,,,,,,,,,,,,,
0,-8.558,39.079,,,,,,,,,,,,,
0,-8.448,39.08,,,,,,,,,,,,,
0,-8.357,39.046,,,,,,,,,,,,,
0,-7.232,38.575,,,,,,,,,,,,,
0,-6.729,38.089,,,,,,,,,,,,,
0,-6.472,37.749,,,,,,,,,,,,,
0,-6.164,37.599,,,,,,,,,,,,,
0,-5.266,36.572,,,,,,,,,,,,,
0,-4.726,36.58,,,,,,,,,,,,,
0,-4.461,36.695,,,,,,,,,,,,,
0,-3.262,36.087,,,,,,,,,,,,,
0,-3.247,36.081,,,,,,,,,,,,,
0,-3.221,36.08,,,,,,,,,,,,,
0,-2.457,36.127,,,,,,,,,,,,,
0,-1.475,36.135,,,,,,,,,,,,,
0,-1.286,36.172,,,,,,,,,,,,,
0,-1.114,36.151,,,,,,,,,,,,,
0,-0.917,36.22,,,,,,,,,,,,,
0,0.86,36.961,,,,,,,,,,,,,
0,1.676,38.386,,,,,,,,,,,,,
0,1.734,38.498,,,,,,,,,,,,,
0,1.82,38.548,,,,,,,,,,,,,
0,3.02,39.126,,,,,,,,,,,,,
0,3.428,39.157,,,,,,,,,,,,,
0,3.816,39.203,,,,,,,,,,,,,
0,4.314,39.224,,,,,,,,,,,,,
0,5.069,39.192,,,,,,,,,,,,,
0,5.783,38.819,,,,,,,,,,,,,
0,5.87,38.797,,,,,,,,,,,,,
0,6.163,38.657,,,,,,,,,,,,,
0,7.114,38.295,,,,,,,,,,,,,
0,7.695,38.303,,,,,,,,,,,,,
0,7.893,38.3,,,,,,,,,,,,,
0,8.821,38.3,,,,,,,,,,,,,
0,9.152,38.297,,,,,,,,,,,,,
0,9.8,38.298,,,,,,,,,,,,,
0,9.963,38.308,,,,,,,,,,,,,
0,10.956,38.238,,,,,,,,,,,,,
0,11.23,38.201,,,,,,,,,,,,,
0,11.952,38.249,,,,,,,,,,,,,
0,12.051,38.264,,,,,,,,,,,,,
0,12.239,38.258,,,,,,,,,,,,,
0,13.314,38.221,,,,,,,,,,,,,
0,13.808,38.225,,,,,,,,,,,,,
0,14.114,38.228,,,,,,,,,,,,,
0,14.933,38.202,,,,,,,,,,,,,
0,15.399,38.195,,,,,,,,,,,,,
0,15.903,38.252,,,,,,,,,,,,,
0,16.23,38.277,,,,,,,,,,,,,
0,17.106,38.246,,,,,,,,,,,,,
0,17.527,38.242,,,,,,,,,,,,,
0,17.695,38.236,,,,,,,,,,,,,
0,18.362,38.236,,,,,,,,,,,,,
0,19.421,38.313,,,,,,,,,,,,,
0,19.575,38.331,,,,,,,,,,,,,
0,19.673,38.328,,,,,,,,,,,,,
0,19.72,38.332,,,,,,,,,,,,,
0,20.679,38.213,,,,,,,,,,,,,
0,23.649,38.302,,,,,,,,,,,,,
0,24.576,38.46,,,,,,,,,,,,,
0,24.782,38.499,,,,,,,,,,,,,
0,25.267,38.509,,,,,,,,,,,,,
0,26.07,38.533,,,,,,,,,,,,,
0,26.647,38.579,,,,,,,,,,,,,
0,26.915,38.521,,,,,,,,,,,,,
0,27.477,38.438,,,,,,,,,,,,,
0,28.774,38.267,,,,,,,,,,,,,
0,29.055,38.288,,,,,,,,,,,,,
0,29.663,38.33,,,,,,,,,,,,,
0,30,38.367,,,,,,,,,,,,,
1,10,1000,FALSE,,,98,,,,,0,,,,âÕêÏä«óùé{ê›ìôç\ë¢óﬂ
0,-30,38.801,,,,,,,,,,,,,
0,-29.926,38.814,,,,,,,,,,,,,
0,-29.739,38.817,,,,,,,,,,,,,
0,-28.556,38.834,,,,,,,,,,,,,
0,-28.226,38.815,,,,,,,,,,,,,
0,-27.972,38.78,,,,,,,,,,,,,
0,-27.198,38.84,,,,,,,,,,,,,
0,-26.561,38.825,,,,,,,,,,,,,
0,-26.047,38.815,,,,,,,,,,,,,
0,-25.948,38.796,,,,,,,,,,,,,
0,-25.773,38.795,,,,,,,,,,,,,
0,-24.558,38.713,,,,,,,,,,,,,
0,-24.243,38.755,,,,,,,,,,,,,
0,-23.933,38.868,,,,,,,,,,,,,
0,-23.484,38.917,,,,,,,,,,,,,
0,-22.898,38.857,,,,,,,,,,,,,
0,-19.962,39.126,,,,,,,,,,,,,
0,-19.074,39.203,,,,,,,,,,,,,
0,-18.541,39.264,,,,,,,,,,,,,
0,-18.477,39.276,,,,,,,,,,,,,
0,-18.35,39.297,,,,,,,,,,,,,
0,-17.923,39.489,,,,,,,,,,,,,
0,-16.64,39.26,,,,,,,,,,,,,
0,-16.549,39.233,,,,,,,,,,,,,
0,-16.469,39.255,,,,,,,,,,,,,
0,-15.937,39.387,,,,,,,,,,,,,
0,-14.575,39.235,,,,,,,,,,,,,
0,-13.717,39.218,,,,,,,,,,,,,
0,-13.444,39.307,,,,,,,,,,,,,
0,-12.537,39.396,,,,,,,,,,,,,
0,-12.156,39.272,,,,,,,,,,,,,
0,-11.95,39.188,,,,,,,,,,,,,
0,-11.496,39.286,,,,,,,,,,,,,
0,-10.541,39.646,,,,,,,,,,,,,
0,-10.282,39.652,,,,,,,,,,,,,
0,-9.928,39.615,,,,,,,,,,,,,
0,-8.722,39.604,,,,,,,,,,,,,
0,-8.535,39.599,,,,,,,,,,,,,
0,-8.451,39.6,,,,,,,,,,,,,
0,-7.932,39.586,,,,,,,,,,,,,
0,-6.712,39,,,,,,,,,,,,,
0,-6.563,38.929,,,,,,,,,,,,,
0,-6.494,38.849,,,,,,,,,,,,,
0,-5.964,38.196,,,,,,,,,,,,,
0,-4.953,37.134,,,,,,,,,,,,,
0,-4.61,36.76,,,,,,,,,,,,,
0,-4.498,36.78,,,,,,,,,,,,,
0,-4.011,36.87,,,,,,,,,,,,,
0,-3.162,36.852,,,,,,,,,,,,,
0,-2.609,36.853,,,,,,,,,,,,,
0,-2.04,36.781,,,,,,,,,,,,,
0,-1.995,36.788,,,,,,,,,,,,,
0,-1.638,36.772,,,,,,,,,,,,,
0,-0.564,36.778,,,,,,,,,,,,,
0,-0.321,36.847,,,,,,,,,,,,,
0,0.01,36.905,,,,,,,,,,,,,
0,0.554,37.214,,,,,,,,,,,,,
0,1.481,37.726,,,,,,,,,,,,,
0,1.987,38.584,,,,,,,,,,,,,
0,2.135,38.813,,,,,,,,,,,,,
0,2.362,38.895,,,,,,,,,,,,,
0,3.588,39.369,,,,,,,,,,,,,
0,3.755,39.541,,,,,,,,,,,,,
0,4.236,40.051,,,,,,,,,,,,,
0,5.27,40.117,,,,,,,,,,,,,
0,5.673,40.152,,,,,,,,,,,,,
0,5.915,40.133,,,,,,,,,,,,,
0,6.25,40.125,,,,,,,,,,,,,
0,7.448,40.07,,,,,,,,,,,,,
0,7.704,40.066,,,,,,,,,,,,,
0,7.796,40.046,,,,,,,,,,,,,
0,8.336,40.16,,,,,,,,,,,,,
0,8.548,40.175,,,,,,,,,,,,,
0,9.797,40.112,,,,,,,,,,,,,
0,10.189,40.059,,,,,,,,,,,,,
0,10.406,40.041,,,,,,,,,,,,,
0,11.834,40.136,,,,,,,,,,,,,
0,11.886,40.139,,,,,,,,,,,,,
0,11.889,40.14,,,,,,,,,,,,,
0,12.485,40.137,,,,,,,,,,,,,
0,13.667,40.164,,,,,,,,,,,,,
0,13.949,40.184,,,,,,,,,,,,,
0,14.005,40.177,,,,,,,,,,,,,
0,14.556,40.173,,,,,,,,,,,,,
0,16.003,40.22,,,,,,,,,,,,,
0,16.019,40.22,,,,,,,,,,,,,
0,16.029,40.221,,,,,,,,,,,,,
0,16.679,40.238,,,,,,,,,,,,,
0,17.682,40.166,,,,,,,,,,,,,
0,18.137,40.159,,,,,,,,,,,,,
0,18.22,40.15,,,,,,,,,,,,,
0,18.31,40.143,,,,,,,,,,,,,
0,23.222,40.28,,,,,,,,,,,,,
0,23.864,40.336,,,,,,,,,,,,,
0,24.785,40.357,,,,,,,,,,,,,
0,26.735,40.469,,,,,,,,,,,,,
0,28.781,40.475,,,,,,,,,,,,,
0,30,40.528,,,,,,,,,,,,,
1.1,11,1100,FALSE,,,114,,,,,0,,,,âÕêÏä«óùé{ê›ìôç\ë¢óﬂ
0,-30,40.408,,,,,,,,,,,,,
0,-29.833,40.398,,,,,,,,,,,,,
0,-29.677,40.433,,,,,,,,,,,,,
0,-29.326,40.496,,,,,,,,,,,,,
0,-28.09,40.554,,,,,,,,,,,,,
0,-27.916,40.557,,,,,,,,,,,,,
0,-27.753,40.551,,,,,,,,,,,,,
0,-27.39,40.553,,,,,,,,,,,,,
0,-27.024,40.558,,,,,,,,,,,,,
0,-25.953,40.527,,,,,,,,,,,,,
0,-25.694,40.55,,,,,,,,,,,,,
0,-25.461,40.511,,,,,,,,,,,,,
0,-25.017,40.516,,,,,,,,,,,,,
0,-24.009,40.438,,,,,,,,,,,,,
0,-23.919,40.431,,,,,,,,,,,,,
0,-23.498,40.493,,,,,,,,,,,,,
0,-23.346,40.493,,,,,,,,,,,,,
0,-22.596,40.562,,,,,,,,,,,,,
0,-22.151,40.607,,,,,,,,,,,,,
0,-22.061,40.613,,,,,,,,,,,,,
0,-21.99,40.617,,,,,,,,,,,,,
0,-21.564,40.564,,,,,,,,,,,,,
0,-20.578,40.538,,,,,,,,,,,,,
0,-20.115,40.493,,,,,,,,,,,,,
0,-19.922,40.473,,,,,,,,,,,,,
0,-19.602,40.482,,,,,,,,,,,,,
0,-18.542,40.72,,,,,,,,,,,,,
0,-17.687,41.107,,,,,,,,,,,,,
0,-16.87,41.636,,,,,,,,,,,,,
0,-16.261,41.738,,,,,,,,,,,,,
0,-15.872,41.745,,,,,,,,,,,,,
0,-15.754,41.746,,,,,,,,,,,,,
0,-15.525,41.746,,,,,,,,,,,,,
0,-14.305,41.729,,,,,,,,,,,,,
0,-14.117,41.742,,,,,,,,,,,,,
0,-13.828,41.756,,,,,,,,,,,,,
0,-12.78,41.696,,,,,,,,,,,,,
0,-12.382,41.668,,,,,,,,,,,,,
0,-11.91,41.726,,,,,,,,,,,,,
0,-11.861,41.731,,,,,,,,,,,,,
0,-11.69,41.739,,,,,,,,,,,,,
0,-10.437,41.766,,,,,,,,,,,,,
0,-10.016,41.748,,,,,,,,,,,,,
0,-9.94,41.747,,,,,,,,,,,,,
0,-9.842,41.746,,,,,,,,,,,,,
0,-8.524,41.734,,,,,,,,,,,,,
0,-8.477,41.73,,,,,,,,,,,,,
0,-7.976,41.712,,,,,,,,,,,,,
0,-6.957,41.258,,,,,,,,,,,,,
0,-6.557,41.016,,,,,,,,,,,,,
0,-6.071,40.952,,,,,,,,,,,,,
0,-6.064,40.951,,,,,,,,,,,,,
0,-6.061,40.947,,,,,,,,,,,,,
0,-5.319,39.72,,,,,,,,,,,,,
0,-0.627,39.938,,,,,,,,,,,,,
0,1.703,40.015,,,,,,,,,,,,,
0,2.624,40.96,,,,,,,,,,,,,
0,3.106,41.098,,,,,,,,,,,,,
0,3.584,41.423,,,,,,,,,,,,,
0,3.607,41.44,,,,,,,,,,,,,
0,4.852,41.746,,,,,,,,,,,,,
0,5.037,41.776,,,,,,,,,,,,,
0,5.461,41.768,,,,,,,,,,,,,
0,5.528,41.761,,,,,,,,,,,,,
0,5.898,41.764,,,,,,,,,,,,,
0,6.958,41.752,,,,,,,,,,,,,
0,7.173,41.76,,,,,,,,,,,,,
0,7.448,41.752,,,,,,,,,,,,,
0,8.898,40.997,,,,,,,,,,,,,
0,8.912,40.989,,,,,,,,,,,,,
0,8.95,40.98,,,,,,,,,,,,,
0,9.4,40.868,,,,,,,,,,,,,
0,9.481,40.859,,,,,,,,,,,,,
0,10.865,40.79,,,,,,,,,,,,,
0,10.875,40.789,,,,,,,,,,,,,
0,11.334,40.718,,,,,,,,,,,,,
0,12.161,40.653,,,,,,,,,,,,,
0,12.805,40.595,,,,,,,,,,,,,
0,13.085,40.58,,,,,,,,,,,,,
0,13.266,40.569,,,,,,,,,,,,,
0,13.702,40.393,,,,,,,,,,,,,
0,14.729,40.108,,,,,,,,,,,,,
0,14.797,40.084,,,,,,,,,,,,,
0,15.257,39.971,,,,,,,,,,,,,
0,15.967,39.753,,,,,,,,,,,,,
0,16.723,39.346,,,,,,,,,,,,,
0,16.882,39.304,,,,,,,,,,,,,
0,17.191,39.157,,,,,,,,,,,,,
0,18.613,38.748,,,,,,,,,,,,,
0,18.675,38.741,,,,,,,,,,,,,
0,18.688,38.74,,,,,,,,,,,,,
0,19.151,38.75,,,,,,,,,,,,,
0,20.63,38.71,,,,,,,,,,,,,
0,20.631,38.71,,,,,,,,,,,,,
0,20.632,38.71,,,,,,,,,,,,,
0,21.124,38.721,,,,,,,,,,,,,
0,22.369,38.698,,,,,,,,,,,,,
0,22.619,38.687,,,,,,,,,,,,,
0,23.065,38.66,,,,,,,,,,,,,
0,23.096,38.661,,,,,,,,,,,,,
0,23.398,38.658,,,,,,,,,,,,,
0,24.597,38.645,,,,,,,,,,,,,
0,24.741,38.65,,,,,,,,,,,,,
0,25.087,38.644,,,,,,,,,,,,,
0,25.555,38.646,,,,,,,,,,,,,
0,26.544,38.668,,,,,,,,,,,,,
0,26.75,38.666,,,,,,,,,,,,,
0,27.045,38.669,,,,,,,,,,,,,
0,28.156,38.685,,,,,,,,,,,,,
0,28.526,38.672,,,,,,,,,,,,,
0,28.771,38.67,,,,,,,,,,,,,
0,29.029,38.679,,,,,,,,,,,,,
0,29.345,38.669,,,,,,,,,,,,,
0,30,38.687,,,,,,,,,,,,,
