0,0,0,FALSE,,,87,,,,,0,,,,âÕêÏä«óùé{ê›ìôç\ë¢óﬂ
0,-28.359,106.58,,,,,,,,,,,,,
0,-27.429,106.792,,,,,,,,,,,,,
0,-27.377,106.801,,,,,,,,,,,,,
0,-26.022,106.81,,,,,,,,,,,,,
0,-25.459,106.771,,,,,,,,,,,,,
0,-24.58,106.721,,,,,,,,,,,,,
0,-24.19,106.693,,,,,,,,,,,,,
0,-23.245,106.414,,,,,,,,,,,,,
0,-23.19,106.407,,,,,,,,,,,,,
0,-23.055,106.367,,,,,,,,,,,,,
0,-22.187,106.245,,,,,,,,,,,,,
0,-21.382,106.579,,,,,,,,,,,,,
0,-20.401,106.66,,,,,,,,,,,,,
0,-19.983,106.716,,,,,,,,,,,,,
0,-19.129,106.699,,,,,,,,,,,,,
0,-19.029,106.698,,,,,,,,,,,,,
0,-18.98,106.694,,,,,,,,,,,,,
0,-18.744,106.676,,,,,,,,,,,,,
0,-17.625,106.615,,,,,,,,,,,,,
0,-17.325,106.571,,,,,,,,,,,,,
0,-16.192,106.558,,,,,,,,,,,,,
0,-15.915,106.575,,,,,,,,,,,,,
0,-14.845,106.629,,,,,,,,,,,,,
0,-14.471,106.643,,,,,,,,,,,,,
0,-13.778,106.176,,,,,,,,,,,,,
0,-12.225,104.939,,,,,,,,,,,,,
0,-11.752,104.479,,,,,,,,,,,,,
0,-10.903,103.48,,,,,,,,,,,,,
0,-10.449,102.846,,,,,,,,,,,,,
0,-9.676,101.847,,,,,,,,,,,,,
0,-9.133,101.528,,,,,,,,,,,,,
0,-8.285,101.46,,,,,,,,,,,,,
0,-7.512,101.471,,,,,,,,,,,,,
0,-6.98,101.501,,,,,,,,,,,,,
0,-5.764,101.506,,,,,,,,,,,,,
0,-5.615,101.511,,,,,,,,,,,,,
0,-5.302,101.505,,,,,,,,,,,,,
0,-4.297,101.497,,,,,,,,,,,,,
0,-3.958,101.497,,,,,,,,,,,,,
0,-2.912,101.49,,,,,,,,,,,,,
0,-2.657,101.49,,,,,,,,,,,,,
0,-1.692,101.483,,,,,,,,,,,,,
0,-1.639,101.483,,,,,,,,,,,,,
0,-1.529,101.484,,,,,,,,,,,,,
0,-0.318,101.519,,,,,,,,,,,,,
0,0.199,101.522,,,,,,,,,,,,,
0,0.916,101.51,,,,,,,,,,,,,
0,1.262,101.52,,,,,,,,,,,,,
0,2.244,101.607,,,,,,,,,,,,,
0,2.551,101.672,,,,,,,,,,,,,
0,3.072,102.436,,,,,,,,,,,,,
0,4.965,104.554,,,,,,,,,,,,,
0,5.378,104.769,,,,,,,,,,,,,
0,6.162,105.174,,,,,,,,,,,,,
0,7.029,105.503,,,,,,,,,,,,,
0,7.493,105.635,,,,,,,,,,,,,
0,8.153,105.81,,,,,,,,,,,,,
0,8.642,106.01,,,,,,,,,,,,,
0,9.495,106.144,,,,,,,,,,,,,
0,10.567,106.134,,,,,,,,,,,,,
0,11.902,106.078,,,,,,,,,,,,,
0,12.498,106.083,,,,,,,,,,,,,
0,14.53,106.024,,,,,,,,,,,,,
0,16.471,107.035,,,,,,,,,,,,,
0,16.598,107.116,,,,,,,,,,,,,
0,17.249,107.43,,,,,,,,,,,,,
0,18.605,107.863,,,,,,,,,,,,,
0,19.807,108.117,,,,,,,,,,,,,
0,20.279,108.068,,,,,,,,,,,,,
0,20.437,108.09,,,,,,,,,,,,,
0,21.795,108.214,,,,,,,,,,,,,
0,22.24,108.59,,,,,,,,,,,,,
0,22.24,108.59,,,,,,,,,,,,,
0,22.78,108.595,,,,,,,,,,,,,
0,22.78,108.595,,,,,,,,,,,,,
0,23.316,108.808,,,,,,,,,,,,,
0,23.316,108.808,,,,,,,,,,,,,
0,24.004,109.033,,,,,,,,,,,,,
0,24.459,109.336,,,,,,,,,,,,,
0,25.143,109.906,,,,,,,,,,,,,
0,25.668,110.24,,,,,,,,,,,,,
0,26.445,110.835,,,,,,,,,,,,,
0,27.242,111.578,,,,,,,,,,,,,
0,28.045,112.475,,,,,,,,,,,,,
0,28.313,112.502,,,,,,,,,,,,,
0,28.818,113.032,,,,,,,,,,,,,
0,29.06,113.493,,,,,,,,,,,,,
0.1,1,100,FALSE,,,60,,,,,0,,,,âÕêÏä«óùé{ê›ìôç\ë¢óﬂ
0,-28.502,105.702,,,,,,,,,,,,,
0,-28.25,105.691,,,,,,,,,,,,,
0,-27.927,105.573,,,,,,,,,,,,,
0,-26.89,105.446,,,,,,,,,,,,,
0,-26.314,105.36,,,,,,,,,,,,,
0,-25.779,105.124,,,,,,,,,,,,,
0,-25.087,105.048,,,,,,,,,,,,,
0,-24.84,105.03,,,,,,,,,,,,,
0,-24.34,104.997,,,,,,,,,,,,,
0,-23.761,104.983,,,,,,,,,,,,,
0,-23.474,104.951,,,,,,,,,,,,,
0,-22.805,104.821,,,,,,,,,,,,,
0,-22.268,104.8,,,,,,,,,,,,,
0,-21.423,104.715,,,,,,,,,,,,,
0,-20.652,104.718,,,,,,,,,,,,,
0,-19.911,104.67,,,,,,,,,,,,,
0,-19.428,104.656,,,,,,,,,,,,,
0,-15.88,104.659,,,,,,,,,,,,,
0,-13.948,104.635,,,,,,,,,,,,,
0,-13.345,104.73,,,,,,,,,,,,,
0,-12.993,104.696,,,,,,,,,,,,,
0,-12.029,104.993,,,,,,,,,,,,,
0,-11.708,105.06,,,,,,,,,,,,,
0,-10.813,104.869,,,,,,,,,,,,,
0,-10.408,104.75,,,,,,,,,,,,,
0,-9.371,104.096,,,,,,,,,,,,,
0,-9.254,104.026,,,,,,,,,,,,,
0,-9.211,103.953,,,,,,,,,,,,,
0,-8.997,103.573,,,,,,,,,,,,,
0,-8.145,102.038,,,,,,,,,,,,,
0,-7.858,101.746,,,,,,,,,,,,,
0,-6.549,101.538,,,,,,,,,,,,,
0,-6.184,101.53,,,,,,,,,,,,,
0,-5.722,101.568,,,,,,,,,,,,,
0,-2.31,101.556,,,,,,,,,,,,,
0,-1.107,101.544,,,,,,,,,,,,,
0,2.887,101.642,,,,,,,,,,,,,
0,3.386,101.63,,,,,,,,,,,,,
0,3.558,101.652,,,,,,,,,,,,,
0,4.636,101.867,,,,,,,,,,,,,
0,5.421,103.061,,,,,,,,,,,,,
0,5.795,103.736,,,,,,,,,,,,,
0,6.78,104.78,,,,,,,,,,,,,
0,6.798,104.8,,,,,,,,,,,,,
0,6.803,104.8,,,,,,,,,,,,,
0,8.415,104.836,,,,,,,,,,,,,
0,8.547,104.844,,,,,,,,,,,,,
0,9.769,104.812,,,,,,,,,,,,,
0,9.8,104.817,,,,,,,,,,,,,
0,11.194,105.612,,,,,,,,,,,,,
0,11.295,105.818,,,,,,,,,,,,,
0,16.18,110.884,,,,,,,,,,,,,
0,19.623,115.369,,,,,,,,,,,,,
0,19.623,115.369,,,,,,,,,,,,,
0,22.528,119.115,,,,,,,,,,,,,
0,22.528,119.115,,,,,,,,,,,,,
0,25.166,122.865,,,,,,,,,,,,,
0,25.166,122.865,,,,,,,,,,,,,
0,27.39,124.065,,,,,,,,,,,,,
0,30.076,124.628,,,,,,,,,,,,,
0.2,2,200,FALSE,,,72,,,,,0,,,,âÕêÏä«óùé{ê›ìôç\ë¢óﬂ
0,-20,102.594,,,,,,,,,,,,,
0,-19.296,102.555,,,,,,,,,,,,,
0,-19.188,102.552,,,,,,,,,,,,,
0,-18.228,102.611,,,,,,,,,,,,,
0,-17.994,102.626,,,,,,,,,,,,,
0,-17.395,102.638,,,,,,,,,,,,,
0,-16.682,102.658,,,,,,,,,,,,,
0,-16.398,102.742,,,,,,,,,,,,,
0,-15.77,102.914,,,,,,,,,,,,,
0,-15.332,103.045,,,,,,,,,,,,,
0,-15.128,103.112,,,,,,,,,,,,,
0,-14.638,103.354,,,,,,,,,,,,,
0,-13.81,103.764,,,,,,,,,,,,,
0,-13.452,103.985,,,,,,,,,,,,,
0,-12.947,104.304,,,,,,,,,,,,,
0,-12.357,104.635,,,,,,,,,,,,,
0,-12.213,104.722,,,,,,,,,,,,,
0,-12.072,104.743,,,,,,,,,,,,,
0,-11.255,104.816,,,,,,,,,,,,,
0,-10.482,104.796,,,,,,,,,,,,,
0,-10.267,104.794,,,,,,,,,,,,,
0,-9.425,104.764,,,,,,,,,,,,,
0,-9.197,104.76,,,,,,,,,,,,,
0,-8.922,104.535,,,,,,,,,,,,,
0,-8.221,103.75,,,,,,,,,,,,,
0,-7.729,102.967,,,,,,,,,,,,,
0,-7.38,102.189,,,,,,,,,,,,,
0,-6.778,102.041,,,,,,,,,,,,,
0,-6.492,101.928,,,,,,,,,,,,,
0,-5.665,101.88,,,,,,,,,,,,,
0,-4.919,101.988,,,,,,,,,,,,,
0,-4.497,102.034,,,,,,,,,,,,,
0,-4.257,102.002,,,,,,,,,,,,,
0,-3.202,101.965,,,,,,,,,,,,,
0,-1.322,101.993,,,,,,,,,,,,,
0,0.25,102.06,,,,,,,,,,,,,
0,0.351,102.069,,,,,,,,,,,,,
0,0.916,102.102,,,,,,,,,,,,,
0,1.135,102.132,,,,,,,,,,,,,
0,1.677,102.13,,,,,,,,,,,,,
0,1.914,102.134,,,,,,,,,,,,,
0,2.011,102.14,,,,,,,,,,,,,
0,3.577,102.159,,,,,,,,,,,,,
0,3.865,102.147,,,,,,,,,,,,,
0,4.626,102.1,,,,,,,,,,,,,
0,4.87,102.154,,,,,,,,,,,,,
0,5.889,102.528,,,,,,,,,,,,,
0,6.916,104.346,,,,,,,,,,,,,
0,7.07,104.626,,,,,,,,,,,,,
0,7.942,104.737,,,,,,,,,,,,,
0,8.288,104.744,,,,,,,,,,,,,
0,8.726,104.757,,,,,,,,,,,,,
0,9.325,104.767,,,,,,,,,,,,,
0,9.809,104.758,,,,,,,,,,,,,
0,10.646,104.755,,,,,,,,,,,,,
0,10.824,104.773,,,,,,,,,,,,,
0,12.281,105.374,,,,,,,,,,,,,
0,12.701,105.48,,,,,,,,,,,,,
0,13.223,105.487,,,,,,,,,,,,,
0,13.668,105.357,,,,,,,,,,,,,
0,13.957,105.236,,,,,,,,,,,,,
0,14.063,105.224,,,,,,,,,,,,,
0,15.518,105.191,,,,,,,,,,,,,
0,15.539,105.19,,,,,,,,,,,,,
0,15.608,105.185,,,,,,,,,,,,,
0,16.271,105.132,,,,,,,,,,,,,
0,16.461,105.119,,,,,,,,,,,,,
0,17.519,105.036,,,,,,,,,,,,,
0,18.264,105.052,,,,,,,,,,,,,
0,18.862,105.08,,,,,,,,,,,,,
0,19.423,105.114,,,,,,,,,,,,,
0,20,105.119,,,,,,,,,,,,,
0.3,3,300,FALSE,,,92,,,,,0,,,,âÕêÏä«óùé{ê›ìôç\ë¢óﬂ
0,-26.332,102.704,,,,,,,,,,,,,
0,-26.213,102.716,,,,,,,,,,,,,
0,-26.086,102.729,,,,,,,,,,,,,
0,-26.058,102.729,,,,,,,,,,,,,
0,-24.819,102.646,,,,,,,,,,,,,
0,-24.499,102.635,,,,,,,,,,,,,
0,-23.577,102.632,,,,,,,,,,,,,
0,-22.979,102.631,,,,,,,,,,,,,
0,-22.307,102.65,,,,,,,,,,,,,
0,-21.444,102.669,,,,,,,,,,,,,
0,-21.065,102.64,,,,,,,,,,,,,
0,-19.94,102.607,,,,,,,,,,,,,
0,-19.831,102.61,,,,,,,,,,,,,
0,-19.321,102.622,,,,,,,,,,,,,
0,-18.682,102.64,,,,,,,,,,,,,
0,-18.414,102.665,,,,,,,,,,,,,
0,-17.628,102.798,,,,,,,,,,,,,
0,-16.918,102.863,,,,,,,,,,,,,
0,-16.58,102.945,,,,,,,,,,,,,
0,-15.71,103.245,,,,,,,,,,,,,
0,-15.548,103.307,,,,,,,,,,,,,
0,-15.521,103.316,,,,,,,,,,,,,
0,-14.41,103.463,,,,,,,,,,,,,
0,-14.172,103.494,,,,,,,,,,,,,
0,-13.321,103.898,,,,,,,,,,,,,
0,-12.931,104.141,,,,,,,,,,,,,
0,-12.238,104.55,,,,,,,,,,,,,
0,-11.681,104.757,,,,,,,,,,,,,
0,-11.139,104.846,,,,,,,,,,,,,
0,-10.35,104.868,,,,,,,,,,,,,
0,-10.005,104.867,,,,,,,,,,,,,
0,-8.998,104.83,,,,,,,,,,,,,
0,-8.868,104.814,,,,,,,,,,,,,
0,-8.23,104.651,,,,,,,,,,,,,
0,-7.784,104.538,,,,,,,,,,,,,
0,-7.532,104.422,,,,,,,,,,,,,
0,-6.75,103.651,,,,,,,,,,,,,
0,-5.875,102.247,,,,,,,,,,,,,
0,-5.626,101.863,,,,,,,,,,,,,
0,-5.546,101.81,,,,,,,,,,,,,
0,-4.47,101.9,,,,,,,,,,,,,
0,-4.321,101.919,,,,,,,,,,,,,
0,-3.838,101.933,,,,,,,,,,,,,
0,-1.582,101.985,,,,,,,,,,,,,
0,0.339,101.905,,,,,,,,,,,,,
0,1.358,101.864,,,,,,,,,,,,,
0,2.103,101.875,,,,,,,,,,,,,
0,2.299,101.872,,,,,,,,,,,,,
0,2.905,101.908,,,,,,,,,,,,,
0,3.359,101.97,,,,,,,,,,,,,
0,4.311,102.712,,,,,,,,,,,,,
0,4.366,102.772,,,,,,,,,,,,,
0,4.593,103.092,,,,,,,,,,,,,
0,5.403,104.221,,,,,,,,,,,,,
0,5.497,104.26,,,,,,,,,,,,,
0,6.588,104.657,,,,,,,,,,,,,
0,6.896,104.696,,,,,,,,,,,,,
0,7.77,104.879,,,,,,,,,,,,,
0,8.309,104.886,,,,,,,,,,,,,
0,8.989,104.852,,,,,,,,,,,,,
0,9.803,104.708,,,,,,,,,,,,,
0,10.227,104.65,,,,,,,,,,,,,
0,11.406,104.156,,,,,,,,,,,,,
0,11.539,104.097,,,,,,,,,,,,,
0,12.054,103.838,,,,,,,,,,,,,
0,12.615,103.521,,,,,,,,,,,,,
0,12.929,103.381,,,,,,,,,,,,,
0,13.57,103.152,,,,,,,,,,,,,
0,14.388,102.895,,,,,,,,,,,,,
0,14.525,102.85,,,,,,,,,,,,,
0,14.799,102.801,,,,,,,,,,,,,
0,15.614,102.652,,,,,,,,,,,,,
0,15.782,102.649,,,,,,,,,,,,,
0,16.778,102.678,,,,,,,,,,,,,
0,17.158,102.68,,,,,,,,,,,,,
0,17.922,102.711,,,,,,,,,,,,,
0,18.512,102.725,,,,,,,,,,,,,
0,19.064,102.726,,,,,,,,,,,,,
0,19.894,102.72,,,,,,,,,,,,,
0,20.234,102.713,,,,,,,,,,,,,
0,21.248,102.717,,,,,,,,,,,,,
0,21.373,102.718,,,,,,,,,,,,,
0,22.054,102.708,,,,,,,,,,,,,
0,22.528,102.7,,,,,,,,,,,,,
0,22.866,102.691,,,,,,,,,,,,,
0,23.676,102.67,,,,,,,,,,,,,
0,24.82,102.71,,,,,,,,,,,,,
0,24.832,102.71,,,,,,,,,,,,,
0,24.848,102.709,,,,,,,,,,,,,
0,25.939,102.663,,,,,,,,,,,,,
0,26.124,102.696,,,,,,,,,,,,,
0,26.712,102.903,,,,,,,,,,,,,
0.4,4,400,FALSE,,,72,,,,,0,,,,âÕêÏä«óùé{ê›ìôç\ë¢óﬂ
0,-25.928,103.207,,,,,,,,,,,,,
0,-25.62,103.21,,,,,,,,,,,,,
0,-24.783,103.037,,,,,,,,,,,,,
0,-24.188,103.577,,,,,,,,,,,,,
0,-23.899,103.727,,,,,,,,,,,,,
0,-23.239,103.867,,,,,,,,,,,,,
0,-17.156,104.554,,,,,,,,,,,,,
0,-12.538,105.126,,,,,,,,,,,,,
0,-12.353,105.071,,,,,,,,,,,,,
0,-11.706,104.874,,,,,,,,,,,,,
0,-11.253,104.867,,,,,,,,,,,,,
0,-10.261,104.851,,,,,,,,,,,,,
0,-10.162,104.853,,,,,,,,,,,,,
0,-9.84,104.859,,,,,,,,,,,,,
0,-9.274,104.874,,,,,,,,,,,,,
0,-8.767,104.78,,,,,,,,,,,,,
0,-8.46,104.646,,,,,,,,,,,,,
0,-8.158,104.518,,,,,,,,,,,,,
0,-7.469,104.231,,,,,,,,,,,,,
0,-7.248,104.139,,,,,,,,,,,,,
0,-6.349,102.968,,,,,,,,,,,,,
0,-5.592,102.066,,,,,,,,,,,,,
0,-5.241,102.053,,,,,,,,,,,,,
0,-4.289,102.036,,,,,,,,,,,,,
0,-4.227,102.035,,,,,,,,,,,,,
0,-3.686,102,,,,,,,,,,,,,
0,-3.569,102.009,,,,,,,,,,,,,
0,-2.501,102.001,,,,,,,,,,,,,
0,2.141,102.071,,,,,,,,,,,,,
0,2.171,102.074,,,,,,,,,,,,,
0,2.557,102.077,,,,,,,,,,,,,
0,3.118,102.07,,,,,,,,,,,,,
0,3.554,102.044,,,,,,,,,,,,,
0,3.941,102.156,,,,,,,,,,,,,
0,4.668,103.077,,,,,,,,,,,,,
0,4.754,103.169,,,,,,,,,,,,,
0,4.769,103.195,,,,,,,,,,,,,
0,5.688,104.255,,,,,,,,,,,,,
0,5.903,104.349,,,,,,,,,,,,,
0,6.713,104.737,,,,,,,,,,,,,
0,7.211,104.824,,,,,,,,,,,,,
0,7.786,104.836,,,,,,,,,,,,,
0,8.598,104.815,,,,,,,,,,,,,
0,8.862,104.806,,,,,,,,,,,,,
0,9.757,104.81,,,,,,,,,,,,,
0,9.874,104.804,,,,,,,,,,,,,
0,9.987,104.782,,,,,,,,,,,,,
0,10.735,104.541,,,,,,,,,,,,,
0,11.434,104.34,,,,,,,,,,,,,
0,11.667,104.282,,,,,,,,,,,,,
0,11.757,104.233,,,,,,,,,,,,,
0,12.88,103.829,,,,,,,,,,,,,
0,13.396,103.665,,,,,,,,,,,,,
0,14.097,103.437,,,,,,,,,,,,,
0,15,103.32,,,,,,,,,,,,,
0,15.285,103.249,,,,,,,,,,,,,
0,16.135,103.165,,,,,,,,,,,,,
0,16.412,103.131,,,,,,,,,,,,,
0,16.73,103.133,,,,,,,,,,,,,
0,17.391,103.12,,,,,,,,,,,,,
0,17.966,103.132,,,,,,,,,,,,,
0,18.385,103.162,,,,,,,,,,,,,
0,18.491,103.161,,,,,,,,,,,,,
0,19.392,103.162,,,,,,,,,,,,,
0,19.761,103.155,,,,,,,,,,,,,
0,20.472,103.164,,,,,,,,,,,,,
0,20.738,103.18,,,,,,,,,,,,,
0,21.135,103.214,,,,,,,,,,,,,
0,21.93,103.296,,,,,,,,,,,,,
0,22.696,103.183,,,,,,,,,,,,,
0,23.09,103.177,,,,,,,,,,,,,
0,23.349,103.193,,,,,,,,,,,,,
0.5,5,520,FALSE,,,57,,,,,0,,,,âÕêÏä«óùé{ê›ìôç\ë¢óﬂ
0,-20,104.653,,,,,,,,,,,,,
0,-19.134,104.679,,,,,,,,,,,,,
0,-18.446,104.699,,,,,,,,,,,,,
0,-17.905,104.72,,,,,,,,,,,,,
0,-17.205,104.713,,,,,,,,,,,,,
0,-16.883,104.709,,,,,,,,,,,,,
0,-16.183,104.681,,,,,,,,,,,,,
0,-16.131,104.679,,,,,,,,,,,,,
0,-16.107,104.678,,,,,,,,,,,,,
0,-15.076,104.679,,,,,,,,,,,,,
0,-14.43,104.673,,,,,,,,,,,,,
0,-14.022,104.7,,,,,,,,,,,,,
0,-13.381,104.712,,,,,,,,,,,,,
0,-12.904,104.698,,,,,,,,,,,,,
0,-12.315,104.685,,,,,,,,,,,,,
0,-11.639,104.575,,,,,,,,,,,,,
0,-10.859,104.684,,,,,,,,,,,,,
0,-10.2,104.681,,,,,,,,,,,,,
0,-9.595,104.679,,,,,,,,,,,,,
0,-9.216,104.697,,,,,,,,,,,,,
0,-8.598,104.644,,,,,,,,,,,,,
0,-8.55,104.643,,,,,,,,,,,,,
0,-8.521,104.634,,,,,,,,,,,,,
0,-7.406,104.439,,,,,,,,,,,,,
0,-6.576,104.17,,,,,,,,,,,,,
0,-6.266,104.051,,,,,,,,,,,,,
0,-6.14,103.949,,,,,,,,,,,,,
0,-5.752,103.4,,,,,,,,,,,,,
0,2.947,103.633,,,,,,,,,,,,,
0,5.562,103.91,,,,,,,,,,,,,
0,6.121,104.147,,,,,,,,,,,,,
0,6.513,104.338,,,,,,,,,,,,,
0,6.919,104.471,,,,,,,,,,,,,
0,7.751,104.747,,,,,,,,,,,,,
0,8.576,104.781,,,,,,,,,,,,,
0,8.799,104.786,,,,,,,,,,,,,
0,9.288,104.75,,,,,,,,,,,,,
0,9.531,104.736,,,,,,,,,,,,,
0,9.639,104.737,,,,,,,,,,,,,
0,10.968,104.78,,,,,,,,,,,,,
0,12.144,104.329,,,,,,,,,,,,,
0,12.281,104.25,,,,,,,,,,,,,
0,12.483,104.112,,,,,,,,,,,,,
0,12.976,103.825,,,,,,,,,,,,,
0,13.301,103.705,,,,,,,,,,,,,
0,14.027,103.454,,,,,,,,,,,,,
0,14.983,103.378,,,,,,,,,,,,,
0,15.399,103.311,,,,,,,,,,,,,
0,15.732,103.317,,,,,,,,,,,,,
0,16.547,103.325,,,,,,,,,,,,,
0,16.826,103.36,,,,,,,,,,,,,
0,17.651,103.723,,,,,,,,,,,,,
0,18.389,104.042,,,,,,,,,,,,,
0,18.742,104.148,,,,,,,,,,,,,
0,19.183,104.062,,,,,,,,,,,,,
0,19.562,103.949,,,,,,,,,,,,,
0,20,103.832,,,,,,,,,,,,,
0.6,6,600,FALSE,,,61,,,,,0,,,,âÕêÏä«óùé{ê›ìôç\ë¢óﬂ
0,-20,103.621,,,,,,,,,,,,,
0,-19.924,103.619,,,,,,,,,,,,,
0,-18.995,103.563,,,,,,,,,,,,,
0,-18.228,103.573,,,,,,,,,,,,,
0,-17.686,103.579,,,,,,,,,,,,,
0,-17.501,103.565,,,,,,,,,,,,,
0,-16.438,103.465,,,,,,,,,,,,,
0,-15.799,103.539,,,,,,,,,,,,,
0,-15.162,103.564,,,,,,,,,,,,,
0,-14.125,103.646,,,,,,,,,,,,,
0,-13.918,103.666,,,,,,,,,,,,,
0,-13.339,103.643,,,,,,,,,,,,,
0,-12.654,103.624,,,,,,,,,,,,,
0,-11.919,103.651,,,,,,,,,,,,,
0,-11.41,103.666,,,,,,,,,,,,,
0,-10.938,103.684,,,,,,,,,,,,,
0,-10.224,103.692,,,,,,,,,,,,,
0,-9.541,103.684,,,,,,,,,,,,,
0,-8.442,103.68,,,,,,,,,,,,,
0,-7.877,103.644,,,,,,,,,,,,,
0,-6.883,103.566,,,,,,,,,,,,,
0,-6.698,103.561,,,,,,,,,,,,,
0,-6.129,103.53,,,,,,,,,,,,,
0,-5.584,103.496,,,,,,,,,,,,,
0,-5.135,103.528,,,,,,,,,,,,,
0,-4.466,103.517,,,,,,,,,,,,,
0,-3.65,103.563,,,,,,,,,,,,,
0,-3.283,103.559,,,,,,,,,,,,,
0,-3.144,103.576,,,,,,,,,,,,,
0,-1.956,103.71,,,,,,,,,,,,,
0,-1.304,103.47,,,,,,,,,,,,,
0,0.847,103.494,,,,,,,,,,,,,
0,1.973,103.689,,,,,,,,,,,,,
0,2.732,103.51,,,,,,,,,,,,,
0,3.144,103.417,,,,,,,,,,,,,
0,3.624,103.368,,,,,,,,,,,,,
0,4.365,103.317,,,,,,,,,,,,,
0,4.647,103.327,,,,,,,,,,,,,
0,5.643,103.395,,,,,,,,,,,,,
0,6.366,103.394,,,,,,,,,,,,,
0,6.874,103.376,,,,,,,,,,,,,
0,8.131,103.39,,,,,,,,,,,,,
0,8.168,103.39,,,,,,,,,,,,,
0,8.267,103.395,,,,,,,,,,,,,
0,9.628,103.482,,,,,,,,,,,,,
0,10.777,103.462,,,,,,,,,,,,,
0,11.066,103.443,,,,,,,,,,,,,
0,11.173,103.446,,,,,,,,,,,,,
0,12.293,103.434,,,,,,,,,,,,,
0,12.857,103.464,,,,,,,,,,,,,
0,13.546,103.436,,,,,,,,,,,,,
0,14.544,103.403,,,,,,,,,,,,,
0,14.763,103.406,,,,,,,,,,,,,
0,15.354,103.41,,,,,,,,,,,,,
0,16.084,103.427,,,,,,,,,,,,,
0,16.882,103.422,,,,,,,,,,,,,
0,17.42,103.426,,,,,,,,,,,,,
0,17.915,103.43,,,,,,,,,,,,,
0,18.883,103.426,,,,,,,,,,,,,
0,19.368,103.392,,,,,,,,,,,,,
0,20,103.383,,,,,,,,,,,,,
0.7,7,700,FALSE,,,69,,,,,0,,,,âÕêÏä«óùé{ê›ìôç\ë¢óﬂ
0,-20,104.188,,,,,,,,,,,,,
0,-19.829,104.148,,,,,,,,,,,,,
0,-19.46,104.143,,,,,,,,,,,,,
0,-18.604,104.189,,,,,,,,,,,,,
0,-18.371,104.215,,,,,,,,,,,,,
0,-18.271,104.22,,,,,,,,,,,,,
0,-18.052,104.222,,,,,,,,,,,,,
0,-17.215,104.27,,,,,,,,,,,,,
0,-16.584,104.222,,,,,,,,,,,,,
0,-15.64,104.224,,,,,,,,,,,,,
0,-15.107,104.244,,,,,,,,,,,,,
0,-14.608,104.258,,,,,,,,,,,,,
0,-13.564,104.311,,,,,,,,,,,,,
0,-12.987,104.315,,,,,,,,,,,,,
0,-12.389,104.296,,,,,,,,,,,,,
0,-11.88,104.309,,,,,,,,,,,,,
0,-11.364,104.315,,,,,,,,,,,,,
0,-10.253,104.342,,,,,,,,,,,,,
0,-10.137,104.34,,,,,,,,,,,,,
0,-9.861,104.371,,,,,,,,,,,,,
0,-9.371,104.42,,,,,,,,,,,,,
0,-9.167,104.427,,,,,,,,,,,,,
0,-8.384,104.363,,,,,,,,,,,,,
0,-7.491,104.338,,,,,,,,,,,,,
0,-7.226,104.356,,,,,,,,,,,,,
0,-6.349,104.337,,,,,,,,,,,,,
0,-5.721,104.352,,,,,,,,,,,,,
0,-4.68,104.461,,,,,,,,,,,,,
0,-4.203,104.496,,,,,,,,,,,,,
0,-3.533,104.576,,,,,,,,,,,,,
0,-2.352,104.613,,,,,,,,,,,,,
0,-2.095,104.502,,,,,,,,,,,,,
0,-1.482,104.429,,,,,,,,,,,,,
0,0.118,104.19,,,,,,,,,,,,,
0,1.076,104.238,,,,,,,,,,,,,
0,1.232,104.239,,,,,,,,,,,,,
0,1.52,104.237,,,,,,,,,,,,,
0,2.015,104.241,,,,,,,,,,,,,
0,2.285,104.236,,,,,,,,,,,,,
0,3.069,104.214,,,,,,,,,,,,,
0,4.069,104.177,,,,,,,,,,,,,
0,4.178,104.174,,,,,,,,,,,,,
0,4.401,104.181,,,,,,,,,,,,,
0,5.009,104.201,,,,,,,,,,,,,
0,5.303,104.203,,,,,,,,,,,,,
0,6.242,104.18,,,,,,,,,,,,,
0,7.137,104.195,,,,,,,,,,,,,
0,7.866,104.216,,,,,,,,,,,,,
0,8.45,104.217,,,,,,,,,,,,,
0,9.356,104.17,,,,,,,,,,,,,
0,10.267,104.171,,,,,,,,,,,,,
0,10.698,104.161,,,,,,,,,,,,,
0,11.616,104.163,,,,,,,,,,,,,
0,11.954,104.195,,,,,,,,,,,,,
0,12.443,104.211,,,,,,,,,,,,,
0,13.091,104.214,,,,,,,,,,,,,
0,13.549,104.199,,,,,,,,,,,,,
0,14.164,104.176,,,,,,,,,,,,,
0,14.903,104.179,,,,,,,,,,,,,
0,15.259,104.158,,,,,,,,,,,,,
0,15.716,104.16,,,,,,,,,,,,,
0,16.374,104.181,,,,,,,,,,,,,
0,16.88,104.202,,,,,,,,,,,,,
0,17.362,104.236,,,,,,,,,,,,,
0,18.282,104.309,,,,,,,,,,,,,
0,18.295,104.309,,,,,,,,,,,,,
0,18.339,104.308,,,,,,,,,,,,,
0,19.837,104.25,,,,,,,,,,,,,
0,20,104.251,,,,,,,,,,,,,
0.8,8,800,FALSE,,,72,,,,,0,,,,âÕêÏä«óùé{ê›ìôç\ë¢óﬂ
0,-20,104.849,,,,,,,,,,,,,
0,-19.998,104.85,,,,,,,,,,,,,
0,-19.946,104.848,,,,,,,,,,,,,
0,-19.778,104.842,,,,,,,,,,,,,
0,-18.658,104.8,,,,,,,,,,,,,
0,-18.316,104.782,,,,,,,,,,,,,
0,-17.244,104.848,,,,,,,,,,,,,
0,-16.973,104.857,,,,,,,,,,,,,
0,-16.027,104.817,,,,,,,,,,,,,
0,-15.341,104.889,,,,,,,,,,,,,
0,-14.724,104.989,,,,,,,,,,,,,
0,-13.97,105.005,,,,,,,,,,,,,
0,-13.232,104.963,,,,,,,,,,,,,
0,-12.291,104.892,,,,,,,,,,,,,
0,-11.857,104.814,,,,,,,,,,,,,
0,-10.965,104.813,,,,,,,,,,,,,
0,-10.549,104.823,,,,,,,,,,,,,
0,-9.282,104.8,,,,,,,,,,,,,
0,-9.056,104.802,,,,,,,,,,,,,
0,-8.689,104.813,,,,,,,,,,,,,
0,-8.175,104.817,,,,,,,,,,,,,
0,-7.855,104.823,,,,,,,,,,,,,
0,-7.223,104.78,,,,,,,,,,,,,
0,-6.293,104.829,,,,,,,,,,,,,
0,-6.242,104.83,,,,,,,,,,,,,
0,-6.208,104.833,,,,,,,,,,,,,
0,-5.304,104.771,,,,,,,,,,,,,
0,-4.814,104.764,,,,,,,,,,,,,
0,-4.265,104.781,,,,,,,,,,,,,
0,-3.127,104.603,,,,,,,,,,,,,
0,-3.086,104.601,,,,,,,,,,,,,
0,-3.038,104.591,,,,,,,,,,,,,
0,-2.115,104.49,,,,,,,,,,,,,
0,-1.537,104.32,,,,,,,,,,,,,
0,-0.649,104.392,,,,,,,,,,,,,
0,-0.015,104.471,,,,,,,,,,,,,
0,1.072,104.582,,,,,,,,,,,,,
0,1.434,104.562,,,,,,,,,,,,,
0,2.56,104.533,,,,,,,,,,,,,
0,3.118,104.598,,,,,,,,,,,,,
0,3.781,104.66,,,,,,,,,,,,,
0,4.557,104.736,,,,,,,,,,,,,
0,4.798,104.755,,,,,,,,,,,,,
0,5.06,104.74,,,,,,,,,,,,,
0,5.685,104.627,,,,,,,,,,,,,
0,6.274,104.64,,,,,,,,,,,,,
0,6.613,104.648,,,,,,,,,,,,,
0,7.31,104.559,,,,,,,,,,,,,
0,7.608,104.525,,,,,,,,,,,,,
0,7.757,104.51,,,,,,,,,,,,,
0,8.677,104.521,,,,,,,,,,,,,
0,9.446,104.486,,,,,,,,,,,,,
0,9.674,104.455,,,,,,,,,,,,,
0,9.964,104.45,,,,,,,,,,,,,
0,10.504,104.456,,,,,,,,,,,,,
0,10.933,104.45,,,,,,,,,,,,,
0,11.483,104.431,,,,,,,,,,,,,
0,12.628,104.42,,,,,,,,,,,,,
0,12.641,104.42,,,,,,,,,,,,,
0,12.965,104.404,,,,,,,,,,,,,
0,14.072,104.351,,,,,,,,,,,,,
0,14.12,104.352,,,,,,,,,,,,,
0,15.596,104.366,,,,,,,,,,,,,
0,15.843,104.363,,,,,,,,,,,,,
0,16.752,104.404,,,,,,,,,,,,,
0,17.358,104.404,,,,,,,,,,,,,
0,17.788,104.375,,,,,,,,,,,,,
0,18.289,104.428,,,,,,,,,,,,,
0,18.703,104.439,,,,,,,,,,,,,
0,19.057,104.448,,,,,,,,,,,,,
0,19.766,104.448,,,,,,,,,,,,,
0,20,104.442,,,,,,,,,,,,,
0.9,9,900,FALSE,,,56,,,,,0,,,,âÕêÏä«óùé{ê›ìôç\ë¢óﬂ
0,-20,104.695,,,,,,,,,,,,,
0,-19.781,104.692,,,,,,,,,,,,,
0,-19.427,104.681,,,,,,,,,,,,,
0,-18.186,104.625,,,,,,,,,,,,,
0,-17.94,104.626,,,,,,,,,,,,,
0,-16.591,104.66,,,,,,,,,,,,,
0,-16.449,104.664,,,,,,,,,,,,,
0,-14.982,104.661,,,,,,,,,,,,,
0,-14.954,104.66,,,,,,,,,,,,,
0,-14.61,104.669,,,,,,,,,,,,,
0,-13.488,104.697,,,,,,,,,,,,,
0,-13.378,104.698,,,,,,,,,,,,,
0,-11.967,104.705,,,,,,,,,,,,,
0,-11.754,104.694,,,,,,,,,,,,,
0,-10.495,104.679,,,,,,,,,,,,,
0,-10.15,104.677,,,,,,,,,,,,,
0,-9.007,104.685,,,,,,,,,,,,,
0,-8.525,104.691,,,,,,,,,,,,,
0,-7.495,104.649,,,,,,,,,,,,,
0,-6.897,104.656,,,,,,,,,,,,,
0,-6.023,104.677,,,,,,,,,,,,,
0,-5.283,104.734,,,,,,,,,,,,,
0,-4.504,104.803,,,,,,,,,,,,,
0,-3.657,104.84,,,,,,,,,,,,,
0,-3.03,104.788,,,,,,,,,,,,,
0,-2.041,104.599,,,,,,,,,,,,,
0,-1.524,104.514,,,,,,,,,,,,,
0,-0.505,103.759,,,,,,,,,,,,,
0,-0.065,103.46,,,,,,,,,,,,,
0,1.166,104.289,,,,,,,,,,,,,
0,1.463,104.473,,,,,,,,,,,,,
0,2.771,104.242,,,,,,,,,,,,,
0,2.959,104.234,,,,,,,,,,,,,
0,4.426,104.243,,,,,,,,,,,,,
0,4.478,104.241,,,,,,,,,,,,,
0,5.15,104.213,,,,,,,,,,,,,
0,5.977,104.18,,,,,,,,,,,,,
0,6.03,104.178,,,,,,,,,,,,,
0,7.479,104.192,,,,,,,,,,,,,
0,7.634,104.203,,,,,,,,,,,,,
0,8.998,104.297,,,,,,,,,,,,,
0,9.268,104.294,,,,,,,,,,,,,
0,10.511,104.351,,,,,,,,,,,,,
0,10.884,104.375,,,,,,,,,,,,,
0,12.019,104.273,,,,,,,,,,,,,
0,12.482,104.269,,,,,,,,,,,,,
0,13.517,104.342,,,,,,,,,,,,,
0,14.102,104.36,,,,,,,,,,,,,
0,15.065,104.36,,,,,,,,,,,,,
0,15.742,104.324,,,,,,,,,,,,,
0,16.564,104.239,,,,,,,,,,,,,
0,17.349,104.252,,,,,,,,,,,,,
0,18.084,104.314,,,,,,,,,,,,,
0,18.973,104.283,,,,,,,,,,,,,
0,19.59,104.227,,,,,,,,,,,,,
0,20,104.214,,,,,,,,,,,,,
1,10,1000,FALSE,,,81,,,,,0,,,,âÕêÏä«óùé{ê›ìôç\ë¢óﬂ
0,-20,105.99,,,,,,,,,,,,,
0,-17.727,105.981,,,,,,,,,,,,,
0,-17.454,105.969,,,,,,,,,,,,,
0,-16.54,105.969,,,,,,,,,,,,,
0,-16.26,105.972,,,,,,,,,,,,,
0,-14.581,105.911,,,,,,,,,,,,,
0,-14.425,105.9,,,,,,,,,,,,,
0,-14.344,105.919,,,,,,,,,,,,,
0,-14.204,105.925,,,,,,,,,,,,,
0,-14.067,105.925,,,,,,,,,,,,,
0,-13.749,105.937,,,,,,,,,,,,,
0,-13.083,105.946,,,,,,,,,,,,,
0,-13.013,105.948,,,,,,,,,,,,,
0,-12.935,105.951,,,,,,,,,,,,,
0,-12.362,105.96,,,,,,,,,,,,,
0,-11.82,106.003,,,,,,,,,,,,,
0,-11.625,106.024,,,,,,,,,,,,,
0,-11.342,106.011,,,,,,,,,,,,,
0,-10.985,105.985,,,,,,,,,,,,,
0,-10.7,106.004,,,,,,,,,,,,,
0,-10.265,105.993,,,,,,,,,,,,,
0,-9.593,105.942,,,,,,,,,,,,,
0,-9.577,105.941,,,,,,,,,,,,,
0,-9.566,105.939,,,,,,,,,,,,,
0,-8.894,105.952,,,,,,,,,,,,,
0,-8.487,105.963,,,,,,,,,,,,,
0,-8.223,105.934,,,,,,,,,,,,,
0,-7.77,105.973,,,,,,,,,,,,,
0,-7.536,105.983,,,,,,,,,,,,,
0,-7.408,105.975,,,,,,,,,,,,,
0,-6.834,105.955,,,,,,,,,,,,,
0,-6.285,106.018,,,,,,,,,,,,,
0,-5.96,106.006,,,,,,,,,,,,,
0,-5.467,105.961,,,,,,,,,,,,,
0,-5.148,105.951,,,,,,,,,,,,,
0,-4.231,105.906,,,,,,,,,,,,,
0,-4.105,105.903,,,,,,,,,,,,,
0,-4.021,105.896,,,,,,,,,,,,,
0,-3.542,105.468,,,,,,,,,,,,,
0,-2.923,105.078,,,,,,,,,,,,,
0,-2.62,104.864,,,,,,,,,,,,,
0,-2.263,104.693,,,,,,,,,,,,,
0,-1.812,104.294,,,,,,,,,,,,,
0,0.057,104.26,,,,,,,,,,,,,
0,0.572,104.325,,,,,,,,,,,,,
0,0.726,104.439,,,,,,,,,,,,,
0,1.4,104.702,,,,,,,,,,,,,
0,2.186,104.605,,,,,,,,,,,,,
0,2.574,104.57,,,,,,,,,,,,,
0,2.577,104.57,,,,,,,,,,,,,
0,2.583,104.57,,,,,,,,,,,,,
0,3.962,104.665,,,,,,,,,,,,,
0,5.342,104.651,,,,,,,,,,,,,
0,5.388,104.65,,,,,,,,,,,,,
0,5.421,104.649,,,,,,,,,,,,,
0,6.764,104.603,,,,,,,,,,,,,
0,7.763,104.59,,,,,,,,,,,,,
0,7.98,104.594,,,,,,,,,,,,,
0,8.143,104.595,,,,,,,,,,,,,
0,8.664,104.594,,,,,,,,,,,,,
0,9.581,104.603,,,,,,,,,,,,,
0,10.646,104.636,,,,,,,,,,,,,
0,11.05,104.641,,,,,,,,,,,,,
0,11.408,104.623,,,,,,,,,,,,,
0,12.445,104.546,,,,,,,,,,,,,
0,12.58,104.54,,,,,,,,,,,,,
0,13.168,104.55,,,,,,,,,,,,,
0,13.847,104.568,,,,,,,,,,,,,
0,14.18,104.546,,,,,,,,,,,,,
0,15.155,104.508,,,,,,,,,,,,,
0,15.384,104.514,,,,,,,,,,,,,
0,15.74,104.53,,,,,,,,,,,,,
0,16.294,104.51,,,,,,,,,,,,,
0,17.267,104.515,,,,,,,,,,,,,
0,17.346,104.519,,,,,,,,,,,,,
0,17.456,104.513,,,,,,,,,,,,,
0,17.756,104.504,,,,,,,,,,,,,
0,18.547,104.47,,,,,,,,,,,,,
0,18.938,104.46,,,,,,,,,,,,,
0,19.634,104.414,,,,,,,,,,,,,
0,20,104.406,,,,,,,,,,,,,
1.1,11,1110,FALSE,,,38,,,,,0,,,,âÕêÏä«óùé{ê›ìôç\ë¢óﬂ
0,-15.19,104.617,,,,,,,,,,,,,
0,-14.408,104.602,,,,,,,,,,,,,
0,-14.31,104.599,,,,,,,,,,,,,
0,-12.992,104.614,,,,,,,,,,,,,
0,-12.756,104.615,,,,,,,,,,,,,
0,-11.575,104.613,,,,,,,,,,,,,
0,-11.181,104.664,,,,,,,,,,,,,
0,-10.131,104.674,,,,,,,,,,,,,
0,-9.621,104.613,,,,,,,,,,,,,
0,-8.715,104.646,,,,,,,,,,,,,
0,-8.028,104.67,,,,,,,,,,,,,
0,-7.292,104.636,,,,,,,,,,,,,
0,-6.462,104.645,,,,,,,,,,,,,
0,-5.862,104.647,,,,,,,,,,,,,
0,-4.9,104.651,,,,,,,,,,,,,
0,-4.444,104.676,,,,,,,,,,,,,
0,-3.324,104.73,,,,,,,,,,,,,
0,-3.023,104.725,,,,,,,,,,,,,
0,-1.767,104.589,,,,,,,,,,,,,
0,-1.602,104.537,,,,,,,,,,,,,
0,-0.225,103.9,,,,,,,,,,,,,
0,0.278,104.13,,,,,,,,,,,,,
0,1.369,104.658,,,,,,,,,,,,,
0,1.471,104.653,,,,,,,,,,,,,
0,2.738,104.602,,,,,,,,,,,,,
0,3.111,104.597,,,,,,,,,,,,,
0,4.17,104.603,,,,,,,,,,,,,
0,4.755,104.614,,,,,,,,,,,,,
0,5.637,104.594,,,,,,,,,,,,,
0,6.396,104.581,,,,,,,,,,,,,
0,7.079,104.578,,,,,,,,,,,,,
0,8.072,104.607,,,,,,,,,,,,,
0,8.554,104.636,,,,,,,,,,,,,
0,9.714,104.586,,,,,,,,,,,,,
0,10.013,104.574,,,,,,,,,,,,,
0,11.341,104.59,,,,,,,,,,,,,
0,11.451,104.591,,,,,,,,,,,,,
0,11.892,104.612,,,,,,,,,,,,,
1.2,12,1200,FALSE,,,64,,,,,0,,,,âÕêÏä«óùé{ê›ìôç\ë¢óﬂ
0,-20,104.672,,,,,,,,,,,,,
0,-19.364,104.67,,,,,,,,,,,,,
0,-19.019,104.686,,,,,,,,,,,,,
0,-18.83,104.689,,,,,,,,,,,,,
0,-17.966,104.665,,,,,,,,,,,,,
0,-17.232,104.589,,,,,,,,,,,,,
0,-16.922,104.599,,,,,,,,,,,,,
0,-16.363,104.632,,,,,,,,,,,,,
0,-15.874,104.68,,,,,,,,,,,,,
0,-15.464,104.655,,,,,,,,,,,,,
0,-14.882,104.639,,,,,,,,,,,,,
0,-14.204,104.6,,,,,,,,,,,,,
0,-13.767,104.606,,,,,,,,,,,,,
0,-13.391,104.59,,,,,,,,,,,,,
0,-12.39,104.61,,,,,,,,,,,,,
0,-11.187,104.643,,,,,,,,,,,,,
0,-11.012,104.648,,,,,,,,,,,,,
0,-10.579,104.639,,,,,,,,,,,,,
0,-9.483,104.627,,,,,,,,,,,,,
0,-9.036,104.616,,,,,,,,,,,,,
0,-7.992,104.641,,,,,,,,,,,,,
0,-6.899,104.644,,,,,,,,,,,,,
0,-6.469,104.649,,,,,,,,,,,,,
0,-6.066,104.653,,,,,,,,,,,,,
0,-5.195,104.649,,,,,,,,,,,,,
0,-4.214,104.644,,,,,,,,,,,,,
0,-3.97,104.639,,,,,,,,,,,,,
0,-3.751,104.645,,,,,,,,,,,,,
0,-2.834,104.67,,,,,,,,,,,,,
0,-2.278,104.72,,,,,,,,,,,,,
0,-1.722,104.808,,,,,,,,,,,,,
0,-0.818,104.721,,,,,,,,,,,,,
0,-0.596,104.728,,,,,,,,,,,,,
0,-0.437,104.701,,,,,,,,,,,,,
0,-0.242,104.737,,,,,,,,,,,,,
0,1.932,104.69,,,,,,,,,,,,,
0,2.612,104.714,,,,,,,,,,,,,
0,3.546,104.859,,,,,,,,,,,,,
0,4.331,104.805,,,,,,,,,,,,,
0,4.915,104.78,,,,,,,,,,,,,
0,5.529,104.743,,,,,,,,,,,,,
0,6.088,104.74,,,,,,,,,,,,,
0,6.635,104.748,,,,,,,,,,,,,
0,7.324,104.795,,,,,,,,,,,,,
0,7.9,104.786,,,,,,,,,,,,,
0,8.673,104.795,,,,,,,,,,,,,
0,9.558,104.753,,,,,,,,,,,,,
0,10.056,104.76,,,,,,,,,,,,,
0,11.165,104.79,,,,,,,,,,,,,
0,11.596,104.805,,,,,,,,,,,,,
0,11.79,104.802,,,,,,,,,,,,,
0,12.986,104.782,,,,,,,,,,,,,
0,14.01,104.795,,,,,,,,,,,,,
0,14.356,104.802,,,,,,,,,,,,,
0,14.75,104.804,,,,,,,,,,,,,
0,15.666,104.774,,,,,,,,,,,,,
0,16.85,104.89,,,,,,,,,,,,,
0,16.965,104.903,,,,,,,,,,,,,
0,17.058,104.911,,,,,,,,,,,,,
0,18.077,105.023,,,,,,,,,,,,,
0,18.662,104.945,,,,,,,,,,,,,
0,19.141,104.891,,,,,,,,,,,,,
0,19.958,104.92,,,,,,,,,,,,,
0,20,104.922,,,,,,,,,,,,,
1.3,13,1310,FALSE,,,58,,,,,0,,,,âÕêÏä«óùé{ê›ìôç\ë¢óﬂ
0,-20,106.265,,,,,,,,,,,,,
0,-18.912,106.318,,,,,,,,,,,,,
0,-18.627,106.334,,,,,,,,,,,,,
0,-17.482,106.715,,,,,,,,,,,,,
0,-16.977,106.675,,,,,,,,,,,,,
0,-16.121,106.329,,,,,,,,,,,,,
0,-15.385,106.185,,,,,,,,,,,,,
0,-14.776,105.949,,,,,,,,,,,,,
0,-13.758,105.9,,,,,,,,,,,,,
0,-13.367,105.953,,,,,,,,,,,,,
0,-12.123,105.948,,,,,,,,,,,,,
0,-11.961,105.953,,,,,,,,,,,,,
0,-11.006,105.984,,,,,,,,,,,,,
0,-10.562,105.991,,,,,,,,,,,,,
0,-10.446,105.986,,,,,,,,,,,,,
0,-9.199,105.97,,,,,,,,,,,,,
0,-8.697,105.952,,,,,,,,,,,,,
0,-7.863,105.441,,,,,,,,,,,,,
0,-6.974,105.033,,,,,,,,,,,,,
0,-6.519,105.037,,,,,,,,,,,,,
0,-5.213,104.945,,,,,,,,,,,,,
0,-5.135,104.939,,,,,,,,,,,,,
0,-4.844,104.934,,,,,,,,,,,,,
0,-3.82,104.91,,,,,,,,,,,,,
0,-3.652,104.921,,,,,,,,,,,,,
0,-2.448,105.106,,,,,,,,,,,,,
0,-2.069,105.165,,,,,,,,,,,,,
0,-1.146,104.813,,,,,,,,,,,,,
0,-0.799,104.49,,,,,,,,,,,,,
0,0.268,104.604,,,,,,,,,,,,,
0,1.511,104.844,,,,,,,,,,,,,
0,2.555,105.145,,,,,,,,,,,,,
0,2.88,105.097,,,,,,,,,,,,,
0,4.092,104.927,,,,,,,,,,,,,
0,4.187,104.916,,,,,,,,,,,,,
0,4.771,104.902,,,,,,,,,,,,,
0,5.536,104.89,,,,,,,,,,,,,
0,5.734,104.89,,,,,,,,,,,,,
0,6.907,104.922,,,,,,,,,,,,,
0,7.433,104.922,,,,,,,,,,,,,
0,8.292,104.955,,,,,,,,,,,,,
0,9.159,104.894,,,,,,,,,,,,,
0,9.65,104.853,,,,,,,,,,,,,
0,10.871,104.913,,,,,,,,,,,,,
0,11.026,104.908,,,,,,,,,,,,,
0,11.64,104.902,,,,,,,,,,,,,
0,12.426,104.882,,,,,,,,,,,,,
0,12.568,104.886,,,,,,,,,,,,,
0,13.9,104.864,,,,,,,,,,,,,
0,14.307,104.846,,,,,,,,,,,,,
0,15.362,104.86,,,,,,,,,,,,,
0,16.038,104.901,,,,,,,,,,,,,
0,16.825,104.899,,,,,,,,,,,,,
0,17.753,104.853,,,,,,,,,,,,,
0,18.285,104.845,,,,,,,,,,,,,
0,19.496,104.835,,,,,,,,,,,,,
0,19.756,104.843,,,,,,,,,,,,,
0,20,104.849,,,,,,,,,,,,,
1.4,14,1400,FALSE,,,59,,,,,0,,,,âÕêÏä«óùé{ê›ìôç\ë¢óﬂ
0,-20,106.295,,,,,,,,,,,,,
0,-19.766,106.311,,,,,,,,,,,,,
0,-18.926,106.351,,,,,,,,,,,,,
0,-18.699,106.339,,,,,,,,,,,,,
0,-17.716,106.269,,,,,,,,,,,,,
0,-17.162,106.28,,,,,,,,,,,,,
0,-16.514,106.293,,,,,,,,,,,,,
0,-15.635,106.288,,,,,,,,,,,,,
0,-15.319,106.265,,,,,,,,,,,,,
0,-14.153,106.29,,,,,,,,,,,,,
0,-14.119,106.289,,,,,,,,,,,,,
0,-14.103,106.29,,,,,,,,,,,,,
0,-13.043,106.242,,,,,,,,,,,,,
0,-12.531,106.215,,,,,,,,,,,,,
0,-11.959,106.209,,,,,,,,,,,,,
0,-10.98,106.254,,,,,,,,,,,,,
0,-10.879,106.267,,,,,,,,,,,,,
0,-10.094,106.293,,,,,,,,,,,,,
0,-8.361,106.215,,,,,,,,,,,,,
0,-7.791,106.144,,,,,,,,,,,,,
0,-7.536,106.148,,,,,,,,,,,,,
0,-7.129,106.13,,,,,,,,,,,,,
0,-6.849,106.13,,,,,,,,,,,,,
0,-5.678,106.069,,,,,,,,,,,,,
0,-4.825,106.029,,,,,,,,,,,,,
0,-4.69,106.033,,,,,,,,,,,,,
0,-4.345,106.025,,,,,,,,,,,,,
0,-3.192,106.041,,,,,,,,,,,,,
0,-2.955,105.94,,,,,,,,,,,,,
0,1.892,106.068,,,,,,,,,,,,,
0,2.366,106.176,,,,,,,,,,,,,
0,3.73,106.181,,,,,,,,,,,,,
0,3.749,106.18,,,,,,,,,,,,,
0,3.807,106.185,,,,,,,,,,,,,
0,5.053,106.296,,,,,,,,,,,,,
0,5.81,106.306,,,,,,,,,,,,,
0,6.365,106.328,,,,,,,,,,,,,
0,7.283,106.352,,,,,,,,,,,,,
0,7.644,106.368,,,,,,,,,,,,,
0,7.747,106.373,,,,,,,,,,,,,
0,8.835,106.372,,,,,,,,,,,,,
0,9.279,106.356,,,,,,,,,,,,,
0,10.027,106.33,,,,,,,,,,,,,
0,10.807,106.363,,,,,,,,,,,,,
0,11.216,106.382,,,,,,,,,,,,,
0,12.374,106.446,,,,,,,,,,,,,
0,12.43,106.446,,,,,,,,,,,,,
0,12.623,106.437,,,,,,,,,,,,,
0,13.597,106.362,,,,,,,,,,,,,
0,14.043,106.289,,,,,,,,,,,,,
0,14.752,106.074,,,,,,,,,,,,,
0,15.764,106.147,,,,,,,,,,,,,
0,15.938,106.153,,,,,,,,,,,,,
0,16.309,106.125,,,,,,,,,,,,,
0,17.278,106.014,,,,,,,,,,,,,
0,17.655,106.051,,,,,,,,,,,,,
0,18.768,106.213,,,,,,,,,,,,,
0,19.737,106.224,,,,,,,,,,,,,
0,20,106.219,,,,,,,,,,,,,
1.5,15,1480,FALSE,,,59,,,,,0,,,,âÕêÏä«óùé{ê›ìôç\ë¢óﬂ
0,-20,106.425,,,,,,,,,,,,,
0,-19.764,106.417,,,,,,,,,,,,,
0,-19.459,106.427,,,,,,,,,,,,,
0,-18.315,106.332,,,,,,,,,,,,,
0,-18.106,106.333,,,,,,,,,,,,,
0,-16.781,106.405,,,,,,,,,,,,,
0,-16.671,106.408,,,,,,,,,,,,,
0,-15.313,106.37,,,,,,,,,,,,,
0,-15.303,106.37,,,,,,,,,,,,,
0,-15.163,106.374,,,,,,,,,,,,,
0,-13.935,106.406,,,,,,,,,,,,,
0,-13.785,106.399,,,,,,,,,,,,,
0,-12.621,106.246,,,,,,,,,,,,,
0,-12.326,106.14,,,,,,,,,,,,,
0,-11.308,105.637,,,,,,,,,,,,,
0,-10.895,105.522,,,,,,,,,,,,,
0,-9.984,105.421,,,,,,,,,,,,,
0,-9.413,105.419,,,,,,,,,,,,,
0,-8.63,105.445,,,,,,,,,,,,,
0,-7.891,105.449,,,,,,,,,,,,,
0,-7.285,105.452,,,,,,,,,,,,,
0,-6.388,105.457,,,,,,,,,,,,,
0,-5.929,105.441,,,,,,,,,,,,,
0,-4.863,105.475,,,,,,,,,,,,,
0,-4.571,105.486,,,,,,,,,,,,,
0,-3.359,105.47,,,,,,,,,,,,,
0,-3.222,105.475,,,,,,,,,,,,,
0,-2.104,105.552,,,,,,,,,,,,,
0,-1.857,105.57,,,,,,,,,,,,,
0,-1.84,105.567,,,,,,,,,,,,,
0,-1.29,105.01,,,,,,,,,,,,,
0,0.713,105.821,,,,,,,,,,,,,
0,1.129,105.916,,,,,,,,,,,,,
0,2.324,106.598,,,,,,,,,,,,,
0,2.695,106.788,,,,,,,,,,,,,
0,3.109,106.85,,,,,,,,,,,,,
0,3.99,106.943,,,,,,,,,,,,,
0,4.577,106.927,,,,,,,,,,,,,
0,5.504,107.01,,,,,,,,,,,,,
0,6.023,106.967,,,,,,,,,,,,,
0,6.945,106.704,,,,,,,,,,,,,
0,7.833,106.745,,,,,,,,,,,,,
0,8.59,106.766,,,,,,,,,,,,,
0,9.215,106.78,,,,,,,,,,,,,
0,10.054,106.749,,,,,,,,,,,,,
0,10.599,106.723,,,,,,,,,,,,,
0,11.557,106.689,,,,,,,,,,,,,
0,11.977,106.668,,,,,,,,,,,,,
0,13.015,106.632,,,,,,,,,,,,,
0,13.355,106.63,,,,,,,,,,,,,
0,14.332,106.665,,,,,,,,,,,,,
0,15.828,106.54,,,,,,,,,,,,,
0,15.981,106.544,,,,,,,,,,,,,
0,17.475,106.562,,,,,,,,,,,,,
0,17.525,106.561,,,,,,,,,,,,,
0,17.826,106.564,,,,,,,,,,,,,
0,18.93,106.569,,,,,,,,,,,,,
0,19.073,106.568,,,,,,,,,,,,,
0,20,106.516,,,,,,,,,,,,,
1.6,16,1600,FALSE,,,72,,,,,0,,,,âÕêÏä«óùé{ê›ìôç\ë¢óﬂ
0,-20,106.622,,,,,,,,,,,,,
0,-19.869,106.622,,,,,,,,,,,,,
0,-19.305,106.604,,,,,,,,,,,,,
0,-18.963,106.561,,,,,,,,,,,,,
0,-18.783,106.438,,,,,,,,,,,,,
0,-17.843,105.829,,,,,,,,,,,,,
0,-16.676,105.714,,,,,,,,,,,,,
0,-16.604,105.71,,,,,,,,,,,,,
0,-16.548,105.708,,,,,,,,,,,,,
0,-15.36,105.696,,,,,,,,,,,,,
0,-15.189,105.703,,,,,,,,,,,,,
0,-13.869,105.701,,,,,,,,,,,,,
0,-13.072,105.69,,,,,,,,,,,,,
0,-12.666,105.693,,,,,,,,,,,,,
0,-12.017,105.675,,,,,,,,,,,,,
0,-11.806,105.674,,,,,,,,,,,,,
0,-11.674,105.676,,,,,,,,,,,,,
0,-10.843,105.702,,,,,,,,,,,,,
0,-10.181,105.717,,,,,,,,,,,,,
0,-9.877,105.709,,,,,,,,,,,,,
0,-9.499,105.708,,,,,,,,,,,,,
0,-8.982,105.694,,,,,,,,,,,,,
0,-8.169,105.651,,,,,,,,,,,,,
0,-8.141,105.651,,,,,,,,,,,,,
0,-8.123,105.651,,,,,,,,,,,,,
0,-6.937,105.693,,,,,,,,,,,,,
0,-5.936,105.679,,,,,,,,,,,,,
0,-5.83,105.69,,,,,,,,,,,,,
0,-5.696,105.69,,,,,,,,,,,,,
0,-4.551,105.699,,,,,,,,,,,,,
0,-4.227,105.67,,,,,,,,,,,,,
0,-3.916,105.674,,,,,,,,,,,,,
0,-3.161,105.685,,,,,,,,,,,,,
0,-2.381,105.821,,,,,,,,,,,,,
0,-2.02,105.867,,,,,,,,,,,,,
0,-1.497,105.355,,,,,,,,,,,,,
0,-1.038,104.88,,,,,,,,,,,,,
0,-0.174,105.199,,,,,,,,,,,,,
0,0.62,105.877,,,,,,,,,,,,,
0,1.108,105.869,,,,,,,,,,,,,
0,1.158,105.866,,,,,,,,,,,,,
0,1.223,105.857,,,,,,,,,,,,,
0,2.137,105.705,,,,,,,,,,,,,
0,2.668,105.709,,,,,,,,,,,,,
0,3.356,105.697,,,,,,,,,,,,,
0,4.814,105.69,,,,,,,,,,,,,
0,4.893,105.688,,,,,,,,,,,,,
0,4.993,105.692,,,,,,,,,,,,,
0,5.727,105.706,,,,,,,,,,,,,
0,6.308,105.717,,,,,,,,,,,,,
0,6.597,105.725,,,,,,,,,,,,,
0,6.868,105.72,,,,,,,,,,,,,
0,7.649,105.704,,,,,,,,,,,,,
0,8.507,105.72,,,,,,,,,,,,,
0,8.781,105.72,,,,,,,,,,,,,
0,9.991,105.705,,,,,,,,,,,,,
0,10.393,105.702,,,,,,,,,,,,,
0,11.371,105.719,,,,,,,,,,,,,
0,11.916,105.731,,,,,,,,,,,,,
0,12.139,105.723,,,,,,,,,,,,,
0,13.221,105.695,,,,,,,,,,,,,
0,13.593,105.712,,,,,,,,,,,,,
0,14.426,105.732,,,,,,,,,,,,,
0,15.576,105.712,,,,,,,,,,,,,
0,15.644,105.71,,,,,,,,,,,,,
0,15.691,105.71,,,,,,,,,,,,,
0,16.85,105.712,,,,,,,,,,,,,
0,17.145,105.712,,,,,,,,,,,,,
0,18.347,105.681,,,,,,,,,,,,,
0,19.296,105.698,,,,,,,,,,,,,
0,19.759,105.727,,,,,,,,,,,,,
0,20,105.725,,,,,,,,,,,,,
1.7,17,1700,FALSE,,,67,,,,,0,,,,âÕêÏä«óùé{ê›ìôç\ë¢óﬂ
0,-20,106.475,,,,,,,,,,,,,
0,-19.655,106.501,,,,,,,,,,,,,
0,-19.282,106.557,,,,,,,,,,,,,
0,-18.386,106.227,,,,,,,,,,,,,
0,-17.924,106.09,,,,,,,,,,,,,
0,-17.523,105.931,,,,,,,,,,,,,
0,-16.812,105.906,,,,,,,,,,,,,
0,-15.984,105.935,,,,,,,,,,,,,
0,-15.766,105.924,,,,,,,,,,,,,
0,-15.562,105.925,,,,,,,,,,,,,
0,-14.258,105.918,,,,,,,,,,,,,
0,-13.952,105.918,,,,,,,,,,,,,
0,-13.338,105.905,,,,,,,,,,,,,
0,-12.328,105.878,,,,,,,,,,,,,
0,-11.826,105.871,,,,,,,,,,,,,
0,-10.948,105.874,,,,,,,,,,,,,
0,-10.001,105.974,,,,,,,,,,,,,
0,-9.6,105.981,,,,,,,,,,,,,
0,-8.954,106.008,,,,,,,,,,,,,
0,-8.072,105.998,,,,,,,,,,,,,
0,-7.528,106.066,,,,,,,,,,,,,
0,-6.916,106.136,,,,,,,,,,,,,
0,-6.173,106.189,,,,,,,,,,,,,
0,-5.958,106.205,,,,,,,,,,,,,
0,-5.782,106.114,,,,,,,,,,,,,
0,-5.101,105.704,,,,,,,,,,,,,
0,-4.689,106.024,,,,,,,,,,,,,
0,-4.408,106.102,,,,,,,,,,,,,
0,-3.917,106.227,,,,,,,,,,,,,
0,-2.752,106.801,,,,,,,,,,,,,
0,-1.505,106.991,,,,,,,,,,,,,
0,-0.898,107.203,,,,,,,,,,,,,
0,-0.605,107.25,,,,,,,,,,,,,
0,0.344,106.889,,,,,,,,,,,,,
0,1.632,106.88,,,,,,,,,,,,,
0,2.58,107.381,,,,,,,,,,,,,
0,2.663,107.492,,,,,,,,,,,,,
0,2.824,107.476,,,,,,,,,,,,,
0,3.966,107.37,,,,,,,,,,,,,
0,5.265,107.294,,,,,,,,,,,,,
0,5.332,107.291,,,,,,,,,,,,,
0,5.602,107.276,,,,,,,,,,,,,
0,6.734,107.218,,,,,,,,,,,,,
0,7.018,107.21,,,,,,,,,,,,,
0,8.201,107.224,,,,,,,,,,,,,
0,9.417,107.263,,,,,,,,,,,,,
0,9.602,107.253,,,,,,,,,,,,,
0,10.012,107.277,,,,,,,,,,,,,
0,10.843,107.312,,,,,,,,,,,,,
0,11.208,107.301,,,,,,,,,,,,,
0,12.005,107.277,,,,,,,,,,,,,
0,12.724,107.267,,,,,,,,,,,,,
0,13.126,107.264,,,,,,,,,,,,,
0,13.571,107.276,,,,,,,,,,,,,
0,14.178,107.297,,,,,,,,,,,,,
0,14.983,107.316,,,,,,,,,,,,,
0,15.197,107.323,,,,,,,,,,,,,
0,15.363,107.322,,,,,,,,,,,,,
0,16.233,107.312,,,,,,,,,,,,,
0,16.906,107.356,,,,,,,,,,,,,
0,17.278,107.378,,,,,,,,,,,,,
0,17.755,107.356,,,,,,,,,,,,,
0,18.241,107.353,,,,,,,,,,,,,
0,18.728,107.34,,,,,,,,,,,,,
0,19.147,107.331,,,,,,,,,,,,,
0,19.575,107.345,,,,,,,,,,,,,
0,20,107.355,,,,,,,,,,,,,
1.8,18,1800,FALSE,,,48,,,,,0,,,,âÕêÏä«óùé{ê›ìôç\ë¢óﬂ
0,-20,106.358,,,,,,,,,,,,,
0,-18.442,106.461,,,,,,,,,,,,,
0,-18.001,106.492,,,,,,,,,,,,,
0,-17.17,106.376,,,,,,,,,,,,,
0,-16.975,106.299,,,,,,,,,,,,,
0,-16.568,106.201,,,,,,,,,,,,,
0,-16.043,105.997,,,,,,,,,,,,,
0,-15.16,105.979,,,,,,,,,,,,,
0,-15.083,105.983,,,,,,,,,,,,,
0,-15,105.984,,,,,,,,,,,,,
0,-13.13,105.944,,,,,,,,,,,,,
0,-13.025,105.966,,,,,,,,,,,,,
0,-12.246,106.13,,,,,,,,,,,,,
0,-11.978,106.139,,,,,,,,,,,,,
0,-10.936,106.006,,,,,,,,,,,,,
0,-10.281,105.951,,,,,,,,,,,,,
0,-9.332,105.879,,,,,,,,,,,,,
0,-8.424,105.813,,,,,,,,,,,,,
0,-8.4,105.81,,,,,,,,,,,,,
0,-8.387,105.81,,,,,,,,,,,,,
0,-8.257,105.824,,,,,,,,,,,,,
0,-7.463,105.901,,,,,,,,,,,,,
0,-7.385,105.9,,,,,,,,,,,,,
0,-6.527,105.918,,,,,,,,,,,,,
0,-6.515,105.921,,,,,,,,,,,,,
0,-6.221,105.908,,,,,,,,,,,,,
0,-5.493,105.883,,,,,,,,,,,,,
0,-5.467,105.887,,,,,,,,,,,,,
0,-5.038,105.941,,,,,,,,,,,,,
0,-4.62,105.998,,,,,,,,,,,,,
0,-4.596,106.001,,,,,,,,,,,,,
0,-4.564,106.012,,,,,,,,,,,,,
0,-2.928,106.398,,,,,,,,,,,,,
0,-2.71,106.357,,,,,,,,,,,,,
0,-2.1,106.109,,,,,,,,,,,,,
0,0.552,106.02,,,,,,,,,,,,,
0,1.077,106.024,,,,,,,,,,,,,
0,1.927,106.498,,,,,,,,,,,,,
0,2.054,106.537,,,,,,,,,,,,,
0,2.227,106.567,,,,,,,,,,,,,
0,4.296,106.914,,,,,,,,,,,,,
0,10.044,106.93,,,,,,,,,,,,,
0,12.53,106.93,,,,,,,,,,,,,
0,18.662,106.939,,,,,,,,,,,,,
0,19.064,106.954,,,,,,,,,,,,,
0,19.634,106.942,,,,,,,,,,,,,
0,19.988,106.921,,,,,,,,,,,,,
0,20,106.921,,,,,,,,,,,,,
2,20,1990,FALSE,,,61,,,,,0,,,,âÕêÏä«óùé{ê›ìôç\ë¢óﬂ
0,-20,106.957,,,,,,,,,,,,,
0,-19.361,106.934,,,,,,,,,,,,,
0,-19.084,106.935,,,,,,,,,,,,,
0,-18.623,106.934,,,,,,,,,,,,,
0,-17.803,106.95,,,,,,,,,,,,,
0,-17.307,106.948,,,,,,,,,,,,,
0,-16.786,106.951,,,,,,,,,,,,,
0,-16.138,106.963,,,,,,,,,,,,,
0,-15.882,106.925,,,,,,,,,,,,,
0,-15.574,106.905,,,,,,,,,,,,,
0,-14.748,106.842,,,,,,,,,,,,,
0,-14.061,106.754,,,,,,,,,,,,,
0,-13.433,106.678,,,,,,,,,,,,,
0,-12.757,106.589,,,,,,,,,,,,,
0,-11.868,106.591,,,,,,,,,,,,,
0,-10.766,106.516,,,,,,,,,,,,,
0,-10.44,106.503,,,,,,,,,,,,,
0,-9.487,106.556,,,,,,,,,,,,,
0,-9.167,106.549,,,,,,,,,,,,,
0,-8.041,106.56,,,,,,,,,,,,,
0,-7.58,106.563,,,,,,,,,,,,,
0,-7.448,106.571,,,,,,,,,,,,,
0,-6.759,106.632,,,,,,,,,,,,,
0,-6.247,106.623,,,,,,,,,,,,,
0,-5.906,106.632,,,,,,,,,,,,,
0,-5.589,106.634,,,,,,,,,,,,,
0,-4.924,106.739,,,,,,,,,,,,,
0,-4.238,106.875,,,,,,,,,,,,,
0,-3.991,106.939,,,,,,,,,,,,,
0,-3.579,106.954,,,,,,,,,,,,,
0,-3.203,106.871,,,,,,,,,,,,,
0,-2.936,106.501,,,,,,,,,,,,,
0,-2.272,106.031,,,,,,,,,,,,,
0,-1.63,105.626,,,,,,,,,,,,,
0,-0.907,105.6,,,,,,,,,,,,,
0,-0.378,105.622,,,,,,,,,,,,,
0,2.116,107.525,,,,,,,,,,,,,
0,2.183,107.583,,,,,,,,,,,,,
0,2.22,107.583,,,,,,,,,,,,,
0,2.329,107.562,,,,,,,,,,,,,
0,3.786,107.303,,,,,,,,,,,,,
0,4.197,107.288,,,,,,,,,,,,,
0,4.978,107.335,,,,,,,,,,,,,
0,5.52,107.15,,,,,,,,,,,,,
0,6.214,106.874,,,,,,,,,,,,,
0,6.768,106.779,,,,,,,,,,,,,
0,7.355,106.61,,,,,,,,,,,,,
0,8.042,106.916,,,,,,,,,,,,,
0,8.417,106.932,,,,,,,,,,,,,
0,8.745,106.932,,,,,,,,,,,,,
0,9.512,106.898,,,,,,,,,,,,,
0,10.028,107.02,,,,,,,,,,,,,
0,10.542,107.134,,,,,,,,,,,,,
0,12.962,107.867,,,,,,,,,,,,,
0,13.192,107.909,,,,,,,,,,,,,
0,14.087,108.096,,,,,,,,,,,,,
0,14.445,108.126,,,,,,,,,,,,,
0,14.782,108.241,,,,,,,,,,,,,
0,15.099,108.34,,,,,,,,,,,,,
0,15.207,108.354,,,,,,,,,,,,,
0,20,110.782,,,,,,,,,,,,,
2.1,21,2100,FALSE,,,69,,,,,0,,,,âÕêÏä«óùé{ê›ìôç\ë¢óﬂ
0,-20,106.589,,,,,,,,,,,,,
0,-19.91,106.588,,,,,,,,,,,,,
0,-19.627,106.587,,,,,,,,,,,,,
0,-18.673,106.533,,,,,,,,,,,,,
0,-18.37,106.506,,,,,,,,,,,,,
0,-17.841,106.473,,,,,,,,,,,,,
0,-17.749,106.476,,,,,,,,,,,,,
0,-16.826,106.512,,,,,,,,,,,,,
0,-16.519,106.524,,,,,,,,,,,,,
0,-15.98,106.51,,,,,,,,,,,,,
0,-15.928,106.505,,,,,,,,,,,,,
0,-15.739,106.505,,,,,,,,,,,,,
0,-14.687,106.515,,,,,,,,,,,,,
0,-14.126,106.481,,,,,,,,,,,,,
0,-14.078,106.482,,,,,,,,,,,,,
0,-13.946,106.487,,,,,,,,,,,,,
0,-12.818,106.536,,,,,,,,,,,,,
0,-12.391,106.52,,,,,,,,,,,,,
0,-12.217,106.533,,,,,,,,,,,,,
0,-11.525,106.509,,,,,,,,,,,,,
0,-11.005,106.503,,,,,,,,,,,,,
0,-10.897,106.518,,,,,,,,,,,,,
0,-10.386,106.533,,,,,,,,,,,,,
0,-10.097,106.54,,,,,,,,,,,,,
0,-9.146,106.537,,,,,,,,,,,,,
0,-9.062,106.527,,,,,,,,,,,,,
0,-8.558,106.561,,,,,,,,,,,,,
0,-8.106,106.597,,,,,,,,,,,,,
0,-7.325,106.668,,,,,,,,,,,,,
0,-7.047,106.705,,,,,,,,,,,,,
0,-6.713,106.766,,,,,,,,,,,,,
0,-5.999,106.721,,,,,,,,,,,,,
0,-5.438,106.697,,,,,,,,,,,,,
0,-5.207,106.675,,,,,,,,,,,,,
0,-4.844,106.739,,,,,,,,,,,,,
0,-4.296,106.608,,,,,,,,,,,,,
0,-3.913,106.56,,,,,,,,,,,,,
0,-3.56,106.58,,,,,,,,,,,,,
0,-3.298,106.568,,,,,,,,,,,,,
0,3.259,107.211,,,,,,,,,,,,,
0,5.363,107.472,,,,,,,,,,,,,
0,5.921,107.384,,,,,,,,,,,,,
0,6.292,107.435,,,,,,,,,,,,,
0,6.948,107.477,,,,,,,,,,,,,
0,9.218,107.791,,,,,,,,,,,,,
0,9.28,107.791,,,,,,,,,,,,,
0,9.438,107.797,,,,,,,,,,,,,
0,9.565,107.767,,,,,,,,,,,,,
0,11.212,107.383,,,,,,,,,,,,,
0,11.39,107.239,,,,,,,,,,,,,
0,11.848,106.87,,,,,,,,,,,,,
0,12.102,106.816,,,,,,,,,,,,,
0,13.117,106.645,,,,,,,,,,,,,
0,13.445,106.713,,,,,,,,,,,,,
0,13.701,106.764,,,,,,,,,,,,,
0,14.145,106.725,,,,,,,,,,,,,
0,14.985,106.649,,,,,,,,,,,,,
0,15.553,106.709,,,,,,,,,,,,,
0,15.574,106.711,,,,,,,,,,,,,
0,15.653,106.705,,,,,,,,,,,,,
0,16.833,106.68,,,,,,,,,,,,,
0,17.321,106.722,,,,,,,,,,,,,
0,17.418,106.729,,,,,,,,,,,,,
0,17.671,106.718,,,,,,,,,,,,,
0,18.71,106.659,,,,,,,,,,,,,
0,19.158,106.682,,,,,,,,,,,,,
0,19.309,106.706,,,,,,,,,,,,,
0,19.558,106.682,,,,,,,,,,,,,
0,20,106.642,,,,,,,,,,,,,
2.2,22,2230,FALSE,,,86,,,,,0,,,,âÕêÏä«óùé{ê›ìôç\ë¢óﬂ
0,-20,107.406,,,,,,,,,,,,,
0,-19.954,107.403,,,,,,,,,,,,,
0,-19.758,107.453,,,,,,,,,,,,,
0,-19.488,107.486,,,,,,,,,,,,,
0,-18.8,107.45,,,,,,,,,,,,,
0,-17.917,107.465,,,,,,,,,,,,,
0,-17.67,107.468,,,,,,,,,,,,,
0,-17.499,107.46,,,,,,,,,,,,,
0,-16.443,107.474,,,,,,,,,,,,,
0,-15.943,107.489,,,,,,,,,,,,,
0,-15.676,107.458,,,,,,,,,,,,,
0,-15.468,107.438,,,,,,,,,,,,,
0,-14.809,107.415,,,,,,,,,,,,,
0,-13.911,107.39,,,,,,,,,,,,,
0,-13.541,107.362,,,,,,,,,,,,,
0,-13.491,107.362,,,,,,,,,,,,,
0,-13.387,107.365,,,,,,,,,,,,,
0,-11.881,107.475,,,,,,,,,,,,,
0,-11.703,107.457,,,,,,,,,,,,,
0,-11.438,107.363,,,,,,,,,,,,,
0,-10.336,107.45,,,,,,,,,,,,,
0,-9.829,107.471,,,,,,,,,,,,,
0,-9.717,107.48,,,,,,,,,,,,,
0,-9.367,107.472,,,,,,,,,,,,,
0,-8.433,107.435,,,,,,,,,,,,,
0,-7.789,107.383,,,,,,,,,,,,,
0,-7.492,107.39,,,,,,,,,,,,,
0,-7.369,107.402,,,,,,,,,,,,,
0,-6.289,107.446,,,,,,,,,,,,,
0,-5.766,107.408,,,,,,,,,,,,,
0,-5.412,107.412,,,,,,,,,,,,,
0,-5.294,107.401,,,,,,,,,,,,,
0,-4.601,107.441,,,,,,,,,,,,,
0,-3.662,107.453,,,,,,,,,,,,,
0,-3.52,107.501,,,,,,,,,,,,,
0,-3.201,107.564,,,,,,,,,,,,,
0,-2.797,107.262,,,,,,,,,,,,,
0,-1.866,106.61,,,,,,,,,,,,,
0,-0.463,107.087,,,,,,,,,,,,,
0,0.205,107.417,,,,,,,,,,,,,
0,0.574,107.418,,,,,,,,,,,,,
0,1.448,107.372,,,,,,,,,,,,,
0,1.556,107.364,,,,,,,,,,,,,
0,1.578,107.358,,,,,,,,,,,,,
0,1.957,107.264,,,,,,,,,,,,,
0,2.274,107.155,,,,,,,,,,,,,
0,3.465,106.967,,,,,,,,,,,,,
0,3.498,106.96,,,,,,,,,,,,,
0,3.518,106.962,,,,,,,,,,,,,
0,3.911,106.974,,,,,,,,,,,,,
0,4.73,106.961,,,,,,,,,,,,,
0,5.392,106.978,,,,,,,,,,,,,
0,5.58,106.979,,,,,,,,,,,,,
0,5.801,106.99,,,,,,,,,,,,,
0,6.432,106.941,,,,,,,,,,,,,
0,7.332,106.895,,,,,,,,,,,,,
0,7.472,106.91,,,,,,,,,,,,,
0,7.755,106.954,,,,,,,,,,,,,
0,8.15,106.965,,,,,,,,,,,,,
0,9.254,106.906,,,,,,,,,,,,,
0,9.358,106.91,,,,,,,,,,,,,
0,9.671,106.907,,,,,,,,,,,,,
0,9.963,106.886,,,,,,,,,,,,,
0,11.153,106.862,,,,,,,,,,,,,
0,11.365,106.839,,,,,,,,,,,,,
0,11.549,106.834,,,,,,,,,,,,,
0,12.397,106.943,,,,,,,,,,,,,
0,13.021,106.908,,,,,,,,,,,,,
0,13.146,106.913,,,,,,,,,,,,,
0,13.399,106.987,,,,,,,,,,,,,
0,13.69,106.98,,,,,,,,,,,,,
0,14.298,106.935,,,,,,,,,,,,,
0,14.682,106.899,,,,,,,,,,,,,
0,14.863,106.907,,,,,,,,,,,,,
0,14.968,106.908,,,,,,,,,,,,,
0,15.257,106.935,,,,,,,,,,,,,
0,16.041,106.936,,,,,,,,,,,,,
0,16.647,106.897,,,,,,,,,,,,,
0,16.993,106.906,,,,,,,,,,,,,
0,17.057,106.911,,,,,,,,,,,,,
0,17.708,106.873,,,,,,,,,,,,,
0,18.439,106.825,,,,,,,,,,,,,
0,18.501,106.842,,,,,,,,,,,,,
0,18.828,106.857,,,,,,,,,,,,,
0,19.588,106.793,,,,,,,,,,,,,
0,20,106.805,,,,,,,,,,,,,
2.3,23,2300,FALSE,,,69,,,,,0,,,,âÕêÏä«óùé{ê›ìôç\ë¢óﬂ
0,-20,107.515,,,,,,,,,,,,,
0,-19.568,107.506,,,,,,,,,,,,,
0,-19.023,107.56,,,,,,,,,,,,,
0,-18.432,107.511,,,,,,,,,,,,,
0,-17.942,107.501,,,,,,,,,,,,,
0,-17.253,107.549,,,,,,,,,,,,,
0,-16.837,107.564,,,,,,,,,,,,,
0,-16.07,107.549,,,,,,,,,,,,,
0,-15.728,107.534,,,,,,,,,,,,,
0,-14.89,107.512,,,,,,,,,,,,,
0,-14.616,107.512,,,,,,,,,,,,,
0,-13.707,107.569,,,,,,,,,,,,,
0,-13.506,107.585,,,,,,,,,,,,,
0,-12.515,107.557,,,,,,,,,,,,,
0,-12.395,107.545,,,,,,,,,,,,,
0,-11.312,107.539,,,,,,,,,,,,,
0,-11.277,107.538,,,,,,,,,,,,,
0,-10.73,107.545,,,,,,,,,,,,,
0,-10.196,107.548,,,,,,,,,,,,,
0,-10.084,107.546,,,,,,,,,,,,,
0,-9.194,107.51,,,,,,,,,,,,,
0,-8.853,107.513,,,,,,,,,,,,,
0,-8.178,107.52,,,,,,,,,,,,,
0,-7.59,107.554,,,,,,,,,,,,,
0,-7.14,107.573,,,,,,,,,,,,,
0,-6.335,107.591,,,,,,,,,,,,,
0,-6.104,107.598,,,,,,,,,,,,,
0,-5.173,107.499,,,,,,,,,,,,,
0,-5.08,107.49,,,,,,,,,,,,,
0,-5.073,107.49,,,,,,,,,,,,,
0,-3.93,107.503,,,,,,,,,,,,,
0,-3.844,107.508,,,,,,,,,,,,,
0,-2.745,107.575,,,,,,,,,,,,,
0,-2.572,107.587,,,,,,,,,,,,,
0,-1.554,107.634,,,,,,,,,,,,,
0,-1.328,107.358,,,,,,,,,,,,,
0,-0.517,106.77,,,,,,,,,,,,,
0,0.303,107.02,,,,,,,,,,,,,
0,2.231,107.433,,,,,,,,,,,,,
0,2.598,107.434,,,,,,,,,,,,,
0,3.15,107.599,,,,,,,,,,,,,
0,3.756,107.523,,,,,,,,,,,,,
0,4.325,107.419,,,,,,,,,,,,,
0,5.032,107.464,,,,,,,,,,,,,
0,5.524,107.542,,,,,,,,,,,,,
0,6.293,107.421,,,,,,,,,,,,,
0,6.699,107.35,,,,,,,,,,,,,
0,7.577,107.283,,,,,,,,,,,,,
0,7.877,107.267,,,,,,,,,,,,,
0,8.885,107.273,,,,,,,,,,,,,
0,9.093,107.276,,,,,,,,,,,,,
0,10.189,107.301,,,,,,,,,,,,,
0,10.31,107.294,,,,,,,,,,,,,
0,11.479,107.299,,,,,,,,,,,,,
0,11.505,107.299,,,,,,,,,,,,,
0,11.88,107.3,,,,,,,,,,,,,
0,12.706,107.298,,,,,,,,,,,,,
0,12.868,107.282,,,,,,,,,,,,,
0,13.916,107.289,,,,,,,,,,,,,
0,14.363,107.307,,,,,,,,,,,,,
0,15.129,107.26,,,,,,,,,,,,,
0,15.83,107.264,,,,,,,,,,,,,
0,16.326,107.27,,,,,,,,,,,,,
0,17.319,107.282,,,,,,,,,,,,,
0,17.565,107.269,,,,,,,,,,,,,
0,18.734,107.222,,,,,,,,,,,,,
0,18.771,107.22,,,,,,,,,,,,,
0,18.774,107.22,,,,,,,,,,,,,
0,20,107.322,,,,,,,,,,,,,
2.4,24,2400,FALSE,,,66,,,,,0,,,,âÕêÏä«óùé{ê›ìôç\ë¢óﬂ
0,-20,110.46,,,,,,,,,,,,,
0,-19.922,110.465,,,,,,,,,,,,,
0,-19.412,110.478,,,,,,,,,,,,,
0,-18.807,110.5,,,,,,,,,,,,,
0,-18.367,110.492,,,,,,,,,,,,,
0,-17.717,110.385,,,,,,,,,,,,,
0,-17.323,110.375,,,,,,,,,,,,,
0,-16.585,110.453,,,,,,,,,,,,,
0,-16.266,110.473,,,,,,,,,,,,,
0,-15.448,110.484,,,,,,,,,,,,,
0,-15.2,110.481,,,,,,,,,,,,,
0,-14.336,110.487,,,,,,,,,,,,,
0,-14.152,110.504,,,,,,,,,,,,,
0,-13.216,110.531,,,,,,,,,,,,,
0,-13.107,110.524,,,,,,,,,,,,,
0,-12.259,110.553,,,,,,,,,,,,,
0,-10.152,108.42,,,,,,,,,,,,,
0,-10.107,108.369,,,,,,,,,,,,,
0,-10.083,108.366,,,,,,,,,,,,,
0,-9.686,108.313,,,,,,,,,,,,,
0,-9.015,108.275,,,,,,,,,,,,,
0,-8.878,108.18,,,,,,,,,,,,,
0,-7.975,107.65,,,,,,,,,,,,,
0,-6.836,107.193,,,,,,,,,,,,,
0,-4.743,106.484,,,,,,,,,,,,,
0,-3.847,106.538,,,,,,,,,,,,,
0,-3.612,106.552,,,,,,,,,,,,,
0,-2.491,106.411,,,,,,,,,,,,,
0,-2.483,106.41,,,,,,,,,,,,,
0,-2.452,106.411,,,,,,,,,,,,,
0,-1.257,106.44,,,,,,,,,,,,,
0,-0.216,106.34,,,,,,,,,,,,,
0,0.133,106.36,,,,,,,,,,,,,
0,0.378,106.463,,,,,,,,,,,,,
0,1.222,106.693,,,,,,,,,,,,,
0,2.817,107.077,,,,,,,,,,,,,
0,3.095,107.5,,,,,,,,,,,,,
0,3.972,107.785,,,,,,,,,,,,,
0,4.859,108.265,,,,,,,,,,,,,
0,5.358,109.789,,,,,,,,,,,,,
0,5.871,110.661,,,,,,,,,,,,,
0,6.694,110.552,,,,,,,,,,,,,
0,7.005,110.535,,,,,,,,,,,,,
0,7.932,110.524,,,,,,,,,,,,,
0,8.155,110.513,,,,,,,,,,,,,
0,9.156,110.416,,,,,,,,,,,,,
0,9.298,110.341,,,,,,,,,,,,,
0,10.29,109.707,,,,,,,,,,,,,
0,10.375,109.599,,,,,,,,,,,,,
0,10.487,109.533,,,,,,,,,,,,,
0,11.346,108.898,,,,,,,,,,,,,
0,12.536,108.025,,,,,,,,,,,,,
0,12.572,108.028,,,,,,,,,,,,,
0,13.023,108.045,,,,,,,,,,,,,
0,13.724,108.066,,,,,,,,,,,,,
0,13.864,108.066,,,,,,,,,,,,,
0,14.867,108.033,,,,,,,,,,,,,
0,15.219,108.024,,,,,,,,,,,,,
0,15.983,108.01,,,,,,,,,,,,,
0,16.537,107.883,,,,,,,,,,,,,
0,17.117,107.772,,,,,,,,,,,,,
0,17.909,107.814,,,,,,,,,,,,,
0,18.275,107.812,,,,,,,,,,,,,
0,19.275,107.755,,,,,,,,,,,,,
0,19.421,107.754,,,,,,,,,,,,,
0,20,107.771,,,,,,,,,,,,,
2.5,25,2500,FALSE,,,69,,,,,0,,,,âÕêÏä«óùé{ê›ìôç\ë¢óﬂ
0,-20,107.96,,,,,,,,,,,,,
0,-19.501,107.947,,,,,,,,,,,,,
0,-19.032,107.935,,,,,,,,,,,,,
0,-18.549,107.919,,,,,,,,,,,,,
0,-17.709,107.97,,,,,,,,,,,,,
0,-17.592,107.974,,,,,,,,,,,,,
0,-17.306,107.974,,,,,,,,,,,,,
0,-16.789,107.951,,,,,,,,,,,,,
0,-16.059,108.122,,,,,,,,,,,,,
0,-16.02,108.128,,,,,,,,,,,,,
0,-16.004,108.134,,,,,,,,,,,,,
0,-15.038,108.323,,,,,,,,,,,,,
0,-14.637,108.357,,,,,,,,,,,,,
0,-14.043,108.419,,,,,,,,,,,,,
0,-13.249,108.423,,,,,,,,,,,,,
0,-13.073,108.426,,,,,,,,,,,,,
0,-12.648,108.412,,,,,,,,,,,,,
0,-12.228,108.39,,,,,,,,,,,,,
0,-11.515,108.437,,,,,,,,,,,,,
0,-11.466,108.441,,,,,,,,,,,,,
0,-11.437,108.443,,,,,,,,,,,,,
0,-10.321,108.5,,,,,,,,,,,,,
0,-10.044,108.489,,,,,,,,,,,,,
0,-8.052,108.602,,,,,,,,,,,,,
0,-8.007,108.605,,,,,,,,,,,,,
0,-7.704,108.634,,,,,,,,,,,,,
0,-7.021,108.677,,,,,,,,,,,,,
0,-6.794,108.587,,,,,,,,,,,,,
0,-5.967,108.228,,,,,,,,,,,,,
0,-5.537,108.112,,,,,,,,,,,,,
0,-4.892,107.886,,,,,,,,,,,,,
0,-3.956,106.927,,,,,,,,,,,,,
0,-3.89,106.869,,,,,,,,,,,,,
0,-2.306,106.7,,,,,,,,,,,,,
0,0.108,106.481,,,,,,,,,,,,,
0,0.67,106.37,,,,,,,,,,,,,
0,0.973,106.402,,,,,,,,,,,,,
0,1.376,107.027,,,,,,,,,,,,,
0,1.991,107.888,,,,,,,,,,,,,
0,2.287,107.943,,,,,,,,,,,,,
0,2.939,108.081,,,,,,,,,,,,,
0,3.207,108.118,,,,,,,,,,,,,
0,3.958,108.341,,,,,,,,,,,,,
0,4.644,108.516,,,,,,,,,,,,,
0,4.945,108.512,,,,,,,,,,,,,
0,5.675,108.555,,,,,,,,,,,,,
0,5.884,108.568,,,,,,,,,,,,,
0,6.258,108.57,,,,,,,,,,,,,
0,6.739,108.57,,,,,,,,,,,,,
0,7.009,108.661,,,,,,,,,,,,,
0,7.784,108.841,,,,,,,,,,,,,
0,8.42,108.839,,,,,,,,,,,,,
0,8.619,108.873,,,,,,,,,,,,,
0,9.303,108.882,,,,,,,,,,,,,
0,10.948,108.914,,,,,,,,,,,,,
0,11.289,109.273,,,,,,,,,,,,,
0,11.557,109.416,,,,,,,,,,,,,
0,11.793,109.389,,,,,,,,,,,,,
0,12.379,109.205,,,,,,,,,,,,,
0,12.586,109.232,,,,,,,,,,,,,
0,12.737,109.245,,,,,,,,,,,,,
0,13.289,109.293,,,,,,,,,,,,,
0,14.809,109.273,,,,,,,,,,,,,
0,15.78,109.21,,,,,,,,,,,,,
0,16.759,109.005,,,,,,,,,,,,,
0,17.657,109.113,,,,,,,,,,,,,
0,17.886,109.129,,,,,,,,,,,,,
0,18.614,109.443,,,,,,,,,,,,,
0,20,109.487,,,,,,,,,,,,,
2.6,26,2600,FALSE,,,82,,,,,0,,,,âÕêÏä«óùé{ê›ìôç\ë¢óﬂ
0,-20,108.087,,,,,,,,,,,,,
0,-19.705,108.111,,,,,,,,,,,,,
0,-19.293,108.132,,,,,,,,,,,,,
0,-18.802,108.101,,,,,,,,,,,,,
0,-18.328,108.106,,,,,,,,,,,,,
0,-17.974,108.086,,,,,,,,,,,,,
0,-17.448,108.097,,,,,,,,,,,,,
0,-16.744,108.08,,,,,,,,,,,,,
0,-16.559,108.082,,,,,,,,,,,,,
0,-15.77,108.419,,,,,,,,,,,,,
0,-15.632,108.464,,,,,,,,,,,,,
0,-15.527,108.497,,,,,,,,,,,,,
0,-14.775,108.61,,,,,,,,,,,,,
0,-14.025,108.635,,,,,,,,,,,,,
0,-13.928,108.643,,,,,,,,,,,,,
0,-13.803,108.643,,,,,,,,,,,,,
0,-13.265,108.666,,,,,,,,,,,,,
0,-12.911,108.647,,,,,,,,,,,,,
0,-12.394,108.63,,,,,,,,,,,,,
0,-11.599,108.682,,,,,,,,,,,,,
0,-11.166,108.701,,,,,,,,,,,,,
0,-10.874,108.72,,,,,,,,,,,,,
0,-10.387,108.745,,,,,,,,,,,,,
0,-9.937,108.775,,,,,,,,,,,,,
0,-9.627,108.787,,,,,,,,,,,,,
0,-9.298,108.784,,,,,,,,,,,,,
0,-8.582,108.78,,,,,,,,,,,,,
0,-7.919,108.839,,,,,,,,,,,,,
0,-7.541,108.859,,,,,,,,,,,,,
0,-7.039,108.737,,,,,,,,,,,,,
0,-6.629,108.698,,,,,,,,,,,,,
0,-6.314,108.54,,,,,,,,,,,,,
0,-5.811,108.353,,,,,,,,,,,,,
0,-5.174,108.288,,,,,,,,,,,,,
0,-4.828,108.286,,,,,,,,,,,,,
0,-4.296,107.845,,,,,,,,,,,,,
0,-3.728,107.184,,,,,,,,,,,,,
0,-3.529,106.999,,,,,,,,,,,,,
0,-2.645,106.45,,,,,,,,,,,,,
0,0.115,106.546,,,,,,,,,,,,,
0,0.213,106.552,,,,,,,,,,,,,
0,0.392,106.724,,,,,,,,,,,,,
0,0.983,106.999,,,,,,,,,,,,,
0,1.435,107.522,,,,,,,,,,,,,
0,1.953,108.207,,,,,,,,,,,,,
0,2.505,108.26,,,,,,,,,,,,,
0,3.039,108.304,,,,,,,,,,,,,
0,3.486,108.476,,,,,,,,,,,,,
0,4.198,108.727,,,,,,,,,,,,,
0,4.416,108.743,,,,,,,,,,,,,
0,5.15,108.824,,,,,,,,,,,,,
0,5.828,108.81,,,,,,,,,,,,,
0,6.048,108.799,,,,,,,,,,,,,
0,6.285,108.81,,,,,,,,,,,,,
0,7.04,108.833,,,,,,,,,,,,,
0,7.307,108.9,,,,,,,,,,,,,
0,8.179,109.082,,,,,,,,,,,,,
0,8.63,109.347,,,,,,,,,,,,,
0,9.372,109.551,,,,,,,,,,,,,
0,10.198,109.599,,,,,,,,,,,,,
0,10.392,109.588,,,,,,,,,,,,,
0,10.507,109.568,,,,,,,,,,,,,
0,11.303,109.444,,,,,,,,,,,,,
0,11.672,109.404,,,,,,,,,,,,,
0,12.237,109.351,,,,,,,,,,,,,
0,12.927,109.294,,,,,,,,,,,,,
0,12.988,109.288,,,,,,,,,,,,,
0,13.008,109.288,,,,,,,,,,,,,
0,13.944,109.22,,,,,,,,,,,,,
0,14.799,109.092,,,,,,,,,,,,,
0,14.914,109.082,,,,,,,,,,,,,
0,15.749,109.1,,,,,,,,,,,,,
0,16.044,109.102,,,,,,,,,,,,,
0,16.288,109.094,,,,,,,,,,,,,
0,16.89,109.041,,,,,,,,,,,,,
0,17.608,109.088,,,,,,,,,,,,,
0,17.766,109.068,,,,,,,,,,,,,
0,18.552,109.127,,,,,,,,,,,,,
0,18.816,109.159,,,,,,,,,,,,,
0,18.958,109.18,,,,,,,,,,,,,
0,19.447,109.232,,,,,,,,,,,,,
0,20,109.286,,,,,,,,,,,,,
2.7,27,2700,FALSE,,,79,,,,,0,,,,âÕêÏä«óùé{ê›ìôç\ë¢óﬂ
0,-20,114.53,,,,,,,,,,,,,
0,-19.125,113.953,,,,,,,,,,,,,
0,-18.875,113.883,,,,,,,,,,,,,
0,-18.229,113.486,,,,,,,,,,,,,
0,-17.18,112.544,,,,,,,,,,,,,
0,-15.928,111.359,,,,,,,,,,,,,
0,-15.127,110.181,,,,,,,,,,,,,
0,-14.763,110.042,,,,,,,,,,,,,
0,-14.095,109.8,,,,,,,,,,,,,
0,-13.766,109.816,,,,,,,,,,,,,
0,-13.56,109.83,,,,,,,,,,,,,
0,-13.082,109.811,,,,,,,,,,,,,
0,-12.459,109.805,,,,,,,,,,,,,
0,-12.097,109.78,,,,,,,,,,,,,
0,-11.471,109.797,,,,,,,,,,,,,
0,-11.413,109.797,,,,,,,,,,,,,
0,-11.318,109.814,,,,,,,,,,,,,
0,-10.396,109.865,,,,,,,,,,,,,
0,-9.466,109.284,,,,,,,,,,,,,
0,-8.795,109.078,,,,,,,,,,,,,
0,-8.624,108.88,,,,,,,,,,,,,
0,-8.178,108.123,,,,,,,,,,,,,
0,-7.797,107.412,,,,,,,,,,,,,
0,-7.246,106.79,,,,,,,,,,,,,
0,-6.85,106.761,,,,,,,,,,,,,
0,-5.772,106.621,,,,,,,,,,,,,
0,-5.354,106.589,,,,,,,,,,,,,
0,-4.297,106.571,,,,,,,,,,,,,
0,-3.856,106.566,,,,,,,,,,,,,
0,-3.237,106.49,,,,,,,,,,,,,
0,-3.175,106.49,,,,,,,,,,,,,
0,-2.479,106.632,,,,,,,,,,,,,
0,-2.213,106.703,,,,,,,,,,,,,
0,-1.823,106.707,,,,,,,,,,,,,
0,-0.558,106.622,,,,,,,,,,,,,
0,0.423,106.681,,,,,,,,,,,,,
0,0.823,106.645,,,,,,,,,,,,,
0,1.335,106.706,,,,,,,,,,,,,
0,1.836,107.212,,,,,,,,,,,,,
0,2.107,107.753,,,,,,,,,,,,,
0,2.636,108.239,,,,,,,,,,,,,
0,3.643,109.177,,,,,,,,,,,,,
0,3.917,109.346,,,,,,,,,,,,,
0,4.899,110.025,,,,,,,,,,,,,
0,4.979,110.046,,,,,,,,,,,,,
0,5.287,109.94,,,,,,,,,,,,,
0,6.559,109.755,,,,,,,,,,,,,
0,6.639,109.751,,,,,,,,,,,,,
0,6.646,109.751,,,,,,,,,,,,,
0,6.669,109.751,,,,,,,,,,,,,
0,7.945,109.78,,,,,,,,,,,,,
0,8.373,109.788,,,,,,,,,,,,,
0,8.509,109.78,,,,,,,,,,,,,
0,9.962,109.918,,,,,,,,,,,,,
0,10.038,109.925,,,,,,,,,,,,,
0,10.1,109.934,,,,,,,,,,,,,
0,11.235,109.652,,,,,,,,,,,,,
0,12.948,109.434,,,,,,,,,,,,,
0,12.949,109.434,,,,,,,,,,,,,
0,13.383,109.36,,,,,,,,,,,,,
0,13.383,109.36,,,,,,,,,,,,,
0,13.385,109.36,,,,,,,,,,,,,
0,13.385,109.36,,,,,,,,,,,,,
0,13.386,109.36,,,,,,,,,,,,,
0,13.386,109.36,,,,,,,,,,,,,
0,13.387,109.36,,,,,,,,,,,,,
0,13.387,109.36,,,,,,,,,,,,,
0,13.533,109.366,,,,,,,,,,,,,
0,13.533,109.366,,,,,,,,,,,,,
0,16.184,109.536,,,,,,,,,,,,,
0,16.435,109.515,,,,,,,,,,,,,
0,16.674,109.492,,,,,,,,,,,,,
0,16.794,109.485,,,,,,,,,,,,,
0,18.736,109.201,,,,,,,,,,,,,
0,18.85,109.2,,,,,,,,,,,,,
0,18.957,109.185,,,,,,,,,,,,,
0,19.108,109.167,,,,,,,,,,,,,
0,19.779,109.15,,,,,,,,,,,,,
0,20,109.166,,,,,,,,,,,,,
2.8,28,2800,FALSE,,,95,,,,,0,,,,âÕêÏä«óùé{ê›ìôç\ë¢óﬂ
0,-20,108.569,,,,,,,,,,,,,
0,-19.695,108.564,,,,,,,,,,,,,
0,-19.312,108.559,,,,,,,,,,,,,
0,-18.905,108.546,,,,,,,,,,,,,
0,-18.416,108.564,,,,,,,,,,,,,
0,-18.009,108.628,,,,,,,,,,,,,
0,-17.504,108.725,,,,,,,,,,,,,
0,-17.036,108.719,,,,,,,,,,,,,
0,-16.612,108.684,,,,,,,,,,,,,
0,-16.389,108.665,,,,,,,,,,,,,
0,-15.708,108.641,,,,,,,,,,,,,
0,-15.38,108.658,,,,,,,,,,,,,
0,-14.802,108.674,,,,,,,,,,,,,
0,-14.598,108.661,,,,,,,,,,,,,
0,-13.881,108.56,,,,,,,,,,,,,
0,-13.71,108.556,,,,,,,,,,,,,
0,-12.99,108.563,,,,,,,,,,,,,
0,-12.812,108.57,,,,,,,,,,,,,
0,-12.022,108.531,,,,,,,,,,,,,
0,-12.006,108.53,,,,,,,,,,,,,
0,-11.131,108.538,,,,,,,,,,,,,
0,-10.736,108.557,,,,,,,,,,,,,
0,-10.212,108.563,,,,,,,,,,,,,
0,-9.354,108.522,,,,,,,,,,,,,
0,-9.321,108.52,,,,,,,,,,,,,
0,-9.306,108.52,,,,,,,,,,,,,
0,-8.373,108.534,,,,,,,,,,,,,
0,-8.053,108.549,,,,,,,,,,,,,
0,-7.479,108.645,,,,,,,,,,,,,
0,-7.191,108.719,,,,,,,,,,,,,
0,-6.519,108.805,,,,,,,,,,,,,
0,-5.725,108.987,,,,,,,,,,,,,
0,-5.621,108.998,,,,,,,,,,,,,
0,-5.561,109.006,,,,,,,,,,,,,
0,-5.159,108.99,,,,,,,,,,,,,
0,-4.754,108.969,,,,,,,,,,,,,
0,-4.695,108.969,,,,,,,,,,,,,
0,-4.426,108.976,,,,,,,,,,,,,
0,-3.776,108.988,,,,,,,,,,,,,
0,-3.646,108.984,,,,,,,,,,,,,
0,-3.052,108.943,,,,,,,,,,,,,
0,-2.889,108.928,,,,,,,,,,,,,
0,-2.855,108.882,,,,,,,,,,,,,
0,-2.646,108.671,,,,,,,,,,,,,
0,-2.018,108.045,,,,,,,,,,,,,
0,-1.63,107.87,,,,,,,,,,,,,
0,-1.039,108.094,,,,,,,,,,,,,
0,-0.485,108.594,,,,,,,,,,,,,
0,-0.102,109.015,,,,,,,,,,,,,
0,0.118,109.1,,,,,,,,,,,,,
0,0.853,109.11,,,,,,,,,,,,,
0,1.498,108.955,,,,,,,,,,,,,
0,1.748,108.95,,,,,,,,,,,,,
0,1.941,108.9,,,,,,,,,,,,,
0,2.71,108.818,,,,,,,,,,,,,
0,2.918,108.792,,,,,,,,,,,,,
0,3.602,108.758,,,,,,,,,,,,,
0,3.758,108.75,,,,,,,,,,,,,
0,4.572,108.819,,,,,,,,,,,,,
0,4.711,108.821,,,,,,,,,,,,,
0,5.482,108.786,,,,,,,,,,,,,
0,5.838,108.779,,,,,,,,,,,,,
0,6.452,108.76,,,,,,,,,,,,,
0,7.218,108.777,,,,,,,,,,,,,
0,7.34,108.776,,,,,,,,,,,,,
0,7.537,108.776,,,,,,,,,,,,,
0,8.313,108.756,,,,,,,,,,,,,
0,9.131,108.724,,,,,,,,,,,,,
0,9.21,108.723,,,,,,,,,,,,,
0,9.345,108.73,,,,,,,,,,,,,
0,10.193,108.785,,,,,,,,,,,,,
0,10.382,108.786,,,,,,,,,,,,,
0,11.08,108.788,,,,,,,,,,,,,
0,11.182,108.788,,,,,,,,,,,,,
0,12.059,108.77,,,,,,,,,,,,,
0,12.229,108.779,,,,,,,,,,,,,
0,12.961,108.829,,,,,,,,,,,,,
0,13.187,108.811,,,,,,,,,,,,,
0,13.924,108.717,,,,,,,,,,,,,
0,14.716,108.776,,,,,,,,,,,,,
0,14.823,108.782,,,,,,,,,,,,,
0,14.865,108.78,,,,,,,,,,,,,
0,15.015,108.774,,,,,,,,,,,,,
0,15.635,108.757,,,,,,,,,,,,,
0,15.807,108.748,,,,,,,,,,,,,
0,16.267,108.702,,,,,,,,,,,,,
0,16.678,108.69,,,,,,,,,,,,,
0,16.916,108.647,,,,,,,,,,,,,
0,17.632,108.634,,,,,,,,,,,,,
0,18.368,108.75,,,,,,,,,,,,,
0,18.515,108.757,,,,,,,,,,,,,
0,18.696,108.765,,,,,,,,,,,,,
0,19.51,108.714,,,,,,,,,,,,,
0,19.781,108.7,,,,,,,,,,,,,
0,20,108.668,,,,,,,,,,,,,
2.9,29,2900,FALSE,,,74,,,,,0,,,,âÕêÏä«óùé{ê›ìôç\ë¢óﬂ
0,-20,109.123,,,,,,,,,,,,,
0,-19.114,109.119,,,,,,,,,,,,,
0,-18.767,109.139,,,,,,,,,,,,,
0,-18.216,109.105,,,,,,,,,,,,,
0,-17.712,109.128,,,,,,,,,,,,,
0,-17.309,109.174,,,,,,,,,,,,,
0,-16.426,109.14,,,,,,,,,,,,,
0,-16.281,109.145,,,,,,,,,,,,,
0,-15.427,109.151,,,,,,,,,,,,,
0,-14.494,109.129,,,,,,,,,,,,,
0,-14.157,109.156,,,,,,,,,,,,,
0,-13.226,109.279,,,,,,,,,,,,,
0,-13.124,109.282,,,,,,,,,,,,,
0,-12.722,109.226,,,,,,,,,,,,,
0,-11.86,109.096,,,,,,,,,,,,,
0,-11.724,109.08,,,,,,,,,,,,,
0,-11.348,109.064,,,,,,,,,,,,,
0,-11,109.043,,,,,,,,,,,,,
0,-10.867,109.038,,,,,,,,,,,,,
0,-9.955,109.073,,,,,,,,,,,,,
0,-9.598,109.09,,,,,,,,,,,,,
0,-9.021,109.056,,,,,,,,,,,,,
0,-8.577,109.03,,,,,,,,,,,,,
0,-8.172,109.043,,,,,,,,,,,,,
0,-7.34,109.011,,,,,,,,,,,,,
0,-7.3,109.011,,,,,,,,,,,,,
0,-6.263,109.211,,,,,,,,,,,,,
0,-5.6,109.419,,,,,,,,,,,,,
0,-4.926,109.683,,,,,,,,,,,,,
0,-4.143,109.932,,,,,,,,,,,,,
0,-3.878,109.959,,,,,,,,,,,,,
0,-2.638,109.972,,,,,,,,,,,,,
0,-2.603,109.937,,,,,,,,,,,,,
0,-1.72,108.69,,,,,,,,,,,,,
0,-1.655,108.804,,,,,,,,,,,,,
0,-0.783,109.376,,,,,,,,,,,,,
0,-0.249,110.053,,,,,,,,,,,,,
0,0.185,111.121,,,,,,,,,,,,,
0,0.892,111.288,,,,,,,,,,,,,
0,1.005,111.333,,,,,,,,,,,,,
0,1.299,111.242,,,,,,,,,,,,,
0,1.937,111.053,,,,,,,,,,,,,
0,2.17,111.094,,,,,,,,,,,,,
0,2.769,111.321,,,,,,,,,,,,,
0,3.299,111.333,,,,,,,,,,,,,
0,3.665,111.119,,,,,,,,,,,,,
0,4.686,110.585,,,,,,,,,,,,,
0,6.097,109.648,,,,,,,,,,,,,
0,6.362,109.463,,,,,,,,,,,,,
0,6.75,109.39,,,,,,,,,,,,,
0,7.4,109.214,,,,,,,,,,,,,
0,7.819,109.226,,,,,,,,,,,,,
0,8.68,109.153,,,,,,,,,,,,,
0,9.24,109.245,,,,,,,,,,,,,
0,10.179,109.225,,,,,,,,,,,,,
0,10.427,109.148,,,,,,,,,,,,,
0,11.502,109.785,,,,,,,,,,,,,
0,12.603,110.603,,,,,,,,,,,,,
0,12.675,110.661,,,,,,,,,,,,,
0,13.942,110.573,,,,,,,,,,,,,
0,13.955,110.564,,,,,,,,,,,,,
0,13.984,110.563,,,,,,,,,,,,,
0,14.669,110.422,,,,,,,,,,,,,
0,14.998,110.391,,,,,,,,,,,,,
0,15.58,110.334,,,,,,,,,,,,,
0,16.251,110.18,,,,,,,,,,,,,
0,16.871,110.164,,,,,,,,,,,,,
0,17.354,109.978,,,,,,,,,,,,,
0,18.352,109.135,,,,,,,,,,,,,
0,18.522,109.061,,,,,,,,,,,,,
0,19.581,108.92,,,,,,,,,,,,,
0,19.613,108.92,,,,,,,,,,,,,
0,19.72,108.926,,,,,,,,,,,,,
0,20,108.932,,,,,,,,,,,,,
3,30,3000,FALSE,,,85,,,,,0,,,,âÕêÏä«óùé{ê›ìôç\ë¢óﬂ
0,-20,109.378,,,,,,,,,,,,,
0,-19.699,109.38,,,,,,,,,,,,,
0,-19.666,109.38,,,,,,,,,,,,,
0,-19.608,109.378,,,,,,,,,,,,,
0,-18.746,109.345,,,,,,,,,,,,,
0,-18.105,109.374,,,,,,,,,,,,,
0,-17.677,109.378,,,,,,,,,,,,,
0,-16.849,109.319,,,,,,,,,,,,,
0,-16.743,109.311,,,,,,,,,,,,,
0,-16.709,109.31,,,,,,,,,,,,,
0,-16.543,109.321,,,,,,,,,,,,,
0,-15.813,109.371,,,,,,,,,,,,,
0,-15.662,109.377,,,,,,,,,,,,,
0,-15.271,109.358,,,,,,,,,,,,,
0,-14.668,109.343,,,,,,,,,,,,,
0,-14.38,109.345,,,,,,,,,,,,,
0,-13.587,109.353,,,,,,,,,,,,,
0,-13.378,109.352,,,,,,,,,,,,,
0,-12.661,109.369,,,,,,,,,,,,,
0,-12.572,109.371,,,,,,,,,,,,,
0,-11.613,109.342,,,,,,,,,,,,,
0,-11.169,109.33,,,,,,,,,,,,,
0,-10.611,109.365,,,,,,,,,,,,,
0,-9.867,109.4,,,,,,,,,,,,,
0,-9.486,109.38,,,,,,,,,,,,,
0,-8.575,109.38,,,,,,,,,,,,,
0,-8.517,109.38,,,,,,,,,,,,,
0,-8.5,109.38,,,,,,,,,,,,,
0,-8.432,109.378,,,,,,,,,,,,,
0,-7.66,109.356,,,,,,,,,,,,,
0,-7.456,109.357,,,,,,,,,,,,,
0,-6.809,109.401,,,,,,,,,,,,,
0,-6.523,109.39,,,,,,,,,,,,,
0,-5.928,109.361,,,,,,,,,,,,,
0,-5.422,109.37,,,,,,,,,,,,,
0,-4.49,109.389,,,,,,,,,,,,,
0,-4.417,109.393,,,,,,,,,,,,,
0,-4.317,109.403,,,,,,,,,,,,,
0,-3.346,109.48,,,,,,,,,,,,,
0,-3.01,109.551,,,,,,,,,,,,,
0,-2.461,110.344,,,,,,,,,,,,,
0,-1.645,110.839,,,,,,,,,,,,,
0,-1.424,110.839,,,,,,,,,,,,,
0,-1.116,110.85,,,,,,,,,,,,,
0,-0.429,110.903,,,,,,,,,,,,,
0,0.135,110.392,,,,,,,,,,,,,
0,0.701,110.02,,,,,,,,,,,,,
0,1.412,110.54,,,,,,,,,,,,,
0,1.648,110.497,,,,,,,,,,,,,
0,2.292,110.377,,,,,,,,,,,,,
0,2.758,110.362,,,,,,,,,,,,,
0,3.176,110.295,,,,,,,,,,,,,
0,3.847,109.49,,,,,,,,,,,,,
0,4.171,109.131,,,,,,,,,,,,,
0,4.985,108.977,,,,,,,,,,,,,
0,5.26,108.977,,,,,,,,,,,,,
0,6.011,109.015,,,,,,,,,,,,,
0,7.028,108.95,,,,,,,,,,,,,
0,7.119,108.951,,,,,,,,,,,,,
0,7.4,108.961,,,,,,,,,,,,,
0,8.102,108.991,,,,,,,,,,,,,
0,8.36,108.99,,,,,,,,,,,,,
0,9.215,108.99,,,,,,,,,,,,,
0,9.934,108.936,,,,,,,,,,,,,
0,10.288,108.915,,,,,,,,,,,,,
0,11.045,108.937,,,,,,,,,,,,,
0,11.412,108.952,,,,,,,,,,,,,
0,11.549,108.947,,,,,,,,,,,,,
0,12.481,108.987,,,,,,,,,,,,,
0,12.674,109.003,,,,,,,,,,,,,
0,13.631,109.029,,,,,,,,,,,,,
0,13.707,109.027,,,,,,,,,,,,,
0,13.877,109.023,,,,,,,,,,,,,
0,14.44,108.967,,,,,,,,,,,,,
0,14.687,108.98,,,,,,,,,,,,,
0,15.229,108.931,,,,,,,,,,,,,
0,15.851,108.92,,,,,,,,,,,,,
0,16.062,108.928,,,,,,,,,,,,,
0,16.932,108.97,,,,,,,,,,,,,
0,16.985,108.97,,,,,,,,,,,,,
0,18.115,108.974,,,,,,,,,,,,,
0,18.572,108.949,,,,,,,,,,,,,
0,19.219,108.92,,,,,,,,,,,,,
0,19.546,108.937,,,,,,,,,,,,,
0,20,108.99,,,,,,,,,,,,,
3.1,31,3100,FALSE,,,81,,,,,0,,,,âÕêÏä«óùé{ê›ìôç\ë¢óﬂ
0,-20,110.112,,,,,,,,,,,,,
0,-19.956,110.109,,,,,,,,,,,,,
0,-19.848,110.107,,,,,,,,,,,,,
0,-18.859,110.102,,,,,,,,,,,,,
0,-18.209,110.088,,,,,,,,,,,,,
0,-17.989,110.07,,,,,,,,,,,,,
0,-17.031,110.036,,,,,,,,,,,,,
0,-16.859,110.037,,,,,,,,,,,,,
0,-16.592,110.015,,,,,,,,,,,,,
0,-15.981,109.989,,,,,,,,,,,,,
0,-15.388,109.99,,,,,,,,,,,,,
0,-14.814,110.018,,,,,,,,,,,,,
0,-14.002,109.977,,,,,,,,,,,,,
0,-13.934,109.974,,,,,,,,,,,,,
0,-13.807,109.983,,,,,,,,,,,,,
0,-12.772,110.038,,,,,,,,,,,,,
0,-12.109,110.038,,,,,,,,,,,,,
0,-11.878,110.015,,,,,,,,,,,,,
0,-11.146,109.984,,,,,,,,,,,,,
0,-10.739,110.003,,,,,,,,,,,,,
0,-10.294,110.058,,,,,,,,,,,,,
0,-9.774,110.35,,,,,,,,,,,,,
0,-8.822,110.456,,,,,,,,,,,,,
0,-8.524,110.53,,,,,,,,,,,,,
0,-7.78,110.105,,,,,,,,,,,,,
0,-7.708,110.109,,,,,,,,,,,,,
0,-6.609,110.287,,,,,,,,,,,,,
0,-6.152,110.406,,,,,,,,,,,,,
0,-5.675,110.524,,,,,,,,,,,,,
0,-4.574,111.023,,,,,,,,,,,,,
0,-3.486,112.011,,,,,,,,,,,,,
0,-3.307,112.035,,,,,,,,,,,,,
0,-2.752,112.006,,,,,,,,,,,,,
0,-2.438,111.998,,,,,,,,,,,,,
0,-2.344,111.954,,,,,,,,,,,,,
0,-1.827,111.674,,,,,,,,,,,,,
0,-1.412,111.51,,,,,,,,,,,,,
0,-0.91,111.696,,,,,,,,,,,,,
0,-0.333,111.989,,,,,,,,,,,,,
0,-0.209,112.061,,,,,,,,,,,,,
0,0.503,112.217,,,,,,,,,,,,,
0,0.706,112.176,,,,,,,,,,,,,
0,1.444,112.06,,,,,,,,,,,,,
0,1.855,111.936,,,,,,,,,,,,,
0,2.299,111.82,,,,,,,,,,,,,
0,2.779,111.558,,,,,,,,,,,,,
0,3.302,111.105,,,,,,,,,,,,,
0,3.867,110.575,,,,,,,,,,,,,
0,4.668,110.326,,,,,,,,,,,,,
0,4.795,110.265,,,,,,,,,,,,,
0,4.896,110.239,,,,,,,,,,,,,
0,5.935,110.197,,,,,,,,,,,,,
0,6.297,110.199,,,,,,,,,,,,,
0,6.883,110.17,,,,,,,,,,,,,
0,7.347,110.183,,,,,,,,,,,,,
0,8.059,110.083,,,,,,,,,,,,,
0,8.351,110.102,,,,,,,,,,,,,
0,9.05,110.263,,,,,,,,,,,,,
0,9.346,110.289,,,,,,,,,,,,,
0,10.207,110.381,,,,,,,,,,,,,
0,10.303,110.383,,,,,,,,,,,,,
0,10.829,110.455,,,,,,,,,,,,,
0,11.108,110.484,,,,,,,,,,,,,
0,11.161,110.491,,,,,,,,,,,,,
0,12.312,110.467,,,,,,,,,,,,,
0,12.35,110.468,,,,,,,,,,,,,
0,12.394,110.471,,,,,,,,,,,,,
0,13.311,110.61,,,,,,,,,,,,,
0,14.3,110.873,,,,,,,,,,,,,
0,14.503,110.913,,,,,,,,,,,,,
0,14.788,110.876,,,,,,,,,,,,,
0,15.459,110.728,,,,,,,,,,,,,
0,16.165,110.544,,,,,,,,,,,,,
0,16.588,110.452,,,,,,,,,,,,,
0,17.351,110.444,,,,,,,,,,,,,
0,17.546,110.471,,,,,,,,,,,,,
0,18.36,110.456,,,,,,,,,,,,,
0,18.7,110.413,,,,,,,,,,,,,
0,19.284,110.458,,,,,,,,,,,,,
0,19.652,110.478,,,,,,,,,,,,,
0,20,110.476,,,,,,,,,,,,,
3.2,32,3200,FALSE,,,61,,,,,0,,,,âÕêÏä«óùé{ê›ìôç\ë¢óﬂ
0,-20,114.442,,,,,,,,,,,,,
0,-19.34,114.693,,,,,,,,,,,,,
0,-19.293,114.703,,,,,,,,,,,,,
0,-19.206,114.545,,,,,,,,,,,,,
0,-18.187,113.154,,,,,,,,,,,,,
0,-17.744,112.953,,,,,,,,,,,,,
0,-17.056,113.077,,,,,,,,,,,,,
0,-16.021,113.542,,,,,,,,,,,,,
0,-15.939,113.552,,,,,,,,,,,,,
0,-15.869,113.537,,,,,,,,,,,,,
0,-14.936,113.278,,,,,,,,,,,,,
0,-14.066,113.137,,,,,,,,,,,,,
0,-13.932,113.042,,,,,,,,,,,,,
0,-13.756,112.994,,,,,,,,,,,,,
0,-12.57,112.625,,,,,,,,,,,,,
0,-11.485,112.707,,,,,,,,,,,,,
0,-11.1,112.747,,,,,,,,,,,,,
0,-10.722,112.885,,,,,,,,,,,,,
0,-9.501,113.38,,,,,,,,,,,,,
0,-8.669,113.775,,,,,,,,,,,,,
0,-7.958,114.097,,,,,,,,,,,,,
0,-7.251,114.12,,,,,,,,,,,,,
0,-6.526,114.136,,,,,,,,,,,,,
0,-5.759,114.11,,,,,,,,,,,,,
0,-5.146,114.107,,,,,,,,,,,,,
0,-4.334,113.908,,,,,,,,,,,,,
0,-3.824,113.775,,,,,,,,,,,,,
0,-3.406,113.597,,,,,,,,,,,,,
0,-2.375,113.24,,,,,,,,,,,,,
0,-1.276,113.33,,,,,,,,,,,,,
0,-0.806,113.379,,,,,,,,,,,,,
0,-0.39,113.34,,,,,,,,,,,,,
0,0.574,113.09,,,,,,,,,,,,,
0,1.809,113.113,,,,,,,,,,,,,
0,1.843,113.109,,,,,,,,,,,,,
0,1.87,113.111,,,,,,,,,,,,,
0,3.381,113.18,,,,,,,,,,,,,
0,4.831,113.267,,,,,,,,,,,,,
0,4.874,113.269,,,,,,,,,,,,,
0,4.929,113.281,,,,,,,,,,,,,
0,6.087,113.554,,,,,,,,,,,,,
0,7.015,113.615,,,,,,,,,,,,,
0,7.293,113.625,,,,,,,,,,,,,
0,7.533,113.624,,,,,,,,,,,,,
0,8.658,113.586,,,,,,,,,,,,,
0,9.929,113.176,,,,,,,,,,,,,
0,9.975,113.164,,,,,,,,,,,,,
0,10.039,113.131,,,,,,,,,,,,,
0,11.473,112.377,,,,,,,,,,,,,
0,12.554,112.044,,,,,,,,,,,,,
0,12.954,111.983,,,,,,,,,,,,,
0,13.324,111.97,,,,,,,,,,,,,
0,14.392,111.996,,,,,,,,,,,,,
0,15.506,111.893,,,,,,,,,,,,,
0,15.817,111.874,,,,,,,,,,,,,
0,16.243,111.873,,,,,,,,,,,,,
0,17.169,111.866,,,,,,,,,,,,,
0,17.856,111.87,,,,,,,,,,,,,
0,18.592,111.912,,,,,,,,,,,,,
0,19.342,111.906,,,,,,,,,,,,,
0,20,111.928,,,,,,,,,,,,,
3.3,33,3300,FALSE,,,75,,,,,0,,,,âÕêÏä«óùé{ê›ìôç\ë¢óﬂ
0,-20,113.496,,,,,,,,,,,,,
0,-19.715,113.505,,,,,,,,,,,,,
0,-19.329,113.507,,,,,,,,,,,,,
0,-19.054,113.523,,,,,,,,,,,,,
0,-18.488,113.503,,,,,,,,,,,,,
0,-17.588,113.686,,,,,,,,,,,,,
0,-17.164,113.758,,,,,,,,,,,,,
0,-17.03,113.728,,,,,,,,,,,,,
0,-16.359,113.578,,,,,,,,,,,,,
0,-16.07,113.623,,,,,,,,,,,,,
0,-15.035,113.78,,,,,,,,,,,,,
0,-14.675,113.793,,,,,,,,,,,,,
0,-14.203,113.822,,,,,,,,,,,,,
0,-13.418,113.822,,,,,,,,,,,,,
0,-12.876,113.839,,,,,,,,,,,,,
0,-12.536,113.826,,,,,,,,,,,,,
0,-12.031,113.855,,,,,,,,,,,,,
0,-10.98,113.82,,,,,,,,,,,,,
0,-10.72,113.822,,,,,,,,,,,,,
0,-10.641,113.826,,,,,,,,,,,,,
0,-9.877,113.835,,,,,,,,,,,,,
0,-9.51,113.831,,,,,,,,,,,,,
0,-8.571,113.821,,,,,,,,,,,,,
0,-7.757,113.841,,,,,,,,,,,,,
0,-7.729,113.84,,,,,,,,,,,,,
0,-7.696,113.84,,,,,,,,,,,,,
0,-6.404,113.812,,,,,,,,,,,,,
0,-6.117,113.83,,,,,,,,,,,,,
0,-5.566,113.861,,,,,,,,,,,,,
0,-4.753,113.876,,,,,,,,,,,,,
0,-4.248,113.876,,,,,,,,,,,,,
0,-3.982,113.88,,,,,,,,,,,,,
0,-3.374,113.861,,,,,,,,,,,,,
0,-2.478,114.296,,,,,,,,,,,,,
0,-2.022,114.462,,,,,,,,,,,,,
0,-1.823,114.533,,,,,,,,,,,,,
0,-1.17,114.615,,,,,,,,,,,,,
0,-0.683,114.311,,,,,,,,,,,,,
0,0.111,113.97,,,,,,,,,,,,,
0,0.373,114.142,,,,,,,,,,,,,
0,1.055,114.56,,,,,,,,,,,,,
0,1.365,114.641,,,,,,,,,,,,,
0,2.409,114.632,,,,,,,,,,,,,
0,2.448,114.632,,,,,,,,,,,,,
0,3.314,114.625,,,,,,,,,,,,,
0,3.95,114.301,,,,,,,,,,,,,
0,4.613,114.02,,,,,,,,,,,,,
0,5.169,113.868,,,,,,,,,,,,,
0,5.469,113.835,,,,,,,,,,,,,
0,6.243,113.862,,,,,,,,,,,,,
0,6.857,113.877,,,,,,,,,,,,,
0,6.993,113.88,,,,,,,,,,,,,
0,7.735,113.865,,,,,,,,,,,,,
0,8.014,113.956,,,,,,,,,,,,,
0,9.096,113.876,,,,,,,,,,,,,
0,9.116,113.879,,,,,,,,,,,,,
0,10.024,114,,,,,,,,,,,,,
0,11.137,114.077,,,,,,,,,,,,,
0,11.369,114.107,,,,,,,,,,,,,
0,12.154,114.298,,,,,,,,,,,,,
0,12.288,114.292,,,,,,,,,,,,,
0,12.663,114.322,,,,,,,,,,,,,
0,13.646,114.376,,,,,,,,,,,,,
0,14.245,114.448,,,,,,,,,,,,,
0,14.549,114.458,,,,,,,,,,,,,
0,15.688,114.563,,,,,,,,,,,,,
0,15.895,114.606,,,,,,,,,,,,,
0,16.125,114.647,,,,,,,,,,,,,
0,16.797,114.547,,,,,,,,,,,,,
0,17.249,114.56,,,,,,,,,,,,,
0,18.155,114.645,,,,,,,,,,,,,
0,18.363,114.636,,,,,,,,,,,,,
0,19.024,114.633,,,,,,,,,,,,,
0,19.983,114.547,,,,,,,,,,,,,
0,20,114.545,,,,,,,,,,,,,
3.4,34,3400,FALSE,,,68,,,,,0,,,,âÕêÏä«óùé{ê›ìôç\ë¢óﬂ
0,-20,116.687,,,,,,,,,,,,,
0,-19.71,116.619,,,,,,,,,,,,,
0,-19.096,116.571,,,,,,,,,,,,,
0,-18.1,116.399,,,,,,,,,,,,,
0,-17.981,116.337,,,,,,,,,,,,,
0,-17.333,116.216,,,,,,,,,,,,,
0,-16.565,116.124,,,,,,,,,,,,,
0,-15.741,116.126,,,,,,,,,,,,,
0,-15.068,116.084,,,,,,,,,,,,,
0,-14.912,116.082,,,,,,,,,,,,,
0,-13.58,116.183,,,,,,,,,,,,,
0,-13.307,116.187,,,,,,,,,,,,,
0,-12.803,116.149,,,,,,,,,,,,,
0,-12.523,116.119,,,,,,,,,,,,,
0,-12.424,116.117,,,,,,,,,,,,,
0,-12.277,116.117,,,,,,,,,,,,,
0,-11.472,116.103,,,,,,,,,,,,,
0,-10.915,116.1,,,,,,,,,,,,,
0,-10.589,116.084,,,,,,,,,,,,,
0,-10.091,116.08,,,,,,,,,,,,,
0,-9.766,116.086,,,,,,,,,,,,,
0,-9.269,116.1,,,,,,,,,,,,,
0,-8.82,116.106,,,,,,,,,,,,,
0,-8.524,116.091,,,,,,,,,,,,,
0,-8.056,116.096,,,,,,,,,,,,,
0,-7.711,116.049,,,,,,,,,,,,,
0,-7.036,116.054,,,,,,,,,,,,,
0,-6.121,115.929,,,,,,,,,,,,,
0,-5.63,115.82,,,,,,,,,,,,,
0,-5.425,115.881,,,,,,,,,,,,,
0,-4.578,116.072,,,,,,,,,,,,,
0,-4.188,116.012,,,,,,,,,,,,,
0,-3.356,115.993,,,,,,,,,,,,,
0,-2.947,116.005,,,,,,,,,,,,,
0,-1.663,115.976,,,,,,,,,,,,,
0,-0.405,115.791,,,,,,,,,,,,,
0,-0.248,115.654,,,,,,,,,,,,,
0,0.963,114.994,,,,,,,,,,,,,
0,1.15,114.95,,,,,,,,,,,,,
0,1.763,115.307,,,,,,,,,,,,,
0,1.803,115.337,,,,,,,,,,,,,
0,1.815,115.344,,,,,,,,,,,,,
0,3.098,116.006,,,,,,,,,,,,,
0,3.435,115.978,,,,,,,,,,,,,
0,3.907,116.054,,,,,,,,,,,,,
0,4.27,116.001,,,,,,,,,,,,,
0,4.851,115.901,,,,,,,,,,,,,
0,5.32,115.914,,,,,,,,,,,,,
0,5.819,115.91,,,,,,,,,,,,,
0,6.26,115.901,,,,,,,,,,,,,
0,7.106,116.059,,,,,,,,,,,,,
0,8.489,116.059,,,,,,,,,,,,,
0,9.981,116.029,,,,,,,,,,,,,
0,10.313,116.038,,,,,,,,,,,,,
0,10.74,115.972,,,,,,,,,,,,,
0,11.459,116.05,,,,,,,,,,,,,
0,11.644,116.062,,,,,,,,,,,,,
0,11.752,116.075,,,,,,,,,,,,,
0,11.947,116.096,,,,,,,,,,,,,
0,13.324,116.494,,,,,,,,,,,,,
0,15.867,116.385,,,,,,,,,,,,,
0,16.344,116.35,,,,,,,,,,,,,
0,16.851,116.207,,,,,,,,,,,,,
0,17.365,116.312,,,,,,,,,,,,,
0,17.896,116.262,,,,,,,,,,,,,
0,18.666,116.253,,,,,,,,,,,,,
0,18.749,116.26,,,,,,,,,,,,,
0,20,116.14,,,,,,,,,,,,,
3.5,35,3500,FALSE,,,62,,,,,0,,,,âÕêÏä«óùé{ê›ìôç\ë¢óﬂ
0,-20,119.108,,,,,,,,,,,,,
0,-18.956,118.961,,,,,,,,,,,,,
0,-18.378,118.96,,,,,,,,,,,,,
0,-17.635,119.004,,,,,,,,,,,,,
0,-17.169,119.003,,,,,,,,,,,,,
0,-16.226,118.97,,,,,,,,,,,,,
0,-14.951,118.998,,,,,,,,,,,,,
0,-14.866,118.998,,,,,,,,,,,,,
0,-14.723,119.002,,,,,,,,,,,,,
0,-13.957,119.038,,,,,,,,,,,,,
0,-13.659,119.134,,,,,,,,,,,,,
0,-13.478,119.16,,,,,,,,,,,,,
0,-12.581,119.596,,,,,,,,,,,,,
0,-10.724,119.365,,,,,,,,,,,,,
0,-10.322,119.494,,,,,,,,,,,,,
0,-10.036,119.354,,,,,,,,,,,,,
0,-9.368,119.314,,,,,,,,,,,,,
0,-8.967,119.324,,,,,,,,,,,,,
0,-8.212,119.345,,,,,,,,,,,,,
0,-7.88,119.347,,,,,,,,,,,,,
0,-7.812,119.374,,,,,,,,,,,,,
0,-7.201,119.499,,,,,,,,,,,,,
0,-4.933,119.548,,,,,,,,,,,,,
0,-1.33,119.418,,,,,,,,,,,,,
0,-1.053,119.189,,,,,,,,,,,,,
0,-0.225,118.5,,,,,,,,,,,,,
0,0.414,117.86,,,,,,,,,,,,,
0,1.35,118.957,,,,,,,,,,,,,
0,1.478,119.113,,,,,,,,,,,,,
0,1.886,119.11,,,,,,,,,,,,,
0,2.743,119.102,,,,,,,,,,,,,
0,3.025,119.108,,,,,,,,,,,,,
0,3.838,119.039,,,,,,,,,,,,,
0,4.168,118.941,,,,,,,,,,,,,
0,4.935,118.53,,,,,,,,,,,,,
0,5.636,118.57,,,,,,,,,,,,,
0,6.792,118.505,,,,,,,,,,,,,
0,7.024,118.522,,,,,,,,,,,,,
0,7.899,118.545,,,,,,,,,,,,,
0,8.234,118.556,,,,,,,,,,,,,
0,8.325,118.559,,,,,,,,,,,,,
0,9.343,118.495,,,,,,,,,,,,,
0,9.762,118.51,,,,,,,,,,,,,
0,10.456,118.557,,,,,,,,,,,,,
0,11.387,118.426,,,,,,,,,,,,,
0,11.607,118.42,,,,,,,,,,,,,
0,12.138,118.439,,,,,,,,,,,,,
0,12.597,118.483,,,,,,,,,,,,,
0,13.202,118.446,,,,,,,,,,,,,
0,13.488,118.434,,,,,,,,,,,,,
0,13.709,118.442,,,,,,,,,,,,,
0,14.586,118.455,,,,,,,,,,,,,
0,14.972,118.42,,,,,,,,,,,,,
0,15.737,118.383,,,,,,,,,,,,,
0,16.601,118.41,,,,,,,,,,,,,
0,16.874,118.407,,,,,,,,,,,,,
0,17.516,118.394,,,,,,,,,,,,,
0,17.976,118.386,,,,,,,,,,,,,
0,18.701,118.418,,,,,,,,,,,,,
0,18.941,118.434,,,,,,,,,,,,,
0,19.093,118.428,,,,,,,,,,,,,
0,20,118.414,,,,,,,,,,,,,
19,19,1900,TRUE,,,140,,,,,0,,,,âÕêÏä«óùé{ê›ìôç\ë¢óﬂ
0,-28.362,106.216,,,,,,,,,,,,,
0,-28.293,106.228,,,,,,,,,,,,,
0,-28.182,106.276,,,,,,,,,,,,,
0,-27.98,106.346,,,,,,,,,,,,,
0,-27.804,106.38,,,,,,,,,,,,,
0,-27.156,106.352,,,,,,,,,,,,,
0,-26.748,106.325,,,,,,,,,,,,,
0,-26.412,106.326,,,,,,,,,,,,,
0,-25.801,106.3,,,,,,,,,,,,,
0,-25.133,106.287,,,,,,,,,,,,,
0,-24.746,106.304,,,,,,,,,,,,,
0,-24.522,106.29,,,,,,,,,,,,,
0,-23.838,106.206,,,,,,,,,,,,,
0,-23.651,106.189,,,,,,,,,,,,,
0,-22.743,106.221,,,,,,,,,,,,,
0,-22.579,106.22,,,,,,,,,,,,,
0,-21.832,106.244,,,,,,,,,,,,,
0,-21.355,106.224,,,,,,,,,,,,,
0,-20.781,106.195,,,,,,,,,,,,,
0,-20.107,106.262,,,,,,,,,,,,,
0,-19.881,106.27,,,,,,,,,,,,,
0,-19.477,106.238,,,,,,,,,,,,,
0,-18.811,106.184,,,,,,,,,,,,,
0,-18.14,106.222,,,,,,,,,,,,,
0,-17.901,106.24,,,,,,,,,,,,,
0,-17.751,106.233,,,,,,,,,,,,,
0,-16.87,106.196,,,,,,,,,,,,,
0,-16.372,106.211,,,,,,,,,,,,,
0,-15.96,106.209,,,,,,,,,,,,,
0,-15.446,106.225,,,,,,,,,,,,,
0,-14.93,106.226,,,,,,,,,,,,,
0,-14.324,106.192,,,,,,,,,,,,,
0,-14.059,106.211,,,,,,,,,,,,,
0,-13.712,106.21,,,,,,,,,,,,,
0,-13.022,106.178,,,,,,,,,,,,,
0,-12.242,106.192,,,,,,,,,,,,,
0,-12.121,106.175,,,,,,,,,,,,,
0,-11.987,106.175,,,,,,,,,,,,,
0,-11.069,106.158,,,,,,,,,,,,,
0,-10.61,106.165,,,,,,,,,,,,,
0,-10.224,106.19,,,,,,,,,,,,,
0,-9.344,106.148,,,,,,,,,,,,,
0,-9.184,106.137,,,,,,,,,,,,,
0,-9.007,106.146,,,,,,,,,,,,,
0,-8.289,106.19,,,,,,,,,,,,,
0,-7.609,106.17,,,,,,,,,,,,,
0,-7.261,106.18,,,,,,,,,,,,,
0,-6.572,106.155,,,,,,,,,,,,,
0,-6.383,106.15,,,,,,,,,,,,,
0,-5.833,106.156,,,,,,,,,,,,,
0,-5.346,106.17,,,,,,,,,,,,,
0,-5.161,106.17,,,,,,,,,,,,,
0,-4.47,106.129,,,,,,,,,,,,,
0,-3.754,106.08,,,,,,,,,,,,,
0,-3.434,106.083,,,,,,,,,,,,,
0,-3.242,106.111,,,,,,,,,,,,,
0,-2.581,106.209,,,,,,,,,,,,,
0,-1.977,106.352,,,,,,,,,,,,,
0,-1.553,106.445,,,,,,,,,,,,,
0,-0.752,106.545,,,,,,,,,,,,,
0,-0.71,106.549,,,,,,,,,,,,,
0,-0.543,106.566,,,,,,,,,,,,,
0,2.207,106.737,,,,,,,,,,,,,
0,2.66,106.876,,,,,,,,,,,,,
0,3.098,106.875,,,,,,,,,,,,,
0,3.661,106.862,,,,,,,,,,,,,
0,4.132,106.802,,,,,,,,,,,,,
0,4.559,106.85,,,,,,,,,,,,,
0,4.995,106.881,,,,,,,,,,,,,
0,5.434,106.781,,,,,,,,,,,,,
0,6.029,106.646,,,,,,,,,,,,,
0,6.699,107.162,,,,,,,,,,,,,
0,6.875,107.281,,,,,,,,,,,,,
0,7.156,107.462,,,,,,,,,,,,,
0,7.887,107.916,,,,,,,,,,,,,
0,8.296,108.115,,,,,,,,,,,,,
0,8.727,108.33,,,,,,,,,,,,,
0,9.261,108.608,,,,,,,,,,,,,
0,9.763,108.911,,,,,,,,,,,,,
0,10.1,109.003,,,,,,,,,,,,,
0,10.629,109.195,,,,,,,,,,,,,
0,11.23,109.319,,,,,,,,,,,,,
0,11.653,109.349,,,,,,,,,,,,,
0,12.301,109.59,,,,,,,,,,,,,
0,12.497,109.724,,,,,,,,,,,,,
0,13.399,110.316,,,,,,,,,,,,,
0,13.507,110.373,,,,,,,,,,,,,
0,13.717,110.482,,,,,,,,,,,,,
0,14.366,110.866,,,,,,,,,,,,,
0,14.771,111.138,,,,,,,,,,,,,
0,15.38,111.699,,,,,,,,,,,,,
0,15.828,111.953,,,,,,,,,,,,,
0,16.224,112.221,,,,,,,,,,,,,
0,17.139,112.922,,,,,,,,,,,,,
0,17.259,113.007,,,,,,,,,,,,,
0,17.527,113.157,,,,,,,,,,,,,
0,18.079,113.436,,,,,,,,,,,,,
0,18.918,113.817,,,,,,,,,,,,,
0,19.101,113.876,,,,,,,,,,,,,
0,19.892,113.824,,,,,,,,,,,,,
0,19.979,113.816,,,,,,,,,,,,,
0,20.314,113.807,,,,,,,,,,,,,
0,21.023,113.786,,,,,,,,,,,,,
0,21.295,113.765,,,,,,,,,,,,,
0,21.903,113.663,,,,,,,,,,,,,
0,22.929,113.599,,,,,,,,,,,,,
0,22.955,113.599,,,,,,,,,,,,,
0,22.977,113.599,,,,,,,,,,,,,
0,23.765,113.591,,,,,,,,,,,,,
0,24.689,113.567,,,,,,,,,,,,,
0,24.845,113.572,,,,,,,,,,,,,
0,24.913,113.575,,,,,,,,,,,,,
0,25.711,113.587,,,,,,,,,,,,,
0,25.757,113.583,,,,,,,,,,,,,
0,26.738,113.632,,,,,,,,,,,,,
0,26.944,113.644,,,,,,,,,,,,,
0,27.606,113.625,,,,,,,,,,,,,
0,28.025,113.588,,,,,,,,,,,,,
0,28.661,113.574,,,,,,,,,,,,,
0,29.248,113.593,,,,,,,,,,,,,
0,29.483,113.593,,,,,,,,,,,,,
0,30.468,113.656,,,,,,,,,,,,,
0,30.545,113.662,,,,,,,,,,,,,
0,31.698,113.745,,,,,,,,,,,,,
0,32.543,113.807,,,,,,,,,,,,,
0,33.014,113.845,,,,,,,,,,,,,
0,34.579,112.956,,,,,,,,,,,,,
0,34.753,112.908,,,,,,,,,,,,,
0,36.95,111.602,,,,,,,,,,,,,
0,37.209,111.503,,,,,,,,,,,,,
0,37.624,111.39,,,,,,,,,,,,,
0,39.11,111.356,,,,,,,,,,,,,
0,39.481,111.263,,,,,,,,,,,,,
0,41.352,111.718,,,,,,,,,,,,,
0,42.049,111.822,,,,,,,,,,,,,
0,42.608,111.71,,,,,,,,,,,,,
0,48.313,117.652,,,,,,,,,,,,,
0,49.105,117.846,,,,,,,,,,,,,
0,49.632,117.969,,,,,,,,,,,,,
0,51.087,118.174,,,,,,,,,,,,,
