0,0,0,,,,47,,,,,0,,,淀川水系,三田川（淀川合流）
0,-25,85.51,,,,,,,,,,,,,
0,-24.04,85.815,,,,,,,,,,,,,
0,-23.859,85.867,,,,,,,,,,,,,
0,-22.941,86.02,,,,,,,,,,,,,
0,-22.599,86.023,,,,,,,,,,,,,
0,-22.413,86.03,,,,,,,,,,,,,
0,-21.985,86.153,,,,,,,,,,,,,
0,-21.398,86.222,,,,,,,,,,,,,
0,-20.155,86.264,,,,,,,,,,,,,
0,-20.109,86.274,,,,,,,,,,,,,
0,-19.744,86.231,,,,,,,,,,,,,
0,-18.872,86.102,,,,,,,,,,,,,
0,-18.693,86.094,,,,,,,,,,,,,
0,-17.6,86.028,,,,,,,,,,,,,
0,-17.138,86.076,,,,,,,,,,,,,
0,-16.329,86.092,,,,,,,,,,,,,
0,-15.762,86.072,,,,,,,,,,,,,
0,-14.556,86.062,,,,,,,,,,,,,
0,-11.774,86.097,,,,,,,,,,,,,
0,-8.124,85.352,,,,,,,,,,,,,
0,-6.766,84.95,,,,,,,,,,,,,
0,-4.972,84.787,,,,,,,,,,,,,
0,-3.701,84.633,,,,,,,,,,,,,
0,-3.42,84.283,,,,,,,,,,,,,
0,-0.315,83.815,,,,,,,,,,,,,
0,0.804,83.789,,,,,,,,,,,,,
0,1.336,84.564,,,,,,,,,,,,,
0,2.142,85.816,,,,,,,,,,,,,
0,3.273,85.969,,,,,,,,,,,,,
0,3.416,85.974,,,,,,,,,,,,,
0,4.08,86.164,,,,,,,,,,,,,
0,6.572,87.4,,,,,,,,,,,,,
0,7.278,87.337,,,,,,,,,,,,,
0,9.836,87.391,,,,,,,,,,,,,
0,11.714,87.34,,,,,,,,,,,,,
0,14.036,87.342,,,,,,,,,,,,,
0,18.266,86.931,,,,,,,,,,,,,
0,19.195,87.014,,,,,,,,,,,,,
0,19.664,86.921,,,,,,,,,,,,,
0,20.591,86.91,,,,,,,,,,,,,
0,21.241,86.822,,,,,,,,,,,,,
0,22.545,86.573,,,,,,,,,,,,,
0,22.834,86.513,,,,,,,,,,,,,
0,22.886,86.51,,,,,,,,,,,,,
0,23.013,86.518,,,,,,,,,,,,,
0,23.32,86.545,,,,,,,,,,,,,
0,25,86.744,,,,,,,,,,,,,
0.1,1,100,,,,74,,,,,0,,,淀川水系,三田川（淀川合流）
0,-25,86.652,,,,,,,,,,,,,
0,-24.458,86.687,,,,,,,,,,,,,
0,-24.363,86.696,,,,,,,,,,,,,
0,-24.164,86.682,,,,,,,,,,,,,
0,-23.03,86.585,,,,,,,,,,,,,
0,-22.701,86.622,,,,,,,,,,,,,
0,-22.309,86.722,,,,,,,,,,,,,
0,-17.993,86.738,,,,,,,,,,,,,
0,-16.669,86.788,,,,,,,,,,,,,
0,-16.091,86.764,,,,,,,,,,,,,
0,-12.809,86.656,,,,,,,,,,,,,
0,-11.281,86.586,,,,,,,,,,,,,
0,-11.021,86.58,,,,,,,,,,,,,
0,-10.607,86.574,,,,,,,,,,,,,
0,-10.217,86.58,,,,,,,,,,,,,
0,-9.512,86.543,,,,,,,,,,,,,
0,-7.893,86.561,,,,,,,,,,,,,
0,-4.606,86.605,,,,,,,,,,,,,
0,-3.898,86.581,,,,,,,,,,,,,
0,-2.752,86.306,,,,,,,,,,,,,
0,-0.137,85.502,,,,,,,,,,,,,
0,0.311,85.278,,,,,,,,,,,,,
0,0.358,85.263,,,,,,,,,,,,,
0,0.488,85.259,,,,,,,,,,,,,
0,1.308,85.248,,,,,,,,,,,,,
0,1.594,85.241,,,,,,,,,,,,,
0,2.201,85.307,,,,,,,,,,,,,
0,3.311,85.866,,,,,,,,,,,,,
0,3.663,86.092,,,,,,,,,,,,,
0,4.046,86.431,,,,,,,,,,,,,
0,4.365,86.748,,,,,,,,,,,,,
0,4.634,86.806,,,,,,,,,,,,,
0,5.679,87.061,,,,,,,,,,,,,
0,6.662,87.203,,,,,,,,,,,,,
0,7.15,87.322,,,,,,,,,,,,,
0,7.731,87.043,,,,,,,,,,,,,
0,8.105,86.985,,,,,,,,,,,,,
0,8.454,87.153,,,,,,,,,,,,,
0,9.226,87.161,,,,,,,,,,,,,
0,9.776,87.178,,,,,,,,,,,,,
0,10.315,87.173,,,,,,,,,,,,,
0,10.518,87.23,,,,,,,,,,,,,
0,10.932,87.181,,,,,,,,,,,,,
0,11.843,87.207,,,,,,,,,,,,,
0,12.514,87.504,,,,,,,,,,,,,
0,12.55,87.502,,,,,,,,,,,,,
0,13.461,87.399,,,,,,,,,,,,,
0,13.88,87.423,,,,,,,,,,,,,
0,14.271,87.514,,,,,,,,,,,,,
0,14.648,87.527,,,,,,,,,,,,,
0,15.137,87.516,,,,,,,,,,,,,
0,15.971,87.554,,,,,,,,,,,,,
0,16.261,87.576,,,,,,,,,,,,,
0,16.751,87.557,,,,,,,,,,,,,
0,17.703,87.585,,,,,,,,,,,,,
0,18.061,87.582,,,,,,,,,,,,,
0,18.137,87.586,,,,,,,,,,,,,
0,18.557,87.577,,,,,,,,,,,,,
0,18.775,87.569,,,,,,,,,,,,,
0,18.816,87.571,,,,,,,,,,,,,
0,18.98,87.56,,,,,,,,,,,,,
0,20.152,87.525,,,,,,,,,,,,,
0,20.47,87.523,,,,,,,,,,,,,
0,20.919,87.57,,,,,,,,,,,,,
0,21.268,87.57,,,,,,,,,,,,,
0,22.079,87.57,,,,,,,,,,,,,
0,22.212,87.567,,,,,,,,,,,,,
0,22.269,87.569,,,,,,,,,,,,,
0,22.364,87.571,,,,,,,,,,,,,
0,23.058,87.593,,,,,,,,,,,,,
0,23.544,87.573,,,,,,,,,,,,,
0,24.356,87.545,,,,,,,,,,,,,
0,24.505,87.548,,,,,,,,,,,,,
0,25,87.572,,,,,,,,,,,,,
0.2,2,190,,,,44,,,,,0,,,淀川水系,三田川（淀川合流）
0,-25,87.44,,,,,,,,,,,,,
0,-24.769,87.436,,,,,,,,,,,,,
0,-24.147,87.491,,,,,,,,,,,,,
0,-20.726,87.459,,,,,,,,,,,,,
0,-15.425,87.469,,,,,,,,,,,,,
0,-14.511,87.484,,,,,,,,,,,,,
0,-14.379,87.521,,,,,,,,,,,,,
0,-13.933,87.481,,,,,,,,,,,,,
0,-12.975,87.495,,,,,,,,,,,,,
0,-12.758,87.541,,,,,,,,,,,,,
0,-12.574,87.548,,,,,,,,,,,,,
0,-11.587,87.422,,,,,,,,,,,,,
0,-10.969,87.416,,,,,,,,,,,,,
0,-10.481,87.438,,,,,,,,,,,,,
0,-10.336,87.446,,,,,,,,,,,,,
0,-9.629,87.383,,,,,,,,,,,,,
0,-8.586,87.19,,,,,,,,,,,,,
0,-7.12,86.861,,,,,,,,,,,,,
0,-6.969,86.847,,,,,,,,,,,,,
0,-5.407,87.256,,,,,,,,,,,,,
0,-4.79,87.365,,,,,,,,,,,,,
0,-4.493,87.591,,,,,,,,,,,,,
0,-4.227,87.686,,,,,,,,,,,,,
0,-3.933,87.7,,,,,,,,,,,,,
0,-3.064,87.743,,,,,,,,,,,,,
0,-2.72,87.383,,,,,,,,,,,,,
0,-2.097,86.612,,,,,,,,,,,,,
0,-1.164,86.61,,,,,,,,,,,,,
0,0.867,87.057,,,,,,,,,,,,,
0,1.489,87.675,,,,,,,,,,,,,
0,1.566,87.686,,,,,,,,,,,,,
0,2.571,87.752,,,,,,,,,,,,,
0,2.733,87.786,,,,,,,,,,,,,
0,3.931,87.97,,,,,,,,,,,,,
0,3.933,87.97,,,,,,,,,,,,,
0,3.935,87.969,,,,,,,,,,,,,
0,10.566,87.61,,,,,,,,,,,,,
0,11.416,87.668,,,,,,,,,,,,,
0,12.987,87.648,,,,,,,,,,,,,
0,15.539,87.648,,,,,,,,,,,,,
0,22.156,87.885,,,,,,,,,,,,,
0,22.419,87.888,,,,,,,,,,,,,
0,23.611,87.709,,,,,,,,,,,,,
0,25,87.656,,,,,,,,,,,,,
0.3,3,300,,,,72,,,,,0,,,淀川水系,三田川（淀川合流）
0,-25,89.076,,,,,,,,,,,,,
0,-24.525,89.209,,,,,,,,,,,,,
0,-24.106,89.293,,,,,,,,,,,,,
0,-23.88,89.253,,,,,,,,,,,,,
0,-22.877,89.124,,,,,,,,,,,,,
0,-21.919,89.305,,,,,,,,,,,,,
0,-21.612,89.295,,,,,,,,,,,,,
0,-21.044,89.235,,,,,,,,,,,,,
0,-20.553,89.07,,,,,,,,,,,,,
0,-19.638,89.006,,,,,,,,,,,,,
0,-19.604,89.002,,,,,,,,,,,,,
0,-19.585,89,,,,,,,,,,,,,
0,-18.554,89.029,,,,,,,,,,,,,
0,-18.095,88.977,,,,,,,,,,,,,
0,-17.483,88.975,,,,,,,,,,,,,
0,-16.569,88.981,,,,,,,,,,,,,
0,-16.438,88.983,,,,,,,,,,,,,
0,-16.135,88.995,,,,,,,,,,,,,
0,-15.354,89.017,,,,,,,,,,,,,
0,-14.519,89.186,,,,,,,,,,,,,
0,-14.265,89.235,,,,,,,,,,,,,
0,-14.155,89.226,,,,,,,,,,,,,
0,-13.226,89.088,,,,,,,,,,,,,
0,-12.469,89.042,,,,,,,,,,,,,
0,-12.183,88.996,,,,,,,,,,,,,
0,-11.099,89.04,,,,,,,,,,,,,
0,-11.096,89.04,,,,,,,,,,,,,
0,-11.086,89.04,,,,,,,,,,,,,
0,-9.872,89.076,,,,,,,,,,,,,
0,-9.5,89.072,,,,,,,,,,,,,
0,-8.809,89.11,,,,,,,,,,,,,
0,-8.537,89.117,,,,,,,,,,,,,
0,-7.823,89.119,,,,,,,,,,,,,
0,-7.119,89.129,,,,,,,,,,,,,
0,-6.085,89.172,,,,,,,,,,,,,
0,-5.822,89.152,,,,,,,,,,,,,
0,-5.327,89.155,,,,,,,,,,,,,
0,-4.833,89.103,,,,,,,,,,,,,
0,-4.551,89.116,,,,,,,,,,,,,
0,-3.867,89.074,,,,,,,,,,,,,
0,-3.624,88.816,,,,,,,,,,,,,
0,-3.047,87.861,,,,,,,,,,,,,
0,-2.428,87.529,,,,,,,,,,,,,
0,-1.945,87.514,,,,,,,,,,,,,
0,-1.343,87.551,,,,,,,,,,,,,
0,-0.702,87.574,,,,,,,,,,,,,
0,0.331,87.54,,,,,,,,,,,,,
0,0.333,87.54,,,,,,,,,,,,,
0,3.516,88.871,,,,,,,,,,,,,
0,3.638,88.926,,,,,,,,,,,,,
0,3.656,88.925,,,,,,,,,,,,,
0,3.851,88.909,,,,,,,,,,,,,
0,4.46,88.868,,,,,,,,,,,,,
0,4.97,88.775,,,,,,,,,,,,,
0,5.183,88.764,,,,,,,,,,,,,
0,5.428,88.727,,,,,,,,,,,,,
0,5.969,88.711,,,,,,,,,,,,,
0,6.073,88.704,,,,,,,,,,,,,
0,6.891,88.8,,,,,,,,,,,,,
0,6.963,88.819,,,,,,,,,,,,,
0,7.159,88.792,,,,,,,,,,,,,
0,7.192,88.798,,,,,,,,,,,,,
0,9.34,88.831,,,,,,,,,,,,,
0,11.078,88.827,,,,,,,,,,,,,
0,22.028,88.825,,,,,,,,,,,,,
0,22.253,88.66,,,,,,,,,,,,,
0,22.601,88.5,,,,,,,,,,,,,
0,23.411,88.344,,,,,,,,,,,,,
0,23.532,88.317,,,,,,,,,,,,,
0,23.63,88.305,,,,,,,,,,,,,
0,24.299,88.34,,,,,,,,,,,,,
0,25,88.257,,,,,,,,,,,,,
0.4,4,380,,,,46,,,,,0,,,淀川水系,三田川（淀川合流）
0,-25,89.853,,,,,,,,,,,,,
0,-23.625,89.725,,,,,,,,,,,,,
0,-22.309,89.742,,,,,,,,,,,,,
0,-21.213,89.758,,,,,,,,,,,,,
0,-18.779,89.811,,,,,,,,,,,,,
0,-17.249,89.819,,,,,,,,,,,,,
0,-12.156,90.001,,,,,,,,,,,,,
0,-10.994,89.987,,,,,,,,,,,,,
0,-9.737,89.971,,,,,,,,,,,,,
0,-9.155,89.982,,,,,,,,,,,,,
0,-8.866,89.974,,,,,,,,,,,,,
0,-8.273,90.011,,,,,,,,,,,,,
0,-7.484,90.158,,,,,,,,,,,,,
0,-7.361,90.173,,,,,,,,,,,,,
0,-7.146,90.185,,,,,,,,,,,,,
0,-6.259,90.242,,,,,,,,,,,,,
0,-5.99,90.248,,,,,,,,,,,,,
0,-5.075,90.298,,,,,,,,,,,,,
0,-4.453,90.375,,,,,,,,,,,,,
0,-3.63,89.937,,,,,,,,,,,,,
0,-2.844,89.708,,,,,,,,,,,,,
0,-1.983,88.434,,,,,,,,,,,,,
0,-1.872,88.218,,,,,,,,,,,,,
0,-1.739,88.202,,,,,,,,,,,,,
0,0.46,88.23,,,,,,,,,,,,,
0,0.484,88.236,,,,,,,,,,,,,
0,0.53,88.277,,,,,,,,,,,,,
0,1.827,88.976,,,,,,,,,,,,,
0,2.143,89.034,,,,,,,,,,,,,
0,3.379,88.866,,,,,,,,,,,,,
0,5.187,89.165,,,,,,,,,,,,,
0,5.457,89.181,,,,,,,,,,,,,
0,6.554,89.225,,,,,,,,,,,,,
0,8.645,88.911,,,,,,,,,,,,,
0,10.272,88.791,,,,,,,,,,,,,
0,12.246,88.76,,,,,,,,,,,,,
0,13.532,88.933,,,,,,,,,,,,,
0,16.63,89.114,,,,,,,,,,,,,
0,17.48,88.899,,,,,,,,,,,,,
0,18.489,89.221,,,,,,,,,,,,,
0,19.911,89.199,,,,,,,,,,,,,
0,22.999,89.502,,,,,,,,,,,,,
0,24.015,89.466,,,,,,,,,,,,,
0,24.593,89.628,,,,,,,,,,,,,
0,24.917,89.704,,,,,,,,,,,,,
0,25,89.676,,,,,,,,,,,,,
0.5,5,500,,,,72,,,,,0,,,淀川水系,三田川（淀川合流）
0,-25,97.489,,,,,,,,,,,,,
0,-24.669,97.474,,,,,,,,,,,,,
0,-18.245,96.586,,,,,,,,,,,,,
0,-16.583,96.37,,,,,,,,,,,,,
0,-14.333,95.87,,,,,,,,,,,,,
0,-13.417,95.756,,,,,,,,,,,,,
0,-11.106,95.532,,,,,,,,,,,,,
0,-10.808,95.489,,,,,,,,,,,,,
0,-10.574,95.407,,,,,,,,,,,,,
0,-10.166,95.216,,,,,,,,,,,,,
0,-9.595,94.94,,,,,,,,,,,,,
0,-9.521,94.916,,,,,,,,,,,,,
0,-9.373,94.894,,,,,,,,,,,,,
0,-8.105,94.7,,,,,,,,,,,,,
0,-7.482,94.58,,,,,,,,,,,,,
0,-6.83,94.396,,,,,,,,,,,,,
0,-6.518,94.297,,,,,,,,,,,,,
0,-5.855,94.145,,,,,,,,,,,,,
0,-5.38,93.948,,,,,,,,,,,,,
0,-4.971,93.805,,,,,,,,,,,,,
0,-4.403,93.546,,,,,,,,,,,,,
0,-3.955,93.299,,,,,,,,,,,,,
0,-3.479,93.098,,,,,,,,,,,,,
0,-2.653,92.72,,,,,,,,,,,,,
0,-2.196,92.1,,,,,,,,,,,,,
0,-1.922,91.646,,,,,,,,,,,,,
0,-0.393,91.487,,,,,,,,,,,,,
0,0.004,91.465,,,,,,,,,,,,,
0,0.268,91.453,,,,,,,,,,,,,
0,1.628,91.865,,,,,,,,,,,,,
0,1.653,91.877,,,,,,,,,,,,,
0,1.72,91.884,,,,,,,,,,,,,
0,2.339,91.986,,,,,,,,,,,,,
0,4.247,93.369,,,,,,,,,,,,,
0,4.392,93.478,,,,,,,,,,,,,
0,4.493,93.553,,,,,,,,,,,,,
0,4.912,93.774,,,,,,,,,,,,,
0,5.417,94.052,,,,,,,,,,,,,
0,5.6,94.119,,,,,,,,,,,,,
0,6.171,94.187,,,,,,,,,,,,,
0,7.101,94.272,,,,,,,,,,,,,
0,7.402,94.363,,,,,,,,,,,,,
0,8.021,94.533,,,,,,,,,,,,,
0,8.43,94.447,,,,,,,,,,,,,
0,8.957,94.637,,,,,,,,,,,,,
0,9.71,94.724,,,,,,,,,,,,,
0,10.161,94.844,,,,,,,,,,,,,
0,10.402,94.822,,,,,,,,,,,,,
0,11.281,94.868,,,,,,,,,,,,,
0,11.345,94.895,,,,,,,,,,,,,
0,12.35,95.031,,,,,,,,,,,,,
0,13.376,94.91,,,,,,,,,,,,,
0,13.382,94.911,,,,,,,,,,,,,
0,13.388,94.911,,,,,,,,,,,,,
0,13.404,94.914,,,,,,,,,,,,,
0,15.495,95.27,,,,,,,,,,,,,
0,17.334,95.204,,,,,,,,,,,,,
0,17.398,95.203,,,,,,,,,,,,,
0,17.418,95.203,,,,,,,,,,,,,
0,17.589,95.226,,,,,,,,,,,,,
0,18.881,95.405,,,,,,,,,,,,,
0,19.077,95.439,,,,,,,,,,,,,
0,19.363,95.43,,,,,,,,,,,,,
0,19.847,95.344,,,,,,,,,,,,,
0,20.707,95.287,,,,,,,,,,,,,
0,20.942,95.295,,,,,,,,,,,,,
0,21.987,95.428,,,,,,,,,,,,,
0,22.783,95.659,,,,,,,,,,,,,
0,23.298,95.935,,,,,,,,,,,,,
0,23.371,95.976,,,,,,,,,,,,,
0,24.267,96.223,,,,,,,,,,,,,
0,25,96.608,,,,,,,,,,,,,
0.6,6,600,,,,83,,,,,0,,,淀川水系,三田川（淀川合流）
0,-25,93.85,,,,,,,,,,,,,
0,-24.321,93.85,,,,,,,,,,,,,
0,-23.712,93.833,,,,,,,,,,,,,
0,-23.13,93.823,,,,,,,,,,,,,
0,-23.067,93.82,,,,,,,,,,,,,
0,-23.01,93.822,,,,,,,,,,,,,
0,-22.926,93.822,,,,,,,,,,,,,
0,-22.106,93.84,,,,,,,,,,,,,
0,-21.538,93.852,,,,,,,,,,,,,
0,-21.332,93.843,,,,,,,,,,,,,
0,-20.912,93.825,,,,,,,,,,,,,
0,-20.401,93.837,,,,,,,,,,,,,
0,-19.352,93.855,,,,,,,,,,,,,
0,-18.776,93.841,,,,,,,,,,,,,
0,-18.722,93.84,,,,,,,,,,,,,
0,-18.653,93.841,,,,,,,,,,,,,
0,-17.474,93.84,,,,,,,,,,,,,
0,-17.215,93.84,,,,,,,,,,,,,
0,-17.2,93.84,,,,,,,,,,,,,
0,-17.188,93.841,,,,,,,,,,,,,
0,-16.566,93.849,,,,,,,,,,,,,
0,-15.811,93.85,,,,,,,,,,,,,
0,-15.032,93.857,,,,,,,,,,,,,
0,-14.443,93.851,,,,,,,,,,,,,
0,-14.421,93.85,,,,,,,,,,,,,
0,-13.514,93.84,,,,,,,,,,,,,
0,-12.909,93.833,,,,,,,,,,,,,
0,-12.318,93.786,,,,,,,,,,,,,
0,-12.232,93.782,,,,,,,,,,,,,
0,-11.352,93.851,,,,,,,,,,,,,
0,-10.727,93.86,,,,,,,,,,,,,
0,-10.382,93.839,,,,,,,,,,,,,
0,-10.09,93.827,,,,,,,,,,,,,
0,-8.732,93.775,,,,,,,,,,,,,
0,-8.597,93.772,,,,,,,,,,,,,
0,-8.581,93.771,,,,,,,,,,,,,
0,-8.483,93.78,,,,,,,,,,,,,
0,-7.992,93.828,,,,,,,,,,,,,
0,-7.912,93.831,,,,,,,,,,,,,
0,-7.066,93.868,,,,,,,,,,,,,
0,-6.408,93.903,,,,,,,,,,,,,
0,-6.247,93.912,,,,,,,,,,,,,
0,-5.616,93.958,,,,,,,,,,,,,
0,-4.059,94.109,,,,,,,,,,,,,
0,-3.591,93.617,,,,,,,,,,,,,
0,-3.541,93.561,,,,,,,,,,,,,
0,-3.449,93.474,,,,,,,,,,,,,
0,-2.639,92.457,,,,,,,,,,,,,
0,-2.432,92.422,,,,,,,,,,,,,
0,-1.483,92.518,,,,,,,,,,,,,
0,-0.753,92.586,,,,,,,,,,,,,
0,0.511,92.687,,,,,,,,,,,,,
0,1.049,92.704,,,,,,,,,,,,,
0,2.726,92.926,,,,,,,,,,,,,
0,5.75,93.735,,,,,,,,,,,,,
0,6.682,93.844,,,,,,,,,,,,,
0,7.844,93.802,,,,,,,,,,,,,
0,8.869,93.912,,,,,,,,,,,,,
0,10.341,93.741,,,,,,,,,,,,,
0,10.857,93.723,,,,,,,,,,,,,
0,11.052,93.781,,,,,,,,,,,,,
0,11.339,93.749,,,,,,,,,,,,,
0,11.73,93.809,,,,,,,,,,,,,
0,12.371,93.499,,,,,,,,,,,,,
0,15.315,93.42,,,,,,,,,,,,,
0,15.327,93.419,,,,,,,,,,,,,
0,15.386,93.42,,,,,,,,,,,,,
0,15.548,93.425,,,,,,,,,,,,,
0,16.218,93.447,,,,,,,,,,,,,
0,17.534,93.376,,,,,,,,,,,,,
0,17.558,93.374,,,,,,,,,,,,,
0,17.65,93.365,,,,,,,,,,,,,
0,18.082,93.36,,,,,,,,,,,,,
0,18.194,93.361,,,,,,,,,,,,,
0,18.944,93.475,,,,,,,,,,,,,
0,19.699,93.518,,,,,,,,,,,,,
0,19.874,93.495,,,,,,,,,,,,,
0,20.404,93.47,,,,,,,,,,,,,
0,20.913,93.486,,,,,,,,,,,,,
0,21.102,93.484,,,,,,,,,,,,,
0,22.265,93.504,,,,,,,,,,,,,
0,24.739,93.503,,,,,,,,,,,,,
0,25,93.517,,,,,,,,,,,,,
0.7,7,700,,,,62,,,,,0,,,淀川水系,三田川（淀川合流）
0,-25,95.718,,,,,,,,,,,,,
0,-24.657,95.75,,,,,,,,,,,,,
0,-24.585,95.757,,,,,,,,,,,,,
0,-24.275,95.74,,,,,,,,,,,,,
0,-23.356,95.678,,,,,,,,,,,,,
0,-23.178,95.699,,,,,,,,,,,,,
0,-22.717,95.743,,,,,,,,,,,,,
0,-21.644,95.756,,,,,,,,,,,,,
0,-21.462,95.751,,,,,,,,,,,,,
0,-21.349,95.747,,,,,,,,,,,,,
0,-20.851,95.675,,,,,,,,,,,,,
0,-19.621,95.641,,,,,,,,,,,,,
0,-19.578,95.641,,,,,,,,,,,,,
0,-19.56,95.641,,,,,,,,,,,,,
0,-18.965,95.624,,,,,,,,,,,,,
0,-17.764,95.505,,,,,,,,,,,,,
0,-17.724,95.502,,,,,,,,,,,,,
0,-17.717,95.501,,,,,,,,,,,,,
0,-17.709,95.5,,,,,,,,,,,,,
0,-17.66,95.498,,,,,,,,,,,,,
0,-17.509,95.494,,,,,,,,,,,,,
0,-10.353,95.287,,,,,,,,,,,,,
0,-9.517,95.35,,,,,,,,,,,,,
0,-9.513,95.35,,,,,,,,,,,,,
0,-9.499,95.349,,,,,,,,,,,,,
0,-8.253,95.277,,,,,,,,,,,,,
0,-7.802,95.456,,,,,,,,,,,,,
0,-7.611,95.529,,,,,,,,,,,,,
0,-7.424,95.519,,,,,,,,,,,,,
0,-6.413,95.404,,,,,,,,,,,,,
0,-5.901,95.468,,,,,,,,,,,,,
0,-5.745,95.472,,,,,,,,,,,,,
0,-5.301,95.159,,,,,,,,,,,,,
0,-3.214,93.666,,,,,,,,,,,,,
0,-2.656,93.295,,,,,,,,,,,,,
0,-2.296,93.302,,,,,,,,,,,,,
0,-2.023,93.283,,,,,,,,,,,,,
0,-1.446,93.237,,,,,,,,,,,,,
0,0.582,93.735,,,,,,,,,,,,,
0,1.128,94.523,,,,,,,,,,,,,
0,1.453,95.231,,,,,,,,,,,,,
0,1.833,95.945,,,,,,,,,,,,,
0,2.31,96.185,,,,,,,,,,,,,
0,2.653,96.196,,,,,,,,,,,,,
0,2.966,96.354,,,,,,,,,,,,,
0,3.48,96.488,,,,,,,,,,,,,
0,3.772,96.49,,,,,,,,,,,,,
0,4.978,96.741,,,,,,,,,,,,,
0,5.194,96.865,,,,,,,,,,,,,
0,7.034,96.626,,,,,,,,,,,,,
0,9.135,96.507,,,,,,,,,,,,,
0,13.085,96.149,,,,,,,,,,,,,
0,13.798,96.073,,,,,,,,,,,,,
0,16.059,96.025,,,,,,,,,,,,,
0,17.981,96.089,,,,,,,,,,,,,
0,18.248,96.021,,,,,,,,,,,,,
0,18.871,95.985,,,,,,,,,,,,,
0,20.977,95.808,,,,,,,,,,,,,
0,21.524,96.017,,,,,,,,,,,,,
0,22.264,96.221,,,,,,,,,,,,,
0,24.512,96.586,,,,,,,,,,,,,
0,25,96.648,,,,,,,,,,,,,
0.8,8,800,,,,71,,,,,0,,,淀川水系,三田川（淀川合流）
0,-25,96.426,,,,,,,,,,,,,
0,-24.699,96.39,,,,,,,,,,,,,
0,-24.696,96.389,,,,,,,,,,,,,
0,-24.688,96.391,,,,,,,,,,,,,
0,-24.662,96.393,,,,,,,,,,,,,
0,-23.513,96.496,,,,,,,,,,,,,
0,-22.848,96.538,,,,,,,,,,,,,
0,-22.355,96.521,,,,,,,,,,,,,
0,-21.475,96.413,,,,,,,,,,,,,
0,-21.234,96.358,,,,,,,,,,,,,
0,-20.867,96.431,,,,,,,,,,,,,
0,-20.088,96.544,,,,,,,,,,,,,
0,-19.581,96.429,,,,,,,,,,,,,
0,-19.058,96.312,,,,,,,,,,,,,
0,-18.797,96.37,,,,,,,,,,,,,
0,-18.022,96.463,,,,,,,,,,,,,
0,-17.303,96.399,,,,,,,,,,,,,
0,-17.023,96.429,,,,,,,,,,,,,
0,-16.442,96.411,,,,,,,,,,,,,
0,-16.068,96.402,,,,,,,,,,,,,
0,-15.755,96.397,,,,,,,,,,,,,
0,-15.213,96.41,,,,,,,,,,,,,
0,-14.568,96.439,,,,,,,,,,,,,
0,-14.278,96.433,,,,,,,,,,,,,
0,-14.127,96.46,,,,,,,,,,,,,
0,-13.198,96.509,,,,,,,,,,,,,
0,-12.531,96.384,,,,,,,,,,,,,
0,-12.154,96.356,,,,,,,,,,,,,
0,-11.411,96.299,,,,,,,,,,,,,
0,-10.995,96.307,,,,,,,,,,,,,
0,-9.927,96.428,,,,,,,,,,,,,
0,-9.603,96.473,,,,,,,,,,,,,
0,-9.477,96.459,,,,,,,,,,,,,
0,-8.253,96.311,,,,,,,,,,,,,
0,-7.282,96.266,,,,,,,,,,,,,
0,-6.87,96.223,,,,,,,,,,,,,
0,-6.337,96.245,,,,,,,,,,,,,
0,-5.541,96.262,,,,,,,,,,,,,
0,-4.422,95.997,,,,,,,,,,,,,
0,-4.291,95.96,,,,,,,,,,,,,
0,-4.226,95.989,,,,,,,,,,,,,
0,-3.89,95.871,,,,,,,,,,,,,
0,-0.687,95.084,,,,,,,,,,,,,
0,-0.39,94.858,,,,,,,,,,,,,
0,-0.057,94.654,,,,,,,,,,,,,
0,5.12,97.12,,,,,,,,,,,,,
0,7.624,98.341,,,,,,,,,,,,,
0,7.873,98.296,,,,,,,,,,,,,
0,9.347,98.927,,,,,,,,,,,,,
0,10.738,99.098,,,,,,,,,,,,,
0,10.86,99.097,,,,,,,,,,,,,
0,10.931,99.094,,,,,,,,,,,,,
0,12.394,99.067,,,,,,,,,,,,,
0,12.944,99.081,,,,,,,,,,,,,
0,13.977,99.019,,,,,,,,,,,,,
0,13.994,99.02,,,,,,,,,,,,,
0,14.027,99.022,,,,,,,,,,,,,
0,14.861,99.05,,,,,,,,,,,,,
0,15.493,99.11,,,,,,,,,,,,,
0,16.701,99.111,,,,,,,,,,,,,
0,17.049,99.101,,,,,,,,,,,,,
0,17.708,99.116,,,,,,,,,,,,,
0,18.58,99.084,,,,,,,,,,,,,
0,18.715,99.084,,,,,,,,,,,,,
0,18.98,99.083,,,,,,,,,,,,,
0,19.85,99.094,,,,,,,,,,,,,
0,21.807,99.193,,,,,,,,,,,,,
0,22.924,99.255,,,,,,,,,,,,,
0,23.328,99.268,,,,,,,,,,,,,
0,24.342,99.546,,,,,,,,,,,,,
0,25,99.484,,,,,,,,,,,,,
0.9,9,900,,,,59,,,,,0,,,淀川水系,三田川（淀川合流）
0,-25,98.316,,,,,,,,,,,,,
0,-24.813,98.322,,,,,,,,,,,,,
0,-24.709,98.308,,,,,,,,,,,,,
0,-24.681,98.298,,,,,,,,,,,,,
0,-24.645,98.301,,,,,,,,,,,,,
0,-23.418,98.16,,,,,,,,,,,,,
0,-23.024,98.11,,,,,,,,,,,,,
0,-22.84,98.057,,,,,,,,,,,,,
0,-22.454,98.074,,,,,,,,,,,,,
0,-22.194,98.079,,,,,,,,,,,,,
0,-22.033,98.096,,,,,,,,,,,,,
0,-16.607,97.49,,,,,,,,,,,,,
0,-15.702,97.802,,,,,,,,,,,,,
0,-14.956,97.772,,,,,,,,,,,,,
0,-11.882,97.35,,,,,,,,,,,,,
0,-11.796,97.316,,,,,,,,,,,,,
0,-11.687,97.344,,,,,,,,,,,,,
0,-11.558,97.37,,,,,,,,,,,,,
0,-10.332,97.592,,,,,,,,,,,,,
0,-10.082,97.578,,,,,,,,,,,,,
0,-9.008,97.666,,,,,,,,,,,,,
0,-8.844,97.624,,,,,,,,,,,,,
0,-7.756,97.612,,,,,,,,,,,,,
0,-7.202,97.619,,,,,,,,,,,,,
0,-6.373,97.714,,,,,,,,,,,,,
0,-5.754,97.781,,,,,,,,,,,,,
0,-4.034,96.846,,,,,,,,,,,,,
0,-2.55,96.174,,,,,,,,,,,,,
0,-1.498,96.04,,,,,,,,,,,,,
0,-1.238,96.052,,,,,,,,,,,,,
0,-0.036,96.087,,,,,,,,,,,,,
0,0.092,96.086,,,,,,,,,,,,,
0,1.412,96.09,,,,,,,,,,,,,
0,1.417,96.091,,,,,,,,,,,,,
0,1.504,96.192,,,,,,,,,,,,,
0,2.849,97.671,,,,,,,,,,,,,
0,2.973,97.911,,,,,,,,,,,,,
0,3.66,99.197,,,,,,,,,,,,,
0,5.609,100.843,,,,,,,,,,,,,
0,6.571,101.64,,,,,,,,,,,,,
0,7.046,101.647,,,,,,,,,,,,,
0,7.539,101.654,,,,,,,,,,,,,
0,8.346,101.643,,,,,,,,,,,,,
0,9,101.665,,,,,,,,,,,,,
0,9.648,101.704,,,,,,,,,,,,,
0,10.176,101.937,,,,,,,,,,,,,
0,11.942,102.166,,,,,,,,,,,,,
0,13.153,102.233,,,,,,,,,,,,,
0,14.029,102.372,,,,,,,,,,,,,
0,14.973,102.782,,,,,,,,,,,,,
0,17.026,102.897,,,,,,,,,,,,,
0,17.826,102.957,,,,,,,,,,,,,
0,18.182,102.941,,,,,,,,,,,,,
0,18.267,102.943,,,,,,,,,,,,,
0,18.843,103.025,,,,,,,,,,,,,
0,20.762,103.012,,,,,,,,,,,,,
0,22.808,103.031,,,,,,,,,,,,,
0,24.312,103.087,,,,,,,,,,,,,
0,25,103.014,,,,,,,,,,,,,
1,10,1000,,,,43,,,,,0,,,淀川水系,三田川（淀川合流）
0,-25,100.242,,,,,,,,,,,,,
0,-23.386,99.956,,,,,,,,,,,,,
0,-23.031,99.892,,,,,,,,,,,,,
0,-22.928,99.89,,,,,,,,,,,,,
0,-22.576,99.926,,,,,,,,,,,,,
0,-21.749,99.986,,,,,,,,,,,,,
0,-20.618,99.692,,,,,,,,,,,,,
0,-20.446,99.652,,,,,,,,,,,,,
0,-20.407,99.634,,,,,,,,,,,,,
0,-20.378,99.632,,,,,,,,,,,,,
0,-20.223,99.614,,,,,,,,,,,,,
0,-12.671,99.205,,,,,,,,,,,,,
0,-11.375,99.191,,,,,,,,,,,,,
0,-10.597,99.168,,,,,,,,,,,,,
0,-9.251,99.24,,,,,,,,,,,,,
0,-8.504,99.18,,,,,,,,,,,,,
0,-7.75,99.41,,,,,,,,,,,,,
0,-7.37,99.518,,,,,,,,,,,,,
0,-6.747,99.605,,,,,,,,,,,,,
0,-5.872,99.564,,,,,,,,,,,,,
0,-5.695,99.593,,,,,,,,,,,,,
0,-4.788,98.982,,,,,,,,,,,,,
0,-4.579,98.836,,,,,,,,,,,,,
0,-3.921,97.909,,,,,,,,,,,,,
0,-3.47,97.266,,,,,,,,,,,,,
0,-3.381,97.268,,,,,,,,,,,,,
0,0.259,96.93,,,,,,,,,,,,,
0,0.738,96.983,,,,,,,,,,,,,
0,1.305,96.861,,,,,,,,,,,,,
0,2.335,97.012,,,,,,,,,,,,,
0,10.083,101.523,,,,,,,,,,,,,
0,10.945,101.771,,,,,,,,,,,,,
0,11.278,101.737,,,,,,,,,,,,,
0,12,101.67,,,,,,,,,,,,,
0,13.813,101.638,,,,,,,,,,,,,
0,14.794,101.598,,,,,,,,,,,,,
0,15.467,101.148,,,,,,,,,,,,,
0,15.72,101.056,,,,,,,,,,,,,
0,16.34,101.033,,,,,,,,,,,,,
0,18.431,101.182,,,,,,,,,,,,,
0,19.347,101.136,,,,,,,,,,,,,
0,23.292,101.129,,,,,,,,,,,,,
0,25,101.08,,,,,,,,,,,,,
1.1,11,1100,,,,62,,,,,0,,,淀川水系,三田川（淀川合流）
0,-25,103.735,,,,,,,,,,,,,
0,-24.833,103.712,,,,,,,,,,,,,
0,-22.008,103.738,,,,,,,,,,,,,
0,-21.912,103.732,,,,,,,,,,,,,
0,-21.813,103.728,,,,,,,,,,,,,
0,-21.191,103.627,,,,,,,,,,,,,
0,-20.821,103.572,,,,,,,,,,,,,
0,-18.522,103.711,,,,,,,,,,,,,
0,-14.948,103.968,,,,,,,,,,,,,
0,-14.704,103.953,,,,,,,,,,,,,
0,-14.631,103.957,,,,,,,,,,,,,
0,-14.442,103.948,,,,,,,,,,,,,
0,-12.547,103.686,,,,,,,,,,,,,
0,-11.766,103.682,,,,,,,,,,,,,
0,-10.791,103.39,,,,,,,,,,,,,
0,-10.269,103.405,,,,,,,,,,,,,
0,-7.816,102.301,,,,,,,,,,,,,
0,-6.673,101.962,,,,,,,,,,,,,
0,-5.546,101.428,,,,,,,,,,,,,
0,-5.067,101.098,,,,,,,,,,,,,
0,-4.336,100.936,,,,,,,,,,,,,
0,-4.025,100.952,,,,,,,,,,,,,
0,-3.057,100.984,,,,,,,,,,,,,
0,-2.983,100.978,,,,,,,,,,,,,
0,-2.693,100.959,,,,,,,,,,,,,
0,-1.941,100.908,,,,,,,,,,,,,
0,-1.338,100.791,,,,,,,,,,,,,
0,-0.92,100.684,,,,,,,,,,,,,
0,-0.755,100.649,,,,,,,,,,,,,
0,0.123,100.624,,,,,,,,,,,,,
0,0.668,100.541,,,,,,,,,,,,,
0,1.186,100.778,,,,,,,,,,,,,
0,2.001,100.452,,,,,,,,,,,,,
0,2.214,100.421,,,,,,,,,,,,,
0,2.967,100.33,,,,,,,,,,,,,
0,3.267,100.334,,,,,,,,,,,,,
0,3.36,100.318,,,,,,,,,,,,,
0,4.315,100.442,,,,,,,,,,,,,
0,5.016,100.366,,,,,,,,,,,,,
0,5.34,100.431,,,,,,,,,,,,,
0,5.583,100.476,,,,,,,,,,,,,
0,6.451,102.292,,,,,,,,,,,,,
0,6.852,102.878,,,,,,,,,,,,,
0,7.538,103.014,,,,,,,,,,,,,
0,8.569,103.158,,,,,,,,,,,,,
0,8.583,103.16,,,,,,,,,,,,,
0,8.687,103.163,,,,,,,,,,,,,
0,9.641,103.187,,,,,,,,,,,,,
0,9.758,103.3,,,,,,,,,,,,,
0,10.756,105.106,,,,,,,,,,,,,
0,11.346,106.438,,,,,,,,,,,,,
0,12.412,106.761,,,,,,,,,,,,,
0,12.894,107.063,,,,,,,,,,,,,
0,13.316,107.07,,,,,,,,,,,,,
0,13.95,107.089,,,,,,,,,,,,,
0,14.177,107.077,,,,,,,,,,,,,
0,14.987,107.1,,,,,,,,,,,,,
0,15.621,107.136,,,,,,,,,,,,,
0,16.15,107.164,,,,,,,,,,,,,
0,16.503,107.16,,,,,,,,,,,,,
0,20.196,107.426,,,,,,,,,,,,,
0,25,107.279,,,,,,,,,,,,,
1.2,12,1200,,,,73,,,,,0,,,淀川水系,三田川（淀川合流）
0,-25,104.026,,,,,,,,,,,,,
0,-24.523,104.26,,,,,,,,,,,,,
0,-24.094,104.303,,,,,,,,,,,,,
0,-23.388,104.403,,,,,,,,,,,,,
0,-22.416,104.217,,,,,,,,,,,,,
0,-21.709,103.972,,,,,,,,,,,,,
0,-21.418,103.871,,,,,,,,,,,,,
0,-21.003,103.901,,,,,,,,,,,,,
0,-20.299,103.949,,,,,,,,,,,,,
0,-19.885,103.92,,,,,,,,,,,,,
0,-18.703,104.038,,,,,,,,,,,,,
0,-17.715,104.124,,,,,,,,,,,,,
0,-15.671,104.033,,,,,,,,,,,,,
0,-13.938,103.909,,,,,,,,,,,,,
0,-13.118,103.925,,,,,,,,,,,,,
0,-12.966,103.927,,,,,,,,,,,,,
0,-12.073,103.874,,,,,,,,,,,,,
0,-11.824,103.862,,,,,,,,,,,,,
0,-6.274,103.823,,,,,,,,,,,,,
0,-3.746,103.793,,,,,,,,,,,,,
0,-3.331,103.497,,,,,,,,,,,,,
0,-3.251,103.365,,,,,,,,,,,,,
0,-2.86,102.705,,,,,,,,,,,,,
0,-2.47,101.998,,,,,,,,,,,,,
0,-2.388,101.951,,,,,,,,,,,,,
0,-2.102,101.943,,,,,,,,,,,,,
0,-1.204,101.933,,,,,,,,,,,,,
0,-1.204,101.933,,,,,,,,,,,,,
0,-0.661,101.904,,,,,,,,,,,,,
0,-0.661,101.904,,,,,,,,,,,,,
0,-0.231,101.873,,,,,,,,,,,,,
0,-0.231,101.873,,,,,,,,,,,,,
0,1.299,102.281,,,,,,,,,,,,,
0,1.299,102.281,,,,,,,,,,,,,
0,1.918,102.651,,,,,,,,,,,,,
0,2.926,103.89,,,,,,,,,,,,,
0,3.101,103.99,,,,,,,,,,,,,
0,3.616,103.985,,,,,,,,,,,,,
0,4.091,104.01,,,,,,,,,,,,,
0,4.297,104.041,,,,,,,,,,,,,
0,5.265,104.484,,,,,,,,,,,,,
0,5.801,104.797,,,,,,,,,,,,,
0,6.264,105.099,,,,,,,,,,,,,
0,7.083,105.665,,,,,,,,,,,,,
0,7.435,105.773,,,,,,,,,,,,,
0,8.101,105.64,,,,,,,,,,,,,
0,8.401,105.571,,,,,,,,,,,,,
0,9.398,105.493,,,,,,,,,,,,,
0,9.555,105.61,,,,,,,,,,,,,
0,9.859,105.845,,,,,,,,,,,,,
0,10.534,106.363,,,,,,,,,,,,,
0,10.843,106.454,,,,,,,,,,,,,
0,11.734,107.529,,,,,,,,,,,,,
0,12.141,108.178,,,,,,,,,,,,,
0,12.719,108.003,,,,,,,,,,,,,
0,13.729,107.98,,,,,,,,,,,,,
0,13.863,107.995,,,,,,,,,,,,,
0,13.962,108.007,,,,,,,,,,,,,
0,15.393,107.942,,,,,,,,,,,,,
0,15.992,107.865,,,,,,,,,,,,,
0,16.652,107.933,,,,,,,,,,,,,
0,17.665,107.899,,,,,,,,,,,,,
0,18.128,107.863,,,,,,,,,,,,,
0,18.907,107.819,,,,,,,,,,,,,
0,19.658,107.87,,,,,,,,,,,,,
0,20.232,107.915,,,,,,,,,,,,,
0,20.396,107.928,,,,,,,,,,,,,
0,21.212,107.911,,,,,,,,,,,,,
0,21.413,107.892,,,,,,,,,,,,,
0,22.384,107.718,,,,,,,,,,,,,
0,22.865,107.881,,,,,,,,,,,,,
0,23.173,107.993,,,,,,,,,,,,,
0,25,108.673,,,,,,,,,,,,,
1.3,13,1300,,,,54,,,,,0,,,淀川水系,三田川（淀川合流）
0,-25,105.559,,,,,,,,,,,,,
0,-23.846,105.68,,,,,,,,,,,,,
0,-23.818,105.679,,,,,,,,,,,,,
0,-23.671,105.678,,,,,,,,,,,,,
0,-22.395,105.666,,,,,,,,,,,,,
0,-21.297,105.725,,,,,,,,,,,,,
0,-20.954,105.719,,,,,,,,,,,,,
0,-20.058,105.665,,,,,,,,,,,,,
0,-19.527,105.701,,,,,,,,,,,,,
0,-18.8,105.725,,,,,,,,,,,,,
0,-18.093,105.686,,,,,,,,,,,,,
0,-17.206,105.656,,,,,,,,,,,,,
0,-16.688,105.689,,,,,,,,,,,,,
0,-15.879,105.646,,,,,,,,,,,,,
0,-15.259,105.759,,,,,,,,,,,,,
0,-11.946,105.836,,,,,,,,,,,,,
0,-10.058,105.68,,,,,,,,,,,,,
0,-5.99,105.477,,,,,,,,,,,,,
0,-5.349,105.439,,,,,,,,,,,,,
0,-5.338,105.444,,,,,,,,,,,,,
0,-5.261,105.439,,,,,,,,,,,,,
0,-4.028,105.43,,,,,,,,,,,,,
0,-2.967,104.002,,,,,,,,,,,,,
0,-2.456,103.431,,,,,,,,,,,,,
0,-1.465,103.187,,,,,,,,,,,,,
0,0.107,103.112,,,,,,,,,,,,,
0,0.107,103.112,,,,,,,,,,,,,
0,0.975,103.464,,,,,,,,,,,,,
0,0.975,103.464,,,,,,,,,,,,,
0,1.41,103.674,,,,,,,,,,,,,
0,1.41,103.674,,,,,,,,,,,,,
0,2.472,105.333,,,,,,,,,,,,,
0,2.524,105.431,,,,,,,,,,,,,
0,3.803,105.647,,,,,,,,,,,,,
0,5.758,105.912,,,,,,,,,,,,,
0,6.478,105.974,,,,,,,,,,,,,
0,6.838,106.086,,,,,,,,,,,,,
0,7.579,106.126,,,,,,,,,,,,,
0,8.29,105.924,,,,,,,,,,,,,
0,8.814,106.015,,,,,,,,,,,,,
0,9.711,106.313,,,,,,,,,,,,,
0,10.004,106.212,,,,,,,,,,,,,
0,11.188,105.781,,,,,,,,,,,,,
0,11.261,105.782,,,,,,,,,,,,,
0,11.658,105.793,,,,,,,,,,,,,
0,12.545,105.823,,,,,,,,,,,,,
0,12.674,105.825,,,,,,,,,,,,,
0,13.835,105.862,,,,,,,,,,,,,
0,14.159,105.877,,,,,,,,,,,,,
0,15.157,105.976,,,,,,,,,,,,,
0,15.332,105.997,,,,,,,,,,,,,
0,15.749,106.01,,,,,,,,,,,,,
0,20.03,106.285,,,,,,,,,,,,,
0,25,106.678,,,,,,,,,,,,,
1.4,14,1390,,,,68,,,,,0,,,淀川水系,三田川（淀川合流）
0,-25,108.31,,,,,,,,,,,,,
0,-24.779,108.31,,,,,,,,,,,,,
0,-24.153,108.302,,,,,,,,,,,,,
0,-24.007,108.303,,,,,,,,,,,,,
0,-23.733,108.307,,,,,,,,,,,,,
0,-22.754,108.299,,,,,,,,,,,,,
0,-22.367,108.236,,,,,,,,,,,,,
0,-21.965,108.194,,,,,,,,,,,,,
0,-20.985,108.278,,,,,,,,,,,,,
0,-20.709,108.291,,,,,,,,,,,,,
0,-20.595,108.287,,,,,,,,,,,,,
0,-20.433,108.297,,,,,,,,,,,,,
0,-19.314,108.217,,,,,,,,,,,,,
0,-18.656,108.198,,,,,,,,,,,,,
0,-18.122,108.154,,,,,,,,,,,,,
0,-17.215,108.116,,,,,,,,,,,,,
0,-16.622,108.138,,,,,,,,,,,,,
0,-16.172,108.133,,,,,,,,,,,,,
0,-15.832,108.111,,,,,,,,,,,,,
0,-15.279,108.14,,,,,,,,,,,,,
0,-14.962,108.091,,,,,,,,,,,,,
0,-14.661,108.091,,,,,,,,,,,,,
0,-14.351,108.181,,,,,,,,,,,,,
0,-12.197,108.407,,,,,,,,,,,,,
0,-9.906,108.443,,,,,,,,,,,,,
0,-9.096,108.397,,,,,,,,,,,,,
0,-8.593,108.358,,,,,,,,,,,,,
0,-7.895,108.331,,,,,,,,,,,,,
0,-4.438,108.804,,,,,,,,,,,,,
0,-4.292,108.811,,,,,,,,,,,,,
0,-3.671,107.188,,,,,,,,,,,,,
0,-3.553,106.88,,,,,,,,,,,,,
0,-0.839,106.115,,,,,,,,,,,,,
0,-0.42,105.979,,,,,,,,,,,,,
0,-0.286,105.989,,,,,,,,,,,,,
0,0.164,106.229,,,,,,,,,,,,,
0,0.514,106.395,,,,,,,,,,,,,
0,0.82,106.435,,,,,,,,,,,,,
0,1.762,106.38,,,,,,,,,,,,,
0,2.077,106.442,,,,,,,,,,,,,
0,3.957,106.934,,,,,,,,,,,,,
0,4.71,107.269,,,,,,,,,,,,,
0,5.424,107.398,,,,,,,,,,,,,
0,7.042,107.453,,,,,,,,,,,,,
0,7.853,107.241,,,,,,,,,,,,,
0,8.453,107.114,,,,,,,,,,,,,
0,8.655,106.981,,,,,,,,,,,,,
0,9.014,107.033,,,,,,,,,,,,,
0,9.898,107.101,,,,,,,,,,,,,
0,10.343,107.09,,,,,,,,,,,,,
0,11.496,107.159,,,,,,,,,,,,,
0,11.915,107.314,,,,,,,,,,,,,
0,12.254,107.287,,,,,,,,,,,,,
0,12.701,107.217,,,,,,,,,,,,,
0,13.55,107.255,,,,,,,,,,,,,
0,13.939,107.31,,,,,,,,,,,,,
0,14.969,107.007,,,,,,,,,,,,,
0,16.668,107.028,,,,,,,,,,,,,
0,17.368,107.383,,,,,,,,,,,,,
0,19.552,107.133,,,,,,,,,,,,,
0,20.706,107.368,,,,,,,,,,,,,
0,22.484,106.867,,,,,,,,,,,,,
0,22.631,106.859,,,,,,,,,,,,,
0,22.723,106.847,,,,,,,,,,,,,
0,22.849,106.834,,,,,,,,,,,,,
0,23.431,106.733,,,,,,,,,,,,,
0,24.31,106.764,,,,,,,,,,,,,
0,25,106.733,,,,,,,,,,,,,
1.5,15,1500,,,,74,,,,,0,,,淀川水系,三田川（淀川合流）
0,-25,109.264,,,,,,,,,,,,,
0,-24.961,109.267,,,,,,,,,,,,,
0,-24.723,109.268,,,,,,,,,,,,,
0,-24.182,109.214,,,,,,,,,,,,,
0,-24.078,109.209,,,,,,,,,,,,,
0,-23.897,109.201,,,,,,,,,,,,,
0,-21.541,109.17,,,,,,,,,,,,,
0,-21.096,109.118,,,,,,,,,,,,,
0,-19.933,109.087,,,,,,,,,,,,,
0,-19.423,108.957,,,,,,,,,,,,,
0,-18.913,108.922,,,,,,,,,,,,,
0,-18.691,108.82,,,,,,,,,,,,,
0,-17.991,108.825,,,,,,,,,,,,,
0,-17.297,108.81,,,,,,,,,,,,,
0,-16.939,108.806,,,,,,,,,,,,,
0,-16.722,108.807,,,,,,,,,,,,,
0,-15.575,108.768,,,,,,,,,,,,,
0,-15.296,108.768,,,,,,,,,,,,,
0,-14.942,108.729,,,,,,,,,,,,,
0,-14.717,108.719,,,,,,,,,,,,,
0,-13.617,108.839,,,,,,,,,,,,,
0,-11.712,109.01,,,,,,,,,,,,,
0,-10.2,108.99,,,,,,,,,,,,,
0,-9.233,108.815,,,,,,,,,,,,,
0,-6.725,108.698,,,,,,,,,,,,,
0,-5.786,108.727,,,,,,,,,,,,,
0,-5.501,108.736,,,,,,,,,,,,,
0,-5.18,108.734,,,,,,,,,,,,,
0,-4.721,108.298,,,,,,,,,,,,,
0,-4.597,108.204,,,,,,,,,,,,,
0,-4.312,107.969,,,,,,,,,,,,,
0,-3.182,107.117,,,,,,,,,,,,,
0,-2.779,107.137,,,,,,,,,,,,,
0,-2.567,107.173,,,,,,,,,,,,,
0,-1.402,107.107,,,,,,,,,,,,,
0,-1.139,107.107,,,,,,,,,,,,,
0,-1.083,107.098,,,,,,,,,,,,,
0,-0.548,107.073,,,,,,,,,,,,,
0,0.109,107.07,,,,,,,,,,,,,
0,0.903,107.046,,,,,,,,,,,,,
0,1.357,107.107,,,,,,,,,,,,,
0,1.51,107.122,,,,,,,,,,,,,
0,2.265,108.297,,,,,,,,,,,,,
0,3.018,109.464,,,,,,,,,,,,,
0,3.53,109.462,,,,,,,,,,,,,
0,3.652,109.456,,,,,,,,,,,,,
0,3.716,109.46,,,,,,,,,,,,,
0,5.106,109.464,,,,,,,,,,,,,
0,5.334,109.456,,,,,,,,,,,,,
0,5.697,109.505,,,,,,,,,,,,,
0,6.388,109.507,,,,,,,,,,,,,
0,7.147,109.461,,,,,,,,,,,,,
0,7.524,109.532,,,,,,,,,,,,,
0,7.75,109.549,,,,,,,,,,,,,
0,8.83,109.573,,,,,,,,,,,,,
0,9.21,109.569,,,,,,,,,,,,,
0,9.326,109.572,,,,,,,,,,,,,
0,9.835,109.601,,,,,,,,,,,,,
0,10.753,110.626,,,,,,,,,,,,,
0,11.321,111.235,,,,,,,,,,,,,
0,11.654,111.253,,,,,,,,,,,,,
0,11.84,111.283,,,,,,,,,,,,,
0,13.276,111.386,,,,,,,,,,,,,
0,15.289,111.371,,,,,,,,,,,,,
0,17.028,111.303,,,,,,,,,,,,,
0,18.106,111.144,,,,,,,,,,,,,
0,20.137,111.181,,,,,,,,,,,,,
0,20.727,111.16,,,,,,,,,,,,,
0,21.586,111.159,,,,,,,,,,,,,
0,21.608,111.157,,,,,,,,,,,,,
0,22.157,111.065,,,,,,,,,,,,,
0,22.487,111.047,,,,,,,,,,,,,
0,22.519,111.048,,,,,,,,,,,,,
0,25,111.09,,,,,,,,,,,,,
1.6,16,1585,,,,78,,,,,0,,,淀川水系,三田川（淀川合流）
0,-25,110.128,,,,,,,,,,,,,
0,-23.938,110.058,,,,,,,,,,,,,
0,-23.839,110.051,,,,,,,,,,,,,
0,-23.824,110.051,,,,,,,,,,,,,
0,-23.815,110.048,,,,,,,,,,,,,
0,-23.296,110.009,,,,,,,,,,,,,
0,-21.864,110.04,,,,,,,,,,,,,
0,-21.679,110.079,,,,,,,,,,,,,
0,-21.527,110.025,,,,,,,,,,,,,
0,-21.116,109.987,,,,,,,,,,,,,
0,-20.851,109.971,,,,,,,,,,,,,
0,-20.263,110.322,,,,,,,,,,,,,
0,-19.876,110.609,,,,,,,,,,,,,
0,-19.448,110.682,,,,,,,,,,,,,
0,-16.822,110.918,,,,,,,,,,,,,
0,-16.722,110.911,,,,,,,,,,,,,
0,-16.625,110.909,,,,,,,,,,,,,
0,-16.453,110.902,,,,,,,,,,,,,
0,-12.596,110.741,,,,,,,,,,,,,
0,-9.952,110.714,,,,,,,,,,,,,
0,-8.506,110.678,,,,,,,,,,,,,
0,-5.418,110.774,,,,,,,,,,,,,
0,-5.326,110.748,,,,,,,,,,,,,
0,-4.4,110.727,,,,,,,,,,,,,
0,-4.108,110.701,,,,,,,,,,,,,
0,-3.9,110.087,,,,,,,,,,,,,
0,-3.628,109.6,,,,,,,,,,,,,
0,-3.342,109.155,,,,,,,,,,,,,
0,-2.669,108.602,,,,,,,,,,,,,
0,-2.2,108.177,,,,,,,,,,,,,
0,-2.002,108.138,,,,,,,,,,,,,
0,-0.554,108.19,,,,,,,,,,,,,
0,-0.268,108.183,,,,,,,,,,,,,
0,0.186,108.175,,,,,,,,,,,,,
0,0.491,108.177,,,,,,,,,,,,,
0,0.712,108.145,,,,,,,,,,,,,
0,1.28,108.649,,,,,,,,,,,,,
0,1.785,109.275,,,,,,,,,,,,,
0,2.966,110.045,,,,,,,,,,,,,
0,5.196,111.993,,,,,,,,,,,,,
0,6.15,111.955,,,,,,,,,,,,,
0,7.164,111.946,,,,,,,,,,,,,
0,7.355,111.933,,,,,,,,,,,,,
0,8.782,111.764,,,,,,,,,,,,,
0,9.284,111.793,,,,,,,,,,,,,
0,9.504,111.831,,,,,,,,,,,,,
0,10.768,111.77,,,,,,,,,,,,,
0,11.17,111.79,,,,,,,,,,,,,
0,11.648,111.688,,,,,,,,,,,,,
0,11.688,111.681,,,,,,,,,,,,,
0,11.726,111.683,,,,,,,,,,,,,
0,13.359,111.719,,,,,,,,,,,,,
0,13.72,111.767,,,,,,,,,,,,,
0,13.817,111.805,,,,,,,,,,,,,
0,14.943,112.048,,,,,,,,,,,,,
0,15.504,111.981,,,,,,,,,,,,,
0,15.953,111.848,,,,,,,,,,,,,
0,16.019,111.826,,,,,,,,,,,,,
0,16.105,111.826,,,,,,,,,,,,,
0,17.007,111.766,,,,,,,,,,,,,
0,17.619,111.707,,,,,,,,,,,,,
0,17.669,111.708,,,,,,,,,,,,,
0,17.699,111.678,,,,,,,,,,,,,
0,18.138,111.458,,,,,,,,,,,,,
0,18.737,110.916,,,,,,,,,,,,,
0,19.747,110.788,,,,,,,,,,,,,
0,19.888,110.765,,,,,,,,,,,,,
0,20.236,110.784,,,,,,,,,,,,,
0,21.146,110.81,,,,,,,,,,,,,
0,21.806,110.826,,,,,,,,,,,,,
0,22.035,110.82,,,,,,,,,,,,,
0,22.708,110.82,,,,,,,,,,,,,
0,23.439,110.727,,,,,,,,,,,,,
0,23.719,110.696,,,,,,,,,,,,,
0,23.885,110.715,,,,,,,,,,,,,
0,24.009,110.735,,,,,,,,,,,,,
0,24.363,110.807,,,,,,,,,,,,,
0,25,110.802,,,,,,,,,,,,,
1.7,17,1700,,,,91,,,,,0,,,淀川水系,三田川（淀川合流）
0,-25,111.968,,,,,,,,,,,,,
0,-24.531,112.008,,,,,,,,,,,,,
0,-24.514,112.01,,,,,,,,,,,,,
0,-24.479,112.011,,,,,,,,,,,,,
0,-23.244,112.06,,,,,,,,,,,,,
0,-22.829,112.039,,,,,,,,,,,,,
0,-22.64,112.04,,,,,,,,,,,,,
0,-22.167,112.034,,,,,,,,,,,,,
0,-21.367,112.049,,,,,,,,,,,,,
0,-20.743,112.07,,,,,,,,,,,,,
0,-20.74,112.07,,,,,,,,,,,,,
0,-20.733,112.07,,,,,,,,,,,,,
0,-19.468,112.078,,,,,,,,,,,,,
0,-18.923,112.123,,,,,,,,,,,,,
0,-18.847,112.128,,,,,,,,,,,,,
0,-18.564,112.126,,,,,,,,,,,,,
0,-17.569,112.112,,,,,,,,,,,,,
0,-17.434,112.108,,,,,,,,,,,,,
0,-16.937,112.135,,,,,,,,,,,,,
0,-15.766,112.137,,,,,,,,,,,,,
0,-15.676,112.14,,,,,,,,,,,,,
0,-15.606,112.138,,,,,,,,,,,,,
0,-15.031,112.133,,,,,,,,,,,,,
0,-14.291,112.132,,,,,,,,,,,,,
0,-13.77,112.143,,,,,,,,,,,,,
0,-13.452,112.15,,,,,,,,,,,,,
0,-13.135,112.157,,,,,,,,,,,,,
0,-12.427,112.146,,,,,,,,,,,,,
0,-11.874,112.132,,,,,,,,,,,,,
0,-11.537,112.125,,,,,,,,,,,,,
0,-11.251,112.125,,,,,,,,,,,,,
0,-10.638,112.101,,,,,,,,,,,,,
0,-9.977,112.078,,,,,,,,,,,,,
0,-9.751,112.059,,,,,,,,,,,,,
0,-9.37,112.059,,,,,,,,,,,,,
0,-8.319,112.04,,,,,,,,,,,,,
0,-8.078,112.046,,,,,,,,,,,,,
0,-7.919,112.092,,,,,,,,,,,,,
0,-7.44,112.237,,,,,,,,,,,,,
0,-6.952,112.176,,,,,,,,,,,,,
0,-6.183,112.045,,,,,,,,,,,,,
0,-5.715,112.067,,,,,,,,,,,,,
0,-5.361,112.066,,,,,,,,,,,,,
0,-4.927,111.26,,,,,,,,,,,,,
0,-4.289,110.416,,,,,,,,,,,,,
0,-4.172,110.297,,,,,,,,,,,,,
0,-3.673,109.704,,,,,,,,,,,,,
0,-2.622,110.06,,,,,,,,,,,,,
0,-2.374,110.155,,,,,,,,,,,,,
0,-2.241,110.169,,,,,,,,,,,,,
0,-1.739,110.266,,,,,,,,,,,,,
0,-0.779,110.335,,,,,,,,,,,,,
0,-0.463,110.376,,,,,,,,,,,,,
0,0.186,111.718,,,,,,,,,,,,,
0,0.193,111.73,,,,,,,,,,,,,
0,0.214,111.738,,,,,,,,,,,,,
0,3.441,113.019,,,,,,,,,,,,,
0,4.627,112.982,,,,,,,,,,,,,
0,6.033,112.882,,,,,,,,,,,,,
0,7.309,112.998,,,,,,,,,,,,,
0,7.336,112.999,,,,,,,,,,,,,
0,7.347,112.999,,,,,,,,,,,,,
0,7.968,112.923,,,,,,,,,,,,,
0,8.496,112.964,,,,,,,,,,,,,
0,9.275,113.03,,,,,,,,,,,,,
0,9.342,113.033,,,,,,,,,,,,,
0,9.923,113.081,,,,,,,,,,,,,
0,10.917,113.114,,,,,,,,,,,,,
0,11.212,113.138,,,,,,,,,,,,,
0,11.778,113.124,,,,,,,,,,,,,
0,11.832,113.123,,,,,,,,,,,,,
0,12.018,113.121,,,,,,,,,,,,,
0,13.144,113.171,,,,,,,,,,,,,
0,13.455,113.15,,,,,,,,,,,,,
0,13.781,113.189,,,,,,,,,,,,,
0,14.796,113.553,,,,,,,,,,,,,
0,17.568,114.199,,,,,,,,,,,,,
0,17.616,114.193,,,,,,,,,,,,,
0,18.523,114.391,,,,,,,,,,,,,
0,18.879,114.454,,,,,,,,,,,,,
0,19.32,114.382,,,,,,,,,,,,,
0,20.788,114.075,,,,,,,,,,,,,
0,20.983,114.027,,,,,,,,,,,,,
0,21.401,113.907,,,,,,,,,,,,,
0,21.9,113.894,,,,,,,,,,,,,
0,22.666,113.922,,,,,,,,,,,,,
0,22.994,113.937,,,,,,,,,,,,,
0,23.294,114.02,,,,,,,,,,,,,
0,24.071,113.964,,,,,,,,,,,,,
0,24.56,113.96,,,,,,,,,,,,,
0,25,114.158,,,,,,,,,,,,,
1.8,18,1810,,,,63,,,,,0,,,淀川水系,三田川（淀川合流）
0,-25,115.246,,,,,,,,,,,,,
0,-24.836,115.228,,,,,,,,,,,,,
0,-23.451,115.143,,,,,,,,,,,,,
0,-23.034,115.113,,,,,,,,,,,,,
0,-22.676,115.165,,,,,,,,,,,,,
0,-21.871,115.219,,,,,,,,,,,,,
0,-21.512,115.258,,,,,,,,,,,,,
0,-21.141,115.255,,,,,,,,,,,,,
0,-20.709,115.26,,,,,,,,,,,,,
0,-20.274,115.274,,,,,,,,,,,,,
0,-19.51,115.273,,,,,,,,,,,,,
0,-18.985,115.253,,,,,,,,,,,,,
0,-18.72,115.243,,,,,,,,,,,,,
0,-17.895,115.261,,,,,,,,,,,,,
0,-17.549,115.254,,,,,,,,,,,,,
0,-17.163,115.165,,,,,,,,,,,,,
0,-16.579,115.17,,,,,,,,,,,,,
0,-15.053,115.265,,,,,,,,,,,,,
0,-14.524,115.32,,,,,,,,,,,,,
0,-14.47,115.315,,,,,,,,,,,,,
0,-14.394,115.354,,,,,,,,,,,,,
0,-5.1,114.319,,,,,,,,,,,,,
0,-4.876,114.268,,,,,,,,,,,,,
0,-4.807,114.244,,,,,,,,,,,,,
0,-3.871,113.183,,,,,,,,,,,,,
0,-3.792,113.102,,,,,,,,,,,,,
0,-3.779,113.086,,,,,,,,,,,,,
0,-3.761,113.083,,,,,,,,,,,,,
0,-3.006,112.943,,,,,,,,,,,,,
0,-2.607,112.774,,,,,,,,,,,,,
0,-2.39,112.785,,,,,,,,,,,,,
0,-1.622,112.725,,,,,,,,,,,,,
0,0.121,112.815,,,,,,,,,,,,,
0,0.872,113.527,,,,,,,,,,,,,
0,0.909,113.574,,,,,,,,,,,,,
0,2.004,113.922,,,,,,,,,,,,,
0,2.098,113.916,,,,,,,,,,,,,
0,2.312,113.922,,,,,,,,,,,,,
0,3.689,113.937,,,,,,,,,,,,,
0,6.265,113.932,,,,,,,,,,,,,
0,6.572,113.938,,,,,,,,,,,,,
0,6.784,113.924,,,,,,,,,,,,,
0,7.878,113.837,,,,,,,,,,,,,
0,7.96,113.833,,,,,,,,,,,,,
0,7.971,113.83,,,,,,,,,,,,,
0,8.758,113.891,,,,,,,,,,,,,
0,9.851,113.749,,,,,,,,,,,,,
0,10.564,113.65,,,,,,,,,,,,,
0,10.731,113.625,,,,,,,,,,,,,
0,10.889,113.635,,,,,,,,,,,,,
0,11.075,113.629,,,,,,,,,,,,,
0,13.104,113.659,,,,,,,,,,,,,
0,13.872,113.666,,,,,,,,,,,,,
0,15.508,113.681,,,,,,,,,,,,,
0,15.997,113.725,,,,,,,,,,,,,
0,16.366,113.683,,,,,,,,,,,,,
0,16.586,113.681,,,,,,,,,,,,,
0,17.032,113.673,,,,,,,,,,,,,
0,17.787,113.66,,,,,,,,,,,,,
0,18.714,113.684,,,,,,,,,,,,,
0,22.221,113.49,,,,,,,,,,,,,
0,22.526,113.484,,,,,,,,,,,,,
0,25,113.713,,,,,,,,,,,,,
1.9,19,1900,,,,59,,,,,0,,,淀川水系,三田川（淀川合流）
0,-25,116.241,,,,,,,,,,,,,
0,-24.605,116.233,,,,,,,,,,,,,
0,-24.036,116.244,,,,,,,,,,,,,
0,-23.708,116.27,,,,,,,,,,,,,
0,-22.971,116.285,,,,,,,,,,,,,
0,-22.7,116.295,,,,,,,,,,,,,
0,-21.88,116.318,,,,,,,,,,,,,
0,-19.162,116.342,,,,,,,,,,,,,
0,-17.538,116.504,,,,,,,,,,,,,
0,-15.716,116.514,,,,,,,,,,,,,
0,-14.509,116.666,,,,,,,,,,,,,
0,-11.974,116.688,,,,,,,,,,,,,
0,-11.374,116.629,,,,,,,,,,,,,
0,-10.036,116.77,,,,,,,,,,,,,
0,-6.653,116.622,,,,,,,,,,,,,
0,-6.49,116.609,,,,,,,,,,,,,
0,-5.548,116.555,,,,,,,,,,,,,
0,-5.348,116.444,,,,,,,,,,,,,
0,-4.56,115.864,,,,,,,,,,,,,
0,-2.91,114.709,,,,,,,,,,,,,
0,-2.778,114.578,,,,,,,,,,,,,
0,-2.592,114.469,,,,,,,,,,,,,
0,-1.799,113.863,,,,,,,,,,,,,
0,-0.966,113.993,,,,,,,,,,,,,
0,-0.922,113.989,,,,,,,,,,,,,
0,-0.851,113.993,,,,,,,,,,,,,
0,0.103,113.937,,,,,,,,,,,,,
0,0.852,113.602,,,,,,,,,,,,,
0,0.982,113.588,,,,,,,,,,,,,
0,1.445,113.685,,,,,,,,,,,,,
0,1.981,113.833,,,,,,,,,,,,,
0,2.091,113.899,,,,,,,,,,,,,
0,2.876,114.401,,,,,,,,,,,,,
0,3.194,114.587,,,,,,,,,,,,,
0,3.887,114.987,,,,,,,,,,,,,
0,4.301,115.063,,,,,,,,,,,,,
0,4.778,115.11,,,,,,,,,,,,,
0,5.458,115.328,,,,,,,,,,,,,
0,5.846,115.429,,,,,,,,,,,,,
0,6.333,115.639,,,,,,,,,,,,,
0,10.649,117.557,,,,,,,,,,,,,
0,11.062,117.56,,,,,,,,,,,,,
0,11.51,117.529,,,,,,,,,,,,,
0,11.947,117.517,,,,,,,,,,,,,
0,12.428,117.47,,,,,,,,,,,,,
0,12.857,117.453,,,,,,,,,,,,,
0,13.437,117.423,,,,,,,,,,,,,
0,14,117.457,,,,,,,,,,,,,
0,16.476,117.783,,,,,,,,,,,,,
0,16.74,117.819,,,,,,,,,,,,,
0,18.085,117.735,,,,,,,,,,,,,
0,18.44,117.783,,,,,,,,,,,,,
0,19.158,117.697,,,,,,,,,,,,,
0,19.801,117.533,,,,,,,,,,,,,
0,21.705,117.938,,,,,,,,,,,,,
0,22.305,118.023,,,,,,,,,,,,,
0,23.037,118.07,,,,,,,,,,,,,
0,24.071,118.176,,,,,,,,,,,,,
0,25,118.134,,,,,,,,,,,,,
2,20,2000,,,,63,,,,,0,,,淀川水系,三田川（淀川合流）
0,-25,119.101,,,,,,,,,,,,,
0,-19.413,118.844,,,,,,,,,,,,,
0,-18.191,118.483,,,,,,,,,,,,,
0,-17.13,118.443,,,,,,,,,,,,,
0,-16.388,118.428,,,,,,,,,,,,,
0,-15.047,118.206,,,,,,,,,,,,,
0,-14.183,118.216,,,,,,,,,,,,,
0,-13.632,118.244,,,,,,,,,,,,,
0,-12.89,118.23,,,,,,,,,,,,,
0,-12.5,118.216,,,,,,,,,,,,,
0,-12.183,118.221,,,,,,,,,,,,,
0,-11.753,118.185,,,,,,,,,,,,,
0,-11.209,118.18,,,,,,,,,,,,,
0,-10.745,118.258,,,,,,,,,,,,,
0,-10.312,118.298,,,,,,,,,,,,,
0,-9.697,118.29,,,,,,,,,,,,,
0,-8.882,118.327,,,,,,,,,,,,,
0,-8.776,118.325,,,,,,,,,,,,,
0,-7.765,118.25,,,,,,,,,,,,,
0,-7.712,118.248,,,,,,,,,,,,,
0,-7.655,118.246,,,,,,,,,,,,,
0,-6.801,118.221,,,,,,,,,,,,,
0,-6.081,118.264,,,,,,,,,,,,,
0,-5.734,118.234,,,,,,,,,,,,,
0,-5.162,117.519,,,,,,,,,,,,,
0,-4.831,117.288,,,,,,,,,,,,,
0,-3.813,115.659,,,,,,,,,,,,,
0,-3.796,115.627,,,,,,,,,,,,,
0,-3.78,115.616,,,,,,,,,,,,,
0,-2.872,115.406,,,,,,,,,,,,,
0,-2.568,115.343,,,,,,,,,,,,,
0,-1.822,115.109,,,,,,,,,,,,,
0,-1.006,115.045,,,,,,,,,,,,,
0,-0.884,115.041,,,,,,,,,,,,,
0,0.009,115.202,,,,,,,,,,,,,
0,0.186,115.369,,,,,,,,,,,,,
0,0.51,115.793,,,,,,,,,,,,,
0,1.799,116.87,,,,,,,,,,,,,
0,2.107,116.874,,,,,,,,,,,,,
0,4.941,119.169,,,,,,,,,,,,,
0,9.284,121.287,,,,,,,,,,,,,
0,9.799,121.389,,,,,,,,,,,,,
0,12.38,121.014,,,,,,,,,,,,,
0,12.4,121.01,,,,,,,,,,,,,
0,12.434,121.011,,,,,,,,,,,,,
0,13.393,120.974,,,,,,,,,,,,,
0,13.636,120.93,,,,,,,,,,,,,
0,16.959,120.618,,,,,,,,,,,,,
0,17.345,120.649,,,,,,,,,,,,,
0,18.285,120.727,,,,,,,,,,,,,
0,18.421,120.737,,,,,,,,,,,,,
0,19.361,120.819,,,,,,,,,,,,,
0,19.367,120.819,,,,,,,,,,,,,
0,19.38,120.818,,,,,,,,,,,,,
0,20.422,120.75,,,,,,,,,,,,,
0,20.978,120.853,,,,,,,,,,,,,
0,21.943,120.771,,,,,,,,,,,,,
0,22.421,120.674,,,,,,,,,,,,,
0,22.821,120.661,,,,,,,,,,,,,
0,23.356,120.722,,,,,,,,,,,,,
0,23.836,120.677,,,,,,,,,,,,,
0,24.397,120.691,,,,,,,,,,,,,
0,25,120.71,,,,,,,,,,,,,
2.1,21,2100,,,,95,,,,,0,,,淀川水系,三田川（淀川合流）
0,-25,119.572,,,,,,,,,,,,,
0,-24.569,119.588,,,,,,,,,,,,,
0,-24.541,119.59,,,,,,,,,,,,,
0,-23.499,119.545,,,,,,,,,,,,,
0,-23.147,119.514,,,,,,,,,,,,,
0,-22.37,119.545,,,,,,,,,,,,,
0,-22.233,119.546,,,,,,,,,,,,,
0,-20.943,119.431,,,,,,,,,,,,,
0,-20.854,119.435,,,,,,,,,,,,,
0,-20.122,119.556,,,,,,,,,,,,,
0,-19.902,119.567,,,,,,,,,,,,,
0,-19.056,119.542,,,,,,,,,,,,,
0,-18.506,119.511,,,,,,,,,,,,,
0,-18.014,119.517,,,,,,,,,,,,,
0,-17.613,119.549,,,,,,,,,,,,,
0,-16.984,119.533,,,,,,,,,,,,,
0,-16.195,119.515,,,,,,,,,,,,,
0,-15.59,119.54,,,,,,,,,,,,,
0,-15.306,119.559,,,,,,,,,,,,,
0,-14.093,119.498,,,,,,,,,,,,,
0,-13.917,119.49,,,,,,,,,,,,,
0,-13.197,119.522,,,,,,,,,,,,,
0,-12.975,119.507,,,,,,,,,,,,,
0,-12.162,119.383,,,,,,,,,,,,,
0,-11.585,119.356,,,,,,,,,,,,,
0,-11.043,119.434,,,,,,,,,,,,,
0,-10.699,119.444,,,,,,,,,,,,,
0,-9.921,119.402,,,,,,,,,,,,,
0,-9.312,119.397,,,,,,,,,,,,,
0,-8.716,119.416,,,,,,,,,,,,,
0,-8.386,119.533,,,,,,,,,,,,,
0,-7.652,119.865,,,,,,,,,,,,,
0,-6.989,119.643,,,,,,,,,,,,,
0,-6.372,119.537,,,,,,,,,,,,,
0,-5.331,119.57,,,,,,,,,,,,,
0,-4.911,119.588,,,,,,,,,,,,,
0,-4.689,119.545,,,,,,,,,,,,,
0,-4.502,119.313,,,,,,,,,,,,,
0,-3.813,118.855,,,,,,,,,,,,,
0,-3.315,118.487,,,,,,,,,,,,,
0,-2.412,118.541,,,,,,,,,,,,,
0,-2.362,118.518,,,,,,,,,,,,,
0,-2.167,118.439,,,,,,,,,,,,,
0,-1.645,118.194,,,,,,,,,,,,,
0,-1.509,118.226,,,,,,,,,,,,,
0,-0.738,118.05,,,,,,,,,,,,,
0,-0.118,117.814,,,,,,,,,,,,,
0,0.192,117.672,,,,,,,,,,,,,
0,0.785,118.487,,,,,,,,,,,,,
0,1.246,118.968,,,,,,,,,,,,,
0,1.848,119.388,,,,,,,,,,,,,
0,2.248,119.398,,,,,,,,,,,,,
0,2.729,119.415,,,,,,,,,,,,,
0,3.145,119.387,,,,,,,,,,,,,
0,3.847,119.355,,,,,,,,,,,,,
0,4.544,119.355,,,,,,,,,,,,,
0,5.002,119.37,,,,,,,,,,,,,
0,5.464,119.362,,,,,,,,,,,,,
0,6.17,119.34,,,,,,,,,,,,,
0,6.899,119.311,,,,,,,,,,,,,
0,7.242,119.339,,,,,,,,,,,,,
0,7.798,119.42,,,,,,,,,,,,,
0,8.214,119.414,,,,,,,,,,,,,
0,9.231,119.415,,,,,,,,,,,,,
0,9.455,119.41,,,,,,,,,,,,,
0,10.125,119.394,,,,,,,,,,,,,
0,10.48,119.392,,,,,,,,,,,,,
0,11.528,119.335,,,,,,,,,,,,,
0,11.696,119.339,,,,,,,,,,,,,
0,12.42,119.362,,,,,,,,,,,,,
0,12.947,119.346,,,,,,,,,,,,,
0,13.853,119.369,,,,,,,,,,,,,
0,14.111,119.366,,,,,,,,,,,,,
0,14.756,119.394,,,,,,,,,,,,,
0,15.187,119.402,,,,,,,,,,,,,
0,16.162,119.476,,,,,,,,,,,,,
0,16.457,119.524,,,,,,,,,,,,,
0,17.057,119.548,,,,,,,,,,,,,
0,17.485,119.679,,,,,,,,,,,,,
0,18.534,120.008,,,,,,,,,,,,,
0,18.705,119.978,,,,,,,,,,,,,
0,19.23,119.92,,,,,,,,,,,,,
0,19.362,119.925,,,,,,,,,,,,,
0,20.155,119.949,,,,,,,,,,,,,
0,20.796,119.981,,,,,,,,,,,,,
0,20.898,119.988,,,,,,,,,,,,,
0,21.21,119.961,,,,,,,,,,,,,
0,21.566,119.947,,,,,,,,,,,,,
0,21.682,119.945,,,,,,,,,,,,,
0,22.787,119.97,,,,,,,,,,,,,
0,23.129,119.98,,,,,,,,,,,,,
0,23.83,120.01,,,,,,,,,,,,,
0,24.011,120.008,,,,,,,,,,,,,
0,24.72,120.025,,,,,,,,,,,,,
0,25,120.044,,,,,,,,,,,,,
2.2,22,2200,,,,90,,,,,0,,,淀川水系,三田川（淀川合流）
0,-25,125.665,,,,,,,,,,,,,
0,-24.791,125.688,,,,,,,,,,,,,
0,-23.475,125.85,,,,,,,,,,,,,
0,-22.327,126.11,,,,,,,,,,,,,
0,-21.173,126.289,,,,,,,,,,,,,
0,-19.89,126.233,,,,,,,,,,,,,
0,-19.043,126.261,,,,,,,,,,,,,
0,-18.476,126.159,,,,,,,,,,,,,
0,-17.561,125.965,,,,,,,,,,,,,
0,-17.448,125.959,,,,,,,,,,,,,
0,-16.927,125.91,,,,,,,,,,,,,
0,-16.434,125.92,,,,,,,,,,,,,
0,-15.44,125.837,,,,,,,,,,,,,
0,-15.381,125.837,,,,,,,,,,,,,
0,-14.794,125.896,,,,,,,,,,,,,
0,-14.401,125.898,,,,,,,,,,,,,
0,-13.006,126.079,,,,,,,,,,,,,
0,-12.732,126.107,,,,,,,,,,,,,
0,-12.685,126.117,,,,,,,,,,,,,
0,-12.638,126.115,,,,,,,,,,,,,
0,-12.581,126.109,,,,,,,,,,,,,
0,-11.139,125.821,,,,,,,,,,,,,
0,-8.198,123.038,,,,,,,,,,,,,
0,-7.532,121.802,,,,,,,,,,,,,
0,-6.859,122.217,,,,,,,,,,,,,
0,-6.824,122.232,,,,,,,,,,,,,
0,-6.183,122.266,,,,,,,,,,,,,
0,-5.813,122.272,,,,,,,,,,,,,
0,-5.144,122.284,,,,,,,,,,,,,
0,-4.845,122.291,,,,,,,,,,,,,
0,-4.683,122.206,,,,,,,,,,,,,
0,-4.414,122,,,,,,,,,,,,,
0,-4.019,121.699,,,,,,,,,,,,,
0,-3.614,121.141,,,,,,,,,,,,,
0,-2.548,119.527,,,,,,,,,,,,,
0,-2.383,119.296,,,,,,,,,,,,,
0,-1.885,118.975,,,,,,,,,,,,,
0,-1.365,118.92,,,,,,,,,,,,,
0,-0.393,118.92,,,,,,,,,,,,,
0,0.098,118.987,,,,,,,,,,,,,
0,0.269,119.003,,,,,,,,,,,,,
0,0.417,119.054,,,,,,,,,,,,,
0,0.749,119.563,,,,,,,,,,,,,
0,1.466,120.508,,,,,,,,,,,,,
0,1.804,120.855,,,,,,,,,,,,,
0,2.18,120.956,,,,,,,,,,,,,
0,2.491,121.231,,,,,,,,,,,,,
0,3.521,121.971,,,,,,,,,,,,,
0,3.978,122.224,,,,,,,,,,,,,
0,4.231,122.29,,,,,,,,,,,,,
0,4.665,122.476,,,,,,,,,,,,,
0,5.287,122.651,,,,,,,,,,,,,
0,6.15,122.831,,,,,,,,,,,,,
0,6.423,122.925,,,,,,,,,,,,,
0,6.835,123.085,,,,,,,,,,,,,
0,7.353,123.155,,,,,,,,,,,,,
0,8.3,123.29,,,,,,,,,,,,,
0,8.985,123.32,,,,,,,,,,,,,
0,8.998,123.32,,,,,,,,,,,,,
0,9.019,123.32,,,,,,,,,,,,,
0,10.505,123.331,,,,,,,,,,,,,
0,10.652,123.344,,,,,,,,,,,,,
0,11.177,123.36,,,,,,,,,,,,,
0,11.196,123.36,,,,,,,,,,,,,
0,11.227,123.361,,,,,,,,,,,,,
0,12.135,123.383,,,,,,,,,,,,,
0,12.667,123.384,,,,,,,,,,,,,
0,13.216,123.382,,,,,,,,,,,,,
0,13.348,123.377,,,,,,,,,,,,,
0,13.539,123.397,,,,,,,,,,,,,
0,14.839,123.414,,,,,,,,,,,,,
0,14.882,123.413,,,,,,,,,,,,,
0,15.549,123.421,,,,,,,,,,,,,
0,16.211,123.427,,,,,,,,,,,,,
0,17.046,123.465,,,,,,,,,,,,,
0,17.475,123.438,,,,,,,,,,,,,
0,17.719,123.426,,,,,,,,,,,,,
0,18.791,123.426,,,,,,,,,,,,,
0,19.223,123.417,,,,,,,,,,,,,
0,19.683,123.486,,,,,,,,,,,,,
0,19.888,123.52,,,,,,,,,,,,,
0,20.688,123.52,,,,,,,,,,,,,
0,21.375,123.502,,,,,,,,,,,,,
0,21.958,123.506,,,,,,,,,,,,,
0,22.111,123.505,,,,,,,,,,,,,
0,23.241,123.537,,,,,,,,,,,,,
0,23.588,123.555,,,,,,,,,,,,,
0,24.113,123.563,,,,,,,,,,,,,
0,24.261,123.558,,,,,,,,,,,,,
0,25,123.533,,,,,,,,,,,,,
2.3,23,2300,,,,66,,,,,0,,,淀川水系,三田川（淀川合流）
0,-25,129.226,,,,,,,,,,,,,
0,-24.728,129.204,,,,,,,,,,,,,
0,-24.52,129.133,,,,,,,,,,,,,
0,-24.232,129.163,,,,,,,,,,,,,
0,-23.72,129.184,,,,,,,,,,,,,
0,-23.044,129.166,,,,,,,,,,,,,
0,-22.572,129.162,,,,,,,,,,,,,
0,-21.848,129.205,,,,,,,,,,,,,
0,-21.393,129.197,,,,,,,,,,,,,
0,-20.672,129.23,,,,,,,,,,,,,
0,-20.241,129.216,,,,,,,,,,,,,
0,-19.468,129.049,,,,,,,,,,,,,
0,-19.065,129.02,,,,,,,,,,,,,
0,-18.287,129.053,,,,,,,,,,,,,
0,-17.9,129.054,,,,,,,,,,,,,
0,-17.113,129.075,,,,,,,,,,,,,
0,-16.761,129.081,,,,,,,,,,,,,
0,-15.936,129.118,,,,,,,,,,,,,
0,-15.629,129.135,,,,,,,,,,,,,
0,-14.752,129.12,,,,,,,,,,,,,
0,-14.46,129.113,,,,,,,,,,,,,
0,-13.6,129.129,,,,,,,,,,,,,
0,-13.352,129.127,,,,,,,,,,,,,
0,-12.409,129.064,,,,,,,,,,,,,
0,-12.182,129.082,,,,,,,,,,,,,
0,-9.24,126.832,,,,,,,,,,,,,
0,-8.614,126.322,,,,,,,,,,,,,
0,-8.254,126.044,,,,,,,,,,,,,
0,-7.399,125.97,,,,,,,,,,,,,
0,-7.098,125.929,,,,,,,,,,,,,
0,-6.207,125.696,,,,,,,,,,,,,
0,-5.886,125.46,,,,,,,,,,,,,
0,-4.845,124.086,,,,,,,,,,,,,
0,-4.418,123.649,,,,,,,,,,,,,
0,-3.616,123.365,,,,,,,,,,,,,
0,-3.243,123.281,,,,,,,,,,,,,
0,-2.424,123.074,,,,,,,,,,,,,
0,-2.054,122.946,,,,,,,,,,,,,
0,-1.241,122.736,,,,,,,,,,,,,
0,-0.91,122.698,,,,,,,,,,,,,
0,-0.075,122.627,,,,,,,,,,,,,
0,0.242,122.596,,,,,,,,,,,,,
0,1.062,122.575,,,,,,,,,,,,,
0,1.539,122.917,,,,,,,,,,,,,
0,2.301,123.415,,,,,,,,,,,,,
0,3.136,124.127,,,,,,,,,,,,,
0,3.277,124.144,,,,,,,,,,,,,
0,4.304,123.798,,,,,,,,,,,,,
0,4.444,123.724,,,,,,,,,,,,,
0,4.785,123.53,,,,,,,,,,,,,
0,5.591,123.746,,,,,,,,,,,,,
0,7.57,124.376,,,,,,,,,,,,,
0,8.755,124.373,,,,,,,,,,,,,
0,9.075,124.35,,,,,,,,,,,,,
0,9.798,124.28,,,,,,,,,,,,,
0,9.803,124.28,,,,,,,,,,,,,
0,12.952,124.349,,,,,,,,,,,,,
0,13.008,124.35,,,,,,,,,,,,,
0,13.212,124.355,,,,,,,,,,,,,
0,14.302,124.223,,,,,,,,,,,,,
0,15.327,124.236,,,,,,,,,,,,,
0,16.32,124.406,,,,,,,,,,,,,
0,16.51,124.38,,,,,,,,,,,,,
0,16.753,124.369,,,,,,,,,,,,,
0,20.466,124.103,,,,,,,,,,,,,
0,25,123.917,,,,,,,,,,,,,
2.4,24,2400,,,,62,,,,,0,,,淀川水系,三田川（淀川合流）
0,-25,128.826,,,,,,,,,,,,,
0,-24.86,128.82,,,,,,,,,,,,,
0,-23.48,128.828,,,,,,,,,,,,,
0,-23.022,128.787,,,,,,,,,,,,,
0,-22.607,128.783,,,,,,,,,,,,,
0,-21.745,128.725,,,,,,,,,,,,,
0,-21.511,128.675,,,,,,,,,,,,,
0,-20.462,128.782,,,,,,,,,,,,,
0,-18.503,128.967,,,,,,,,,,,,,
0,-18.35,128.97,,,,,,,,,,,,,
0,-17.214,129.012,,,,,,,,,,,,,
0,-15.953,128.725,,,,,,,,,,,,,
0,-12.735,128.983,,,,,,,,,,,,,
0,-9.992,129.233,,,,,,,,,,,,,
0,-9.692,129.241,,,,,,,,,,,,,
0,-9.467,129.147,,,,,,,,,,,,,
0,-9.399,129.183,,,,,,,,,,,,,
0,-7.853,127.582,,,,,,,,,,,,,
0,-6.497,127.007,,,,,,,,,,,,,
0,-5.973,126.678,,,,,,,,,,,,,
0,-4.416,125.558,,,,,,,,,,,,,
0,-2.682,124.305,,,,,,,,,,,,,
0,-2.292,124.211,,,,,,,,,,,,,
0,-1.971,124.212,,,,,,,,,,,,,
0,-1.035,124.17,,,,,,,,,,,,,
0,-0.274,124.133,,,,,,,,,,,,,
0,0.524,124.222,,,,,,,,,,,,,
0,0.677,124.245,,,,,,,,,,,,,
0,1.242,124.368,,,,,,,,,,,,,
0,4.898,125.787,,,,,,,,,,,,,
0,5.413,125.407,,,,,,,,,,,,,
0,5.927,125.258,,,,,,,,,,,,,
0,6.579,125.104,,,,,,,,,,,,,
0,7.637,125.126,,,,,,,,,,,,,
0,7.857,125.125,,,,,,,,,,,,,
0,8.581,125.11,,,,,,,,,,,,,
0,9.098,125.101,,,,,,,,,,,,,
0,10.291,125.139,,,,,,,,,,,,,
0,10.471,125.142,,,,,,,,,,,,,
0,11.204,125.129,,,,,,,,,,,,,
0,11.562,125.13,,,,,,,,,,,,,
0,12.033,125.13,,,,,,,,,,,,,
0,12.535,125.143,,,,,,,,,,,,,
0,12.928,125.177,,,,,,,,,,,,,
0,13.58,126.204,,,,,,,,,,,,,
0,13.903,126.726,,,,,,,,,,,,,
0,14.726,126.719,,,,,,,,,,,,,
0,15.592,126.57,,,,,,,,,,,,,
0,15.882,126.583,,,,,,,,,,,,,
0,16.505,126.591,,,,,,,,,,,,,
0,17.223,126.563,,,,,,,,,,,,,
0,18.233,126.576,,,,,,,,,,,,,
0,18.966,126.602,,,,,,,,,,,,,
0,19.105,126.598,,,,,,,,,,,,,
0,20.162,126.635,,,,,,,,,,,,,
0,20.828,126.608,,,,,,,,,,,,,
0,21.022,126.522,,,,,,,,,,,,,
0,21.295,126.593,,,,,,,,,,,,,
0,21.981,126.669,,,,,,,,,,,,,
0,22.43,126.669,,,,,,,,,,,,,
0,23.706,126.613,,,,,,,,,,,,,
0,25,126.615,,,,,,,,,,,,,
2.5,25,2500,,,,85,,,,,0,,,淀川水系,三田川（淀川合流）
0,-25,130.575,,,,,,,,,,,,,
0,-24.351,130.629,,,,,,,,,,,,,
0,-24.075,130.589,,,,,,,,,,,,,
0,-22.578,130.49,,,,,,,,,,,,,
0,-22.152,130.48,,,,,,,,,,,,,
0,-21.732,130.499,,,,,,,,,,,,,
0,-20.719,130.369,,,,,,,,,,,,,
0,-19.842,130.351,,,,,,,,,,,,,
0,-19.192,130.325,,,,,,,,,,,,,
0,-18.814,130.341,,,,,,,,,,,,,
0,-14.857,130.469,,,,,,,,,,,,,
0,-14.574,130.471,,,,,,,,,,,,,
0,-14.045,130.421,,,,,,,,,,,,,
0,-13.646,130.377,,,,,,,,,,,,,
0,-12.845,130.098,,,,,,,,,,,,,
0,-12.158,130.099,,,,,,,,,,,,,
0,-11.637,130.144,,,,,,,,,,,,,
0,-10.716,130.202,,,,,,,,,,,,,
0,-10.123,130.06,,,,,,,,,,,,,
0,-9.773,130.028,,,,,,,,,,,,,
0,-9.209,130.016,,,,,,,,,,,,,
0,-8.545,130.021,,,,,,,,,,,,,
0,-8.226,129.99,,,,,,,,,,,,,
0,-7.573,129.981,,,,,,,,,,,,,
0,-6.873,128.699,,,,,,,,,,,,,
0,-6.421,128.237,,,,,,,,,,,,,
0,-6.039,128.087,,,,,,,,,,,,,
0,-5.495,128.126,,,,,,,,,,,,,
0,-4.766,127.918,,,,,,,,,,,,,
0,-4.277,127.87,,,,,,,,,,,,,
0,-3.702,127.724,,,,,,,,,,,,,
0,-3.31,127.64,,,,,,,,,,,,,
0,-2.724,127.585,,,,,,,,,,,,,
0,-2.111,127.623,,,,,,,,,,,,,
0,-1.769,127.52,,,,,,,,,,,,,
0,-1.16,127.433,,,,,,,,,,,,,
0,-0.302,127.21,,,,,,,,,,,,,
0,0.054,127.107,,,,,,,,,,,,,
0,0.326,127.014,,,,,,,,,,,,,
0,0.993,126.615,,,,,,,,,,,,,
0,2.051,126.22,,,,,,,,,,,,,
0,2.193,126.186,,,,,,,,,,,,,
0,2.292,126.242,,,,,,,,,,,,,
0,3.184,126.648,,,,,,,,,,,,,
0,4.253,127.967,,,,,,,,,,,,,
0,4.452,128.228,,,,,,,,,,,,,
0,4.557,128.256,,,,,,,,,,,,,
0,5.41,128.482,,,,,,,,,,,,,
0,6.304,128.506,,,,,,,,,,,,,
0,6.656,128.518,,,,,,,,,,,,,
0,7.079,128.489,,,,,,,,,,,,,
0,7.601,128.461,,,,,,,,,,,,,
0,8.11,128.471,,,,,,,,,,,,,
0,8.804,128.489,,,,,,,,,,,,,
0,9.41,128.506,,,,,,,,,,,,,
0,9.785,128.51,,,,,,,,,,,,,
0,11.002,128.49,,,,,,,,,,,,,
0,11.017,128.49,,,,,,,,,,,,,
0,11.02,128.49,,,,,,,,,,,,,
0,11.924,128.505,,,,,,,,,,,,,
0,12.467,128.488,,,,,,,,,,,,,
0,13.153,128.466,,,,,,,,,,,,,
0,13.711,128.495,,,,,,,,,,,,,
0,14.113,128.513,,,,,,,,,,,,,
0,14.632,128.507,,,,,,,,,,,,,
0,15.333,128.484,,,,,,,,,,,,,
0,15.919,128.496,,,,,,,,,,,,,
0,16.27,128.5,,,,,,,,,,,,,
0,17.415,128.472,,,,,,,,,,,,,
0,17.481,128.471,,,,,,,,,,,,,
0,17.524,128.471,,,,,,,,,,,,,
0,18.411,128.49,,,,,,,,,,,,,
0,18.765,128.467,,,,,,,,,,,,,
0,19.631,128.416,,,,,,,,,,,,,
0,19.72,128.418,,,,,,,,,,,,,
0,20.574,128.507,,,,,,,,,,,,,
0,20.898,128.51,,,,,,,,,,,,,
0,21.784,128.495,,,,,,,,,,,,,
0,22.679,128.481,,,,,,,,,,,,,
0,22.72,128.48,,,,,,,,,,,,,
0,22.786,128.479,,,,,,,,,,,,,
0,23.912,128.472,,,,,,,,,,,,,
0,24.19,128.463,,,,,,,,,,,,,
0,24.857,128.506,,,,,,,,,,,,,
0,25,128.503,,,,,,,,,,,,,
2.6,26,2620,,,,78,,,,,0,,,淀川水系,三田川（淀川合流）
0,-25,132.91,,,,,,,,,,,,,
0,-24.761,132.91,,,,,,,,,,,,,
0,-24.44,132.912,,,,,,,,,,,,,
0,-23.368,132.765,,,,,,,,,,,,,
0,-23.266,132.75,,,,,,,,,,,,,
0,-23.104,132.808,,,,,,,,,,,,,
0,-22.319,132.906,,,,,,,,,,,,,
0,-21.58,132.851,,,,,,,,,,,,,
0,-20.966,132.786,,,,,,,,,,,,,
0,-20.16,132.899,,,,,,,,,,,,,
0,-20.153,132.9,,,,,,,,,,,,,
0,-20.15,132.9,,,,,,,,,,,,,
0,-18.989,133.036,,,,,,,,,,,,,
0,-18.44,132.901,,,,,,,,,,,,,
0,-17.96,132.775,,,,,,,,,,,,,
0,-17.216,132.687,,,,,,,,,,,,,
0,-16.809,132.605,,,,,,,,,,,,,
0,-16.491,132.534,,,,,,,,,,,,,
0,-15.79,132.369,,,,,,,,,,,,,
0,-15.79,132.369,,,,,,,,,,,,,
0,-15.351,132.383,,,,,,,,,,,,,
0,-15.351,132.383,,,,,,,,,,,,,
0,-15.181,132.381,,,,,,,,,,,,,
0,-15.181,132.381,,,,,,,,,,,,,
0,-14.535,132.377,,,,,,,,,,,,,
0,-14.535,132.377,,,,,,,,,,,,,
0,-6.71,132.167,,,,,,,,,,,,,
0,-6.71,132.167,,,,,,,,,,,,,
0,-6.086,132.224,,,,,,,,,,,,,
0,-5.869,132.231,,,,,,,,,,,,,
0,-5.019,131.943,,,,,,,,,,,,,
0,-3.804,131.116,,,,,,,,,,,,,
0,-0.6,128.897,,,,,,,,,,,,,
0,0.353,129.564,,,,,,,,,,,,,
0,2.88,131.354,,,,,,,,,,,,,
0,3.824,131.315,,,,,,,,,,,,,
0,3.866,131.31,,,,,,,,,,,,,
0,4.956,131.301,,,,,,,,,,,,,
0,5.053,131.302,,,,,,,,,,,,,
0,5.198,131.304,,,,,,,,,,,,,
0,6.073,131.34,,,,,,,,,,,,,
0,6.726,131.33,,,,,,,,,,,,,
0,7.244,131.342,,,,,,,,,,,,,
0,8.08,131.338,,,,,,,,,,,,,
0,8.267,131.342,,,,,,,,,,,,,
0,8.367,131.343,,,,,,,,,,,,,
0,9.457,131.351,,,,,,,,,,,,,
0,9.488,131.35,,,,,,,,,,,,,
0,9.81,131.371,,,,,,,,,,,,,
0,10.418,131.407,,,,,,,,,,,,,
0,10.476,131.408,,,,,,,,,,,,,
0,11.361,131.402,,,,,,,,,,,,,
0,11.629,131.399,,,,,,,,,,,,,
0,11.651,131.399,,,,,,,,,,,,,
0,12.659,131.37,,,,,,,,,,,,,
0,13.32,131.347,,,,,,,,,,,,,
0,13.806,131.333,,,,,,,,,,,,,
0,14.095,131.339,,,,,,,,,,,,,
0,14.827,131.37,,,,,,,,,,,,,
0,15.072,131.364,,,,,,,,,,,,,
0,16.017,131.364,,,,,,,,,,,,,
0,16.554,131.36,,,,,,,,,,,,,
0,17.05,131.365,,,,,,,,,,,,,
0,18.177,131.351,,,,,,,,,,,,,
0,18.214,131.349,,,,,,,,,,,,,
0,18.281,131.355,,,,,,,,,,,,,
0,19.211,131.396,,,,,,,,,,,,,
0,19.94,131.644,,,,,,,,,,,,,
0,20.403,131.809,,,,,,,,,,,,,
0,21.217,131.881,,,,,,,,,,,,,
0,21.448,131.91,,,,,,,,,,,,,
0,21.833,131.9,,,,,,,,,,,,,
0,22.653,131.88,,,,,,,,,,,,,
0,23.559,131.871,,,,,,,,,,,,,
0,23.678,131.878,,,,,,,,,,,,,
0,23.89,131.87,,,,,,,,,,,,,
0,24.843,131.84,,,,,,,,,,,,,
0,25,131.846,,,,,,,,,,,,,
2.7,27,2700,,,,74,,,,,0,,,淀川水系,三田川（淀川合流）
0,-25,135.473,,,,,,,,,,,,,
0,-24.293,135.397,,,,,,,,,,,,,
0,-20.8,135.114,,,,,,,,,,,,,
0,-20.498,135.123,,,,,,,,,,,,,
0,-20.067,135.143,,,,,,,,,,,,,
0,-19.584,135.137,,,,,,,,,,,,,
0,-18.622,135.149,,,,,,,,,,,,,
0,-18.531,135.149,,,,,,,,,,,,,
0,-18.496,135.15,,,,,,,,,,,,,
0,-18.354,135.149,,,,,,,,,,,,,
0,-17.238,135.138,,,,,,,,,,,,,
0,-16.963,135.138,,,,,,,,,,,,,
0,-16.343,135.101,,,,,,,,,,,,,
0,-15.969,135.123,,,,,,,,,,,,,
0,-13.467,135.31,,,,,,,,,,,,,
0,-13.23,135.267,,,,,,,,,,,,,
0,-12.623,135.385,,,,,,,,,,,,,
0,-12.148,135.404,,,,,,,,,,,,,
0,-10.835,135.294,,,,,,,,,,,,,
0,-9.171,135.323,,,,,,,,,,,,,
0,-9.058,135.322,,,,,,,,,,,,,
0,-8.989,135.315,,,,,,,,,,,,,
0,-8.07,135.292,,,,,,,,,,,,,
0,-7.924,135.298,,,,,,,,,,,,,
0,-6.549,135.272,,,,,,,,,,,,,
0,-6.452,135.269,,,,,,,,,,,,,
0,-5.013,135.271,,,,,,,,,,,,,
0,-3.354,134.546,,,,,,,,,,,,,
0,-1.436,133.617,,,,,,,,,,,,,
0,-1.13,132.934,,,,,,,,,,,,,
0,-0.432,131.915,,,,,,,,,,,,,
0,-0.121,131.573,,,,,,,,,,,,,
0,0.888,130.308,,,,,,,,,,,,,
0,1.385,130.554,,,,,,,,,,,,,
0,4.215,132.326,,,,,,,,,,,,,
0,4.501,132.495,,,,,,,,,,,,,
0,4.903,132.718,,,,,,,,,,,,,
0,5.248,132.893,,,,,,,,,,,,,
0,6.032,132.981,,,,,,,,,,,,,
0,6.83,132.935,,,,,,,,,,,,,
0,7.506,132.915,,,,,,,,,,,,,
0,7.931,132.893,,,,,,,,,,,,,
0,8.946,132.978,,,,,,,,,,,,,
0,9.486,133.009,,,,,,,,,,,,,
0,10.031,132.98,,,,,,,,,,,,,
0,10.594,132.963,,,,,,,,,,,,,
0,11.114,132.93,,,,,,,,,,,,,
0,12.164,132.915,,,,,,,,,,,,,
0,12.589,132.949,,,,,,,,,,,,,
0,13.3,132.986,,,,,,,,,,,,,
0,13.663,132.988,,,,,,,,,,,,,
0,14.237,132.966,,,,,,,,,,,,,
0,14.614,132.95,,,,,,,,,,,,,
0,14.844,132.948,,,,,,,,,,,,,
0,15.413,132.94,,,,,,,,,,,,,
0,15.952,132.983,,,,,,,,,,,,,
0,16.289,133.002,,,,,,,,,,,,,
0,17.204,132.96,,,,,,,,,,,,,
0,17.421,132.952,,,,,,,,,,,,,
0,17.501,132.951,,,,,,,,,,,,,
0,17.749,132.961,,,,,,,,,,,,,
0,18.632,132.995,,,,,,,,,,,,,
0,18.873,132.992,,,,,,,,,,,,,
0,19.255,132.976,,,,,,,,,,,,,
0,19.829,132.945,,,,,,,,,,,,,
0,20.184,132.966,,,,,,,,,,,,,
0,21.3,132.99,,,,,,,,,,,,,
0,21.309,132.99,,,,,,,,,,,,,
0,21.343,132.99,,,,,,,,,,,,,
0,22.872,132.972,,,,,,,,,,,,,
0,23.352,132.966,,,,,,,,,,,,,
0,23.993,132.96,,,,,,,,,,,,,
0,24.749,132.93,,,,,,,,,,,,,
0,25,132.923,,,,,,,,,,,,,
2.8,28,2800,,,,62,,,,,0,,,淀川水系,三田川（淀川合流）
0,-25,137.924,,,,,,,,,,,,,
0,-24.635,137.952,,,,,,,,,,,,,
0,-21.892,137.939,,,,,,,,,,,,,
0,-13.985,137.81,,,,,,,,,,,,,
0,-13.835,137.809,,,,,,,,,,,,,
0,-13.79,137.816,,,,,,,,,,,,,
0,-13.151,137.833,,,,,,,,,,,,,
0,-12.4,137.698,,,,,,,,,,,,,
0,-11.453,137.317,,,,,,,,,,,,,
0,-11.107,137.178,,,,,,,,,,,,,
0,-10.899,137.177,,,,,,,,,,,,,
0,-10.04,137.103,,,,,,,,,,,,,
0,-9.612,137.068,,,,,,,,,,,,,
0,-9.541,137.077,,,,,,,,,,,,,
0,-8.926,137.169,,,,,,,,,,,,,
0,-7.603,137.214,,,,,,,,,,,,,
0,-7.498,137.219,,,,,,,,,,,,,
0,-7.477,137.22,,,,,,,,,,,,,
0,-5.725,135.795,,,,,,,,,,,,,
0,-5.259,135.298,,,,,,,,,,,,,
0,-4.778,134.37,,,,,,,,,,,,,
0,-4.431,134.346,,,,,,,,,,,,,
0,-1.196,134.558,,,,,,,,,,,,,
0,-0.985,134.543,,,,,,,,,,,,,
0,-0.495,134.563,,,,,,,,,,,,,
0,0.684,134.94,,,,,,,,,,,,,
0,0.954,135.067,,,,,,,,,,,,,
0,1.198,135.229,,,,,,,,,,,,,
0,1.647,135.648,,,,,,,,,,,,,
0,2.042,135.725,,,,,,,,,,,,,
0,3.122,136.453,,,,,,,,,,,,,
0,3.386,136.654,,,,,,,,,,,,,
0,3.829,136.994,,,,,,,,,,,,,
0,5.218,137.872,,,,,,,,,,,,,
0,5.309,137.933,,,,,,,,,,,,,
0,5.386,138.398,,,,,,,,,,,,,
0,6.156,142.988,,,,,,,,,,,,,
0,7.511,142.845,,,,,,,,,,,,,
0,7.603,142.844,,,,,,,,,,,,,
0,7.659,142.84,,,,,,,,,,,,,
0,8.26,142.879,,,,,,,,,,,,,
0,9.46,142.954,,,,,,,,,,,,,
0,9.712,142.971,,,,,,,,,,,,,
0,9.812,142.962,,,,,,,,,,,,,
0,10.396,142.96,,,,,,,,,,,,,
0,10.99,142.99,,,,,,,,,,,,,
0,11.847,142.925,,,,,,,,,,,,,
0,12.056,142.912,,,,,,,,,,,,,
0,12.527,142.923,,,,,,,,,,,,,
0,14.37,143.783,,,,,,,,,,,,,
0,16.174,144.583,,,,,,,,,,,,,
0,16.71,144.514,,,,,,,,,,,,,
0,16.846,144.514,,,,,,,,,,,,,
0,17.599,144.616,,,,,,,,,,,,,
0,18.763,144.689,,,,,,,,,,,,,
0,19.002,144.659,,,,,,,,,,,,,
0,19.697,144.475,,,,,,,,,,,,,
0,20.444,144.153,,,,,,,,,,,,,
0,20.877,144,,,,,,,,,,,,,
0,21.924,143.865,,,,,,,,,,,,,
0,24.71,143.705,,,,,,,,,,,,,
0,25,143.624,,,,,,,,,,,,,
2.9,29,2900,,,,55,,,,,0,,,淀川水系,三田川（淀川合流）
0,-25,139.3,,,,,,,,,,,,,
0,-23.363,139.576,,,,,,,,,,,,,
0,-20.721,139.98,,,,,,,,,,,,,
0,-19.706,139.975,,,,,,,,,,,,,
0,-19.125,140.059,,,,,,,,,,,,,
0,-17.896,140.027,,,,,,,,,,,,,
0,-11.025,140.116,,,,,,,,,,,,,
0,-10.516,140.187,,,,,,,,,,,,,
0,-9.174,140.179,,,,,,,,,,,,,
0,-8.298,140.028,,,,,,,,,,,,,
0,-7.949,139.929,,,,,,,,,,,,,
0,-7.387,139.913,,,,,,,,,,,,,
0,-6.879,139.942,,,,,,,,,,,,,
0,-6.312,139.958,,,,,,,,,,,,,
0,-5.799,139.967,,,,,,,,,,,,,
0,-5.235,140.014,,,,,,,,,,,,,
0,-4.72,139.958,,,,,,,,,,,,,
0,-4.139,139.894,,,,,,,,,,,,,
0,-3.585,139.496,,,,,,,,,,,,,
0,-2.909,138.968,,,,,,,,,,,,,
0,-2.271,137.852,,,,,,,,,,,,,
0,-1.391,136.368,,,,,,,,,,,,,
0,-0.977,136.295,,,,,,,,,,,,,
0,-0.305,136.171,,,,,,,,,,,,,
0,0.094,136.217,,,,,,,,,,,,,
0,0.76,136.291,,,,,,,,,,,,,
0,1.154,136.352,,,,,,,,,,,,,
0,1.783,136.495,,,,,,,,,,,,,
0,2.153,136.715,,,,,,,,,,,,,
0,3.941,137.236,,,,,,,,,,,,,
0,6.255,138.158,,,,,,,,,,,,,
0,7.804,138.594,,,,,,,,,,,,,
0,8.243,138.838,,,,,,,,,,,,,
0,8.681,139.061,,,,,,,,,,,,,
0,8.755,139.123,,,,,,,,,,,,,
0,9.686,140.138,,,,,,,,,,,,,
0,10.261,140.73,,,,,,,,,,,,,
0,12.153,142.668,,,,,,,,,,,,,
0,12.607,143.035,,,,,,,,,,,,,
0,13.082,143.246,,,,,,,,,,,,,
0,13.568,143.418,,,,,,,,,,,,,
0,14.028,143.599,,,,,,,,,,,,,
0,14.485,143.799,,,,,,,,,,,,,
0,15.511,143.892,,,,,,,,,,,,,
0,16.004,143.902,,,,,,,,,,,,,
0,16.523,143.838,,,,,,,,,,,,,
0,16.861,144.08,,,,,,,,,,,,,
0,17.525,143.959,,,,,,,,,,,,,
0,18.468,144.207,,,,,,,,,,,,,
0,19.04,144.496,,,,,,,,,,,,,
0,20.729,145.042,,,,,,,,,,,,,
0,21.215,145.063,,,,,,,,,,,,,
0,23.066,145.009,,,,,,,,,,,,,
0,24.588,145.122,,,,,,,,,,,,,
0,25,145.113,,,,,,,,,,,,,
3,30,3000,,,,79,,,,,0,,,淀川水系,三田川（淀川合流）
0,-25,142.044,,,,,,,,,,,,,
0,-22.395,141.87,,,,,,,,,,,,,
0,-16.958,141.477,,,,,,,,,,,,,
0,-15.696,141.345,,,,,,,,,,,,,
0,-15.323,141.354,,,,,,,,,,,,,
0,-15.107,141.379,,,,,,,,,,,,,
0,-14.728,141.327,,,,,,,,,,,,,
0,-13.924,141.24,,,,,,,,,,,,,
0,-13.879,141.239,,,,,,,,,,,,,
0,-13.87,141.234,,,,,,,,,,,,,
0,-13.816,141.237,,,,,,,,,,,,,
0,-12.058,140.915,,,,,,,,,,,,,
0,-12.009,140.923,,,,,,,,,,,,,
0,-11.914,140.934,,,,,,,,,,,,,
0,-11.517,140.887,,,,,,,,,,,,,
0,-10.384,140.996,,,,,,,,,,,,,
0,-10.162,140.972,,,,,,,,,,,,,
0,-9.96,140.998,,,,,,,,,,,,,
0,-9.722,141.017,,,,,,,,,,,,,
0,-9.482,141.03,,,,,,,,,,,,,
0,-8.361,141.03,,,,,,,,,,,,,
0,-8.353,141.03,,,,,,,,,,,,,
0,-7.932,141.066,,,,,,,,,,,,,
0,-7.339,141.11,,,,,,,,,,,,,
0,-5.969,140.428,,,,,,,,,,,,,
0,-3.617,139.111,,,,,,,,,,,,,
0,-3.015,138.774,,,,,,,,,,,,,
0,-3.007,138.769,,,,,,,,,,,,,
0,-2.833,138.591,,,,,,,,,,,,,
0,-2.748,138.508,,,,,,,,,,,,,
0,-2.692,138.497,,,,,,,,,,,,,
0,-1.339,138.425,,,,,,,,,,,,,
0,-1.073,138.45,,,,,,,,,,,,,
0,-0.826,138.467,,,,,,,,,,,,,
0,-0.303,138.514,,,,,,,,,,,,,
0,0.402,138.551,,,,,,,,,,,,,
0,0.468,138.555,,,,,,,,,,,,,
0,0.941,138.69,,,,,,,,,,,,,
0,0.997,138.743,,,,,,,,,,,,,
0,2.1,140.183,,,,,,,,,,,,,
0,2.264,140.453,,,,,,,,,,,,,
0,2.586,140.645,,,,,,,,,,,,,
0,2.873,140.811,,,,,,,,,,,,,
0,3.09,140.973,,,,,,,,,,,,,
0,3.525,141.285,,,,,,,,,,,,,
0,4.312,142.047,,,,,,,,,,,,,
0,4.491,142.201,,,,,,,,,,,,,
0,4.589,142.208,,,,,,,,,,,,,
0,4.712,142.2,,,,,,,,,,,,,
0,5.104,142.148,,,,,,,,,,,,,
0,5.422,142.17,,,,,,,,,,,,,
0,5.869,142.208,,,,,,,,,,,,,
0,6.255,142.236,,,,,,,,,,,,,
0,6.519,142.224,,,,,,,,,,,,,
0,6.898,142.224,,,,,,,,,,,,,
0,6.98,142.221,,,,,,,,,,,,,
0,7.033,142.22,,,,,,,,,,,,,
0,7.1,142.223,,,,,,,,,,,,,
0,7.82,142.243,,,,,,,,,,,,,
0,8.411,142.275,,,,,,,,,,,,,
0,8.57,142.268,,,,,,,,,,,,,
0,8.669,142.275,,,,,,,,,,,,,
0,9.185,142.244,,,,,,,,,,,,,
0,9.414,142.396,,,,,,,,,,,,,
0,11.232,142.698,,,,,,,,,,,,,
0,11.907,142.72,,,,,,,,,,,,,
0,12.096,142.694,,,,,,,,,,,,,
0,17.232,142.832,,,,,,,,,,,,,
0,18.158,142.898,,,,,,,,,,,,,
0,19.034,142.796,,,,,,,,,,,,,
0,20.809,142.595,,,,,,,,,,,,,
0,21.498,142.569,,,,,,,,,,,,,
0,23.344,142.716,,,,,,,,,,,,,
0,24.242,143.124,,,,,,,,,,,,,
0,24.275,143.127,,,,,,,,,,,,,
0,24.289,143.129,,,,,,,,,,,,,
0,24.31,143.129,,,,,,,,,,,,,
0,24.81,142.976,,,,,,,,,,,,,
0,25,143.003,,,,,,,,,,,,,
3.1,31,3100,,,,55,,,,,0,,,淀川水系,三田川（淀川合流）
0,-25,143.703,,,,,,,,,,,,,
0,-24.887,143.695,,,,,,,,,,,,,
0,-24.398,143.731,,,,,,,,,,,,,
0,-24.028,143.801,,,,,,,,,,,,,
0,-23.89,143.811,,,,,,,,,,,,,
0,-23.685,143.828,,,,,,,,,,,,,
0,-22.6,143.941,,,,,,,,,,,,,
0,-21.785,144,,,,,,,,,,,,,
0,-21.328,144.065,,,,,,,,,,,,,
0,-20.233,144.005,,,,,,,,,,,,,
0,-16.573,143.849,,,,,,,,,,,,,
0,-11.674,143.629,,,,,,,,,,,,,
0,-11.336,143.635,,,,,,,,,,,,,
0,-11.125,143.727,,,,,,,,,,,,,
0,-10.915,143.776,,,,,,,,,,,,,
0,-10.252,143.804,,,,,,,,,,,,,
0,-7.55,143.208,,,,,,,,,,,,,
0,-7.449,143.187,,,,,,,,,,,,,
0,-7.415,143.186,,,,,,,,,,,,,
0,-7.31,143.188,,,,,,,,,,,,,
0,-6.215,143.165,,,,,,,,,,,,,
0,-5.063,143.31,,,,,,,,,,,,,
0,-4.992,143.322,,,,,,,,,,,,,
0,-4.156,142.697,,,,,,,,,,,,,
0,-4.095,142.624,,,,,,,,,,,,,
0,-4.059,142.582,,,,,,,,,,,,,
0,-3.24,141.17,,,,,,,,,,,,,
0,-2.55,141.066,,,,,,,,,,,,,
0,-2.17,140.925,,,,,,,,,,,,,
0,-1.644,140.929,,,,,,,,,,,,,
0,-1.035,140.909,,,,,,,,,,,,,
0,-0.762,140.895,,,,,,,,,,,,,
0,-0.102,140.902,,,,,,,,,,,,,
0,0.282,140.995,,,,,,,,,,,,,
0,0.789,141.084,,,,,,,,,,,,,
0,1.667,142.456,,,,,,,,,,,,,
0,1.8,142.716,,,,,,,,,,,,,
0,2.069,142.997,,,,,,,,,,,,,
0,2.414,143.268,,,,,,,,,,,,,
0,2.597,143.267,,,,,,,,,,,,,
0,3.227,143.232,,,,,,,,,,,,,
0,3.584,143.212,,,,,,,,,,,,,
0,4.114,143.181,,,,,,,,,,,,,
0,5.01,143.141,,,,,,,,,,,,,
0,5.018,143.141,,,,,,,,,,,,,
0,5.02,143.14,,,,,,,,,,,,,
0,5.212,143.15,,,,,,,,,,,,,
0,15.678,143.688,,,,,,,,,,,,,
0,15.787,143.704,,,,,,,,,,,,,
0,19.598,143.519,,,,,,,,,,,,,
0,21.397,143.375,,,,,,,,,,,,,
0,22.652,143.367,,,,,,,,,,,,,
0,22.962,143.352,,,,,,,,,,,,,
0,23.115,143.339,,,,,,,,,,,,,
0,25,143.456,,,,,,,,,,,,,
3.2,32,3200,,,,74,,,,,0,,,淀川水系,三田川（淀川合流）
0,-25,147.949,,,,,,,,,,,,,
0,-23.938,147.573,,,,,,,,,,,,,
0,-22.202,147.103,,,,,,,,,,,,,
0,-19.958,146.233,,,,,,,,,,,,,
0,-18.778,145.847,,,,,,,,,,,,,
0,-16.958,145.328,,,,,,,,,,,,,
0,-16.535,145.365,,,,,,,,,,,,,
0,-15.97,145.533,,,,,,,,,,,,,
0,-15.556,145.505,,,,,,,,,,,,,
0,-14.428,145.489,,,,,,,,,,,,,
0,-12.566,145.544,,,,,,,,,,,,,
0,-12.512,145.539,,,,,,,,,,,,,
0,-12.432,145.54,,,,,,,,,,,,,
0,-12.301,145.541,,,,,,,,,,,,,
0,-11.387,145.526,,,,,,,,,,,,,
0,-10.895,145.527,,,,,,,,,,,,,
0,-10.325,145.516,,,,,,,,,,,,,
0,-9.521,145.47,,,,,,,,,,,,,
0,-9.28,145.465,,,,,,,,,,,,,
0,-8.56,145.477,,,,,,,,,,,,,
0,-8.266,145.496,,,,,,,,,,,,,
0,-7.852,145.461,,,,,,,,,,,,,
0,-7.404,145.432,,,,,,,,,,,,,
0,-7.071,145.437,,,,,,,,,,,,,
0,-6.475,145.442,,,,,,,,,,,,,
0,-6.313,145.45,,,,,,,,,,,,,
0,-5.545,145.405,,,,,,,,,,,,,
0,-5.123,145.366,,,,,,,,,,,,,
0,-4.604,145.333,,,,,,,,,,,,,
0,-3.91,145.281,,,,,,,,,,,,,
0,-3.656,145.28,,,,,,,,,,,,,
0,-2.76,145.133,,,,,,,,,,,,,
0,-2.743,145.132,,,,,,,,,,,,,
0,-2.728,145.129,,,,,,,,,,,,,
0,-1.995,144.984,,,,,,,,,,,,,
0,-1.486,144.029,,,,,,,,,,,,,
0,-1.382,143.774,,,,,,,,,,,,,
0,-1.324,143.775,,,,,,,,,,,,,
0,1.623,143.325,,,,,,,,,,,,,
0,2.017,143.293,,,,,,,,,,,,,
0,2.28,143.325,,,,,,,,,,,,,
0,3.245,145.706,,,,,,,,,,,,,
0,3.713,146.821,,,,,,,,,,,,,
0,4.176,146.443,,,,,,,,,,,,,
0,4.502,146.052,,,,,,,,,,,,,
0,4.861,145.973,,,,,,,,,,,,,
0,5.452,145.844,,,,,,,,,,,,,
0,5.646,145.845,,,,,,,,,,,,,
0,6.53,145.833,,,,,,,,,,,,,
0,7.062,145.81,,,,,,,,,,,,,
0,7.609,145.836,,,,,,,,,,,,,
0,8.512,145.838,,,,,,,,,,,,,
0,8.694,145.826,,,,,,,,,,,,,
0,9.259,145.85,,,,,,,,,,,,,
0,10.324,145.914,,,,,,,,,,,,,
0,10.679,145.932,,,,,,,,,,,,,
0,10.965,145.943,,,,,,,,,,,,,
0,11.379,145.951,,,,,,,,,,,,,
0,11.454,145.956,,,,,,,,,,,,,
0,15.842,145.932,,,,,,,,,,,,,
0,17.008,145.917,,,,,,,,,,,,,
0,17.227,145.887,,,,,,,,,,,,,
0,17.957,145.863,,,,,,,,,,,,,
0,19.222,145.824,,,,,,,,,,,,,
0,20.697,145.686,,,,,,,,,,,,,
0,21.173,145.658,,,,,,,,,,,,,
0,21.264,145.653,,,,,,,,,,,,,
0,21.605,145.73,,,,,,,,,,,,,
0,22.227,145.823,,,,,,,,,,,,,
0,22.452,145.896,,,,,,,,,,,,,
0,23.115,146.004,,,,,,,,,,,,,
0,23.325,145.985,,,,,,,,,,,,,
0,24.774,146.071,,,,,,,,,,,,,
0,25,146.113,,,,,,,,,,,,,
3.3,33,3330,,,,73,,,,,0,,,淀川水系,三田川（淀川合流）
0,-25,153.975,,,,,,,,,,,,,
0,-24.911,153.942,,,,,,,,,,,,,
0,-23.657,153.209,,,,,,,,,,,,,
0,-21.739,152.6,,,,,,,,,,,,,
0,-19.276,151.639,,,,,,,,,,,,,
0,-17.646,151.888,,,,,,,,,,,,,
0,-17.135,152,,,,,,,,,,,,,
0,-16.347,152.146,,,,,,,,,,,,,
0,-15.326,152.095,,,,,,,,,,,,,
0,-14.054,152.296,,,,,,,,,,,,,
0,-13.416,152.247,,,,,,,,,,,,,
0,-11.708,152.316,,,,,,,,,,,,,
0,-11.359,152.432,,,,,,,,,,,,,
0,-9.726,152.173,,,,,,,,,,,,,
0,-8.677,152.034,,,,,,,,,,,,,
0,-7.44,151.974,,,,,,,,,,,,,
0,-7.078,152.11,,,,,,,,,,,,,
0,-6.404,152.168,,,,,,,,,,,,,
0,-6.278,152.152,,,,,,,,,,,,,
0,-1.695,148.57,,,,,,,,,,,,,
0,0.475,148.201,,,,,,,,,,,,,
0,2.004,148.987,,,,,,,,,,,,,
0,2.69,149.254,,,,,,,,,,,,,
0,3.366,149.459,,,,,,,,,,,,,
0,3.795,149.454,,,,,,,,,,,,,
0,4.099,149.482,,,,,,,,,,,,,
0,4.889,149.473,,,,,,,,,,,,,
0,5.854,149.441,,,,,,,,,,,,,
0,5.861,149.44,,,,,,,,,,,,,
0,6.407,149.438,,,,,,,,,,,,,
0,6.869,149.389,,,,,,,,,,,,,
0,7.037,149.374,,,,,,,,,,,,,
0,7.111,149.364,,,,,,,,,,,,,
0,7.918,149.275,,,,,,,,,,,,,
0,8.36,149.317,,,,,,,,,,,,,
0,8.754,149.34,,,,,,,,,,,,,
0,9.547,149.271,,,,,,,,,,,,,
0,9.6,149.27,,,,,,,,,,,,,
0,9.718,149.278,,,,,,,,,,,,,
0,10.292,149.29,,,,,,,,,,,,,
0,10.72,149.286,,,,,,,,,,,,,
0,11.126,149.297,,,,,,,,,,,,,
0,11.377,149.302,,,,,,,,,,,,,
0,12.231,149.268,,,,,,,,,,,,,
0,13.199,149.306,,,,,,,,,,,,,
0,13.352,149.319,,,,,,,,,,,,,
0,13.597,149.32,,,,,,,,,,,,,
0,14.034,149.292,,,,,,,,,,,,,
0,14.545,149.26,,,,,,,,,,,,,
0,14.639,149.262,,,,,,,,,,,,,
0,14.696,149.263,,,,,,,,,,,,,
0,15.727,149.292,,,,,,,,,,,,,
0,16.441,149.3,,,,,,,,,,,,,
0,16.819,149.302,,,,,,,,,,,,,
0,17.441,149.287,,,,,,,,,,,,,
0,17.735,149.27,,,,,,,,,,,,,
0,18.371,149.316,,,,,,,,,,,,,
0,18.443,149.319,,,,,,,,,,,,,
0,18.478,149.322,,,,,,,,,,,,,
0,19.362,149.328,,,,,,,,,,,,,
0,19.823,149.336,,,,,,,,,,,,,
0,20.274,149.347,,,,,,,,,,,,,
0,21.212,149.34,,,,,,,,,,,,,
0,21.221,149.34,,,,,,,,,,,,,
0,21.242,149.34,,,,,,,,,,,,,
0,21.945,149.331,,,,,,,,,,,,,
0,22.195,149.327,,,,,,,,,,,,,
0,22.777,149.336,,,,,,,,,,,,,
0,23.053,149.346,,,,,,,,,,,,,
0,23.71,149.341,,,,,,,,,,,,,
0,24.419,149.359,,,,,,,,,,,,,
0,24.627,149.375,,,,,,,,,,,,,
0,25,149.351,,,,,,,,,,,,,
3.4,34,3430,,,,80,,,,,0,,,淀川水系,三田川（淀川合流）
0,-25,154.485,,,,,,,,,,,,,
0,-20.082,153.989,,,,,,,,,,,,,
0,-19.615,153.91,,,,,,,,,,,,,
0,-19.502,153.876,,,,,,,,,,,,,
0,-19.384,153.876,,,,,,,,,,,,,
0,-19.062,153.813,,,,,,,,,,,,,
0,-18.22,153.554,,,,,,,,,,,,,
0,-18.039,153.52,,,,,,,,,,,,,
0,-17.205,153.38,,,,,,,,,,,,,
0,-16.785,153.314,,,,,,,,,,,,,
0,-16.179,153.163,,,,,,,,,,,,,
0,-15.525,153.1,,,,,,,,,,,,,
0,-15.162,153.006,,,,,,,,,,,,,
0,-14.265,152.841,,,,,,,,,,,,,
0,-14.152,152.829,,,,,,,,,,,,,
0,-13.669,152.757,,,,,,,,,,,,,
0,-13.222,152.676,,,,,,,,,,,,,
0,-12.954,152.608,,,,,,,,,,,,,
0,-12.4,152.503,,,,,,,,,,,,,
0,-11.878,152.449,,,,,,,,,,,,,
0,-11.083,152.278,,,,,,,,,,,,,
0,-10.668,152.189,,,,,,,,,,,,,
0,-9.733,152.056,,,,,,,,,,,,,
0,-9.367,151.963,,,,,,,,,,,,,
0,-8.817,152.015,,,,,,,,,,,,,
0,-8.267,152.004,,,,,,,,,,,,,
0,-7.396,151.839,,,,,,,,,,,,,
0,-7.157,151.86,,,,,,,,,,,,,
0,-6.196,151.654,,,,,,,,,,,,,
0,-6.039,151.629,,,,,,,,,,,,,
0,-5.895,151.583,,,,,,,,,,,,,
0,-5.197,151.362,,,,,,,,,,,,,
0,-5.06,151.321,,,,,,,,,,,,,
0,-3.961,151.033,,,,,,,,,,,,,
0,-0.729,150.117,,,,,,,,,,,,,
0,-0.027,150.354,,,,,,,,,,,,,
0,0.221,150.433,,,,,,,,,,,,,
0,0.385,150.486,,,,,,,,,,,,,
0,1.271,150.853,,,,,,,,,,,,,
0,1.824,150.909,,,,,,,,,,,,,
0,2.305,150.866,,,,,,,,,,,,,
0,3.581,151.015,,,,,,,,,,,,,
0,6.805,151.369,,,,,,,,,,,,,
0,7.789,151.47,,,,,,,,,,,,,
0,8.218,151.551,,,,,,,,,,,,,
0,8.655,151.479,,,,,,,,,,,,,
0,9.224,151.388,,,,,,,,,,,,,
0,9.698,151.387,,,,,,,,,,,,,
0,10.132,151.407,,,,,,,,,,,,,
0,10.29,151.414,,,,,,,,,,,,,
0,11.233,151.404,,,,,,,,,,,,,
0,11.639,151.34,,,,,,,,,,,,,
0,12.209,151.335,,,,,,,,,,,,,
0,12.71,151.346,,,,,,,,,,,,,
0,13.099,151.364,,,,,,,,,,,,,
0,13.661,151.35,,,,,,,,,,,,,
0,14.085,151.354,,,,,,,,,,,,,
0,14.878,151.368,,,,,,,,,,,,,
0,15.087,151.368,,,,,,,,,,,,,
0,15.98,151.388,,,,,,,,,,,,,
0,16.069,151.388,,,,,,,,,,,,,
0,16.152,151.388,,,,,,,,,,,,,
0,17.046,151.327,,,,,,,,,,,,,
0,17.968,151.341,,,,,,,,,,,,,
0,17.996,151.34,,,,,,,,,,,,,
0,18.002,151.34,,,,,,,,,,,,,
0,18.952,151.397,,,,,,,,,,,,,
0,19.163,151.395,,,,,,,,,,,,,
0,19.922,151.334,,,,,,,,,,,,,
0,20.321,151.347,,,,,,,,,,,,,
0,20.863,151.384,,,,,,,,,,,,,
0,21.464,151.368,,,,,,,,,,,,,
0,21.818,151.353,,,,,,,,,,,,,
0,22.59,151.352,,,,,,,,,,,,,
0,22.739,151.351,,,,,,,,,,,,,
0,23.484,151.334,,,,,,,,,,,,,
0,23.689,151.33,,,,,,,,,,,,,
0,23.893,151.339,,,,,,,,,,,,,
0,24.614,151.35,,,,,,,,,,,,,
0,25,151.352,,,,,,,,,,,,,
3.6,36,3600,,,,92,,,,,0,,,淀川水系,三田川（淀川合流）
0,-25,156.589,,,,,,,,,,,,,
0,-24.815,156.591,,,,,,,,,,,,,
0,-24.342,156.571,,,,,,,,,,,,,
0,-23.848,156.569,,,,,,,,,,,,,
0,-23.012,156.592,,,,,,,,,,,,,
0,-22.886,156.601,,,,,,,,,,,,,
0,-22.862,156.599,,,,,,,,,,,,,
0,-21.898,156.56,,,,,,,,,,,,,
0,-21.674,156.573,,,,,,,,,,,,,
0,-20.91,156.581,,,,,,,,,,,,,
0,-20.512,156.581,,,,,,,,,,,,,
0,-19.93,156.605,,,,,,,,,,,,,
0,-19.332,156.606,,,,,,,,,,,,,
0,-18.952,156.603,,,,,,,,,,,,,
0,-18.192,156.622,,,,,,,,,,,,,
0,-17.989,156.625,,,,,,,,,,,,,
0,-17.027,156.639,,,,,,,,,,,,,
0,-17.009,156.64,,,,,,,,,,,,,
0,-16.908,156.638,,,,,,,,,,,,,
0,-15.903,156.62,,,,,,,,,,,,,
0,-15.128,156.62,,,,,,,,,,,,,
0,-14.781,156.623,,,,,,,,,,,,,
0,-14.351,156.62,,,,,,,,,,,,,
0,-13.713,156.619,,,,,,,,,,,,,
0,-13.577,156.619,,,,,,,,,,,,,
0,-12.675,156.625,,,,,,,,,,,,,
0,-12.333,156.607,,,,,,,,,,,,,
0,-11.628,156.571,,,,,,,,,,,,,
0,-11.061,156.575,,,,,,,,,,,,,
0,-10.575,156.582,,,,,,,,,,,,,
0,-9.811,156.578,,,,,,,,,,,,,
0,-9.534,156.579,,,,,,,,,,,,,
0,-8.591,156.61,,,,,,,,,,,,,
0,-8.514,156.61,,,,,,,,,,,,,
0,-8.133,156.639,,,,,,,,,,,,,
0,-7.523,156.676,,,,,,,,,,,,,
0,-7.065,156.662,,,,,,,,,,,,,
0,-6.552,156.618,,,,,,,,,,,,,
0,-5.854,156.615,,,,,,,,,,,,,
0,-5.589,156.611,,,,,,,,,,,,,
0,-5.54,156.614,,,,,,,,,,,,,
0,-4.606,156.668,,,,,,,,,,,,,
0,-4.374,156.681,,,,,,,,,,,,,
0,-3.625,156.699,,,,,,,,,,,,,
0,-3.153,156.433,,,,,,,,,,,,,
0,-2.571,156.144,,,,,,,,,,,,,
0,-1.933,156.071,,,,,,,,,,,,,
0,-1.566,156.026,,,,,,,,,,,,,
0,0.185,154.77,,,,,,,,,,,,,
0,0.626,154.471,,,,,,,,,,,,,
0,0.783,154.467,,,,,,,,,,,,,
0,1.428,154.47,,,,,,,,,,,,,
0,2.042,154.843,,,,,,,,,,,,,
0,2.234,155.013,,,,,,,,,,,,,
0,2.717,155.49,,,,,,,,,,,,,
0,3.025,155.795,,,,,,,,,,,,,
0,3.067,155.814,,,,,,,,,,,,,
0,3.129,155.828,,,,,,,,,,,,,
0,4.132,155.979,,,,,,,,,,,,,
0,6.52,156.073,,,,,,,,,,,,,
0,10.053,156.061,,,,,,,,,,,,,
0,10.588,155.919,,,,,,,,,,,,,
0,11.685,155.975,,,,,,,,,,,,,
0,11.734,155.969,,,,,,,,,,,,,
0,11.796,155.97,,,,,,,,,,,,,
0,11.886,155.968,,,,,,,,,,,,,
0,12.854,155.825,,,,,,,,,,,,,
0,13.134,155.846,,,,,,,,,,,,,
0,13.822,155.904,,,,,,,,,,,,,
0,14.304,155.867,,,,,,,,,,,,,
0,14.852,155.843,,,,,,,,,,,,,
0,15.501,155.847,,,,,,,,,,,,,
0,15.842,155.846,,,,,,,,,,,,,
0,16.695,155.852,,,,,,,,,,,,,
0,16.844,155.858,,,,,,,,,,,,,
0,17.662,155.866,,,,,,,,,,,,,
0,17.829,155.868,,,,,,,,,,,,,
0,17.937,155.87,,,,,,,,,,,,,
0,18.68,155.865,,,,,,,,,,,,,
0,19.342,155.883,,,,,,,,,,,,,
0,19.554,155.887,,,,,,,,,,,,,
0,19.868,155.883,,,,,,,,,,,,,
0,20.48,155.869,,,,,,,,,,,,,
0,20.586,155.874,,,,,,,,,,,,,
0,21.455,155.88,,,,,,,,,,,,,
0,21.714,155.979,,,,,,,,,,,,,
0,22.361,156.223,,,,,,,,,,,,,
0,22.769,156.3,,,,,,,,,,,,,
0,23.3,156.445,,,,,,,,,,,,,
0,23.884,156.424,,,,,,,,,,,,,
0,24.271,156.414,,,,,,,,,,,,,
0,25,156.494,,,,,,,,,,,,,
3.7,37,3700,,,,100,,,,,0,,,淀川水系,三田川（淀川合流）
0,-25,158.668,,,,,,,,,,,,,
0,-24.882,158.658,,,,,,,,,,,,,
0,-24.158,158.666,,,,,,,,,,,,,
0,-23.776,158.67,,,,,,,,,,,,,
0,-23.275,158.657,,,,,,,,,,,,,
0,-22.667,158.607,,,,,,,,,,,,,
0,-22.412,158.604,,,,,,,,,,,,,
0,-21.579,158.586,,,,,,,,,,,,,
0,-21.536,158.582,,,,,,,,,,,,,
0,-21.373,158.582,,,,,,,,,,,,,
0,-20.867,158.608,,,,,,,,,,,,,
0,-20.462,158.636,,,,,,,,,,,,,
0,-20.255,158.645,,,,,,,,,,,,,
0,-20.004,158.644,,,,,,,,,,,,,
0,-19.403,158.619,,,,,,,,,,,,,
0,-19.214,158.614,,,,,,,,,,,,,
0,-18.397,158.621,,,,,,,,,,,,,
0,-17.895,158.585,,,,,,,,,,,,,
0,-17.384,158.549,,,,,,,,,,,,,
0,-16.562,158.564,,,,,,,,,,,,,
0,-16.378,158.567,,,,,,,,,,,,,
0,-15.754,158.598,,,,,,,,,,,,,
0,-15.517,158.603,,,,,,,,,,,,,
0,-15.322,158.617,,,,,,,,,,,,,
0,-14.882,158.599,,,,,,,,,,,,,
0,-14.394,158.543,,,,,,,,,,,,,
0,-14.154,158.525,,,,,,,,,,,,,
0,-14.084,158.524,,,,,,,,,,,,,
0,-13.215,158.58,,,,,,,,,,,,,
0,-12.886,158.576,,,,,,,,,,,,,
0,-12.299,158.595,,,,,,,,,,,,,
0,-11.703,158.633,,,,,,,,,,,,,
0,-11.351,158.643,,,,,,,,,,,,,
0,-10.471,158.659,,,,,,,,,,,,,
0,-10.397,158.663,,,,,,,,,,,,,
0,-10.128,158.684,,,,,,,,,,,,,
0,-9.634,158.718,,,,,,,,,,,,,
0,-9.058,158.708,,,,,,,,,,,,,
0,-8.944,158.693,,,,,,,,,,,,,
0,-8.608,158.689,,,,,,,,,,,,,
0,-8,158.694,,,,,,,,,,,,,
0,-7.439,158.656,,,,,,,,,,,,,
0,-7.214,158.633,,,,,,,,,,,,,
0,-6.974,158.63,,,,,,,,,,,,,
0,-6.393,158.636,,,,,,,,,,,,,
0,-6.298,158.63,,,,,,,,,,,,,
0,-5.567,158.592,,,,,,,,,,,,,
0,-5.331,158.591,,,,,,,,,,,,,
0,-4.693,158.845,,,,,,,,,,,,,
0,-4.507,158.924,,,,,,,,,,,,,
0,0.452,158.267,,,,,,,,,,,,,
0,1.489,158.213,,,,,,,,,,,,,
0,2.582,158.324,,,,,,,,,,,,,
0,3.013,158.551,,,,,,,,,,,,,
0,3.604,159.055,,,,,,,,,,,,,
0,4.212,159.2,,,,,,,,,,,,,
0,4.545,159.352,,,,,,,,,,,,,
0,5.27,159.212,,,,,,,,,,,,,
0,5.407,159.207,,,,,,,,,,,,,
0,6.158,159.048,,,,,,,,,,,,,
0,6.256,159.031,,,,,,,,,,,,,
0,6.355,159.006,,,,,,,,,,,,,
0,7.138,158.807,,,,,,,,,,,,,
0,7.903,159.063,,,,,,,,,,,,,
0,8.104,159.126,,,,,,,,,,,,,
0,8.188,159.119,,,,,,,,,,,,,
0,9.145,158.957,,,,,,,,,,,,,
0,9.826,158.903,,,,,,,,,,,,,
0,10.191,158.981,,,,,,,,,,,,,
0,10.756,159.038,,,,,,,,,,,,,
0,11.252,159.021,,,,,,,,,,,,,
0,11.637,159.042,,,,,,,,,,,,,
0,12.315,159.07,,,,,,,,,,,,,
0,12.537,159.08,,,,,,,,,,,,,
0,13.346,159.003,,,,,,,,,,,,,
0,13.41,159.002,,,,,,,,,,,,,
0,13.753,158.961,,,,,,,,,,,,,
0,14.218,158.937,,,,,,,,,,,,,
0,14.579,158.989,,,,,,,,,,,,,
0,14.988,159.04,,,,,,,,,,,,,
0,15.517,159.049,,,,,,,,,,,,,
0,15.821,159.03,,,,,,,,,,,,,
0,15.882,159.032,,,,,,,,,,,,,
0,16.801,159.052,,,,,,,,,,,,,
0,17.071,159.061,,,,,,,,,,,,,
0,17.808,159.029,,,,,,,,,,,,,
0,18.312,159.007,,,,,,,,,,,,,
0,19.453,158.971,,,,,,,,,,,,,
0,19.778,158.982,,,,,,,,,,,,,
0,20.66,158.96,,,,,,,,,,,,,
0,20.771,158.961,,,,,,,,,,,,,
0,21.289,158.97,,,,,,,,,,,,,
0,21.653,158.988,,,,,,,,,,,,,
0,21.883,159.002,,,,,,,,,,,,,
0,22.413,159.067,,,,,,,,,,,,,
0,23.219,159.05,,,,,,,,,,,,,
0,24.058,159.047,,,,,,,,,,,,,
0,24.208,159.036,,,,,,,,,,,,,
0,24.415,159.029,,,,,,,,,,,,,
0,25,159.029,,,,,,,,,,,,,
3.5,35,3530,,,,55,,,,,0,,,淀川水系,三田川（淀川合流）
0,-25,161.678,,,,,,,,,,,,,
0,-16.153,156.911,,,,,,,,,,,,,
0,-15.279,156.468,,,,,,,,,,,,,
0,-14.825,156.283,,,,,,,,,,,,,
0,-5.213,153.679,,,,,,,,,,,,,
0,-1.837,153.889,,,,,,,,,,,,,
0,1.172,152.79,,,,,,,,,,,,,
0,1.19,152.81,,,,,,,,,,,,,
0,1.528,153.294,,,,,,,,,,,,,
0,2.023,153.982,,,,,,,,,,,,,
0,2.13,154.091,,,,,,,,,,,,,
0,3.013,154.29,,,,,,,,,,,,,
0,3.326,154.268,,,,,,,,,,,,,
0,4.04,154.252,,,,,,,,,,,,,
0,4.517,154.251,,,,,,,,,,,,,
0,5.07,154.24,,,,,,,,,,,,,
0,5.719,154.259,,,,,,,,,,,,,
0,6.079,154.27,,,,,,,,,,,,,
0,6.923,154.278,,,,,,,,,,,,,
0,7.107,154.282,,,,,,,,,,,,,
0,8.113,154.28,,,,,,,,,,,,,
0,8.128,154.28,,,,,,,,,,,,,
0,8.22,154.283,,,,,,,,,,,,,
0,9.173,154.309,,,,,,,,,,,,,
0,9.229,154.308,,,,,,,,,,,,,
0,10.226,154.172,,,,,,,,,,,,,
0,10.345,154.176,,,,,,,,,,,,,
0,11.294,154.058,,,,,,,,,,,,,
0,11.478,154.054,,,,,,,,,,,,,
0,12.354,153.809,,,,,,,,,,,,,
0,12.594,153.811,,,,,,,,,,,,,
0,13.453,153.461,,,,,,,,,,,,,
0,13.754,153.461,,,,,,,,,,,,,
0,14.481,153.545,,,,,,,,,,,,,
0,14.845,153.481,,,,,,,,,,,,,
0,15.502,153.513,,,,,,,,,,,,,
0,15.952,153.341,,,,,,,,,,,,,
0,16.559,153.372,,,,,,,,,,,,,
0,17.05,153.234,,,,,,,,,,,,,
0,17.596,153.23,,,,,,,,,,,,,
0,18.124,153.27,,,,,,,,,,,,,
0,18.618,153.237,,,,,,,,,,,,,
0,19.213,153.227,,,,,,,,,,,,,
0,19.632,153.26,,,,,,,,,,,,,
0,20.275,153.264,,,,,,,,,,,,,
0,20.642,153.253,,,,,,,,,,,,,
0,21.363,153.142,,,,,,,,,,,,,
0,21.674,153.131,,,,,,,,,,,,,
0,22.396,153.336,,,,,,,,,,,,,
0,22.647,153.317,,,,,,,,,,,,,
0,23.427,153.555,,,,,,,,,,,,,
0,23.611,153.545,,,,,,,,,,,,,
0,24.451,153.626,,,,,,,,,,,,,
0,24.576,153.668,,,,,,,,,,,,,
0,25,153.688,,,,,,,,,,,,,
